"""Company History""",&quot;Maatskappygeskiedenis&quot;,
"""Team Members"" or ""Management""",&quot;Spanlede&quot; of &quot;Bestuur&quot;,
&lt;head&gt; HTML,&lt;head&gt; HTML,
**Currency** Master,** Geld ** Meester,
0 - Draft; 1 - Submitted; 2 - Cancelled,0 - Konsep; 1 - ingedien; 2 - gekanselleer,
0 is highest,0 is die hoogste,
A list of resources which the Client App will have access to after the user allows it.<br> e.g. project,'N Lys van hulpbronne waarop die Kliënt App toegang sal hê na die gebruiker dit toelaat. <br> bv. projek,
A symbol for this currency. For e.g. $,&#39;N Simbool vir hierdie geldeenheid. Vir bv. $,
A4,A4,
ALL,ALMAL,
API,API,
API Access,API-toegang,
API Endpoint,API eindpunt,
API Endpoint Args,API Endpoint Args,
API Key,API sleutel,
API Method,API-metode,
API Secret,API geheime,
ASC,ASC,
About Us Settings,Oor ons instellings,
About Us Team Member,Oor Ons Spanlid,
Access Key ID,Toegang sleutel ID,
Access Key Secret,Toegang tot die sleutelgeheim,
Access Log,Toegangloglêer,
Access Token,Toegangspunt,
Access Token URL,Toegangspunt URL,
Account,rekening,
Accounts Manager,Rekeningbestuurder,
Accounts User,Rekeninge gebruiker,
Action,aksie,
Action / Route,Aksie / roete,
Action Timeout (Seconds),Aksie Tydsduur (Sekondes),
Action Type,Aksietipe,
Actions,aksies,
Active,aktiewe,
Active Domains,Aktiewe domeine,
Activity Log,Aktiwiteit log,
Add Container,Voeg houer by,
Add Custom Tags,Voeg gepasmaakte etikette by,
Add Gray Background,Voeg grys agtergrond by,
Add Signature,Voeg handtekening by,
Add Total Row,Voeg totale ry by,
Add Unsubscribe Link,Voeg uittreksel uit,
"Added HTML in the &lt;head&gt; section of the web page, primarily used for website verification and SEO","Bygevoeg HTML in die &lt;head&gt; afdeling van die webblad, hoofsaaklik gebruik vir webwerf verifikasie en SEO",
Additional Permissions,Bykomende Toestemmings,
Address,adres,
Address And Contacts,Adres en kontakte,
Address Line 1,Adres Lyn 1,
Address Line 2,Adreslyn 2,
Address Template,Adres Sjabloon,
Address Title,Adres Titel,
Address Type,Adres tipe,
Address and other legal information you may want to put in the footer.,Adres en ander wettige inligting wat u moontlik in die voetskrif wil plaas.,
Addresses And Contacts,Adresse en kontakte,
Adds a custom field to a DocType,Voeg &#39;n pasgemaakte veld by &#39;n DocType,
Administrator,administrateur,
Advanced,Advanced,
Advanced Control,Gevorderde beheer,
Advanced Settings,Gevorderde instellings,
After Cancel,Na kanselleer,
After Delete,Na uitvee,
After Save,Na redding,
After Save (Submitted Document),Na stoor (ingedien dokument),
After Submit,Na indiening,
Aggregate Function Based On,Totale funksie gebaseer op,
Alert,Waarskuwing,
Align Labels to the Right,Merk Labels na regs,
Align Right,Rig reg uit,
All,Almal,
All Day,Heeldag,
Allocated To,Toegewys aan,
Allot Points To Assigned Users,Ken punte toe aan toegewese gebruikers,
Allow,laat,
Allow Auto Repeat,Laat outomatiese herhaling toe,
Allow Bulk Edit,Laat grootmaat wysig toe,
Allow Comments,Laat kommentaar toe,
Allow Consecutive Login Attempts ,Laat opeenvolgende aanmeldpogings toe,
Allow Delete,Laat verwydering toe,
Allow Dropbox Access,Laat Dropbox-toegang toe,
Allow Guest,Laat gas toe,
Allow Guest to View,Laat gas toe om te sien,
Allow Guests to Upload Files,Laat gaste toe om lêers op te laai,
Allow Import (via Data Import Tool),Laat invoer toe (via data invoer instrument),
Allow Incomplete Forms,Laat onvolledige vorms toe,
Allow Login After Fail,Laat aanmelding ná mislukking toe,
Allow Login using Mobile Number,Laat aanmelding toe met mobiele nommer,
Allow Login using User Name,Laat aanmelding toe met gebruikernaam,
Allow Modules,Laat modules toe,
Allow Print,Laat Print toe,
Allow Print for Cancelled,Laat Print vir gekanselleer toe,
Allow Print for Draft,Laat Print for draft toe,
Allow Read On All Link Options,Laat lees op alle skakelopsies toe,
Allow Rename,Laat hernoem toe,
Allow Roles,Laat rolle toe,
Allow Self Approval,Laat selfgoedkeuring toe,
Allow approval for creator of the document,Laat goedkeuring vir die skepper van die dokument toe,
Allow document creation via Email,Laat skepping van dokumente via e-pos toe,
Allow events in timeline,Laat gebeure in die tydlyn toe,
Allow in Quick Entry,Laat toe in vinnige toegang,
Allow on Submit,Laat toe op Submit,
Allow only one session per user,Laat slegs een sessie per gebruiker toe,
Allow page break inside tables,Laat bladsybreek binne-in tabelle toe,
Allow saving if mandatory fields are not filled,Laat spaar toe indien verpligte velde nie gevul word nie,
Allow user to login only after this hour (0-24),Laat gebruiker toe om eers na hierdie uur in te teken (0-24),
Allow user to login only before this hour (0-24),Laat gebruiker toe om eers voor hierdie uur in te teken (0-24),
Allowed,toegelaat,
Allowed In Mentions,Toegelaat om in te noem,
"Always add ""Draft"" Heading for printing draft documents",Voeg altyd &quot;Konsep&quot; -opskrif by vir die druk van konsepdokumente,
Amend,wysig,
Amended From,Gewysig Van,
An icon file with .ico extension. Should be 16 x 16 px. Generated using a favicon generator. [favicon-generator.org],&#39;N ikoonlêer met .ico uitbreiding. Moet 16 x 16 px wees. Genereer met behulp van &#39;n favicon generator. [Favicon-generator.org],
Analytics,Analytics,
Annual,jaarlikse,
Anonymous,Anoniem,
Any string-based printer languages can be used. Writing raw commands requires knowledge of the printer's native language provided by the printer manufacturer. Please refer to the developer manual provided by the printer manufacturer on how to write their native commands. These commands are rendered on the server side using the Jinja Templating Language.,"Enige string-gebaseerde druktale kan gebruik word. Om rou opdragte te skryf vereis kennis van die moedertaal van die drukker wat deur die drukkervervaardiger verskaf word. Raadpleeg die ontwikkelaarhandleiding wat deur die drukkervervaardiger verskaf word, oor hoe om hul inheemse opdragte te skryf. Hierdie opdragte word aan die bedienerkant gelewer met behulp van die Jinja Templating Language.",
App,app,
App Access Key,App toegang sleutel,
App Client ID,App Client ID,
App Client Secret,App Client Secret,
App Name,Program Naam,
App Secret Key,App Geheime Sleutel,
Append Emails to Sent Folder,Voeg e-posse by die gestuurde vouer,
Append To,Voeg by,
Applicable For,Toepaslik vir,
Application Logo,Aansoeklogo,
Application Name,Aansoeknaam,
Application Version,Toepassing weergawe,
Applied On,Toegepas op,
Apply Document Permissions,Pas dokumenttoestemmings toe,
Apply Only Once,Dien slegs een keer toe,
Apply Strict User Permissions,Pas streng gebruiker toestemmings toe,
Apply To All Document Types,Van toepassing op alle dokumente,
Apply this rule if the User is the Owner,Pas hierdie reël toe as die Gebruiker die Eienaar is,
Apply this rule only once per document,Pas hierdie reël slegs een keer per dokument toe,
Appreciation,waardering,
Archived,argief,
Arial,Arial,
Assign Condition,Toewys toestand,
Assign To Users,Ken gebruikers toe,
Assigned,opgedra,
Assigned By,Toegewys deur,
Assigned By Full Name,Toegewys deur Volle Naam,
Assignment,opdrag,
Assignment Completed,Opdrag voltooi,
Assignment Days,Werksdae,
Assignment Rule,Opdragreël,
Assignment Rule Day,Opdragreëldag,
Assignment Rule User,Gebruiker van die opdragreël,
Assignment Rules,Opdragreëls,
Assignments,opdragte,
Attach,heg,
Attach Image,Heg prent aan,
Attach Print,Heg druk aan,
Attached File,Aangehegde lêer,
Attached To DocType,Aangeheg aan DocType,
Attached To Field,Aangeheg aan die veld,
Attached To Name,Aangeheg om te noem,
Attachment,Attachment,
Attachment Limit (MB),Aanhegsel Limiet (MB),
Attachment Link,Aanhangsel skakel,
Attachment Removed,Aanhegsel verwyder,
Attachments,aanhegsels,
Auth URL Data,Outh-URL-data,
Authentication,verifikasie,
Author,skrywer,
Authorization Code,Magtigingskode,
Authorize API Indexing  Access,Magtig toegang tot API-indeksering,
Authorize Google Calendar Access,Magtig toegang tot Google Kalender,
Authorize Google Contacts Access,Magtig toegang tot Google Kontakte,
Authorize Google Drive Access,Magtig toegang tot Google Drive,
Authorize URL,Gee URL aan,
Authorized,gemagtigde,
Auto,Auto,
Auto Email Report,Outo-e-posverslag,
Auto Name,Outomatiese naam,
Auto Repeat,Outo Herhaal,
Auto Reply Message,Outo-antwoordboodskap,
Automatically Assign Documents to Users,Ken dokumente outomaties aan gebruikers toe,
Automation,Automation,
Avatar,op die regte pad,
Average,Gemiddeld,
Awaiting Password,Wagwoord wag,
Awaiting password,Wagwoord wag,
BCC,BCC,
Background Color,Agtergrondkleur,
Background Workers,Agtergrondwerkers,
Backup Details,Rugsteunbesonderhede,
Backup Files,Rugsteunlêers,
Backup Folder ID,Rugsteunvouer-ID,
Backup Folder Name,Naam van rugsteunvouer,
Backup Frequency,Rugsteunfrekwensie,
Backup public and private files along with the database.,Rugsteun openbare en private lêers saam met die databasis.,
Backups,rugsteun,
Banner,Banner,
Banner HTML,Banner HTML,
Banner Image,Banner Beeld,
Banner is above the Top Menu Bar.,Banner is bokant die boonste spyskaart.,
Bar,bar,
Barcode,barcode,
Base Distinguished Name (DN),Base Distinguished Name (DN),
Base URL,Basis-URL,
Based On,Gebaseer op,
Based on Field,Gebaseer op veld,
Based on Permissions For User,Gebaseer op Toestemmings vir Gebruiker,
Basic,basiese,
Before Cancel,Voordat u kanselleer,
Before Delete,Voordat u dit uitvee,
Before Insert,Voordat u dit insit,
Before Save,Voordat u red,
Before Save (Submitted Document),Voordat u dit stoor (ingedien dokument),
Before Submit,Voor indiening,
Beginner,Beginner,
Beta,Beta,
Billing,Rekening,
Bio,bio,
Birth Date,Geboortedatum,
Block Module,Blok Module,
Block Modules,Blok Modules,
Blocked,geblokkeer,
Blog Category,Blog Kategorie,
Blog Intro,Blog Intro,
Blog Introduction,Blog Inleiding,
Blog Post,Blog Post,
Blog Settings,Blog instellings,
Blog Title,Blog Titel,
Blogger,Blogger,
Blue,Blou,
Bold,vet,
Bot,Bot,
Bottom,Onder,
Bounced,gestuur,
Brand,Brand,
Brand HTML,Brand HTML,
Brand Image,Brand Image,
Breadcrumbs,Broodkrummels,
Browser,Blaaier,
Browser Version,Blaaierweergawe,
Brute Force Security,Brute Force Security,
Bucket Name,Emmernaam,
Bulk Update,Grootmaat Update,
Button,Button,
Button Gradients,Knoppie gradiënte,
Button Rounded Corners,Knoppie afgeronde hoeke,
Button Shadows,Button Shadows,
Bypass Restricted IP Address Check If Two Factor Auth Enabled,Omseil beperkte IP-adres tjek as twee faktore geaktiveer word,
Bypass Two Factor Auth for users who login from restricted IP Address,Bypass Two Factor Auth vir gebruikers wat inskakel vanaf beperkte IP-adres,
Bypass restricted IP Address check If Two Factor Auth Enabled,Omseil beperkte IP-adres tjek as twee faktore geaktiveer word,
CC,CC,
CSS,CSS,
CSS Class,CSS Klas,
CSV,CSV,
CTA Label,GTA-etiket,
CTA URL,GTA-URL,
Calendar,kalender,
Calendar Name,Kalender Naam,
Calendar View,Kalender View,
Call,Call,
Call To Action,Oproep tot aksie,
Call To Action URL,URL tot oproep tot aksie,
Callback Message,Terugbelboodskap,
Callback Title,Terugbel titel,
Campaign,veldtog,
Cancel,kanselleer,
Cancelled,gekanselleer,
Card,Kaart,
Cards,kaarte,
Category,kategorie,
Category Description,Kategorie Beskrywing,
Category Name,Kategorie Naam,
Center,Sentrum,
Chaining Hash,Chaining Hash,
Change Label (via Custom Translation),Verander etiket (via aangepaste vertaling),
Change Password,Verander wagwoord,
Channel,kanaal,
Chart,grafiek,
Chart Configuration,Grafiekopstelling,
Chart Name,Grafieknaam,
Chart Options,Grafiekopsies,
Chart Source,Grafiekbron,
Chart Type,Grafiek Tipe,
Charts,kaarte,
Chat,chat,
Check,Tjek,
Check this if you want to force the user to select a series before saving. There will be no default if you check this.,Kontroleer dit as u die gebruiker wil dwing om &#39;n reeks te kies voordat u dit stoor. Daar sal geen standaard wees as u dit kontroleer nie.,
Checking this will hide custom doctypes and reports cards in Links section,"As u dit nagaan, word aangepaste dokumenttipes en verslae-kaarte in die afdeling Skakels versteek",
Checksum Version,Checksum Weergawe,
Child Tables are shown as a Grid in other DocTypes,Kindertabelle word in ander DocTypes as &#39;n rooster getoon,
Choose authentication method to be used by all users,Kies verifikasie metode wat deur alle gebruikers gebruik moet word,
City,Stad,
City/Town,Stad / Dorp,
Clicked,gekliek,
Client,kliënt,
Client Code,Kliëntkode,
Client Credentials,Kliënt geloofsbriewe,
Client ID,Kliënt-ID,
Client Information,Kliënt Inligting,
Client Script,Klient Script,
Client Secret,Kliëntgeheim,
Client URLs,Kliënt-URL&#39;s,
Close Condition,Gesonde toestand,
Closed,gesluit,
Code,kode,
Collapsible,opvoubare,
Collapsible Depends On,Opvoubaar hang af,
Color,Kleur,
Column Break,Kolombreuk,
Column Name,Kolom Naam,
Columns,kolomme,
Columns / Fields,Kolomme / velde,
Comment,kommentaar,
Comment By,Opmerking deur,
Comment Email,Kommentaar e-pos,
Comment Type,Soort kommentaar,
Comments and Communications will be associated with this linked document,Kommentaar en kommunikasie sal geassosieer word met hierdie gekoppelde dokument,
Commit,Pleeg,
Communication,kommunikasie,
Communication Link,Kommunikasie skakel,
Communication Type,Kommunikasietipe,
Compact Item Print,Kompakte Item Druk,
Company History,Maatskappygeskiedenis,
Company Introduction,Maatskappy Inleiding,
Company Name,maatskappynaam,
Complete,volledige,
Completed,voltooi,
Component,komponent,
Condition,toestand,
Conditions,voorwaardes,
Configuration,Konfigurasie,
Confirmation Email Template,Bevestiging e-pos sjabloon,
Console,Konsole,
Console Log,Console-logboek,
Contact,Kontak,
Contact Details,Kontakbesonderhede,
Contact Email,Kontak e-pos,
Contact Numbers,Kontaknommers,
Contact Phone,Kontak telefoon,
Contact Us Settings,Kontak ons instellings,
"Contact options, like ""Sales Query, Support Query"" etc each on a new line or separated by commas.","Kontakopsies, soos &quot;Verkoopsvraag, Ondersteuningsvraag&quot; ens. Elk op &#39;n nuwe reël of geskei deur kommas.",
Contacts,kontakte,
Content,inhoud,
Content (HTML),Inhoud (HTML),
Content (Markdown),Inhoud (Markdown),
Content Hash,Inhoud Hash,
Content Type,Inhoud Tipe,
Context,konteks,
Context Script,Konteksskrif,
Contributed,bygedra,
Contribution Document Name,Bydraedokumentnaam,
Contribution Status,Bydraestatus,
Copyright,kopiereg,
Core,Core,
Count,tel,
Count Filter,Tel filter,
Counter,Teller,
Country,land,
Country Name,Land Naam,
County,County,
Create,Skep,
Create Contacts from Incoming Emails,Skep kontakte vanaf inkomende e-posse,
Create Entry,Skep inskrywing,
Create Log,Skep log,
Create and Send Newsletters,Skep en stuur nuusbriewe,
Created,Geskep,
Criticism,kritiek,
Cron,cron,
Cron Format,Cron-formaat,
Currency,geldeenheid,
Currency Name,Geld Naam,
Currency Precision,Geld Precisie,
Current,Huidige,
Custom,Custom,
Custom Base URL,Aangepaste basis-URL,
Custom CSS,Aangepaste CSS,
Custom Configuration,Pasgemaakte konfigurasie,
Custom DocPerm,Aangepaste DocPerm,
Custom Field,Aangepaste veld,
Custom Format,Gepasmaakte formaat,
Custom HTML Help,Gepasmaakte HTML-hulp,
Custom Menu Items,Aangepaste menu-items,
Custom Options,Pasgemaakte opsies,
Custom Overrides,Persoonlike oortredings,
Custom Report,Pasgemaakte verslag,
Custom Role,Aangepaste rol,
Custom SCSS,Pasgemaakte SCSS,
Custom Sidebar Menu,Aangepaste Zijbalk-menu,
Custom?,Custom?,
Customization,Aanpassing,
Customize Form,Pas vorm aan,
Customize Form Field,Pas vorm veld aan,
DESC,Latere,
Daily,daaglikse,
Daily Long,Daagliks lank,
Danger,gevaar,
Dark Color,Donker kleur,
Dashboard,Dashboard,
Dashboard Chart,Dashboardkaart,
Dashboard Chart Field,Dashboard Chart Field,
Dashboard Chart Link,Skakelbord op die instrumentbord,
Dashboard Chart Source,Bron van die paneelkaart,
Dashboard Manager,Dashboardbestuurder,
Dashboard Name,Naam van die paneelbord,
Dashboard Settings,Dashboard-instellings,
Dashboards,dashboards,
Data,data,
Data Export,Data Uitvoer,
Data Import,Data invoer,
Database Engine,Databasis motor,
Date,datum,
Date Format,Datum formaat,
Date Range,Datumreeks,
Date and Number Format,Datum en nommerformaat,
Datetime,Datum Tyd,
Day,dag,
Day of Week,Dag van die week,
Days After,Dae Na,
Days Before,Dae voor,
Days Before or After,Dae voor of na,
Default,verstek,
Default Incoming,Standaard Inkomend,
Default Letter Head,Verstek Briefhoof,
Default Outgoing,Verstek Uitgaande,
Default Portal Home,Standaard portaalhuis,
Default Print Format,Standaarddrukformaat,
Default Print Language,Standaard druktaal,
Default Redirect URI,Standaard Herlei URI,
Default Role at Time of Signup,Verstekrol by tyd van inskrywing,
Default Sort Field,Standaard sorteerveld,
Default Sort Order,Standaard sorteervolgorde,
Default Value,Standaard waarde,
"Default: ""Contact Us""",Verstek: &quot;Kontak ons&quot;,
DefaultValue,Standaard waarde,
Defaults,standaard,
Defines actions on states and the next step and allowed roles.,Definieer aksies op state en die volgende stap en toegelaat rolle.,
Defines workflow states and rules for a document.,Definieer werkstroom state en reëls vir &#39;n dokument.,
Delayed,vertraag,
Delete,verwyder,
Deleted,geskrap,
Deleted DocType,Doktipe verwyder,
Deleted Document,Dokument verwyder,
Deleted Name,Naam uitgevee,
Delivery Status,Afleweringsstatus,
Department,Departement,
Dependencies,afhanklikhede,
Depends On,Hang af van,
Description,beskrywing,
"Description for listing page, in plain text, only a couple of lines. (max 200 characters)","Beskrywing vir die lys van bladsye, in gewone teks, slegs &#39;n paar reëls. (maksimum 200 karakters)",
Designation,aanwysing,
Desk,lessenaar,
Desk Access,Toegang tot die lessenaar,
Desktop Icon,Desktop-ikoon,
Details,besonderhede,
"Different ""States"" this document can exist in. Like ""Open"", ""Pending Approval"" etc.","Verskillende &quot;State&quot; hierdie dokument kan bestaan in. Soos &quot;Open&quot;, &quot;Hangende Goedkeuring&quot; ens.",
Digits,Syfers,
Disable Auto Refresh,Deaktiveer outomatiese opdatering,
Disable Comments,Deaktiveer opmerkings,
Disable Count,Deaktiveer telling,
Disable SMTP server authentication,Skakel SMTP-bedienerverifikasie uit,
Disable Sidebar Stats,Deaktiveer sybalkstatistieke,
Disable Signup,Deaktiveer aanmelding,
Disable Standard Email Footer,Deaktiveer Standaard E-posvoet,
Disabled,gestremde,
Display,vertoning,
Display Depends On,Vertoon hang af,
Doc Event,Doc Event,
Doc Events,Doc Aktiwiteite,
Doc Status,Doc Status,
DocField,DocField,
DocPerm,DocPerm,
DocShare,docs eiendom,
DocType,DocType,
DocType Action,DocType-aksie,
DocType Event,DocType-geleentheid,
DocType Link,Doktipe-skakel,
DocType View,DocType-aansig,
DocType is a Table / Form in the application.,DocType is &#39;n tabel / vorm in die aansoek.,
DocType on which this Workflow is applicable.,DocType waarop hierdie Workflow van toepassing is.,
Doctype,DOCTYPE,
Document,dokument,
Document Actions,Dokument aksies,
Document Follow,Dokument Volg,
Document Link,Dokumentskakel,
Document Links,Dokumentskakels,
Document Name,Dokument Naam,
Document Naming Rule,Reël vir naamgewing van dokumente,
Document Naming Rule Condition,Reëltoestand vir dokumentbenaming,
Document Share,Dokument Deel,
Document Share Report,Dokument Deel Verslag,
Document States,Dokument State,
Document Tag,Dokumentetiket,
Document Title,Dokument titel,
Document Type,Dokument Type,
Document Type to Track,Dokumenttipe om na te spoor,
Document Types,Dokumentsoorte,
Documentation Link,Dokumentasie skakel,
Documentation URL,Dokumentasie-URL,
Domain,domein,
Domain Settings,Domein instellings,
Domains HTML,Domains HTML,
"Don't HTML Encode HTML tags like &lt;script&gt; or just characters like &lt; or &gt;, as they could be intentionally used in this field","HTML-kode nie HTML-kode soos &lt;script&gt; of net karakters soos &lt;of&gt;, aangesien dit doelbewus in hierdie veld gebruik kan word",
Don't Override Status,Moenie die status oorheers nie,
Don't Send Emails,Moenie e-posse stuur nie,
Donut,Donut,
Download Backups,Laai rugsteun af,
Download Template,Laai sjabloon af,
Dropbox Access Token,Dropbox Access Token,
Dropbox Settings,Dropbox instellings,
Dropdowns,Terugval,
Due Date,Vervaldatum,
Due Date Based On,Vervaldatum gebaseer op,
Duration,duur,
Dynamic Filters,Dinamiese filters,
Dynamic Filters JSON,Dinamiese filters JSON,
Dynamic Filters Section,Afdeling Dinamiese filters,
Dynamic Link,Dinamiese skakel,
Dynamic Report Filters,Dinamiese verslagfilters,
Dynamic Route,Dinamiese roete,
Dynamic Template,Dinamiese sjabloon,
Edit,wysig,
Edit Values,Waardes wysig,
Editable Grid,Bewerkbare rooster,
Eg. smsgateway.com/api/send_sms.cgi,Bv. smsgateway.com/api/send_sms.cgi,
Email,EMail,
Email Account,E-pos rekening,
Email Account Name,E-pos rekening naam,
Email Address,E-pos adres,
Email Address whose Google Contacts are to be synced.,E-posadres waarvan die Google-kontakte gesinkroniseer moet word.,
Email Addresses,E-posadresse,
Email Domain,E-pos Domein,
Email Flag Queue,E-pos vlag wachtrij,
Email Footer Address,E-pos voet adres,
Email Group,E-posgroep,
Email Group Member,E-posgroeplid,
Email ID,E-pos identiteit,
Email IDs,E-pos Ids,
Email Id,E-pos ID,
Email Inbox,E-posboks,
Email Queue,Email Queue,
Email Queue Recipient,E-pos wachtrij ontvanger,
Email Queue records.,E-pos waglys rekords.,
Email Reply Help,E-pos antwoordhulp,
Email Rule,E-posreël,
Email Sent,E-pos is gestuur,
Email Settings,E-pos instellings,
Email Signature,E-pos Handtekening,
Email Status,E-pos status,
Email Sync Option,E-pos Sync Opsie,
Email Template,E-pos sjabloon,
Email To,E-pos aan,
Email Unsubscribe,E-pos Uitschrijven,
Emails will be sent with next possible workflow actions,E-pos sal gestuur word met die volgende moontlike workflow-aksies,
Enable,in staat te stel,
Enable Auto Reply,Aktiveer Outomatiese Antwoord,
Enable Automatic Backup,Aktiveer Outomatiese rugsteun,
Enable Automatic Linking in Documents,Aktiveer outomatiese koppeling in dokumente,
Enable Comments,Aktiveer opmerkings,
Enable Email Notifications,Aktiveer e-poskennisgewings,
Enable Google Indexing,Aktiveer Google-indeksering,
Enable In App Website Tracking,Aktiveer in die dop van die app-webwerf,
Enable Incoming,Aktiveer Inkomende,
Enable Onboarding,Skakel aan boord,
Enable Outgoing,Aktiveer Uitgaande,
Enable Password Policy,Aktiveer wagwoordbeleid,
Enable Print Server,Aktiveer Print Server,
Enable Raw Printing,Aktiveer rou druk,
Enable Scheduled Jobs,Aktiveer geskeduleerde werk,
Enable Security,Aktiveer sekuriteit,
Enable Social Login,Aktiveer sosiale aanmelding,
Enable Social Sharing,Aktiveer sosiale deel,
Enable Two Factor Auth,Aktiveer twee faktore,
Enabled,enabled,
End Date,Einddatum,
End Date Field,Einddatum Veld,
Endpoint URL,Eindpunt-URL,
Endpoints,eindpunte,
Ends on,Eindig op,
Energy Point,Energiepunt,
Energy Point Log,Energiepunt log,
Energy Point Rule,Energie punt reël,
Energy Point Settings,Instellings vir energiepunt,
Energy Points,Energiepunte,
Enter Form Type,Vul vormtipe in,
"Enter default value fields (keys) and values. If you add multiple values for a field, the first one will be picked. These defaults are also used to set ""match"" permission rules. To see list of fields, go to ""Customize Form"".","Voer verstekwaarde velde (sleutels) en waardes in. As u verskeie waardes vir &#39;n veld byvoeg, sal die eerste een gekies word. Hierdie verstek word ook gebruik om toestemming reëls te stel. Om die lys van velde te sien, gaan na &quot;Formuleer aanpas&quot;.",
"Enter static url parameters here (Eg. sender=ERPNext, username=ERPNext, password=1234 etc.)","Voer statiese url parameters hier in (Bv. Sender = ERPNext, gebruikersnaam = ERPNext, wagwoord = 1234 ens.).",
Enter url parameter for message,Voer die URL-parameter in vir die boodskap,
Enter url parameter for receiver nos,Gee url parameter vir ontvanger nos,
Error,fout,
Error Log,Fout Teken,
Error Message,Foutboodskap,
Event,gebeurtenis,
Event Category,Gebeurtenis Kategorie,
Event Participants,Event Deelnemers,
Event Type,Gebeurtenis Tipe,
Everyone,almal,
"Ex: ""colors"": [""#d1d8dd"", ""#ff5858""]","Voorbeeld: &quot;colours&quot;: [&quot;# d1d8dd&quot;, &quot;# ff5858&quot;]",
Example,voorbeeld,
"Example: ""/desk""",Voorbeeld: &quot;/ lessenaar&quot;,
Example: #Tree/Account,Voorbeeld: # Tree / Account,
Example: 00001,Voorbeeld: 00001,
Example: {{ subject }},Voorbeeld: {{subject}},
Excel,Excel,
Exception,uitsondering,
Execute,Voer uit,
Expert,Kenner,
Expiration time,Vervaldatum,
Expire Notification On,Verstryk kennisgewing op,
Expired,verstryk,
Expires In,Verval In,
Expires On,Verval op,
Expiry time of QR Code Image Page,Vervaldatum van QR-kode Image Page,
Export,uitvoer,
Export From,Uitvoer vanaf,
Expose Recipients,Ontvang Ontvangers,
"Expression, Optional","Uitdrukking, Opsioneel",
Facebook,Facebook,
Failed,misluk,
FavIcon,favicon,
Fax,Faks,
Featured,Voorgestel,
Feedback,terugvoer,
Feedback Request,Terugvoer Versoek,
Fetch From,Haal Van,
Field,veld,
Field Description,Veld Beskrywing,
Field Name,Veldnaam,
Field To Check,Veld om na te gaan,
Field Type,Veldtipe,
"Field that represents the Workflow State of the transaction (if field is not present, a new hidden Custom Field will be created)","Veld wat die werkstroomstaat van die transaksie verteenwoordig (as die veld nie teenwoordig is nie, sal &#39;n nuwe verborge persoonlike veld geskep word)",
Field to Track,Veld na baan,
Fieldname,field Name,
Fields,Velde,
Fields Multicheck,Velds Multicheck,
"Fields separated by comma (,) will be included in the ""Search By"" list of Search dialog box","Velds geskei met komma (,) sal ingesluit word in die &quot;Soek deur&quot; -lys van Soek-dialoog",
Fieldtype,Fieldtype,
File,lêer,
File Backup,Lêer rugsteun,
File Information,Lêerinligting,
File Name,Lêernaam,
File Size,Lêergrootte,
File Type,Leër tipe,
File URL,Lêer URL,
Files,lêers,
Filter Data,Filter data,
Filter List,Filter Lys,
Filter Meta,Filter Meta,
Filter Name,Filter Naam,
Filter Values,Filter waardes,
Filters,filters,
Filters Configuration,Filterkonfigurasie,
Filters Display,Filters Wys,
Filters JSON,Filters JSON,
Filters Section,Filtersafdeling,
"Filters will be accessible via <code>filters</code>. <br><br>Send output as <code>result = [result]</code>, or for old style <code>data = [columns], [result]</code>","Filters is toeganklik via <code>filters</code> .<br><br> Stuur uitvoer as <code>result = [result]</code> , of vir ou styldata <code>data = [columns], [result]</code>",
Finished,klaar,
First Name,Eerste naam,
First Success Message,Eerste Suksesboodskap,
Flag,vlag,
Float,float,
Float Precision,Vloot Precision,
Fold,Vou,
Folder,gids,
Font,font,
Font Properties,Font eienskappe,
Font Size,Skrifgrootte,
Fonts,fonts,
Footer,Footer,
Footer HTML,Footer HTML,
Footer Items,Footer Items,
Footer Logo,Voetskrif-logo,
Footer Template,Voetskrif sjabloon,
Footer Template Values,Voetskrif-sjabloonwaardes,
Footer will display correctly only in PDF,Voettekste sal slegs korrek in PDF vertoon word,
For DocType Link / DocType Action,Vir DocType-skakel / DocType-aksie,
For Document Event,Vir dokumentgebeurtenis,
For User,Vir gebruiker,
For Value,Vir Waarde,
For example: {} Open,Byvoorbeeld: {} Oop,
"For help see <a href=""https://frappeframework.com/docs/user/en/guides/portal-development/web-forms"" target=""_blank"">Client Script API and Examples</a>","Raadpleeg <a href=""https://frappeframework.com/docs/user/en/guides/portal-development/web-forms"" target=""_blank"">Client Script API en voorbeelde</a> vir hulp",
"For more information, <a class=""text-muted"" href=""https://erpnext.com/docs/user/manual/en/setting-up/email/linking-emails-to-document"">click here</a>.","<a class=""text-muted"" href=""https://erpnext.com/docs/user/manual/en/setting-up/email/linking-emails-to-document"">Klik hier</a> vir meer inligting.",
Force,Force,
Force Show,Force Show,
Force User to Reset Password,Dwing die gebruiker om die wagwoord terug te stel,
Form Settings,Vorminstellings,
Form URL-Encoded,Vorm URL-gekodeer,
Format,formaat,
Format Data,Formateer data,
Forward To Email Address,Stuur na e-pos adres,
Fraction,breuk,
Fraction Units,Breukeenhede,
Frappe,frappe,
Frequency,Frekwensie,
Friday,Vrydag,
From,Van,
From Date,Vanaf datum,
From Date Field,Vanaf Datumveld,
From Full Name,Van Volle Naam,
From User,Van gebruiker,
Full,volle,
Full Name,Volle naam,
Full Width,Volle breedte,
Function,Funksie,
GMail,GMail,
Gantt,Gantt,
Gender,geslag,
Generate Keys,Genereer sleutels,
Geo,Geo,
Geolocation,ligginggewing,
Get Contacts,Kry kontakte,
Get your globally recognized avatar from Gravatar.com,Kry jou wêreldwye erkende avatar van Gravatar.com,
Git Branch,Git Tak,
GitHub,GitHub,
Global Search DocType,Global Search DocType,
Global Search Settings,Wêreldwye soekinstellings,
Global Unsubscribe,Global Unsubscribe,
Go to Page,Gaan na bladsy,
Google,Google,
Google Analytics Anonymize IP,Google Analytics anonimiseer IP,
Google Analytics ID,Google Analytics ID,
Google Calendar,Google Kalender,
Google Calendar Event ID,Google Kalender-gebeurtenis-ID,
Google Calendar ID,Google Kalender-ID,
Google Contacts,Google Kontakte,
Google Contacts Id,Google Kontak-ID,
Google Drive,Google Drive,
Google Font,Google Font,
Google Settings,Google-instellings,
Google Snippet Preview,Voorskou van Google Snippet,
Grant Type,Toekenningstipe,
Green,groen,
Group,groep,
Group By,Groepeer volgens,
Group By Based On,Groepeer op basis van,
Group By Type,Groepeer volgens tipe,
Guest,gaste,
HH:mm,HH: mm,
HH:mm:ss,HH: mm: ss,
HTML,HTML,
HTML Editor,HTML Editor,
HTML Page,HTML-bladsy,
HTML for header section. Optional,HTML vir hoofstuk. opsioneel,
Half,helfte,
Half Yearly,Half jaarliks,
Half-yearly,Halfjaarlikse,
Has  Attachment,Het aanhangsel,
Has Domain,Het Domein,
Has Role,Het Rol,
Has Web View,Het Web View,
Header,kop,
Header HTML,Kopkop HTML,
Header and Breadcrumbs,Kop en broodkrummels,
Headers,kop,
Heading,Opskrif,
Heatmap,Heatmap,
Help,help,
Help Article,Help artikel,
Help Articles,Hulpartikels,
Help Category,Hulpkategorie,
Help Dropdown,Help Dropdown,
Help HTML,Help HTML,
Helvetica,helvetica,
Hidden,verborge,
Hide,Steek weg,
Hide Block,Versteek blok,
Hide Border,Versteek grens,
Hide CTA,Versteek GTA,
Hide Copy,Versteek kopie,
Hide Custom DocTypes and Reports,Versteek pasgemaakte dokumenttipes en verslae,
Hide Days,Versteek dae,
Hide Footer Signup,Versteek voetskrifinskrywing,
Hide Login,Versteek aanmelding,
Hide Seconds,Versteek sekondes,
Hide Standard Menu,Versteek Standaard Menu,
Hide footer in auto email reports,Versteek voetskrif in outomatiese e-pos verslae,
High,hoë,
Higher priority rule will be applied first,Reël met hoër prioriteit word eerste toegepas,
Highlight,hoogtepunt,
Home,huis,
Home Page,Tuisblad,
Home Settings,Tuisinstellings,
Hourly,uurlikse,
Hourly Long,Uur per uur,
Hourly rate limit for generating password reset links,Uurtarieflimiet vir die skep van skakels vir die herstel van wagwoorde,
"How should this currency be formatted? If not set, will use system defaults","Hoe moet hierdie geldeenheid geformateer word? As dit nie ingestel is nie, sal die stelsel standaard gebruik word",
ID (name) of the entity whose property is to be set,ID (naam) van die entiteit wie se eiendom ingestel moet word,
IP Address,IP adres,
Icon,ikoon,
Icon will appear on the button,Ikoon sal op die knoppie verskyn,
Identity Details,Identiteitsbesonderhede,
Idx,Idx,
"If Apply Strict User Permission is checked and User Permission is defined for a DocType for a User, then all the documents where value of the link is blank, will not be shown to that User","As Streng gebruikertoestemming toegepas word, en gebruikertoestemming vir &#39;n DocType vir &#39;n gebruiker gedefinieer is, sal al die dokumente waar die waarde van die skakel leeg is, nie aan daardie gebruiker vertoon word nie.",
If Checked workflow status will not override status in list view,As gekontroleerde werkvloeistatus nie status in lysvertoning ignoreer nie,
"If Icon is set, it will be shown instead of Label","As Icon ingestel is, word dit in plaas van Label getoon",
"If checked, all other workflows become inactive.","As dit nagegaan word, word alle ander werkstrome inaktief.",
"If checked, users will not see the Confirm Access dialog.","As gekontroleer, sal gebruikers nie die dialoog Bevestig toegang kry nie.",
"If disabled, this role will be removed from all users.","As dit gedeaktiveer is, sal hierdie rol van alle gebruikers verwyder word.",
"If enabled,  user can login from any IP Address using Two Factor Auth, this can also be set for all users in System Settings","As dit geaktiveer is, kan die gebruiker vanaf enige IP-adres aanmeld met behulp van Two Factor Auth. Dit kan ook vir alle gebruikers in die stelselinstellings gestel word",
"If enabled, all users can login from any IP Address using Two Factor Auth. This can also be set only for specific user(s) in User Page","As dit geaktiveer is, kan alle gebruikers aanmeld vanaf enige IP-adres met behulp van Two Factor Auth. Dit kan ook slegs vir spesifieke gebruikers in User Page gestel word",
"If enabled, changes to the document are tracked and shown in timeline","As dit geaktiveer is, word veranderinge aan die dokument nagespoor en in die tydlyn vertoon",
"If enabled, document views are tracked, this can happen multiple times","As dit geaktiveer is, word dokumente gekyk, en dit kan verskeie kere gebeur",
"If enabled, the document is marked as seen, the first time a user opens it","As dit geaktiveer is, word die dokument gemerk soos gesien, die eerste keer dat &#39;n gebruiker dit oopmaak",
"If enabled, the notification will show up in the notifications dropdown on the top right corner of the navigation bar.","As dit geaktiveer is, verskyn die kennisgewing in die vervolgkeuselys vir kennisgewings regs bo in die navigasiebalk.",
"If enabled, the password strength will be enforced based on the Minimum Password Score value. A value of 2 being medium strong and 4 being very strong.","As dit geaktiveer is, sal die wagwoord sterkte afgedwing word op grond van die minimum wagwoord telling waarde. &#39;N Waarde van 2 is medium sterk en 4 is baie sterk.",
"If enabled, users who login from Restricted IP Address, won't be prompted for Two Factor Auth","As dit aangeskakel is, sal gebruikers wat van beperkte IP-adres inskakel, nie gevra word vir Two Factor Auth",
"If enabled, users will be notified every time they login. If not enabled, users will only be notified once.","As dit geaktiveer is, sal gebruikers elke keer in kennis gestel word wanneer hulle inteken. As dit nie geaktiveer is nie, sal gebruikers slegs een keer in kennis gestel word.",
If non standard port (e.g. 587),As nie-standaard-poort (bv. 587),
"If non standard port (e.g. 587). If on Google Cloud, try port 2525.",As nie standaard poort (bv. 587). As jy in Google Cloud probeer poort 2525.,
"If non-standard port (e.g. POP3: 995/110, IMAP: 993/143)","As nie-standaard poort (bv. POP3: 995/110, IMAP: 993/143)",
"If not set, the currency precision will depend on number format","Indien nie ingestel nie, sal die geldeenheidsprecisie afhang van die nommerformaat",
"If the user has any role checked, then the user becomes a ""System User"". ""System User"" has access to the desktop","As die gebruiker enige rol nagegaan het, word die gebruiker &#39;n &quot;System User&quot;. &quot;Stelselgebruiker&quot; het toegang tot die lessenaar",
If user is the owner,As gebruiker die eienaar is,
"If you set this, this Item will come in a drop-down under the selected parent.","As u dit stel, sal hierdie item in &#39;n aftrekking onder die gekose ouer kom.",
"If your data is in HTML, please copy paste the exact HTML code with the tags.","As u data in HTML is, kopieer asseblief die presiese HTML-kode met die etikette.",
Ignore User Permissions,Ignoreer gebruikertoestemmings,
Ignore XSS Filter,Ignoreer XSS Filter,
Ignore attachments over this size,Ignoreer aanhangsels oor hierdie grootte,
Ignored Apps,Ignoreerde programme,
Image,Image,
Image Field,Beeldveld,
Image Link,Prent skakel,
Implicit,implisiete,
Import,invoer,
Import File,Voer lêer in,
Import File Errors and Warnings,Voer lêerfoute en waarskuwings in,
Import Log,Invoer Log,
Import Log Preview,Voer logvoorskou in,
Import Preview,Voer voorskou in,
Import Type,Voer tipe in,
Import Warnings,Invoerwaarskuwings,
Import from Google Sheets,Invoer vanaf Google Blaaie,
In Days,In dae,
In Filter,In Filter,
In Global Search,In Global Search,
In List View,In die lys skerm,
In Preview,Voorbeskou,
In Reply To,In Antwoord Aan,
In Standard Filter,In Standaard Filter,
In points. Default is 9.,In punte. Standaard is 9.,
In seconds,In sekondes,
Inbox,posbus,
Inbox User,Inboksgebruiker,
Include Search in Top Bar,Sluit Soek in die boonste balk in,
Include Web View Link in Email,Stuur dokument Web View skakel in e-pos,
Index,indeks,
Index Web Pages for Search,Indeks webbladsye vir soek,
Indexing Authorization Code,Kode vir indekseringsmagtiging,
Indexing Refresh Token,Indeksering van Vernuwingstoken,
Indicator,aanwyser,
Indicator Color,Indicator Kleur,
Info,info,
Initial Sync Count,Aanvanklike sintetelling,
InnoDB,InnoDB,
Insert After,Voeg na,
Insert New Records,Voeg nuwe rekords in,
Insert Style,Voeg styl in,
Installed Application,Toepassing geïnstalleer,
Installed Applications,Geïnstalleerde toepassings,
Int,Int,
Integration Request,Integrasie Versoek,
Integrations,integrasie,
Integrations can use this field to set email delivery status,Integrasies kan hierdie veld gebruik om e-pos afleweringstatus te stel,
Interests,Belange,
Intermediate,Intermediêre,
Internal record of document shares,Interne rekord van dokument aandele,
Introduce your company to the website visitor.,Stel jou besigheid bekend aan die webwerf besoeker.,
Introduction,inleiding,
Introductory information for the Contact Us Page,Inleidende inligting vir die Kontak Ons Bladsy,
Invalid,Ongeldig,
Inverse,Omgekeerde,
Is Active,Is aktief,
Is Attachments Folder,Is aanhangsels gids,
Is Billing Contact,Is faktureringskontak,
Is Child Table,Is kindertafel,
Is Complete,Is voltooi,
Is Completed,Is voltooi,
Is Custom Field,Is pasgemaakte veld,
Is Default,Is standaard,
Is Folder,Is gids,
Is Home Folder,Is Tuisblad,
Is Mandatory Field,Is verpligte veld,
Is Optional State,Is opsionele staat,
Is Primary,Is Primêr,
Is Primary Contact,Is primêre kontak,
Is Primary Mobile,Is Primêr Mobiel,
Is Primary Phone,Is primêre telefoon,
Is Private,Is Privaat,
Is Public,Is publiek,
Is Published Field,Is gepubliseerde veld,
Is Single,Is enkel,
Is Skipped,Word oorgeslaan,
Is Spam,Is Spam,
Is Standard,Is Standaard,
Is Submittable,Is Submittable,
Is Table,Is Tabel,
Is Tree,Is Boom,
Is Unique,Is uniek,
Is Your Company Address,Is u maatskappy se adres,
Item Label,Itemetiket,
Item Type,Item Tipe,
JS,JS,
JSON,into,
JSON Request Body,JSON-versoekliggaam,
JavaScript,JavaScript,
JavaScript Format: frappe.query_reports['REPORTNAME'] = {},JavaScript-formaat: frappe.query_reports [&#39;REPORTNAME&#39;] = {},
Javascript,Javascript,
Jinja,Jinja,
Kanban,Kanban,
Kanban Board,Kanban Raad,
Kanban Board Column,Kanban Raad Kolom,
Kanban Board Name,Kanban Raad Naam,
Keep track of all update feeds,Hou tred met alle opdaterings feeds,
Keeps track of all communications,Hou rekord van alle kommunikasie,
Key,sleutel,
Keyboard Shortcuts,Sleutelbord kortpaaie,
Knowledge Base Contributor,Kennisbasisbydraer,
Knowledge Base Editor,Knowledge Base Editor,
LDAP Email Field,LDAP e-pos veld,
LDAP First Name Field,LDAP Voornaam Veld,
LDAP Group,LDAP Groep,
LDAP Group Field,LDAP-groepveld,
LDAP Group Mapping,LDAP-groep kartering,
LDAP Group Mappings,LDAP-groepkaarte,
LDAP Last Name Field,LDAP Veldnaam,
LDAP Middle Name Field,LDAP-middelnaamveld,
LDAP Mobile Field,LDAP mobiele veld,
LDAP Phone Field,LDAP-telefoonveld,
LDAP Search String,LDAP soekstring,
LDAP Security,LDAP Sekuriteit,
LDAP Server Url,LDAP-bediener Url,
LDAP Settings,LDAP-instellings,
LDAP User Creation and Mapping,LDAP Gebruikerskepping en Kartering,
LDAP Username Field,LDAP gebruikersnaam,
Label,Etiket,
Label Help,Etikethulp,
Label and Type,Etiket en Tipe,
Landing Page,Landing Page,
Language,Taal,
Language Code,Taalkode,
Language Name,Taal Naam,
Last Active,Laaste Aktief,
Last Backup On,Laaste rugsteun aan,
Last Execution,Laaste teregstelling,
Last IP,Laaste IP,
Last Known Versions,Laaste bekende weergawes,
Last Login,Laaste Aanmelding,
Last Month,Verlede maand,
Last Name,Van,
Last Password Reset Date,Laaste datum van terugstelling van wagwoord,
Last Point Allocation Date,Datum van die laaste puntetoekenning,
Last Quarter,Laaste kwartaal,
Last Sync On,Laaste sinchroniseer op,
Last Synced On,Laas gesinkroniseer op,
Last User,Laaste gebruiker,
Last Week,Verlede week,
Last Year,Laas jaar,
Lead Conversion Time,Lood Gesprek Tyd,
Leaderboard,leader,
Leave blank to repeat always,Los leeg om altyd te herhaal,
Ledger,grootboek,
Left,links,
Legal,Wettig,
Length,lengte,
Letter,brief,
Letter Head,Briefhoof,
Letter Head Based On,Briefhoof gebaseer op,
Letter Head Image,Letterkop-prentjie,
Letter Head Name,Letter Hoof Naam,
Letter Head in HTML,Briefkop in HTML,
Level,vlak,
Level Name,Vlaknaam,
License,lisensie,
Light Color,Ligte kleur,
Like,soos,
Likes,Hou,
Limit,limiet,
Limit Number of DB Backups,Limiet Aantal DB Backups,
Line,lyn,
Link,skakel,
Link Cards,Skakelkaarte,
Link DocType,Skakel DocType,
Link Document Type,Koppel dokumenttipe,
Link Fieldname,Skakelveldnaam,
Link Name,Skakel Naam,
Link Title,Skakel Titel,
Link To,Skakel na,
Link to the page you want to open. Leave blank if you want to make it a group parent.,Skakel na die bladsy wat jy wil oopmaak. Los leeg as jy dit &#39;n groepouer wil maak.,
Linked,gekoppel,
Linked Documents,Gekoppelde dokumente,
Links,Links,
List,lys,
List Filter,Lys filter,
List Settings,Lysinstellings,
List View Settings,Instellings vir lysaansig,
"List as [{""label"": _(""Jobs""), ""route"":""jobs""}]","Lys as [{&quot;label&quot;: _ (&quot;Jobs&quot;), &quot;roete&quot;: &quot;jobs&quot;)]",
List of patches executed,Lys van kolle uitgevoer,
Load Balancing,Vrag balansering,
Location,plek,
Log,Meld,
Log Data,Log data,
Log Setting User,Loginstellingsgebruiker,
Log Settings,Log-instellings,
Login,Teken aan,
Login After,Login Na,
Login Before,Login voor,
Login Required,Login benodig,
Logo Width,Logo-breedte,
Logout,Teken uit,
Logout All Sessions on Password Reset,Teken alle sessies uit met wagwoordherstel,
Logout From All Devices After Changing Password,Aanmelding van alle toestelle nadat die wagwoord verander is,
Long Text,Lang teks,
Low,lae,
Main Section,Hoofafdeling,
Main Section (HTML),Hoofafdeling (HTML),
Main Section (Markdown),Hoofafdeling (Markdown),
Maintenance Manager,Onderhoudbestuurder,
Maintenance User,Instandhoudingsgebruiker,
"Make ""name"" searchable in Global Search",Maak &quot;naam&quot; soekbaar in Global Search,
Mandatory,Verpligtend,
Mandatory Depends On,Verpligtend hang af,
Map route parameters into form variables. Example <code>/project/&lt;name&gt;</code>,Kaart roeteparameters in vormveranderlikes. Voorbeeld <code>/project/&lt;name&gt;</code>,
Markdown,markdown,
Markdown Editor,Markdown Editor,
Marked As Spam,Gemerk as spam,
Max 500 records at a time,Maksimum 500 rekords op &#39;n slag,
Max Attachment Size (in MB),Maksimum aanhangsel grootte (in MB),
Max Attachments,Maksimum Aanhegsels,
Max Length,Maksimum Lengte,
Max Value,Maksimum waarde,
Maximum,Maksimum,
Maximum Number of Fields,Maksimum aantal velde,
Maximum Points,Maksimum punte,
Medium,medium,
Meeting,Ontmoet,
Mention,melding,
Mentions,noem,
Message,boodskap,
Message (HTML),Boodskap (HTML),
Message (Markdown),Boodskap (afslag),
Message Examples,Boodskap Voorbeelde,
Message ID,Boodskap ID,
Message Parameter,Boodskapparameter,
Message-id,Boodskap-ID,
Meta Description,Meta Beskrywing,
Meta Image,Meta-beeld,
Meta Tags,Metatags,
Meta Title,Meta titel,
Method,metode,
Middle Name,Middelnaam,
Milestone,mylpaal,
Milestone Tracker,Mylpaal-spoorsnyer,
Minimum,Minimum,
Minimum Password Score,Minimum Wagwoord telling,
Mobile No,Mobiele nommer,
Module,module,
Module Def,Module Def,
Module Name,Module Naam,
Module Onboarding,Module-aanboord,
Modules HTML,Modules HTML,
Monday,Maandag,
Monospace,mono,
Monthly,maandelikse,
Monthly Long,Maandeliks lank,
More Information,Meer inligting,
More content for the bottom of the page.,Meer inhoud vir die onderkant van die bladsy.,
Multiplier Field,Vermenigvuldigerveld,
Must be a publicly accessible Google Sheets URL,Moet &#39;n publiek toeganklike Google Blaaie-URL wees,
"Must be of type ""Attach Image""",Moet van tipe wees &quot;Heg beeld aan&quot;,
Mute Sounds,Mute Sounds,
MyISAM,MyISAM,
Name,naam,
Naming,benaming,
Naming Series,Naming Series,
Navbar,Navbar,
Navbar Item,Navbar Item,
Navbar Settings,Navbar-instellings,
Navbar Template,Navbar-sjabloon,
Navbar Template Values,Naval Sjabloonwaardes,
New,nuwe,
New Name,Nuwe naam,
New value to be set,Nuwe waarde wat ingestel moet word,
Newsletter,nuusbrief,
Newsletter Email Group,Nuusbrief E-posgroep,
Newsletter Manager,Nuusbrief Bestuurder,
Next Action Email Template,Volgende Aksie E-pos Sjabloon,
Next Actions HTML,Volgende aksies HTML,
Next Schedule Date,Volgende skedule Datum,
Next State,Volgende Staat,
Next Sync Token,Volgende sinkroniese Token,
No,Geen,
No Copy,Geen kopie,
No of Requested SMS,Geen versoekte SMS nie,
No of Rows (Max 500),Aantal Rye (Max 500),
No of Sent SMS,Geen van gestuurde SMS nie,
Non Negative,Nie negatief nie,
None,Geen,
Not Sent,Nie gestuur nie,
Note,nota,
Note Seen By,Nota Gesien Deur,
Note: By default emails for failed backups are sent.,Nota: as standaard word e-pos vir mislukte back-ups gestuur.,
"Note: For best results,  images must be of the same size and width must be greater than height.","Opmerking: vir die beste resultate, moet prente dieselfde grootte hê en die breedte moet groter wees as die hoogte.",
Note: Multiple sessions will be allowed in case of mobile device,Let wel: Meervoudige sessies sal toegelaat word in die geval van &#39;n mobiele toestel,
Notification,kennisgewing,
Notification Log,Kennisgewinglogboek,
Notification Recipient,Kennisgewingsontvanger,
Notification Settings,Kennisgewinginstellings,
Notification Subscribed Document,Kennisgewing ingeteken dokument,
Notifications,Kennisgewings,
Notifications and bulk mails will be sent from this outgoing server.,Kennisgewings en grootmaat-posse sal van hierdie uitgaande bediener gestuur word.,
Notify Users On Every Login,Stel gebruikers in kennis van elke inskrywing,
Notify by Email,Stel dit per e-pos in kennis,
Notify by email,Stel per e-pos in kennis,
Notify if unreplied,Stel in kennis indien dit nie gereageer word nie,
Notify if unreplied for (in mins),In kennis stel indien nie gereageer vir (in mins),
Notify users with a popup when they log in,Stel gebruikers in kennis met &#39;n opspring wanneer hulle inteken,
Number Card,Nommerkaart,
Number Card Link,Nommerkaartskakel,
Number Cards,Nommer kaarte,
Number Format,Nommer Formaat,
Number of Backups,Aantal rugsteun,
Number of DB Backups,Aantal DB Backups,
Number of Groups,Aantal groepe,
Number of columns for a field in a Grid (Total Columns in a grid should be less than 11),Aantal kolomme vir &#39;n veld in &#39;n rooster (Totale kolomme in &#39;n rooster moet minder as 11 wees),
Number of columns for a field in a List View or a Grid (Total Columns should be less than 11),Aantal kolomme vir &#39;n veld in &#39;n lys of &#39;n rooster (totale kolomme moet minder as 11 wees),
OAuth Authorization Code,OAuth Authorization Code,
OAuth Bearer Token,OAuth Bearer Token,
OAuth Client,OAuth-kliënt,
OAuth Client ID,OAuth-kliënt-ID,
OAuth Provider Settings,OAuth Verskaffer instellings,
OTP App,OTP App,
OTP Issuer Name,OTP Uitreiker Naam,
Off,af,
Office,kantoor,
Office 365,Kantoor 365,
Older backups will be automatically deleted,Ouer rugsteun sal outomaties verwyder word,
On Hold,On Hold,
Onboarding Permission,Toestemming aan boord,
Onboarding Step,Stap aan boord,
Onboarding Step Map,Stapkaart aan boord,
"Once submitted, submittable documents cannot be changed. They can only be Cancelled and Amended.","Sodra dit ingedien is, kan dokumente wat ingedien word nie verander word nie. Dit kan slegs gekanselleer en gewysig word.",
Only Allow Edit For,Verbind slegs vir,
Only Send Records Updated in Last X Hours,Stuur slegs rekords wat in Laaste X Ure opgedateer is,
Open,oop,
Open Documents,Maak dokumente oop,
Open Reference Document,Maak verwysingsdokument oop,
Open URL in a New Tab,Open URL in &#39;n nuwe oortjie,
Open a dialog with mandatory fields to create a new record quickly,Open &#39;n dialoog met verpligte velde om vinnig &#39;n nuwe rekord te maak,
Opened,geopen,
Operation,operasie,
Optional: Always send to these ids. Each Email Address on a new row,Opsioneel: Stuur altyd na hierdie ids. Elke e-pos adres op &#39;n nuwe ry,
Optional: The alert will be sent if this expression is true,Opsioneel: Die waarskuwing sal gestuur word as hierdie uitdrukking waar is,
Options,opsies,
Options Help,Opsies Help,
Orange,oranje,
Order,Orde,
Org History,Org Geskiedenis,
Org History Heading,Org Geskiedenis Opskrif,
Other,ander,
Outlook.com,Outlook.com,
Output,uitset,
PDF Page Size,PDF bladsy grootte,
PDF Settings,PDF-instellings,
Page,Page,
Page Break,Bladsy breek,
Page Builder,Bladsybouer,
Page Building Blocks,Bladsy-boustene,
Page HTML,Bladsy HTML,
Page Name,Naam van die bladsy,
Page Settings,Bladsy instellings,
Parameter,parameter,
Parent Field (Tree),Ouerveld (boom),
Parent Label,Ouer Label,
Partial Success,Gedeeltelike sukses,
Participants,deelnemers,
Passive,passiewe,
Password,wagwoord,
Password Reset Link Generation Limit,Wagwoordherstel skakelgenerasieperk,
Password for Base DN,Wagwoord vir Base DN,
Patch,Patch,
Patch Log,Patch Log,
Path,pad,
Path to CA Certs File,Pad na CA Certs-lêer,
Path to Server Certificate,Pad na bedienersertifikaat,
Path to private Key File,Pad na privaat sleutellêer,
Pending,hangende,
Pending Approval,Hangende goedkeuring,
Pending Verification,Hangende verifikasie,
Percent,persent,
Percentage,persentasie,
Period,tydperk,
Perm Level,Permvlak,
Permanent,permanente,
Permission Level,Toestemmingsvlak,
Permission Rules,Toestemming Reëls,
Permissions,permissions,
Permitted Documents For User,Toegelate dokumente vir gebruiker,
Personal,persoonlike,
Personal Data Deletion Request,Persoonlike gegewensversoek,
Personal Data Download Request,Persoonlike data-aflaai-versoek,
Phone,Foon,
Phone No.,Telefoon nommer.,
Phone Number,Telefoon nommer,
Pie,pie,
Pincode,PIN-kode,
Plant,plant,
Point Allocation Periodicity,Punte toekenning periodiekheid,
Points,punte,
Port,Port,
Portal Menu,Portaal Menu,
Portal Menu Item,Portal Menu Item,
Portal Settings,Portal instellings,
Position,posisie,
Postal,Postal,
Postal Code,Poskode,
Precision,presisie,
Preferred Billing Address,Gewenste faktuuradres,
Preferred Shipping Address,Gewenste Posadres,
Prefix,voorvoegsel,
Prepared Report,Voorbereide Verslag,
Prepared Report User,Voorbereide verslaggebruiker,
Preview,voorskou,
Preview HTML,Voorskou HTML,
Preview Message,Voorskou Boodskap,
Previous Hash,Vorige Hash,
Primary,primêre,
Primary Color,Primêre kleur,
Print,Print,
Print Format,Drukformaat,
Print Format Builder,Drukformaat Bouwer,
Print Format Help,Drukformaathulp,
Print Format Type,Drukformaat Tipe,
Print Hide,Druk versteek,
Print Hide If No Value,Druk verberg as geen waarde,
Print Server,Print Server,
Print Settings,Druk instellings,
Print Style,Druk Styl,
Print Style Name,Druk Styl Naam,
Print Style Preview,Druk Styl Voorskou,
Print UOM after Quantity,Druk UOM na hoeveelheid uit,
Print Width,Drukbreedte,
"Print Width of the field, if the field is a column in a table","Druk Breedte van die veld, as die veld &#39;n kolom in &#39;n tabel is",
Print taxes with zero amount,Druk belasting met nul bedrag,
Print with letterhead,Druk met briefhoof,
Printer Name,Drukker naam,
Printing,druk,
Priority,prioriteit,
Private,Privaat,
ProTip: Add <code>Reference: {{ reference_doctype }} {{ reference_name }}</code> to send document reference,ProTip: Voeg <code>Reference: {{ reference_doctype }} {{ reference_name }}</code> om dokumentverwysing te stuur,
Property,eiendom,
Property Depends On,Eiendom hang af,
Property Setter,Eiendom Setter,
Property Setter overrides a standard DocType or Field property,Eiendom Setter oortree &#39;n standaard DocType of Field eiendom,
Property Type,Eiendomsoort,
Provider,verskaffer,
Provider Name,Verskaffer Naam,
Public,openbare,
Publish,publiseer,
Published,gepubliseer,
Published On,Gepubliseer op,
Pull from Google Calendar,Trek uit Google Kalender,
Pull from Google Contacts,Trek uit Google Kontakte,
Pulled from Google Calendar,Van Google Kalender af getrek,
Pulled from Google Contacts,Van Google Kontakte af getrek,
Purchase Manager,Aankoopbestuurder,
Purchase Master Manager,Aankoop Meester Bestuurder,
Purchase User,Aankoop gebruiker,
Purple,pers,
Push to Google Calendar,Druk op Google Kalender,
Push to Google Contacts,Druk op Google Kontakte,
Quarterly,kwartaallikse,
Query,navraag,
Query / Script,Navraag / Skrip,
Query Options,Navraag opsies,
Query Report,Navraagverslag,
Queued,tougestaan,
Quick Entry,Vinnige toegang,
RAW Information Log,RAW Inligtingslogboek,
Random,ewekansige,
Rating,gradering,
Raw Commands,Rou opdragte,
Raw Email,Rou e-pos,
Raw Printing,Rou drukwerk,
Read,Lees,
Read Only,Lees net,
Read Only Depends On,Lees slegs afhang van,
Read Time,Lees Tyd,
Read by Recipient,Lees deur Ontvanger,
Read by Recipient On,Lees deur Ontvanger aan,
Reason,rede,
Received,ontvang,
Receiver By Document Field,Ontvanger per dokumentveld,
Receiver By Role,Ontvanger per rol,
Receiver Parameter,Ontvanger Parameter,
Recipient,ontvanger,
Recipient Unsubscribed,Ontvanger Uitgeteken,
Recipients,ontvangers,
Recorder,blokfluit,
Red,rooi,
Redirect URI Bound To Auth Code,Herlei URI gebind om te kodeer,
Redirect URIs,Herlei URI&#39;s,
Redirect URL,Herlei URL,
Ref DocType,Ref DocType,
Reference,verwysing,
Reference Date,Verwysingsdatum,
Reference DocName,Referentie DocName,
Reference DocType,Verwysingsdokumenttipe,
Reference Docname,Referentie DocName,
Reference Doctype,Verwysingsdokumenttipe,
Reference Document,Verwysingsdokument,
Reference Document Name,Verwysings dokument naam,
Reference Document Type,Verwysings dokument tipe,
Reference Name,Verwysingsnaam,
Reference Owner,Verwysings Eienaar,
Reference Report,Verwysingsverslag,
Reference Type,Verwysingstipe,
Reference name,Verwysingsnaam,
Referrer,Verwyser,
Refresh Google Sheet,Verfris Google-blad,
Refresh Token,Refresh Token,
Rejected,verwerp,
Relinked,weer geskakel,
Reload,Reload,
Remember Last Selected Value,Onthou laas geselekteerde waarde,
Reminder,herinnering,
Repeat On,Herhaal On,
Repeat Till,Herhaal tot,
Repeat on Day,Herhaal op dag,
Repeat on Last Day of the Month,Herhaal op die laaste dag van die maand,
Repeat this Event,Herhaal hierdie gebeurtenis,
Replied,antwoord,
Reply,antwoord,
Report,verslag,
Report Builder,Rapport Bouer,
Report Column,Rapporteer kolom,
Report Description,Verslagbeskrywing,
Report Filter,Rapporteer filter,
Report Filters,Rapporteer filters,
Report Hide,Verslag versteek,
Report Information,Rapporteer inligting,
Report Manager,Verslagbestuurder,
Report Name,Rapporteer Naam,
Report Reference Doctype,Rapporteer dokumenttipe,
Report Type,Verslag Tipe,
Reports,Berigte,
Represents a User in the system.,Verteenwoordig &#39;n gebruiker in die stelsel.,
Represents the states allowed in one document and role assigned to change the state.,Verteenwoordig die toestande wat toegelaat word in een dokument en rol wat opgedra is om die staat te verander.,
Request Data,Versoek data,
Request Structure,Versoek struktuur,
Request URL,Versoek URL,
Requested Numbers,Gevraagde Getalle,
Require Trusted Certificate,Vereis vertrou sertifikaat,
Reset Password Key,Herstel wagwoord sleutel,
Response,reaksie,
Response Type,Reaksie Tipe,
Restored,herstel,
Restrict IP,Beperk IP,
Restrict To Domain,Beperk om te Domein,
Restrict to Domain,Beperk om te Domein,
Restrict user from this IP address only. Multiple IP addresses can be added by separating with commas. Also accepts partial IP addresses like (111.111.111),Beperk gebruiker slegs van hierdie IP-adres. Meerdere IP-adresse kan bygevoeg word deur met kommas te skei. Aanvaar ook gedeeltelike IP-adresse soos (111.111.111),
Retry,weer probeer,
Reverse Icon Color,Omgekeerde ikoon Kleur,
Revert,terugkeer,
Revert Of,Keer terug,
Reverted,teruggekeer,
Review,Resensie,
Review Level,Hersieningsvlak,
Review Levels,Hersien Vlakke,
Review Points,Hersien punte,
Revoked,herroep,
Rich Text,Ryk teks,
Right,reg,
Robots.txt,robots.txt,
Role,Rol,
Role Name,Rol Naam,
Role Permission for Page and Report,Rol Toestemming vir Bladsy en Verslag,
Role Permissions,Rol Toestemmings,
Role Permissions Manager,Rol Toestemmings Bestuurder,
Role Profile,Rolprofiel,
Role and Level,Rol en Vlak,
Roles,rolle,
Roles Assigned,Rolle toegeken,
Roles HTML,Rolle HTML,
Roles Html,Rol HTML,
Round Robin,Ronde Robin,
Route,roete,
Route History,Roete geskiedenis,
Route Redirects,Roete-aanwysings,
"Route: Example ""/desk""",Roete: Voorbeeld &quot;/ lessenaar&quot;,
Row Index,Ry Indeks,
Row Name,Ry Naam,
Rows Added,Rye bygevoeg,
Rows Removed,Rye verwyder,
Rule,reël,
Rule Conditions,Reëlvoorwaardes,
Rule Name,Reëlnaam,
Rules defining transition of state in the workflow.,Reëls wat die oorgang van die staat in die werkstroom definieer.,
"Rules for how states are transitions, like next state and which role is allowed to change state etc.","Reëls vir hoe lande is oorgange, soos die volgende staat en watter rol mag die staat verander, ens.",
Rules with higher priority number will be applied first.,Reëls met &#39;n hoër prioriteitsnommer sal eers toegepas word.,
Run Jobs only Daily if Inactive For (Days),Laat werk slegs daagliks as dit nie aktief is nie (dae),
Run scheduled jobs only if checked,Begin slegs geskeduleerde werk as dit nagegaan word,
S3 Backup Settings,S3 Backup-instellings,
S3 Bucket Details,S3 Emmerbesonderhede,
SMS,SMS,
SMS Gateway URL,SMS Gateway URL,
SMS Log,SMS Log,
SMS Parameter,SMS Parameter,
SMS Settings,SMS instellings,
SMTP Settings for outgoing emails,SMTP-instellings vir uitgaande e-posse,
"SQL Conditions. Example: status=""Open""",SQL-voorwaardes. Voorbeeld: status = &quot;oop&quot;,
SSL/TLS Mode,SSL / TLS-modus,
Sales Manager,Verkoopsbestuurder,
Sales Master Manager,Verkope Meester Bestuurder,
Sales User,Verkope gebruiker,
Salesforce,Verkoopspan,
Salutation,Salueer,
Sample,monster,
Saturday,Saterdag,
Save,Save,
Scheduled,geskeduleer,
Scheduled Job,Geplande werk,
Scheduled Job Log,Geplande werklogboek,
Scheduled Job Type,Geskeduleerde postipe,
Scheduled To Send,Geskeduleer om te stuur,
Scheduler Event,Beplanningsgeleentheid,
Scope,omvang,
Scopes,bestekke,
Script,script,
Script Manager,Skripbestuurder,
Script Report,Skrifverslag,
Script Type,Skrif tipe,
Script to attach to all web pages.,Skripsie om aan alle webblaaie te heg.,
Search Fields,Soek velde,
Search Priorities,Soek prioriteite,
Section,Afdeling,
Section Break,Afdeling breek,
Security Settings,Sekuriteitsinstellings,
Seen,gesien,
Seen By,Gesien deur,
Seen By Table,Gesien per tabel,
Select,Kies,
Select Dashboard,Kies Dashboard,
Select Date Range,Kies datumreeks,
Select DocType,Kies DocType,
Select Doctype,Kies Doctype,
Select Transaction,Kies transaksie,
Select an image of approx width 150px with a transparent background for best results.,Kies &#39;n beeld van ongeveer 150px breedte met &#39;n deursigtige agtergrond vir die beste resultate.,
Select the label after which you want to insert new field.,Kies die etiket waarna jy nuwe veld wil invoeg.,
Send After,Stuur Na,
Send Alert On,Stuur Alert Aan,
Send Email Alert,Stuur E-pos Alert,
Send Email Print Attachments as PDF (Recommended),Stuur e-pos Print Aanhegsels as PDF (Aanbeveel),
Send Email for Successful Backup,Stuur e-pos vir suksesvolle rugsteun,
Send Email for Successful backup,Stuur e-pos vir suksesvolle rugsteun,
Send Me A Copy of Outgoing Emails,Stuur vir my &#39;n afskrif van uitgaande e-posse,
Send Notification To,Stuur kennisgewing aan,
Send Notification to,Stuur kennisgewing aan,
Send Notifications For Documents Followed By Me,Stuur kennisgewings vir dokumente wat deur my gevolg word,
Send Notifications For Email Threads,Stuur kennisgewings vir e-posdrade,
Send Notifications To,Stuur kennisgewings aan,
Send Print as PDF,Stuur Druk as PDF,
Send System Notification,Stuur stelselkennisgewing,
Send To All Assignees,Stuur aan alle ondernemers,
Send Unsubscribe Link,Stuur Teken Teken uit,
Send Welcome Email,Stuur welkom e-pos,
Send alert if date matches this field's value,Stuur wakker as die datum die waarde van hierdie veld pas,
Send alert if this field's value changes,Stuur wakker as die waarde van hierdie veld verander,
Send an email reminder in the morning,Stuur &#39;n e-pos herinnering in die oggend,
Send days before or after the reference date,Stuur dae voor of na die verwysingsdatum,
Send enquiries to this email address,Stuur navrae na hierdie e-pos adres,
Send only if there is any data,Stuur slegs indien daar enige data is,
Send unsubscribe message in email,Stuur unsubscribe boodskap in e-pos,
Sender,sender,
Sender Email,Afsender E-pos,
Sender Name,Sender Naam,
Sendgrid,Sendgrid,
Sending,Stuur,
Sent,gestuur,
Sent On,Gestuur,
Sent Read Receipt,Gestuur lees ontvangs,
Sent To,Gestuur na,
Sent or Received,Gestuur of ontvang,
Sent/Received Email,Gestuurde / Ontvangste E-pos,
Separator,Skeier,
Sequence Id,Volgorde Id,
Series List for this Transaction,Reekslys vir hierdie transaksie,
Server Action,Bedieneraksie,
Server IP,Bediener IP,
Server Script,Bediener skrif,
Service,diens,
Session Default,Sessie verstek,
Session Default Settings,Sessie verstekinstellings,
Session Defaults,Sessie verstek,
Set Banner from Image,Stel Banner van Beeld,
"Set Default Options for all charts on this Dashboard (Ex: ""colors"": [""#d1d8dd"", ""#ff5858""])","Stel verstekopsies vir alle kaarte op hierdie paneelbord (byvoorbeeld: &quot;kleure&quot;: [&quot;# d1d8dd&quot;, &quot;# ff5858&quot;])",
Set New Password,Stel nuwe wagwoord in,
Set Property After Alert,Stel Eiendom Na Alert,
Set Role For,Stel rol vir,
Set Value,Stel waarde,
Set non-standard precision for a Float or Currency field,Stel nie-standaard presisie vir &#39;n Vlot- of Geldveld,
Settings,instellings,
Settings Dropdown,Instellings-aftreklys,
Settings for Contact Us Page,Stellings vir Kontak Ons Page,
Settings for the About Us Page,Stellings vir die oor ons bladsy,
Setup,Stel op,
Setup Complete,Opstelling Voltooi,
Setup Wizard,Opstelassistent,
Share,Deel,
Shared,gedeel,
Shipping,Gestuur,
Shop,Winkel,
Short Name,Kort naam,
Shortcuts,kortpaaie,
Show Attachments,Wys aanhangsels,
Show Dashboard,Wys Dashboard,
Show Document,Wys dokument,
Show Failed Logs,Wys mislukte logboeke,
Show Form Tour,Wys vormtoer,
Show Full Error and Allow Reporting of Issues to the Developer,Wys volle fout en laat verslaggewing van probleme aan die ontwikkelaar toe,
Show Full Form?,Wys volledige vorm?,
Show Line Breaks after Sections,Toon lynbreuke na afdelings,
Show Percentage Stats,Wys persentasie statistieke,
Show Preview Popup,Wys voorskou-opspringer,
Show Report,Wys verslag,
Show Section Headings,Wys afdelingopskrifte,
Show Sidebar,Wys Zijbalk,
Show Title,Wys Titel,
Show as cc,Wys as cc,
Show full form instead of a quick entry modal,Toon volledige vorm in plaas van &#39;n vinnige inskrywingsmodal,
Show in Module Section,Wys in Module-afdeling,
Show in filter,Wys in filter,
Show percentage difference according to this time interval,Toon persentasieverskil volgens hierdie tydsinterval,
"Show title in browser window as ""Prefix - title""",Wys titel in die blaaier venster as &quot;Voorvoegsel - titel&quot;,
Sidebar Items,Zijbalk Items,
Sidebar Settings,Zijbalk instellings,
Sidebar and Comments,Zijbalk en kommentaar,
Signature,Handtekening,
"Simple Python Expression, Example: Status in (""Closed"", ""Cancelled"")","Eenvoudige Python-uitdrukking, voorbeeld: status in (&quot;geslote&quot;, &quot;gekanselleer&quot;)",
"Simple Python Expression, Example: Status in (""Invalid"")","Eenvoudige Python-uitdrukking, voorbeeld: status in (&quot;ongeldig&quot;)",
"Simple Python Expression, Example: status == 'Open' and type == 'Bug'","Eenvoudige Python-uitdrukking, voorbeeld: status == &#39;Open&#39; en tik == &#39;Bug&#39;",
Simultaneous Sessions,Gelyktydige Sessies,
Single Types have only one record no tables associated. Values are stored in tabSingles,"Enkel tipes het slegs een rekord, geen tabelle geassosieer nie. Waardes word gestoor in tabSingles",
Skip Authorization,Slaan Magtiging oor,
Skype,Skype,
Slack,slap,
Slack Channel,Slack Channel,
Slack Webhook URL,Slack Webhook URL,
Slideshow,skyfievertoning,
Slideshow Items,Diashow Items,
Slideshow Name,Skyfievertoning Naam,
Slideshow like display for the website,Skyfievertoning soos vertoon vir die webwerf,
Small Text,Klein teks,
Smallest Currency Fraction Value,Kleinste Geld Fraksie Waarde,
Smallest circulating fraction unit (coin). For e.g. 1 cent for USD and it should be entered as 0.01,Kleinste sirkulerende breuk eenheid (munt). Vir bv. 1 sent vir USD en dit moet ingeskryf word as 0.01,
Social,sosiale,
Social Link Settings,Instellings vir sosiale skakel,
Social Link Type,Sosiale skakel tipe,
Social Login Key,Sosiale aanmeld sleutel,
Social Login Provider,Sosiale aanmeldverskaffer,
Social Logins,Sosiale logins,
Soft-Bounced,Sagte-Bounced,
Sort Field,Sorteer Veld,
Sort Order,Sorteervolgorde,
Source,Bron,
Source Name,Bron Naam,
Source Text,Bron teks,
Spam,Gemorspos,
SparkPost,SparkPost,
Standard,Standard,
Standard Sidebar Menu,Standaard Zijbalk Menu,
Start Date,Begindatum,
Start Date Field,Begin Datum Veld,
Start Time,Begin Tyd,
StartTLS,StartTLS,
Started,begin,
Starts on,Begin met,
State,staat,
State/Province,Staat / Provinsie,
States,State,
Static Parameters,Statiese Parameters,
Stats,Statistieke,
Stats Time Interval,Statistieke Tydinterval,
Status,status,
Step,Stap,
Steps,Stappe,
Stopped,gestop,
Stores the JSON of last known versions of various installed apps. It is used to show release notes.,Stoor die JSON van die laaste bekende weergawes van verskeie geïnstalleerde programme. Dit word gebruik om vrylatingnotas te wys.,
Style,styl,
Style Settings,Styl instellings,
"Style represents the button color: Success - Green, Danger - Red, Inverse - Black, Primary - Dark Blue, Info - Light Blue, Warning - Orange","Styl verteenwoordig die knoppie kleur: Sukses - Groen, Gevaar - Rooi, Inverse - Swart, Primêr - Donkerblou, Inligting - Ligblou, Waarskuwing - Oranje",
Stylesheet,Stylblad,
"Sub-currency. For e.g. ""Cent""",Sub-geldeenheid. Vir bv. &quot;Cent&quot;,
Sub-domain provided by erpnext.com,Sub-domein verskaf deur erpnext.com,
Subdomain,subdomein,
Subject,Onderwerp,
Subject Field,Vakgebied,
Submit,Indien,
Submit After Import,Dien na invoer in,
Submitted,voorgelê,
Subsidiary,filiaal,
Subtitle,Subtitle,
Success,sukses,
Success Action,Sukses Aksie,
Success Message,Suksesboodskap,
Success URL,Sukses-URL,
Sum,som,
Sunday,Sondag,
Symbol,simbool,
Sync,Sync,
Sync with Google Calendar,Sinkroniseer met Google Kalender,
Sync with Google Contacts,Sinkroniseer met Google Kontakte,
System,stelsel,
System Console,Stelselkonsole,
System Manager,Stelselbestuurder,
System Notification,Stelselkennisgewing,
System Page,Stelsel Bladsy,
System Settings,Stelselinstellings,
System managers are allowed by default,Stelselbestuurders word standaard toegelaat,
Table,tafel,
Table Break,Tafelbreek,
Table HTML,Tabel HTML,
Table MultiSelect,Tabel MultiSelect,
Tag,tag,
Tag Link,Merk skakel,
Target,teiken,
Tax Category,Belastingkategorie,
Team Members,Spanlede,
Team Members Heading,Span Lede Opskrif,
Template,sjabloon,
Template Options,Sjabloonopsies,
Template Warnings,Sjabloonwaarskuwings,
Text,teks,
Text Align,Teks uitlyn,
Text Color,Teks Kleur,
Text Content,Teksinhoud,
Text Editor,Teks editor,
The name that will appear in Google Calendar,Die naam wat in Google Kalender verskyn,
The user from this field will be rewarded points,Die gebruiker uit hierdie veld sal punte kry,
The webhook will be triggered if this expression is true,Die webhook sal geaktiveer word as hierdie uitdrukking waar is,
Theme,tema,
Theme Configuration,Tema-konfigurasie,
Theme URL,Tema-URL,
These values will be automatically updated in transactions and also will be useful to restrict permissions for this user on transactions containing these values.,Hierdie waardes word outomaties bygewerk in transaksies en sal ook nuttig wees om toestemmings vir hierdie gebruiker te beperk op transaksies wat hierdie waardes bevat.,
Third Party Authentication,Derdeparty-verifikasie,
This card will be available to all Users if this is set,Hierdie kaart sal beskikbaar wees vir alle gebruikers as dit ingestel is,
This chart will be available to all Users if this is set,Hierdie grafiek sal beskikbaar wees vir alle gebruikers as dit ingestel is,
This format is used if country specific format is not found,Hierdie formaat word gebruik as land spesifieke formaat nie gevind word nie,
This goes above the slideshow.,Dit gaan bokant die skyfievertoning.,
This is an example Google SERP Preview.,Dit is &#39;n voorbeeld van Google SERP Preview.,
This is the number of the last created transaction with this prefix,Dit is die nommer van die laaste geskep transaksie met hierdie voorvoegsel,
This will be shown in a modal after routing,Dit sal na routing in &#39;n modaal vertoon word,
This will be shown to the user in a dialog after routing to the report,Dit sal in &#39;n dialoog aan die gebruiker gewys word na die verslag,
Thumbnail URL,Duimnaelskets-URL,
Thursday,Donderdag,
Time,tyd,
Time Format,Tydformaat,
Time Interval,Tydsinteval,
Time Series,Tyd reeks,
Time Series Based On,Tydreeks gebaseer op,
Time Zone,Tydsone,
Time Zones,Tydsones,
Time format,Tydformaat,
Time in seconds to retain QR code image on server. Min:<strong>240</strong>,Tyd in sekondes om QR-kode prent op bediener te behou. Min: <strong>240</strong>,
Timeline,tydlyn,
Timeline DocType,Tydlyn DocType,
Timeline Field,Tydlyn Veld,
Timeline Links,Tydlynskakels,
Timeline Name,Tydlyn Naam,
Timeseries,Tyd reeks,
Timespan,Tydsverloop,
Timestamp,Tydstempel,
Title,Titel,
Title Field,Titel Veld,
Title Prefix,Titelvoorvoegsel,
To,om,
To Date,Tot op hede,
To Date Field,Tot op datum veld,
To and CC,Na en bc,
"To use Slack Channel, add a <a href=""#List/Slack%20Webhook%20URL/List"">Slack Webhook URL</a>.","Voeg &#39;n <a href=""#List/Slack%20Webhook%20URL/List"">Slack Webhook URL</a> by om Slack Channel te gebruik.",
ToDo,ToDo,
Token,teken,
Top,Top,
Top Bar Item,Top Bar Item,
Top Bar Items,Top balkitems,
Topic,onderwerp,
Total Subscribers,Totale inskrywers,
Total number of emails to sync in initial sync process ,Totale aantal e-posse om te sinkroniseer in aanvanklike sinkronisasieproses,
Traceback,Spoor terug,
Track Changes,Track Changes,
Track Email Status,Track e-pos status,
Track Field,Spoorveld,
Track Seen,Spoor gesien,
Track Views,Track Views,
Track milestones for any document,Volg mylpale vir enige dokument,
Transaction Hash,Transaksie Hash,
Transaction Log,Transaksie Log,
Transaction Log Report,Transaksie Log Verslag,
Transition Rules,Oorgangsreëls,
Transitions,oorgange,
Translatable,vertaalbaar,
Translated Text,Vertaalde teks,
Translation,vertaling,
Trash,asblik,
Tree,Boom,
Tree structures are implemented using Nested Set,Boomstrukture word geïmplementeer met behulp van Nested Set,
Trigger Method,Trigger Metode,
"Trigger on valid methods like ""before_insert"", ""after_update"", etc (will depend on the DocType selected)","Trigger op geldige metodes soos &quot;before_insert&quot;, &quot;after_update&quot;, ens (sal afhang van die gekose DocType)",
Tuesday,Dinsdag,
Two Factor Authentication,Twee faktor verifikasie,
Two Factor Authentication method,Twee faktor verifikasie metode,
Type,tipe,
UID,UID,
UIDNEXT,UIDNEXT,
UIDVALIDITY,UIDVALIDITY,
UNSEEN,ONGEZIENE,
URL,URL,
URL for documentation or help,URL vir dokumentasie of hulp,
URL to go to on clicking the slideshow image,URL om na te gaan as u op die skyfiebeeld klik,
Unassign Condition,Ontoewysde toestand,
Unhandled Email,Onbehandelde e-pos,
Unique,unieke,
Unread,ongelees,
Unread Notification Sent,Ongelees kennisgewing gestuur,
Unshared,ongedeelde,
Unsubscribe Method,Uitschrijven metode,
Unsubscribe Param,Teken Param uit,
Unsubscribed,uitgeteken,
Update,Opdateer,
Update Existing Records,Bestaande rekords opdateer,
Update Field,Update Field,
Update Series Number,Werk reeksnommer,
Update Settings,Dateer instellings op,
Update Value,Werkwaarde,
Updated,Opgedateer,
Uploaded To Dropbox,Oplaai na Dropbox,
Uploaded To Google Drive,Op Google Drive opgelaai,
Use % for any non empty value.,Gebruik% vir enige nie-leë waarde.,
Use ASCII encoding for password,Gebruik ASCII-enkodering vir wagwoord,
Use IMAP,Gebruik IMAP,
Use POST,Gebruik POST,
Use Report Chart,Gebruik Verslagkaart,
Use SSL,Gebruik SSL,
Use TLS,Gebruik TLS,
Use this fieldname to generate title,Gebruik hierdie veldnaam om titel te genereer,
User,gebruiker,
User ,gebruiker,
User Agent,Gebruikersagent,
User Cannot Create,Gebruiker kan nie skep nie,
User Cannot Search,Gebruiker kan nie soek nie,
User Defaults,Gebruikers standaard,
User Details,Gebruikersbesonderhede,
User Email,Gebruiker-e-pos,
User Emails,Gebruiker e-posse,
User Field,Gebruikersveld,
User ID,Gebruikers-ID,
User ID Property,Gebruiker-ID-eiendom,
User ID of a Blogger,Gebruikers-ID van &#39;n Blogger,
User Id,Gebruikers-ID,
User Image,Gebruikersbeeld,
User Name,Gebruikersnaam,
User Permission,Gebruiker Toestemming,
User Profile,Gebruikersprofiel,
User Social Login,Gebruikers Sosiale aanmelding,
User Tags,Gebruiker-etikette,
User Type,Gebruiker Tipe,
User can login using Email id or Mobile number,Gebruiker kan inskakel met e-pos of mobiele nommer,
User can login using Email id or User Name,Gebruiker kan inskakel met e-pos-ID of gebruikersnaam,
User must always select,Gebruiker moet altyd kies,
Username,Gebruikersnaam,
Users,gebruikers,
Users assigned to the reference document will get points.,"Gebruikers wat aan die verwysingsdokument toegewys is, sal punte kry.",
Valid,geldig,
Validate Field,Valideer veld,
Validity,geldigheid,
Value,waarde,
Value Based On,Waarde gebaseer op,
Value Change,Waardeverandering,
Value Changed,Waarde verander,
Value To Be Set,Waarde om ingestel te word,
Value from this field will be set as the due date in the ToDo,Waarde uit hierdie veld word as die vervaldatum in die ToDo gestel,
Value to Validate,Waarde om te valideer,
Verdana,Verdana,
Verified,geverifieer,
Version,weergawe,
Video URL,Video-URL,
View,Beskou,
View Log,Sien log,
View Properties (via Customize Form),Bekyk eienskappe (via vorm aanpas),
View Report,Bekyk verslag,
View Settings,Bekyk instellings,
View Website,Besigtig webwerf,
Viewed By,Gesien deur,
Visit,Besoek,
Warehouse,Warehouse,
Warning,waarskuwing,
Watch Video,Kyk na die video,
Web Form,Web vorm,
Web Form Field,Web vorm veld,
Web Form Fields,Web vorm velde,
Web Page,Webblad,
Web Page Block,Webbladsy,
Web Page View,Webbladsy-aansig,
Web Template,Websjabloon,
Web Template Field,Websjabloonveld,
Web Template Values,Websjabloonwaardes,
Web View,Web View,
Webhook,Webhook,
Webhook Data,Webhook Data,
Webhook Header,Webhook Header,
Webhook Headers,Webhook Headers,
Webhook Request,Webhook Versoek,
Webhook Secret,Webhook Secret,
Webhook Security,Webhook-sekuriteit,
Webhook Trigger,Webhook-sneller,
Webhook URL,Webhook URL,
Website,webwerf,
Website Analytics,Webwerfanalise,
Website Manager,Webwerf Bestuurder,
Website Meta Tag,Meta-webwerf vir webwerf,
Website Route Meta,Webwerfroete Meta,
Website Route Redirect,Herleiding van die webwerfroete,
Website Script,Webwerf skrif,
Website Settings,Webwerf-instellings,
Website Sidebar,Website Zijbalk,
Website Sidebar Item,Webbladsy Sidebar Item,
Website Slideshow,Webwerf skyfie,
Website Slideshow Item,Webwerf skyfie-item,
Website Theme,Webwerf Tema,
Website Theme Ignore App,Webwerf Tema Ignoreer app,
Website Theme Image,Webwerf Tema Beeld,
Website Theme Image Link,Webwerf Tema Beeld Link,
Wednesday,Woensdag,
Weekdays,weeksdae,
Weekly,weeklikse,
Weekly Long,Weekliks lank,
Welcome Email Template,Welkom e-pos sjabloon,
"When enabled this will allow guests to upload files to your application, You can enable this if you wish to collect files from user without having them to log in, for example in job applications web form.","As dit geaktiveer is, kan gaste lêers na u aansoek oplaai. U kan dit inskakel as u lêers van die gebruiker wil versamel sonder dat hulle moet aanmeld, byvoorbeeld in die vorm van werksaansoeke.",
Which view of the associated DocType should this shortcut take you to?,Na watter siening van die gepaardgaande DocType moet u hierdie sneltoets neem?,
Width,wydte,
Wildcard Filter,Wildcard-filter,
"Will add ""%"" before and after the query",Sal &quot;%&quot; voor en na die navraag byvoeg,
Will be used in url (usually first name).,Sal gebruik word in url (gewoonlik voornaam).,
Will run scheduled jobs only once a day for inactive sites. Default 4 days if set to 0.,Sal slegs geskeduleerde werk slegs een keer per dag vir onaktiewe webwerwe doen. Verstek 4 dae indien ingestel op 0.,
Workflow,Workflow,
Workflow Action,Workflow Action,
Workflow Action Master,Workflow Action Master,
Workflow Action Name,Werkstroom Aksie Naam,
Workflow Action is not created for optional states,Werkvloei-aksie word nie vir opsionele toestande geskep nie,
Workflow Document State,Werkstroom Dokumentstaat,
Workflow Name,Werkstroom Naam,
Workflow State,Workflow State,
Workflow State Field,Workflow State Field,
Workflow Transition,Workflow Transition,
Workflow state represents the current state of a document.,Werkstroomstaat verteenwoordig die huidige toestand van &#39;n dokument.,
Write,Skryf,
X Field,X veld,
XLSX,XLSX,
Y Axis,Y as,
Y Field,Y-veld,
Yahoo Mail,Yahoo Mail,
Yandex.Mail,Yandex.Mail,
Year,Jaar,
Yearly,jaarlikse,
Yellow,geel,
Yes,Ja,
Your organization name and address for the email footer.,Jou organisasie se naam en adres vir die e-posvoet.,
Zero means send records updated at anytime,Nul beteken stuur rekords op enige tyd bygewerk,
_doctype,_doctype,
_report,_report,
adjust,verstel,
after_insert,after_insert,
align-center,in lyn-sentrum,
align-justify,in lyn-regverdig,
align-left,belyn links,
align-right,in lyn regs,
arrow-down,pyl-down,
arrow-left,-Pyl links,
arrow-right,pyl-regs,
arrow-up,pyl-up,
asterisk,asterisk,
backward,agteruit,
ban-circle,verbod-sirkel,
barcode,barcode,
bell,klok,
blue,blou,
bold,vet,
book,boek,
bookmark,Bookmark,
briefcase,aktetas,
bullhorn,luidspreker,
calendar,kalender,
camera,kamera,
certificate,sertifikaat,
check,Check,
chevron-down,Chevron-down,
chevron-left,Chevron-links,
chevron-right,Chevron-reg,
chevron-up,Chevron-up,
circle-arrow-down,sirkel-pyl-down,
circle-arrow-left,sirkel-pyl-links,
circle-arrow-right,sirkel-pyl-regs,
circle-arrow-up,sirkel-pyl-up,
cog,rat,
comment,kommentaar,
darkgrey,donkergrys,
dd-mm-yyyy,dd-mm-yyyy,
dd.mm.yyyy,dd.mm.jjjj,
dd/mm/yyyy,dd / mm / jjjj,
download,Aflaai,
download-alt,Aflaai-alt,
"e.g. ""Support"", ""Sales"", ""Jerry Yang""","bv. &quot;Ondersteuning&quot;, &quot;Verkope&quot;, &quot;Jerry Yang&quot;",
e.g. pop.gmail.com / imap.gmail.com,bv. pop.gmail.com / imap.gmail.com,
e.g. replies@yourcomany.com. All replies will come to this inbox.,bv. replies@jourcomany.com. Alle antwoorde sal na hierdie inkassie kom.,
e.g. smtp.gmail.com,bv. smtp.gmail.com,
edit,wysig,
eject,verwyder,
email,e-pos,
envelope,koevert,
exclamation-sign,uitroep-teken,
eye-close,oog-close,
eye-open,oog-oop,
facebook,facebook,
facetime-video,FaceTime-video,
fairlogin,fairlogin,
fast-backward,vinnig agteruit,
fast-forward,vinnig vooruit,
file,lêer,
film,film,
filter,filter,
fire,vuur,
flag,vlag,
folder-close,gids-close,
folder-open,gids oop,
font,font,
forward,vorentoe,
fullscreen,Volskerm,
gift,geskenk,
glass,glas,
globe,wêreld,
green,groen,
hand-down,hand-down,
hand-left,-Hand verlaat,
hand-right,hand-reg,
hand-up,hand-up,
hdd,hdd,
headphones,oorfone,
heart,hart,
home,huis,
icon,ikoon,
in minutes,binne minute,
inbox,posbus,
indent-left,streepje-links,
indent-right,streepje-reg,
info-sign,Info-teken,
italic,italic,
leaf,blaar,
link,skakel,
linkedin,linkedin,
list,lys,
list-alt,lys-alt,
lock,sluit,
magnet,magneet,
map-marker,kaart-merker,
minus,minus,
minus-sign,minus-teken,
mm-dd-yyyy,mm-dd-yyyy,
mm/dd/yyyy,mm / dd / yyyy,
module,module,
move,skuif,
music,musiek,
no failed attempts,geen mislukte pogings nie,
off,af,
ok,ok,
ok-circle,ok-sirkel,
ok-sign,ok-teken,
old_parent,old_parent,
on_cancel,on_cancel,
on_change,on_change,
on_submit,on_submit,
on_trash,on_trash,
on_update,on_update,
on_update_after_submit,on_update_after_submit,
orange,oranje,
page,Page,
pause,breek,
pencil,potlood,
picture,prent,
plane,vliegtuig,
play,speel,
play-circle,play-sirkel,
plus,plus,
plus-sign,plus-teken,
print,Print,
purple,pers,
qrcode,QRCode,
query-report,navraag-verslag,
question-sign,vraag-teken,
random,ewekansige,
red,rooi,
refresh,verfris,
remove,Verwyder,
remove-circle,verwyder-sirkel,
remove-sign,verwyder-teken,
repeat,herhaling,
resize-full,grootte-vol,
resize-horizontal,grootte-horisontale,
resize-small,grootte-klein,
resize-vertical,grootte-vertikale,
response,reaksie,
retweet,retweet,
road,pad,
screenshot,kiekie,
search,Soek,
share,Deel,
share-alt,aandeel-alt,
shopping-cart,shopping-wa,
signal,sein,
star,ster,
star-empty,ster-leë,
step-backward,stap-agtertoe,
step-forward,tree vorentoe,
stop,stop,
tag,tag,
tags,tags,
tasks,take,
text-height,teks-hoogte,
text-width,teks-wydte,
th,ste,
th-large,ste-groot,
th-list,ste-lys,
thumbs-down,duime af,
thumbs-up,duime op,
time,tyd,
tint,tint,
trash,asblik,
twitter,twitter,
upload,oplaai,
user,gebruiker,
volume-down,volume-down,
volume-off,volume-off,
volume-up,volume-up,
warning-sign,waarskuwingsteken,
wrench,wrench,
yellow,geel,
yyyy-mm-dd,yyyy-mm-dd,
zoom-in,zoom-in,
zoom-out,zoom-out,
