"""Company History""",&quot;ኩባንያ ታሪክ&quot;,
"""Team Members"" or ""Management""",&quot;ቡድን አባላት&quot; ወይም &quot;አስተዳደር&quot;,
&lt;head&gt; HTML,&lt;ራስ&gt; የኤች ቲ ኤም ኤል,
**Currency** Master,** ምንዛሬ ** መምህር,
0 - Draft; 1 - Submitted; 2 - Cancelled,0 - ረቂቅ; 1 - ገብቷል; 2 - ተሰርዟል,
0 is highest,0 ከፍተኛ ነው,
A list of resources which the Client App will have access to after the user allows it.<br> e.g. project,የደንበኛ መተግበሪያ ተጠቃሚው የሚፈቅድ በኋላ መዳረሻ ይኖራቸዋል ይህም ሀብት ዝርዝር. <br> ለምሳሌ ፕሮጀክት,
A symbol for this currency. For e.g. $,ለዚህ ምንዛሬ ያመለክታል. ለምሳሌ $ ለ,
A4,A4,
ALL,ሁሉ,
API,ኤ ፒ አይ,
API Access,ኤፒአይ መዳረሻ,
API Endpoint,ኤፒአይ መጨረሻ ነጥብ,
API Endpoint Args,ኤፒአይ መጨረሻ ነጥብ Args,
API Key,የኤ ፒ አይ ቁልፍ,
API Method,የኤ.ፒ.አይ. ዘዴ,
API Secret,የኤ ፒ አይ ሚስጥር,
ASC,ASC,
About Us Settings,እኛ ቅንብሮች ስለ,
About Us Team Member,እኛ ቡድን አባል ስለ,
Access Key ID,የመዳረሻ መታወቂያ ይድረሱ,
Access Key Secret,የመዳረሻ ቁልፍ ሚስጥር,
Access Log,ምዝግብ ማስታወሻ,
Access Token,የመዳረሻ ማስመሰያ,
Access Token URL,የመድረሻ ተለዋጭ ስም URL,
Account,ሒሳብ,
Accounts Manager,መለያዎች አስተዳዳሪ,
Accounts User,የተጠቃሚ መለያዎች,
Action,እርምጃ,
Action / Route,እርምጃ / መንገድ,
Action Timeout (Seconds),የእርምጃ ቆይታ ጊዜ (ሰከንዶች),
Action Type,የድርጊት አይነት,
Actions,እርምጃዎች,
Active,ገቢር,
Active Domains,ንቁ ጎራዎች,
Activity Log,የእንቅስቃሴ ምዝግብ ማስታወሻ,
Add Container,መያዣ አክል,
Add Custom Tags,ብጁ መለያዎችን ያክሉ,
Add Gray Background,ግራጫ ዳራ አክል,
Add Signature,ፊርማ አክል,
Add Total Row,ጠቅላላ ረድፍ አክል,
Add Unsubscribe Link,ከደንበኝነት አገናኝ አክል,
"Added HTML in the &lt;head&gt; section of the web page, primarily used for website verification and SEO","የ &lt;ራስ&gt; ውስጥ ታክሏል ኤችቲኤምኤል ድረ ገጽ ክፍል, በዋነኝነት ድር ማረጋገጫ እና ሲኢኦ ጥቅም ላይ",
Additional Permissions,ተጨማሪ ፍቃዶች,
Address,አድራሻ,
Address And Contacts,አድራሻ እና አድራሻዎች,
Address Line 1,አድራሻ መስመር 1,
Address Line 2,የአድራሻ መስመር 2,
Address Template,አድራሻ አብነት,
Address Title,አድራሻ ርዕስ,
Address Type,የአድራሻ አይነት,
Address and other legal information you may want to put in the footer.,አድራሻ እና ሌሎች ህጋዊ መረጃ ወደ ግርጌ ላይ ማስቀመጥ ይፈልጉ ይሆናል.,
Addresses And Contacts,አድራሻዎች እንዲሁም እውቂያዎች,
Adds a custom field to a DocType,አንድ DocType ወደ ብጁ መስክ ያክላል,
Administrator,አስተዳዳሪ,
Advanced,የላቀ,
Advanced Control,የላቀ መቆጣጠሪያ,
Advanced Settings,የላቁ ቅንብሮች ፡፡,
After Cancel,ከተሰረዘ በኋላ,
After Delete,ከተሰረዘ በኋላ,
After Save,ካስቀመጡ በኋላ,
After Save (Submitted Document),ካስቀመጡ በኋላ (ያስገቡት ሰነድ),
After Submit,ካስረከቡ በኋላ,
Aggregate Function Based On,ድምር ተግባር ላይ የተመሠረተ,
Alert,ማንቂያ,
Align Labels to the Right,መለያዎችን ወደ ቀኝ አስምር,
Align Right,በቀኝ አሰልፍ,
All,ሁሉም,
All Day,ሙሉ ቀን,
Allocated To,ወደ መድቧል,
Allot Points To Assigned Users,ለተመደቡ ተጠቃሚዎች የተሰጡ ነጥቦች,
Allow,ፍቀድ,
Allow Auto Repeat,ራስ-ድገም ፍቀድ።,
Allow Bulk Edit,የጅምላ አርትዕ ፍቀድ,
Allow Comments,አስተያየቶች ፍቀድ,
Allow Consecutive Login Attempts ,ተከታታይ መግቢያ ትግባሮችን ፍቀድ,
Allow Delete,ሰርዝ ፍቀድ,
Allow Dropbox Access,መሸወጃ መዳረሻ ፍቀድ,
Allow Guest,እንግዳ ይፍቀዱ,
Allow Guest to View,እንግዳ ይመልከቱ ፍቀድ,
Allow Guests to Upload Files,እንግዶች ፋይሎችን ለመስቀል ይፍቀዱ ፡፡,
Allow Import (via Data Import Tool),አስመጣ ፍቀድ (ውሂብ አስመጣ መሣሪያ በኩል),
Allow Incomplete Forms,ያልተሟላ ቅጾች ፍቀድ,
Allow Login After Fail,ከአደጋ በኋላ ፍቀድ,
Allow Login using Mobile Number,የመግቢያ ሞባይል ቁጥር መጠቀም ፍቀድ,
Allow Login using User Name,የተጠቃሚ ስም ተጠቅመው መግባት ይፍቀዱ,
Allow Modules,ሞጁሎችን ፍቀድ ፡፡,
Allow Print,አትም ፍቀድ,
Allow Print for Cancelled,ተሰርዟል ለ አትም ፍቀድ,
Allow Print for Draft,ረቂቅ ለ አትም ፍቀድ,
Allow Read On All Link Options,በሁሉም የአገናኝ አማራጮች ላይ እንዲነበቡ ፍቀድ,
Allow Rename,ይቀየር ፍቀድ,
Allow Roles,ሚናዎችን ፍቀድ,
Allow Self Approval,ራስን ማጽደቅ ፍቀድ,
Allow approval for creator of the document,ለሰነዱ ፈጣሪው መጽደቅን ይፍቀዱ,
Allow document creation via Email,በኢሜል በኩል የሰነድ መፍጠርን ይፍቀዱ,
Allow events in timeline,በጊዜ መስመር ላይ ያሉ ክስተቶችን ይፍቀዱ,
Allow in Quick Entry,በፈጣን መግቢያ ውስጥ ፍቀድ,
Allow on Submit,አስገባ ላይ ፍቀድ,
Allow only one session per user,ተጠቃሚ ብቻ ነው አንድ ክፍለ ጊዜ ፍቀድ,
Allow page break inside tables,ሰንጠረዦች ውስጥ ገጽ ከፋይ ፍቀድ,
Allow saving if mandatory fields are not filled,የግዴታ መስኮች ተሞልቶ አይደለም ከሆነ ማስቀመጥ ፍቀድ,
Allow user to login only after this hour (0-24),ተጠቃሚ ብቻ ከዚህ ሰዓት በኋላ መግባት (0-24) ፍቀድ,
Allow user to login only before this hour (0-24),ተጠቃሚ ብቻ በዚህ ሰዓት በፊት መግባት (0-24) ፍቀድ,
Allowed,ተፈቅዷል,
Allowed In Mentions,በአዕምሮዎች ውስጥ ተፈቅ .ል ፡፡,
"Always add ""Draft"" Heading for printing draft documents",ሁልጊዜ የሕትመት ረቂቅ ሰነዶች ርዕስ &quot;ረቂቅ&quot; ለማከል,
Amend,አስተካከለ,
Amended From,ከ እንደተሻሻለው,
An icon file with .ico extension. Should be 16 x 16 px. Generated using a favicon generator. [favicon-generator.org],.ico ቅጥያ ጋር አንድ አዶ ፋይል. 16 x 16 ፒክስል መሆን አለበት. አንድ የፋቪኮን ጄኔሬተር በመጠቀም የተፈጠረ. [Favicon-generator.org],
Analytics,ትንታኔ,
Annual,ዓመታዊ,
Anonymous,ስም የለሽ,
Any string-based printer languages can be used. Writing raw commands requires knowledge of the printer's native language provided by the printer manufacturer. Please refer to the developer manual provided by the printer manufacturer on how to write their native commands. These commands are rendered on the server side using the Jinja Templating Language.,በማንኛውም ሕብረ-ቁምፊ ላይ የተመሠረተ ማተሚያ ቋንቋዎችን መጠቀም ይቻላል። ጥሬ ትዕዛዞችን መፃፍ በአታሚው አምራች የቀረበውን የአታሚውን የአፍ መፍቻ ቋንቋ እውቀት ይጠይቃል ፡፡ የአገሬው ትዕዛዞችን እንዴት መፃፍ እንደሚችሉ በአታሚው አምራች የቀረበውን የገንቢ መመሪያን ይመልከቱ። እነዚህ ትዕዛዛት የጂጂጃን Templating ቋንቋ በመጠቀም በአገልጋዩ ወገን በኩል ተላልፈዋል።,
App,የመተግበሪያ,
App Access Key,የመተግበሪያ መዳረሻ ቁልፍ,
App Client ID,የመተግበሪያ የደንበኛ መታወቂያ,
App Client Secret,የመተግበሪያ የደንበኛ ሚስጥር,
App Name,የመተግበሪያ ስም,
App Secret Key,የመተግበሪያ ሚስጥር ቁልፍ,
Append Emails to Sent Folder,ኢሜሎችን ለተላከ አቃፊ ያያይዙ,
Append To,ወደ ጨምር,
Applicable For,ለ ተገቢነት,
Application Logo,የትግበራ አርማ,
Application Name,የትግበራ ስም,
Application Version,የትግበራ ስሪት,
Applied On,ተተግብሯል,
Apply Document Permissions,የሰነድ ፈቃዶችን ይተግብሩ,
Apply Only Once,አንድ ጊዜ ብቻ ይተግብሩ,
Apply Strict User Permissions,ጥብቅ የተጠቃሚ ፍቃዶችን ተግብር,
Apply To All Document Types,ለሁሉም የሰነድ ዓይነቶች ይተግብሩ።,
Apply this rule if the User is the Owner,የተጠቃሚ ባለቤት ከሆነ ይህን ህግ ተግብር,
Apply this rule only once per document,ይህንን ሰነድ በአንድ ሰነድ አንድ ጊዜ ብቻ ይተግብሩ,
Appreciation,አድናቆት ፡፡,
Archived,በማህደር,
Arial,አሪያል,
Assign Condition,ሁኔታን መድብ ፡፡,
Assign To Users,ለተጠቃሚዎች መድብ ፡፡,
Assigned,የተመደበ,
Assigned By,በ የተመደበው,
Assigned By Full Name,ሙሉ ስም በ ተመድቧል,
Assignment,የምደባ,
Assignment Completed,ተልእኮ ተጠናቋል,
Assignment Days,የምደባ ቀናት,
Assignment Rule,የምደባ ደንብ ፡፡,
Assignment Rule Day,የምደባ ደንብ ቀን,
Assignment Rule User,የምደባ ደንብ ተጠቃሚ።,
Assignment Rules,የምደባ ህጎች ፡፡,
Assignments,ምደባዎች,
Attach,አያይዝ,
Attach Image,ምስል ያያይዙ,
Attach Print,አትም ያያይዙ,
Attached File,ተያይ Fileል ፋይል,
Attached To DocType,DocType ወደ ተያይዟል,
Attached To Field,ወደ መስክ አያይዝ,
Attached To Name,ስም ወደ ተያይዟል,
Attachment,አባሪ,
Attachment Limit (MB),ዓባሪ ገደብ (ሜባ),
Attachment Link,አባሪ አገናኝ,
Attachment Removed,አባሪ ተወግዷል,
Attachments,አባሪዎች,
Auth URL Data,Auth URL ውሂብ,
Authentication,ማረጋገጫ,
Author,ደራሲ,
Authorization Code,ፈቀዳ ኮድ,
Authorize API Indexing  Access,የኤ.ፒ.አይ. ማውጫ መዳረሻ ይፍቀዱ,
Authorize Google Calendar Access,የጉግል የቀን መቁጠሪያ መዳረሻ ፍቀድ።,
Authorize Google Contacts Access,የጉግል ዕውቂያዎች መዳረሻ ፍቀድ ፡፡,
Authorize Google Drive Access,የጉግል ድራይቭ ፍቀድ ፡፡,
Authorize URL,ዩአርኤል ፈቀድ,
Authorized,የተፈቀዱ,
Auto,ራስ-,
Auto Email Report,ራስ-ኢሜይል ሪፖርት,
Auto Name,ራስ-ስም,
Auto Repeat,ራስ ቀጥል,
Auto Reply Message,ራስ-ምላሽ መልዕክት,
Automatically Assign Documents to Users,ሰነዶችን በራስ-ሰር ለተጠቃሚዎች መድብ ፡፡,
Automation,አውቶማቲክ,
Avatar,አምሳያ,
Average,አማካይ።,
Awaiting Password,የይለፍ ቃል በመጠባበቅ ላይ,
Awaiting password,የይለፍ ቃል በመጠባበቅ ላይ,
BCC,BCC,
Background Color,የጀርባ ቀለም,
Background Workers,የጀርባ ሠራተኞች,
Backup Details,የመጠባበቂያ ዝርዝሮች,
Backup Files,ምትኬ ፋይሎች,
Backup Folder ID,ምትኬ አቃፊ መታወቂያ።,
Backup Folder Name,የመጠባበቂያ አቃፊ ስም,
Backup Frequency,ምትኬ ድግግሞሽ,
Backup public and private files along with the database.,ከመረጃ ቋቱ ጋር የህዝብ እና የግል ፋይሎችን መጠባበቂያ ያድርጉ።,
Backups,ምትኬዎች,
Banner,ሰንደቅ,
Banner HTML,ባነር ኤችቲኤምኤል,
Banner Image,ሰንደቅ ምስል,
Banner is above the Top Menu Bar.,ሰንደቅ ምርጥ ምናሌ አሞሌ በላይ ነው.,
Bar,ቡና ቤት,
Barcode,ባርኮድ,
Base Distinguished Name (DN),Base ልዩ ስም (DN),
Base URL,መነሻ URL,
Based On,በዛላይ ተመስርቶ,
Based on Field,በመስክ ላይ የተመሠረተ,
Based on Permissions For User,ተጠቃሚ ፍቃዶች ላይ የተመሠረተ,
Basic,መሠረታዊ,
Before Cancel,ከመሰረዝ በፊት,
Before Delete,ከመሰረዝዎ በፊት,
Before Insert,ከማስገባትዎ በፊት,
Before Save,ከማስቀመጥዎ በፊት,
Before Save (Submitted Document),ከማስቀመጥዎ በፊት (ያስገቡት ሰነድ),
Before Submit,ከማስረከብዎ በፊት,
Beginner,ጀማሪ,
Beta,ይሁንታ,
Billing,አከፋፈል,
Bio,የህይወት ታሪክ,
Birth Date,የልደት ቀን,
Block Module,አግድ ሞዱል,
Block Modules,አግድ ሞዱሎች,
Blocked,የታገዱ,
Blog Category,የጦማር ምድብ,
Blog Intro,መግቢያ ብሎግ,
Blog Introduction,የጦማር መግቢያ,
Blog Post,የጦማር ልጥፍ,
Blog Settings,የጦማር ቅንብሮች,
Blog Title,የጦማር ርዕስ,
Blogger,ብሎገር,
Blue,ሰማያዊ,
Bold,ደማቅ,
Bot,bot,
Bottom,ታች,
Bounced,ካረፈ,
Brand,ምልክት,
Brand HTML,የምርት ኤችቲኤምኤል,
Brand Image,የምርት ምስል,
Breadcrumbs,የዳቦ ፍርፋሪ,
Browser,አሳሽ,
Browser Version,የአሳሽ ስሪት,
Brute Force Security,Brute Force Security,
Bucket Name,ባልዲ ስም,
Bulk Update,የጅምላ ዝማኔ,
Button,ቁልፍ,
Button Gradients,የአዝራር ግራድየርስስ,
Button Rounded Corners,አዝራር የተጠጋጋ ማዕዘኖች,
Button Shadows,የአዝራር ጥላዎች,
Bypass Restricted IP Address Check If Two Factor Auth Enabled,ከታገደ የተከለከለ የአይ ፒ አድራሻ ማጣሪያ ሁለት እውነታዎች (Auth) ሲነቃ,
Bypass Two Factor Auth for users who login from restricted IP Address,ከተከለከለ አይ ፒ አድራሻ ለተመዘገቡ ተጠቃሚዎች ሁለት እውነታ ማረጋገጫ,
Bypass restricted IP Address check If Two Factor Auth Enabled,ከታገደ የተከለከለ የአይ ፒ አድራሻ ማጣሪያ ሁለት እውነታዎች (Auth) ሲነቃ,
CC,ዝግ መግለጫ,
CSS,የሲ ኤስ ኤስ,
CSS Class,የ CSS ክፍል,
CSV,የ CSV,
CTA Label,የ CTA መለያ,
CTA URL,የ CTA ዩ.አር.ኤል.,
Calendar,ቀን መቁጠሪያ,
Calendar Name,የቀን መቁጠሪያ ስም,
Calendar View,የቀን መቁጠሪያ እይታ,
Call,ጥሪ,
Call To Action,ወደ ተግባራዊነት,
Call To Action URL,ወደ ድርጊት ዩ.አር.ኤል. ይደውሉ,
Callback Message,የመልሶ መልስ መልእክት,
Callback Title,የመልሶ መደወል ርዕስ,
Campaign,ዘመቻ,
Cancel,ሰርዝ,
Cancelled,ተችሏል,
Card,ካርድ,
Cards,ካርዶች,
Category,መደብ,
Category Description,ምድብ መግለጫ,
Category Name,ምድብ ስም,
Center,መሃል,
Chaining Hash,ባለነጭራሻ,
Change Label (via Custom Translation),(ብጁ ትርጉም በኩል) ለውጥ መለያ ስም,
Change Password,የሚስጥር ቁልፍ ይቀይሩ,
Channel,ሰርጥ,
Chart,ሰንጠረዥ,
Chart Configuration,የገበታ ውቅር,
Chart Name,የገበታ ስም,
Chart Options,የገበታ አማራጮች።,
Chart Source,የገበታ ምንጭ።,
Chart Type,የገበታ አይነት,
Charts,ሰንጠረዦች,
Chat,ውይይት,
Check,ፈትሽ,
Check this if you want to force the user to select a series before saving. There will be no default if you check this.,ሳያስቀምጡ በፊት ተከታታይ ለመምረጥ ተጠቃሚው ለማስገደድ የሚፈልጉ ከሆነ ይህን ምልክት ያድርጉ. ይህን ለማረጋገጥ ከሆነ ምንም ነባሪ ይሆናል.,
Checking this will hide custom doctypes and reports cards in Links section,ይህንን መፈተሽ በአገናኞች ክፍል ውስጥ ብጁ ዶክትሪን እና የሪፖርት ካርዶችን ይደብቃል,
Checksum Version,የቼክስም እትም,
Child Tables are shown as a Grid in other DocTypes,የሕፃናት ሰንጠረ otherች በሌሎች ሰነዶች ውስጥ እንደ ፍርግርግ ይታያሉ ፡፡,
Choose authentication method to be used by all users,በሁሉም ተጠቃሚዎች የሚጠቀሙበት የማረጋገጫ ዘዴ ይምረጡ,
City,ከተማ,
City/Town,ከተማ / መለስተኛ ከተማ,
Clicked,ጠቅ ተደርጓል,
Client,ደምበኛ,
Client Code,የደንበኛ ኮድ,
Client Credentials,የደንበኛ ምስክርነቶች,
Client ID,የደንበኛ መታወቂያ,
Client Information,የደንበኛ መረጃ,
Client Script,የደንበኛ ስክሪፕት,
Client Secret,የደንበኛ ሚስጥር,
Client URLs,የደንበኛ ዩ አር ኤሎች,
Close Condition,ሁኔታን ዝጋ።,
Closed,ዝግ,
Code,ኮድ,
Collapsible,ሊሰበሰቡ,
Collapsible Depends On,ሊሰበሰቡ ላይ ይመረኮዛል,
Color,ቀለም,
Column Break,አምድ እረፍት,
Column Name,የአምድ ስም,
Columns,አምዶች,
Columns / Fields,አምዶች / እርሻዎች።,
Comment,አስተያየት,
Comment By,አስተያየት በ,
Comment Email,የአስተያየት ኢሜይል,
Comment Type,የአስተያየት አይነት,
Comments and Communications will be associated with this linked document,አስተያየቶች እና የግንኙነት በዚህ የተገናኝ ሰነድ ጋር የተያያዘ ይሆናል,
Commit,ቁርጠኝነት,
Communication,መገናኛ,
Communication Link,የግንኙነት አገናኝ።,
Communication Type,ኮሙኒኬሽን አይነት,
Compact Item Print,ውሱን ንጥል አትም,
Company History,የድርጅቱ ታሪክ,
Company Introduction,የኩባንያ መግቢያ,
Company Name,የድርጅት ስም,
Complete,ተጠናቀቀ,
Completed,የተጠናቀቁ,
Component,ክፍል,
Condition,ሁኔታ,
Conditions,ሁኔታዎች,
Configuration,ማዋቀር,
Confirmation Email Template,ማረጋገጫ የኢሜል አብነት,
Console,ኮንሶል,
Console Log,የኮንሶል ምዝግብ ማስታወሻ,
Contact,እውቂያ,
Contact Details,የእውቅያ ዝርዝሮች,
Contact Email,የዕውቂያ ኢሜይል,
Contact Numbers,ቁጥሮች ያግኙ,
Contact Phone,የእውቂያ ስልክ,
Contact Us Settings,ከእኛ ቅንብሮች ያነጋግሩ,
"Contact options, like ""Sales Query, Support Query"" etc each on a new line or separated by commas.","ወዘተ &quot;የሽያጭ መጠይቅ, ድጋፍ መጠይቅ&quot; እንደ የእውቂያ አማራጮች, አዲስ መስመር ላይ በእያንዳንዱ ወይም በኮማ የተለዩ.",
Contacts,እውቂያዎች,
Content,ይዘት,
Content (HTML),ይዘት (ኤችቲኤምኤል),
Content (Markdown),ይዘት (Markdown),
Content Hash,የይዘት Hash,
Content Type,የይዘት አይነት,
Context,አውድ,
Context Script,ዐውደ-ጽሑፍ,
Contributed,ተበርክቷል።,
Contribution Document Name,የአስተዋጽኦ ሰነድ ስም,
Contribution Status,የአስተዋጽዖ ሁኔታ,
Copyright,የቅጂ መብት,
Core,ዋና,
Count,ቆጠር።,
Count Filter,ማጣሪያን ይቁጠሩ,
Counter,ቆጣሪ,
Country,አገር,
Country Name,የአገር ስም,
County,ካውንቲ,
Create,ፈጠረ,
Create Contacts from Incoming Emails,ከመጪ ኢሜይሎች ዕውቂያዎችን ይፍጠሩ,
Create Entry,መግቢያ ፍጠር,
Create Log,ምዝግብ ማስታወሻ ፍጠር,
Create and Send Newsletters,ፍጠር እና ላክ ጋዜጣዎች,
Created,ተፈጥሯል,
Criticism,ትችት ፡፡,
Cron,ክሮን,
Cron Format,ክሮን ቅርጸት,
Currency,ገንዘብ,
Currency Name,የምንዛሬ ስም,
Currency Precision,የምንዛሬ ዝንፍ የማይሉ,
Current,የአሁኑ,
Custom,ብጁ,
Custom Base URL,ብጁ መሰረታዊ URL,
Custom CSS,ብጁ CSS,
Custom Configuration,ብጁ ውቅር,
Custom DocPerm,ብጁ DocPerm,
Custom Field,ብጁ መስክ,
Custom Format,ብጁ ቅርጸት,
Custom HTML Help,ብጁ ኤችቲኤምኤል እገዛ,
Custom Menu Items,ብጁ ምናሌ ንጥሎች,
Custom Options,ብጁ አማራጮች,
Custom Overrides,ብጁ የበላይነቶች,
Custom Report,የደንበኛ ሪፖርት,
Custom Role,ብጁ ሚና,
Custom SCSS,ብጁ SCSS,
Custom Sidebar Menu,ብጁ የጎን ማውጫ,
Custom?,ብጁ?,
Customization,ማበጀት,
Customize Form,ቅጽ ያብጁ,
Customize Form Field,ቅጽ መስክ ያብጁ,
DESC,DESC,
Daily,በየቀኑ,
Daily Long,በየቀኑ ሎንግ,
Danger,አደጋ,
Dark Color,ደማቅ ቀለም,
Dashboard,ዳሽቦርድ,
Dashboard Chart,ዳሽቦርድ ገበታ።,
Dashboard Chart Field,ዳሽቦርድ ገበታ መስክ,
Dashboard Chart Link,ዳሽቦርድ ገበታ አገናኝ።,
Dashboard Chart Source,ዳሽቦርድ ገበታ ምንጭ።,
Dashboard Manager,የዳሽቦርድ አስተዳዳሪ,
Dashboard Name,ዳሽቦርድ ስም።,
Dashboard Settings,የዳሽቦርድ ቅንብሮች,
Dashboards,ዳሽቦርዶች,
Data,መረጃ,
Data Export,የውሂብ መላክ,
Data Import,የውሂብ ማስገባት,
Database Engine,የውሂብ ጎታ ፕሮግራም,
Date,ቀን,
Date Format,ቀን ቅርጸት,
Date Range,ቀን ክልል,
Date and Number Format,ቀን እና የቁጥር ቅርጸት,
Datetime,DATETIME,
Day,ቀን,
Day of Week,የሳምንቱ ቀን,
Days After,ቀናት በኋላ,
Days Before,ቀናት በፊት,
Days Before or After,ቀናት በፊት ወይም በኋላ,
Default,ነባሪ,
Default Incoming,ነባሪ ገቢ,
Default Letter Head,ደብዳቤ ኃላፊ ነባሪ,
Default Outgoing,ነባሪ የወጪ,
Default Portal Home,ነባሪ ፖርታል ቤት,
Default Print Format,ነባሪ ማተም ቅርጸት,
Default Print Language,ነባሪ የህትመት ቋንቋ።,
Default Redirect URI,ነባሪ ማዘዋወር URI,
Default Role at Time of Signup,ምዝገባ በጊዜ ላይ ነባሪ ሚና,
Default Sort Field,ነባሪ የድርድር መስክ።,
Default Sort Order,ነባሪ የድርድር ቅደም ተከተል።,
Default Value,ነባሪ እሴት,
"Default: ""Contact Us""",ነባሪ: &quot;ያግኙን&quot;,
DefaultValue,DefaultValue,
Defaults,ነባሪዎች,
Defines actions on states and the next step and allowed roles.,ግዛቶች ላይ እርምጃዎች እና ወደ ቀጣዩ ደረጃ እና ፈቀደ ሚናዎች ይገልፃል.,
Defines workflow states and rules for a document.,አንድ ሰነድ የስራ ፍሰት ስቴቶች እና ደንቦች ይገልፃል.,
Delayed,ዘግይቷል,
Delete,ሰርዝ,
Deleted,ተሰርዟል,
Deleted DocType,ተሰርዟል DocType,
Deleted Document,ተሰርዟል ሰነድ,
Deleted Name,ተሰርዟል ስም,
Delivery Status,የመላኪያ ሁኔታ,
Department,ክፍል,
Dependencies,ጥገኛ።,
Depends On,እንደ ሁኔታው,
Description,መግለጫ,
"Description for listing page, in plain text, only a couple of lines. (max 200 characters)",ለዝርዝር ገጽ መግለጫ ፣ በቀላል ጽሑፍ ፣ አንድ ሁለት መስመሮች ብቻ። (ከፍተኛ 200 ቁምፊዎች),
Designation,ስያሜ,
Desk,የጽሕፈተ ጠረጴዛ,
Desk Access,ዴስክ መዳረሻ,
Desktop Icon,ዴስክቶፕ አዶ,
Details,ዝርዝሮች,
"Different ""States"" this document can exist in. Like ""Open"", ""Pending Approval"" etc.","የተለያዩ &quot;ስቴትስ&quot; ይህ ሰነድ &quot;ክፈት&quot; ልክ. ውስጥ ሊኖር ይችላል, &quot;ማረጋገጫ በመጠባበቅ ላይ&quot; ወዘተ",
Digits,አሃዞች,
Disable Auto Refresh,ራስ-አድስን ያሰናክሉ።,
Disable Comments,አስተያየቶችን አሰናክል,
Disable Count,ቆጠራን ያሰናክሉ።,
Disable SMTP server authentication,የ SMTP አገልጋይ ማረጋገጫ አሰናክል።,
Disable Sidebar Stats,የጎን አሞሌ ስታቲስቲክስን ያሰናክሉ።,
Disable Signup,ምዝገባ አሰናክል,
Disable Standard Email Footer,መደበኛ የኢሜይል ግርጌ አሰናክል,
Disabled,ተሰናክሏል,
Display,አሳይ,
Display Depends On,ማሳያ ላይ ይመረኮዛል,
Doc Event,የሰነድ ክስተት,
Doc Events,የሰነድ ክስተቶች,
Doc Status,doc ሁኔታ,
DocField,DocField,
DocPerm,DocPerm,
DocShare,DocShare,
DocType,DocType,
DocType Action,DocType እርምጃ,
DocType Event,DocType ክስተት,
DocType Link,DocType አገናኝ,
DocType View,የሰነድ እይታ,
DocType is a Table / Form in the application.,DocType መተግበሪያው ውስጥ የርዕስ ማውጫ / ቅጽ ነው.,
DocType on which this Workflow is applicable.,DocType ይህም ላይ ይህን ፍሰት የሚመለከታቸው ነው.,
Doctype,DocType,
Document,ሰነድ,
Document Actions,የሰነድ እርምጃዎች,
Document Follow,ሰነድ ተከተል።,
Document Link,የሰነድ አገናኝ,
Document Links,የሰነድ አገናኞች,
Document Name,የሰነድ ስም,
Document Naming Rule,የሰነድ ስም ደንብ,
Document Naming Rule Condition,የሰነድ ስም ደንብ ደንብ ሁኔታ,
Document Share,የሰነድ ድርሻ,
Document Share Report,የሰነድ አጋራ ሪፖርት,
Document States,የሰነድ አሜሪካ,
Document Tag,የሰነድ መለያ,
Document Title,የሰነድ ርዕስ,
Document Type,የሰነድ አይነት,
Document Type to Track,ለመከታተል የሰነድ ዓይነት።,
Document Types,የሰነድ አይነቶች,
Documentation Link,የሰነድ አገናኝ,
Documentation URL,የሰነድ ዩ.አር.ኤል.,
Domain,የጎራ,
Domain Settings,የጎራ ቅንብሮች,
Domains HTML,ጎራዎች ኤች ቲ ኤም ኤል,
"Don't HTML Encode HTML tags like &lt;script&gt; or just characters like &lt; or &gt;, as they could be intentionally used in this field",ማድረግ አይችልም &lt;ስክሪፕት&gt; ብቻ ወይም ቁምፊዎች እነሱ ሆን በዚህ መስክ ውስጥ ጥቅም ላይ ሊውል ይችላል ሆኖ እንደ &lt;ወይም&gt; እንደ ኤች ቲ ኤም ኤል እንዲረዱት HTML መለያዎችን,
Don't Override Status,ሁኔታ ሻር አትበል,
Don't Send Emails,ኢሜሎችን አይላኩ።,
Donut,ዶናት,
Download Backups,አውርድ ምትኬዎች,
Download Template,አውርድ አብነት,
Dropbox Access Token,መሸወጃ የመዳረሻ ማስመሰያ,
Dropbox Settings,dropbox ቅንብሮች,
Dropdowns,ጠብታዎች,
Due Date,የመጨረሻ ማስረከቢያ ቀን,
Due Date Based On,በመነሻ ላይ የተመሠረተ ቀን,
Duration,ቆይታ,
Dynamic Filters,ተለዋዋጭ ማጣሪያዎች,
Dynamic Filters JSON,ተለዋዋጭ ማጣሪያዎች JSON,
Dynamic Filters Section,ተለዋዋጭ የማጣሪያዎች ክፍል,
Dynamic Link,ተለዋዋጭ አገናኝ,
Dynamic Report Filters,ተለዋዋጭ የሪፖርት ማጣሪያዎች።,
Dynamic Route,ተለዋዋጭ መስመር,
Dynamic Template,ተለዋዋጭ አብነት,
Edit,አርትእ,
Edit Values,እሴቶችን ያርትዑ,
Editable Grid,ሊደረግበት ፍርግርግ,
Eg. smsgateway.com/api/send_sms.cgi,ለምሳሌ. smsgateway.com/api/send_sms.cgi,
Email,ኢሚል,
Email Account,የኢሜይል መለያ,
Email Account Name,የኢሜይል መለያ ስም,
Email Address,የ ኢሜል አድራሻ,
Email Address whose Google Contacts are to be synced.,የጉግል አድራሻዎች የሚመሳሰሉበት የኢሜል አድራሻ ፡፡,
Email Addresses,የኢሜይል አድራሻዎች,
Email Domain,የኢሜይል ጎራ,
Email Flag Queue,የኢሜይል ይጠቁሙ ወረፋ,
Email Footer Address,የኢሜይል ግርጌ አድራሻ,
Email Group,የኢሜይል ቡድን,
Email Group Member,የቡድን አባል ኢሜይል,
Email ID,የኢሜይል መታወቂያ,
Email IDs,የኢሜይል መታወቂያዎች,
Email Id,የኢሜይል መታወቂያ,
Email Inbox,የኢሜል ገቢ መልእክት ሳጥን,
Email Queue,የኢሜይል ወረፋ,
Email Queue Recipient,የኢሜይል ወረፋ ተቀባይ,
Email Queue records.,የኢሜይል ወረፋ መዝገቦች.,
Email Reply Help,የኢሜል መልስ እገዛ,
Email Rule,የኢሜይል ደንብ,
Email Sent,ኢሜይል ተልኳል,
Email Settings,የኢሜይል ቅንብሮች,
Email Signature,የኢሜይል ፊርማ,
Email Status,የኢሜይል ሁኔታ,
Email Sync Option,ኢሜይል አስምር አማራጭ,
Email Template,የኢሜይል አብነት,
Email To,ወደ ኢሜይል,
Email Unsubscribe,ኢሜይል ከደንበኝነት,
Emails will be sent with next possible workflow actions,ኢሜይሎች ከሚቀጥለው የስራ ፍሰት እርምጃዎች ይላካሉ,
Enable,አንቃ,
Enable Auto Reply,ራስ-መልስ አንቃ,
Enable Automatic Backup,ራስ-ምትኬን ያንቁ,
Enable Automatic Linking in Documents,በሰነዶች ውስጥ ራስ-ሰር ማያያዝን ያንቁ።,
Enable Comments,አስተያየቶች አንቃ,
Enable Email Notifications,የኢሜይል ማሳወቂያዎችን ያንቁ,
Enable Google Indexing,የጉግል ማውጫ ማንቃትን ያንቁ,
Enable In App Website Tracking,በመተግበሪያ ድር ጣቢያ ክትትል ውስጥ ያንቁ,
Enable Incoming,ገቢ አንቃ,
Enable Onboarding,ተሳፋሪነትን ማንቃት,
Enable Outgoing,የወጪ አንቃ,
Enable Password Policy,የይለፍ ቃል ፖሊሲ አንቃ,
Enable Print Server,የአታሚ አገልጋይ አንቃ,
Enable Raw Printing,ጥሬ ማተምን ያንቁ።,
Enable Scheduled Jobs,መርሃግብር የተያዘላቸው ሥራዎችን አንቃ,
Enable Security,ደህንነት ያንቁ,
Enable Social Login,ማህበራዊ መግቢያን አንቃ,
Enable Social Sharing,ማህበራዊ ማጋራትን ያንቁ,
Enable Two Factor Auth,የሁለት ዐይነት ሁነታዎችን አንቃ,
Enabled,ነቅቷል,
End Date,የመጨረሻ ቀን,
End Date Field,የመጨረሻ ቀን መስክ,
Endpoint URL,የመጨረሻ ነጥብ ዩአርኤል,
Endpoints,መቁጠሪያዎች,
Ends on,ላይ ያበቃል,
Energy Point,የኢነርጂ ነጥብ,
Energy Point Log,የኢነርጂ ነጥብ ምዝግብ ማስታወሻ።,
Energy Point Rule,የኢነርጂ ነጥብ ደንብ።,
Energy Point Settings,የኢነርጂ ነጥብ ቅንጅቶች።,
Energy Points,የኃይል ነጥቦች,
Enter Form Type,ቅጽ አይነት ያስገቡ,
"Enter default value fields (keys) and values. If you add multiple values for a field, the first one will be picked. These defaults are also used to set ""match"" permission rules. To see list of fields, go to ""Customize Form"".","ነባሪ እሴት መስኮች (ቁልፎች) እና እሴቶች ያስገቡ. አንድ መስክ በርካታ እሴቶችን ለማከል ከሆነ, የመጀመሪያው አነሱ ይሆናል. እነዚህ ነባሪዎች በተጨማሪም &quot;ተዛማጅ&quot; ፈቃድ ደንቦች ለማዘጋጀት ያገለግላሉ. መስኮች ዝርዝር ለማየት, &quot;ያብጁ ቅጽ ሂድ&quot; ሂድ.",
"Enter static url parameters here (Eg. sender=ERPNext, username=ERPNext, password=1234 etc.)","እዚህ ላይ ቋሚ ዩአርኤል ፓራሜትሮች ያስገቡ (ለምሳሌ:. ላኪ = ERPNext, የተጠቃሚ ስም = ERPNext, የይለፍ ቃል = 1234 ወዘተ)",
Enter url parameter for message,መልዕክት ዩአርኤል መስፈርት አስገባ,
Enter url parameter for receiver nos,ተቀባይ ቁጥሮች ለ አር ኤል ግቤት ያስገቡ,
Error,ስሕተት,
Error Log,ስህተት ምዝግብ ማስታወሻ,
Error Message,የተሳሳተ መልዕክት,
Event,ድርጊት,
Event Category,የክስተት ምድብ,
Event Participants,የዝግጅቱ ተሳታፊዎች,
Event Type,የክስተት አይነት,
Everyone,ሁሉም ሰው,
"Ex: ""colors"": [""#d1d8dd"", ""#ff5858""]","Ex: &quot;colors&quot;: [&quot;# d1d8dd&quot;, &quot;# ff5858&quot;]",
Example,ለምሳሌ,
"Example: ""/desk""",ምሳሌ &quot;/ ዴስክ&quot;,
Example: #Tree/Account,ምሳሌ: # ዛፍ / መለያ,
Example: 00001,ምሳሌ: 00001,
Example: {{ subject }},ምሳሌ {{ርዕሰ ጉዳይ}},
Excel,Excel,
Exception,ያልተለመደ ሁናቴ,
Execute,ያስፈጽሙ,
Expert,አዋቂ,
Expiration time,የሚያልፍበት ሰዓት,
Expire Notification On,ላይ ማሳወቂያ ጊዜው ያልፍበታል,
Expired,ጊዜው አልፎበታል,
Expires In,ውስጥ ጊዜው ያበቃል,
Expires On,ጊዜው የሚያልፍበት,
Expiry time of QR Code Image Page,የ QR ኮድ ምስል ገፁ የሚጠፋበት ጊዜ,
Export,ወደ ውጪ ላክ,
Export From,ከ ላክ,
Expose Recipients,ተቀባዮች የሚያጋልጡ,
"Expression, Optional","መግለጫ, አማራጭ",
Facebook,ፌስቡክ,
Failed,አልተሳካም,
FavIcon,favicon,
Fax,ፋክስ,
Featured,ተለይተው የቀረቡ,
Feedback,ግብረ-መልስ,
Feedback Request,ግብረ ጥያቄ,
Fetch From,ከ,
Field,መስክ,
Field Description,የመስክ መግለጫ,
Field Name,የመስክ ስም,
Field To Check,ለማጣራት መስክ,
Field Type,የመስክ ዓይነት,
"Field that represents the Workflow State of the transaction (if field is not present, a new hidden Custom Field will be created)","ወደ የግብይት ፍሰት ስቴት የሚወክል የመስክ (መስክ በአሁኑ አይደለም ከሆነ, አዲስ ስውር ብጁ መስክ የተፈጠረ ይሆናል)",
Field to Track,ለመከታተል መስክ,
Fieldname,Fieldname,
Fields,መስኮች,
Fields Multicheck,መስኮች የበዙት,
"Fields separated by comma (,) will be included in the ""Search By"" list of Search dialog box","በኮማ የተለያዩ መስኮች (,) ውስጥ ይካተታል በፍለጋ መገናኛ ሳጥን ዝርዝር &quot;በ ፈልግ&quot;",
Fieldtype,Fieldtype,
File,ፋይል,
File Backup,የፋይል መጠባበቂያ,
File Information,ፋይል መረጃ,
File Name,የመዝገብ ስም,
File Size,የፋይል መጠን,
File Type,የፋይል ዓይነት,
File URL,ፋይል ዩ አር ኤል,
Files,ፋይሎች,
Filter Data,የማጣሪያ ውሂብ,
Filter List,የማጣሪያ ዝርዝር,
Filter Meta,Meta አጣራ,
Filter Name,የማጣሪያ ስም,
Filter Values,ማጣሪያዎች,
Filters,ማጣሪያዎች,
Filters Configuration,የማጣሪያዎች ውቅር,
Filters Display,ማጣሪያዎችን አሳይ,
Filters JSON,JSON,
Filters Section,የማጣሪያዎች ክፍል,
"Filters will be accessible via <code>filters</code>. <br><br>Send output as <code>result = [result]</code>, or for old style <code>data = [columns], [result]</code>","ማጣሪያዎች <code>filters</code> ተደራሽ ይሆናሉ ፡፡<br><br> ውጤትን እንደ <code>result = [result]</code> ፣ ወይም ለአሮጌ የቅጥ <code>data = [columns], [result]</code> ይላኩ",
Finished,ተጠናቅቋል።,
First Name,የመጀመሪያ ስም,
First Success Message,የመጀመሪያው የስኬት መልዕክት,
Flag,ሰንደቅ,
Float,ተንሳፈፈ,
Float Precision,ተንሳፈፈ ፕሪስሽን,
Fold,አጠፈ,
Folder,አቃፊ,
Font,ፎንት,
Font Properties,የቅርጸ-ቁምፊ ባህሪዎች,
Font Size,የፊደል መጠን,
Fonts,ቅርጸ ቁምፊዎች,
Footer,ግርጌ,
Footer HTML,ግርጌ HTML።,
Footer Items,ግርጌ ንጥሎች,
Footer Logo,የግርጌ አርማ,
Footer Template,የግርጌ አብነት,
Footer Template Values,የግርጌ አብነት እሴቶች,
Footer will display correctly only in PDF,ግርጌ በትክክል በፒዲኤፍ ብቻ ያሳያል።,
For DocType Link / DocType Action,ለ DocType አገናኝ / DocType Action,
For Document Event,ለሰነድ ዝግጅት።,
For User,የተጠቃሚ ለ,
For Value,ለህሴ,
For example: {} Open,ለምሳሌ ፦ {} ይክፈቱ,
"For help see <a href=""https://frappeframework.com/docs/user/en/guides/portal-development/web-forms"" target=""_blank"">Client Script API and Examples</a>","ለእገዛ <a href=""https://frappeframework.com/docs/user/en/guides/portal-development/web-forms"" target=""_blank"">የደንበኛ ስክሪፕት ኤ.ፒ.አይ. እና ምሳሌዎችን ይመልከቱ</a>",
"For more information, <a class=""text-muted"" href=""https://erpnext.com/docs/user/manual/en/setting-up/email/linking-emails-to-document"">click here</a>.","ለበለጠ መረጃ <a class=""text-muted"" href=""https://erpnext.com/docs/user/manual/en/setting-up/email/linking-emails-to-document"">እዚህ ጠቅ ያድርጉ</a> ፡፡",
Force,ኃይል,
Force Show,አስገድድ አሳይ,
Force User to Reset Password,የይለፍ ቃልን ዳግም ለማስጀመር ተጠቃሚን ያስገድዱ።,
Form Settings,የቅጽ ቅንብሮች።,
Form URL-Encoded,ቅጽ ዩአርኤል-የተመሰጠረ።,
Format,ቅርጸት,
Format Data,ቅርጸት ውሂብ,
Forward To Email Address,አስተላልፍ አድራሻ ኢሜይል ወደ,
Fraction,ክፍልፋይ,
Fraction Units,ክፍልፋይ አሃዶች,
Frappe,Frappe,
Frequency,መደጋገም,
Friday,አርብ,
From,ከ,
From Date,ቀን ጀምሮ,
From Date Field,ከቀን መስክ,
From Full Name,ሙሉ ስም ከ,
From User,ከተጠቃሚ,
Full,ሙሉ,
Full Name,ሙሉ ስም,
Full Width,ሙሉ ስፋት,
Function,ተግባር,
GMail,የ GMail,
Gantt,Gantt,
Gender,ፆታ,
Generate Keys,ቁልፎችን ያፈጥራል,
Geo,የጂኦ,
Geolocation,Geolocation,
Get Contacts,እውቂያዎችን ያግኙ,
Get your globally recognized avatar from Gravatar.com,Gravatar.com ከ በዓለም አቀፍ ደረጃ እውቅና አምሳያ ያግኙ,
Git Branch,Git ቅርንጫፍ,
GitHub,የፊልሙ,
Global Search DocType,ሁለንተናዊ ፍለጋ DocTpepe።,
Global Search Settings,ሁለንተናዊ ፍለጋ ቅንጅቶች።,
Global Unsubscribe,ዓለም አቀፍ ከደንበኝነት,
Go to Page,ወደ ገጽ ይሂዱ,
Google,ጉግል,
Google Analytics Anonymize IP,የጉግል አናሌቲክስ አይፒን ስም-አልባ ያድርጉ,
Google Analytics ID,የ Google Analytics መታወቂያ,
Google Calendar,ጉግል ቀን መቁጠሪያ,
Google Calendar Event ID,የጉግል ቀን መቁጠሪያ ክስተት መታወቂያ።,
Google Calendar ID,የ Google ቀን መቁጠሪያ መታወቂያ,
Google Contacts,ጉግል ዕውቂያዎች,
Google Contacts Id,የጉግል እውቂያዎች መታወቂያ።,
Google Drive,Google Drive።,
Google Font,ጉግል ፎክስ,
Google Settings,ጉግል ቅንጅቶች,
Google Snippet Preview,የጉግል ቅንጣቢ ቅድመ-እይታ,
Grant Type,ፍቃድ ስጥ አይነት,
Green,አረንጓዴ,
Group,ቡድን,
Group By,በቡድን,
Group By Based On,በቡድን መሠረት,
Group By Type,ዓይነት በቡድን,
Guest,እንግዳ,
HH:mm,HH: mm,
HH:mm:ss,Hh: mm: ss,
HTML,ኤችቲኤምኤል,
HTML Editor,HTML አርታዒ,
HTML Page,HTML ገጽ።,
HTML for header section. Optional,ራስጌ ክፍል ለ ኤች. ግዴታ ያልሆነ,
Half,ግማሽ,
Half Yearly,ግማሽ ዓመታዊ,
Half-yearly,ግማሽ ዓመት,
Has  Attachment,አባሪ አለው,
Has Domain,ጎራ አለው,
Has Role,ሚና አለው,
Has Web View,የድር እይታ አለው,
Header,የራስጌ,
Header HTML,ኤችቲኤምኤል።,
Header and Breadcrumbs,ራስጌ እና የዳቦ ፍርፋሪ,
Headers,ራስጌዎች,
Heading,አርእስት,
Heatmap,የሙቀት ማስተካከያ,
Help,እርዳታ,
Help Article,የእገዛ አንቀጽ,
Help Articles,የእገዛ ርዕሶች,
Help Category,የእገዛ ምድብ,
Help Dropdown,የእገዛ ቁልቁል,
Help HTML,የእገዛ ኤችቲኤምኤል,
Helvetica,Helvetica,
Hidden,ድብቅ,
Hide,ደብቅ,
Hide Block,አግድ ደብቅ,
Hide Border,ድንበርን ደብቅ,
Hide CTA,CTA ን ደብቅ,
Hide Copy,ገልብጥ ደብቅ,
Hide Custom DocTypes and Reports,ብጁ የሰነድ ዓይነቶችን እና ሪፖርቶችን ደብቅ,
Hide Days,ቀናት ደብቅ,
Hide Footer Signup,ግርጌ ምዝገባ ደብቅ,
Hide Login,መግቢያ ደብቅ,
Hide Seconds,ሰከንዶችን ደብቅ,
Hide Standard Menu,መደበኛ ምናሌ ደብቅ,
Hide footer in auto email reports,በራስ ሰር ኢሜይል ሪፖርቶች ያሉ ግርጌውን ደብቅ,
High,ከፍ ያለ,
Higher priority rule will be applied first,ከፍተኛ ቅድሚያ የሚሰጠው ሕግ በመጀመሪያ ይተገበራል።,
Highlight,ድምቀት,
Home,መኖሪያ ቤት,
Home Page,መነሻ ገጽ,
Home Settings,የመነሻ ቅንብሮች።,
Hourly,በሰዓት,
Hourly Long,በየሰዓቱ ረዥም,
Hourly rate limit for generating password reset links,የይለፍ ቃል ዳግም ማስጀመር አገናኞችን ለማመንጨት የሰዓት ተመን ገደብ,
"How should this currency be formatted? If not set, will use system defaults","ይህን ምንዛሬ እንዴት መቀረጽ አለበት? ካልተዘጋጀ, ሥርዓት ነባሪዎችን ይጠቀማል",
ID (name) of the entity whose property is to be set,የማን ንብረት ህጋዊ አካል መታወቂያ (ስም) ሊዘጋጅ ነው,
IP Address,የአይፒ አድራሻ,
Icon,አዶ,
Icon will appear on the button,አዶ አዝራር ላይ ይታያል,
Identity Details,የማንነት ዝርዝሮች,
Idx,Idx,
"If Apply Strict User Permission is checked and User Permission is defined for a DocType for a User, then all the documents where value of the link is blank, will not be shown to that User","ተግብር ጥብቅ የተጠቃሚ ፈቃድ መዋቀሩን እና የተጠቃሚ ፍቃድ አንድ ተጠቃሚ አንድ DocType ለ ይገለጻል ከሆነ, ከዚያም አገናኝ ዋጋ ባዶ ቦታ ሁሉ ሰነዶች, ይህ ተጠቃሚ አይታዩም",
If Checked workflow status will not override status in list view,ምልክት የተደረገባቸው የስራ ፍሰት ሁኔታ ዝርዝር እይታ ውስጥ ሁኔታ ሊሽሩት ከሆነ,
"If Icon is set, it will be shown instead of Label",አዶ ከተዋቀረ ከመለያው ይልቅ ይታያል,
"If checked, all other workflows become inactive.","ከተመረጠ, ሁሉም ሌሎች ደንቦችዎን-አልባ ይሆናሉ.",
"If checked, users will not see the Confirm Access dialog.","ከተመረጠ, ተጠቃሚዎች ያረጋግጡ መዳረሻ መገናኛ ማየት አይችሉም.",
"If disabled, this role will be removed from all users.","ተሰናክሏል ከሆነ, ይህ ሚና ሁሉም ተጠቃሚዎች ይወገዳል.",
"If enabled,  user can login from any IP Address using Two Factor Auth, this can also be set for all users in System Settings",ከነቃ ተጠቃሚው ሁለት ተጨባጭ ማረጋገጫዎችን በመጠቀም ከማንኛውም የአይፒ አድራሻ መግባት ይችላል ፣ ይህ በስርዓት ቅንብሮች ውስጥ ለሁሉም ተጠቃሚዎች ሊዋቀር ይችላል ፡፡,
"If enabled, all users can login from any IP Address using Two Factor Auth. This can also be set only for specific user(s) in User Page",ከነቃ ሁሉም ተጠቃሚዎች የሁለት እቃዎችን ማረጋገጫ በመጠቀም ከማንኛውም የአይ.ፒ. አድራሻ ይግቡ. ይሄ በተጠቃሚ ገጽ ላይ ለተወሰኑ ለተጠቃሚዎች (ዎች) ሊዋቀር ይችላል,
"If enabled, changes to the document are tracked and shown in timeline",ከነቃ በሰነዱ ላይ ለውጦች ተደርገው ክትትል ይደረግባቸዋል እንዲሁም በሰዓት ውስጥ ይታያሉ።,
"If enabled, document views are tracked, this can happen multiple times",ከነቃ የሰነድ ዕይታዎች ክትትል ይደረግባቸዋል ፣ ይህ ብዙ ጊዜ ሊከሰት ይችላል።,
"If enabled, the document is marked as seen, the first time a user opens it",ከነቃ ሰነዱ እንደታየው ምልክት ይደረግበታል ፣ አንድ ተጠቃሚ ለመጀመሪያ ጊዜ ሲከፍተው።,
"If enabled, the notification will show up in the notifications dropdown on the top right corner of the navigation bar.",ከነቃ ማሳወቂያው በአሰሳ አሞሌው የላይኛው ቀኝ ጥግ ላይ ባለው የማሳወቂያዎች ተቆልቋይ ውስጥ ይታያል።,
"If enabled, the password strength will be enforced based on the Minimum Password Score value. A value of 2 being medium strong and 4 being very strong.","የነቃ ከሆነ, የይለፍ ቃል ጥንካሬ ዝቅተኛ የይለፍ ውጤት ዋጋ ላይ ተመስርቶ ተፈጻሚ ይሆናል. 2 አንድ እሴት በመካከለኛ ጠንካራ መሆን እና 4 በጣም ጠንካራ መሆን.",
"If enabled, users who login from Restricted IP Address, won't be prompted for Two Factor Auth","ከነቃ, ከተከለከለ አይ ፒ አድራሻ በመለያ የሚገቡ ተጠቃሚዎች ለሁለት እውነታ ማረጋገጫ አይጠየቁም",
"If enabled, users will be notified every time they login. If not enabled, users will only be notified once.","ከነቃ, ተጠቃሚዎች መግባት ሁሉ ጊዜ እንዲያውቁት ይደረጋል. የነቃ አይደለም ከሆነ, ተጠቃሚዎች አንድ ጊዜ ብቻ እንዲያውቁት ይደረጋል.",
If non standard port (e.g. 587),ያልሆነ መደበኛ ወደብ ከሆነ (ለምሳሌ 587),
"If non standard port (e.g. 587). If on Google Cloud, try port 2525.","መደበኛ ያልሆነ ወደብ (ለምሳሌ 587). በ Google ደመና ውስጥ, 2525 ፖር ይሞክሩ.",
"If non-standard port (e.g. POP3: 995/110, IMAP: 993/143)",መደበኛ ያልሆነ ወደብ ከሆነ (ለምሳሌ POP3: 995/110 ፣ IMAP: 993/143),
"If not set, the currency precision will depend on number format","ካልተዘጋጀ, ምንዛሬ ዝንፍ ቁጥር ቅርጸት ላይ ይወሰናል",
"If the user has any role checked, then the user becomes a ""System User"". ""System User"" has access to the desktop","ተጠቃሚው በተደረገባቸው ማንኛውም ሚና እንዳለው ከሆነ, ተጠቃሚው የ «System ተጠቃሚ» ይሆናል. &quot;የስርዓት ተጠቃሚ» ዴስክቶፕ መዳረሻ እንዳለው",
If user is the owner,ተጠቃሚ ባለቤት ከሆነ,
"If you set this, this Item will come in a drop-down under the selected parent.","ይህን ከተዋቀረ ከሆነ, ይህ ንጥል የተመረጠው ወላጅ ስር ጠብታ-ታች ላይ ይመጣል.",
"If your data is in HTML, please copy paste the exact HTML code with the tags.","ውሂብዎን ኤች ውስጥ ከሆነ, መለያዎች ጋር ትክክለኛ HTML ኮድ ይለጥፉት ቅጂ ያድርጉ.",
Ignore User Permissions,የተጠቃሚ ፍቃዶችን ችላ,
Ignore XSS Filter,XSS ማጣሪያ ችላ,
Ignore attachments over this size,ይህ መጠን በላይ አባሪዎችን ችላ,
Ignored Apps,ችላ የተባሉ መተግበሪያዎች,
Image,ምስል,
Image Field,ምስል መስክ,
Image Link,ምስል አገናኝ,
Implicit,በውስጥ,
Import,አስገባ,
Import File,ፋይልን ያስመጡ።,
Import File Errors and Warnings,የፋይል ስህተቶችን እና ማስጠንቀቂያዎችን ያስመጡ,
Import Log,አስመጣ ምዝግብ ማስታወሻ,
Import Log Preview,የምዝግብ ማስታወሻ ቅድመ እይታን ያስመጡ።,
Import Preview,ቅድመ እይታን ያስመጡ።,
Import Type,የማስመጫ ዓይነት።,
Import Warnings,ማስመጣት ማስጠንቀቂያዎች,
Import from Google Sheets,ከጉግል ሉሆች ያስመጡ,
In Days,በቀናት ውስጥ,
In Filter,ማጣሪያ ውስጥ,
In Global Search,* Global Search ውስጥ,
In List View,ዝርዝር ይመልከቱ,
In Preview,በቅድመ እይታ,
In Reply To,ምላሽ,
In Standard Filter,መደበኛ ማጣሪያ ውስጥ,
In points. Default is 9.,ነጥቦች ውስጥ. ነባሪ 9 ነው.,
In seconds,በሰከንዶች ውስጥ,
Inbox,የገቢ መልእክት ሳጥን,
Inbox User,የገቢ መልዕክት ሳጥን ተጠቃሚ,
Include Search in Top Bar,ከፍተኛ ቡና ቤት ውስጥ ፍለጋ ይጨምሩ,
Include Web View Link in Email,ሰነድ በኢሜል ውስጥ የድር እይታ አገናኝ ይላኩ,
Index,ማውጫ,
Index Web Pages for Search,መረጃ ጠቋሚ የድር ገጾች ለፍለጋ,
Indexing Authorization Code,የማውጫ ፍቃድ ኮድ,
Indexing Refresh Token,ማውጫ ማደስ ማስመሰያ,
Indicator,አመልካች,
Indicator Color,ጠቋሚ ቀለም,
Info,መረጃ,
Initial Sync Count,የመጀመሪያ አስምር ቆጠራ,
InnoDB,InnoDB,
Insert After,በኋላ አስገባ,
Insert New Records,አዲስ መዝገቦችን አስገባ,
Insert Style,አስገባ ቅጥ,
Installed Application,የተጫነ መተግበሪያ,
Installed Applications,የተጫኑ መተግበሪያዎች,
Int,int,
Integration Request,ውህደት ይጠይቁ,
Integrations,ውህደቶች,
Integrations can use this field to set email delivery status,ውህደቶች ኢሜይል መላክ ሁኔታ ለማዘጋጀት ይህን መስክ መጠቀም ይችላሉ,
Interests,ፍላጎቶች,
Intermediate,መካከለኛ,
Internal record of document shares,ሰነድ ማጋራቶች የውስጥ ዘገባ,
Introduce your company to the website visitor.,ድር ጎብኚ የእርስዎን ኩባንያ ማስተዋወቅ.,
Introduction,መግቢያ,
Introductory information for the Contact Us Page,ከዚያም Contact Us የሚለውን ገጽ የሚሆን መሠረታዊ መረጃ,
Invalid,ዋጋ ቢስ,
Inverse,የተገላቢጦሽ,
Is Active,ገቢር ነው,
Is Attachments Folder,አባሪዎች አቃፊ ነው,
Is Billing Contact,የሂሳብ አከፋፈል ዕውቂያ ነው,
Is Child Table,የልጅ ማውጫ ነው,
Is Complete,ተጠናቅቋል,
Is Completed,የተጠናቀቁ ነው,
Is Custom Field,ብጁ መስክ ነው,
Is Default,ነባሪ ነው,
Is Folder,አቃፊ ነው,
Is Home Folder,መነሻ አቃፊ ነው,
Is Mandatory Field,አስገዳጅ መስክ ነው,
Is Optional State,የግድ ያልሆነ አማራጭ ነው ፡፡,
Is Primary,ቀዳሚ ነው።,
Is Primary Contact,ዋና የእውቂያ ነው,
Is Primary Mobile,ቀዳሚ ሞባይል ነው።,
Is Primary Phone,ዋናው ስልክ ነው ፡፡,
Is Private,የግል ነው,
Is Public,ይፋዊ ነው,
Is Published Field,መስክ የታተመ ነው,
Is Single,ነጠላ ነው?,
Is Skipped,ተዘሏል,
Is Spam,አይፈለጌ መልዕክት ነው,
Is Standard,መደበኛ ነው,
Is Submittable,Submittable ነው,
Is Table,ማውጫ ነው,
Is Tree,ዛፍ ነው ፡፡,
Is Unique,ልዩ ነው,
Is Your Company Address,የእርስዎ ኩባንያ አድራሻ ነው,
Item Label,የንጥል መለያ,
Item Type,የእቃ ዓይነት,
JS,JS,
JSON,JSON,
JSON Request Body,የጄሰን ጥያቄ አካል።,
JavaScript,ጃቫስክሪፕት,
JavaScript Format: frappe.query_reports['REPORTNAME'] = {},ጃቫስክሪፕት ቅርጸት: frappe.query_reports [ &#39;REPORTNAME&#39;] = {},
Javascript,ጃቫስክሪፕት,
Jinja,ጂንጃ,
Kanban,Kanban,
Kanban Board,Kanban ቦርድ,
Kanban Board Column,Kanban ቦርድ አምድ,
Kanban Board Name,Kanban ቦርድ ስም,
Keep track of all update feeds,የሁሉም ዝመናዎች ምግቦች ዱካ ይከታተሉ,
Keeps track of all communications,ሁሉንም ግንኙነቶች ይከታተላል።,
Key,ቁልፍ,
Keyboard Shortcuts,የቁልፍ ሰሌዳ አቋራጮች።,
Knowledge Base Contributor,እውቀት ቤዝን አበርካች,
Knowledge Base Editor,እውቀት ቤዝን አርታዒ,
LDAP Email Field,የኤልዲኤፒ የኢሜይል መስክ,
LDAP First Name Field,ኤልዲኤፒ የመጀመሪያ ስም መስክ,
LDAP Group,LDAP ቡድን ፡፡,
LDAP Group Field,LDAP ቡድን መስክ ፡፡,
LDAP Group Mapping,LDAP ቡድን ካርታ ስራ።,
LDAP Group Mappings,የኤል.ዲ.ፒ.,
LDAP Last Name Field,LDAP የአያት ስም መስክ ፡፡,
LDAP Middle Name Field,LDAP የመካከለኛ ስም መስክ ፡፡,
LDAP Mobile Field,LDAP የሞባይል መስክ።,
LDAP Phone Field,LDAP የስልክ መስክ።,
LDAP Search String,ኤልዲኤፒ ፍለጋ ገመድ,
LDAP Security,LDAP ደህንነት።,
LDAP Server Url,ኤልዲኤፒ የአገልጋይ ዩአርኤል,
LDAP Settings,LDAP ቅንብሮች,
LDAP User Creation and Mapping,የኤል.ዲ.ኤፍ. ተጠቃሚ ፈጠራ እና ካርታ ሥራ,
LDAP Username Field,ኤልዲኤፒ የተጠቃሚ ስም መስክ,
Label,ምልክት,
Label Help,መለያ እገዛ,
Label and Type,መለያ ስም እና አይነት,
Landing Page,የማረፊያ ገጽ,
Language,ቋንቋ,
Language Code,የቋንቋ ኮድ,
Language Name,የቋንቋ ስም,
Last Active,ንቁ የመጨረሻ,
Last Backup On,የመጨረሻው ምትኬ በርቷል።,
Last Execution,የመጨረሻው ግድያ,
Last IP,የመጨረሻው የ IP,
Last Known Versions,የመጨረሻው የታወቁ ስሪቶች,
Last Login,የመጨረሻው መግቢያ,
Last Month,ባለፈው ወር,
Last Name,የአያት ሥም,
Last Password Reset Date,የመጨረሻው የይለፍ ቃል ማስተካከያ ቀን ፡፡,
Last Point Allocation Date,የመጨረሻ ነጥብ ቦታ ማስያዝ ቀን።,
Last Quarter,የመጨረሻው ሩብ ዓመት።,
Last Sync On,የመጨረሻው አስምር በርቷል,
Last Synced On,ለመጨረሻ ጊዜ የተመሳሰለ,
Last User,የመጨረሻው ተጠቃሚ።,
Last Week,ባለፈው ሳምንት,
Last Year,ባለፈው ዓመት,
Lead Conversion Time,መሪነት የተቀየረበት ጊዜ,
Leaderboard,የመሪዎች ሰሌዳ,
Leave blank to repeat always,ሁልጊዜ መድገም ባዶውን ይተው,
Ledger,የሒሳብ መዝገብ,
Left,ግራ,
Legal,ሕጋዊ,
Length,ርዝመት,
Letter,ደብዳቤ,
Letter Head,ደብዳቤ ኃላፊ,
Letter Head Based On,ፊደል ላይ የተመሠረተ ፡፡,
Letter Head Image,የደብዳቤ ምስል።,
Letter Head Name,ደብዳቤ ኃላፊ ስም,
Letter Head in HTML,ኤች ቲ ኤም ኤል ውስጥ ደብዳቤ ኃላፊ,
Level,ደረጃ,
Level Name,ደረጃ ስም።,
License,ፈቃድ,
Light Color,ፈካ ያለ ቀለም,
Like,ይወዳሉ,
Likes,የተወደዱ,
Limit,ወሰን,
Limit Number of DB Backups,የ DB መጠባበቂያ ቁጥር ገደብ,
Line,መስመር።,
Link,አገናኝ,
Link Cards,የአገናኝ ካርዶች,
Link DocType,አገናኝ DocType,
Link Document Type,የአገናኝ ሰነድ ዓይነት,
Link Fieldname,የመስክ ስም አገናኝ,
Link Name,አገናኝ ስም,
Link Title,የአገናኝ ርዕስ,
Link To,አገናኝ ወደ,
Link to the page you want to open. Leave blank if you want to make it a group parent.,አንተ መክፈት ይፈልጋሉ ገጽ ጋር አገናኝ. እርስዎ አንድ ቡድን ወላጅ ማድረግ ከፈለጉ ባዶውን ይተዉት.,
Linked,የተገናኙ,
Linked Documents,የተገናኙ ሰነዶች,
Links,አገናኞች,
List,ዝርዝር,
List Filter,ዝርዝር ማጣሪያ,
List Settings,የዝርዝር ቅንጅቶች,
List View Settings,የዝርዝር እይታ ቅንብሮችን,
"List as [{""label"": _(""Jobs""), ""route"":""jobs""}]","[{: _ ( &quot;ስራ&quot;), &quot;መንገድ&quot;: &quot;ስራዎች&quot; &quot;መሰየሚያ&quot;}] እንደ ዝርዝር",
List of patches executed,ጥገናዎች ዝርዝር ተገደለ,
Load Balancing,ጭነት ጭነት ሚዛን።,
Location,አካባቢ,
Log,ምዝግብ ማስታወሻ,
Log Data,የምዝግብ ማስታወሻ ውሂብ።,
Log Setting User,የምዝግብ ማስታወሻ ቅንብር ተጠቃሚ,
Log Settings,የምዝግብ ማስታወሻ ቅንብሮች,
Login,ግባ,
Login After,መግቢያ በኋላ,
Login Before,መግቢያ በፊት,
Login Required,መግባት ያስፈልጋል,
Logo Width,የአርማ ስፋት,
Logout,ውጣ,
Logout All Sessions on Password Reset,በይለፍ ቃል ዳግም ማስጀመር ላይ ሁሉንም ክፍለ ጊዜዎች ውጣ,
Logout From All Devices After Changing Password,የይለፍ ቃል ከተቀየረ በኋላ ከሁሉም መሳሪያዎች ውጣ,
Long Text,ረጅም ጽሑፍ,
Low,ዝቅ ያለ,
Main Section,ዋና ክፍል,
Main Section (HTML),ዋና ክፍል (ኤችቲኤምኤል),
Main Section (Markdown),ዋና ክፍል (ማርኬቲንግ),
Maintenance Manager,ጥገና ሥራ አስኪያጅ,
Maintenance User,ጥገና ተጠቃሚ,
"Make ""name"" searchable in Global Search",* Global Search ውስጥ ተፈልጎ የሚገኝ አድርገው &quot;ስም&quot;,
Mandatory,የግዴታ,
Mandatory Depends On,የግዴታ ጥገኛ በ,
Map route parameters into form variables. Example <code>/project/&lt;name&gt;</code>,የካርታ መስመር መለኪያዎች ወደ ቅፅ ተለዋዋጮች። ምሳሌ <code>/project/&lt;name&gt;</code>,
Markdown,ስትቀንስ,
Markdown Editor,ማርክማርክ አርታኢ ፡፡,
Marked As Spam,እንደ አይፈለጌ መልዕክት ምልክት ተደርጎበታል,
Max 500 records at a time,በአንድ ጊዜ ቢበዛ 500 መዝገቦች,
Max Attachment Size (in MB),(ሜባ ውስጥ) ከፍተኛ አባሪ መጠን,
Max Attachments,ከፍተኛ አባሪዎች,
Max Length,ከፍተኛ ርዝመት,
Max Value,ከፍተኛ እሴት,
Maximum,ከፍተኛ,
Maximum Number of Fields,ከፍተኛው የመስክ ብዛት,
Maximum Points,ከፍተኛ ነጥቦች።,
Medium,መካከለኛ,
Meeting,ስብሰባ,
Mention,መጥቀስ,
Mentions,Mentions,
Message,መልእክት,
Message (HTML),መልእክት (HTML),
Message (Markdown),መልእክት (ምልክት ማድረጊያ),
Message Examples,የመልዕክት ምሳሌዎች,
Message ID,የመልዕክት መታወቂያ,
Message Parameter,መልዕክት ልኬት,
Message-id,መልዕክት-መታወቂያ,
Meta Description,ሜታ መግለጫ,
Meta Image,ሜታ ምስል,
Meta Tags,ሜታ መለያዎች,
Meta Title,ሜታ ርዕስ,
Method,መንገድ,
Middle Name,የአባት ስም,
Milestone,ማይልስ,
Milestone Tracker,ማይልስ ትራክ።,
Minimum,ዝቅተኛው,
Minimum Password Score,ዝቅተኛ የይለፍ ውጤት,
Mobile No,የተንቀሳቃሽ ስልክ የለም,
Module,ሞዱል,
Module Def,ሞዱል DEF,
Module Name,ሞጁል ስም,
Module Onboarding,ሞዱል Onboarding,
Modules HTML,ሞዱሎች ኤችቲኤምኤል,
Monday,ሰኞ,
Monospace,ሞኖስፔስ,
Monthly,ወርሃዊ,
Monthly Long,ወርሃዊ ረዥም,
More Information,ተጨማሪ መረጃ,
More content for the bottom of the page.,ከገጹ ግርጌ ተጨማሪ ይዘት.,
Multiplier Field,ባለብዙ አምራች መስክ።,
Must be a publicly accessible Google Sheets URL,በይፋ ተደራሽ የጉግል ሉሆች ዩአርኤል መሆን አለበት,
"Must be of type ""Attach Image""",&quot;ምስል አያይዝ&quot; አይነት መሆን አለበት,
Mute Sounds,ድምጸ-ድምጾች,
MyISAM,MyISAM,
Name,ስም,
Naming,መሰየምን,
Naming Series,መሰየምን ተከታታይ,
Navbar,ናቫባር,
Navbar Item,ናቫባር እቃ,
Navbar Settings,Navbar ቅንብሮች,
Navbar Template,ናቫባር አብነት,
Navbar Template Values,Navbar የአብነት እሴቶች,
New,አዲስ,
New Name,አዲስ ስም,
New value to be set,አዲስ እሴት እንዲዘጋጅ,
Newsletter,በራሪ ጽሑፍ,
Newsletter Email Group,በራሪ ጽሑፍ ኢሜይል ቡድን,
Newsletter Manager,በራሪ ጽሑፍ አቀናባሪ,
Next Action Email Template,ቀጣይ Action Email Template,
Next Actions HTML,ቀጣይ እርምጃዎች HTML,
Next Schedule Date,ቀጣይ የጊዜ ሰሌዳ,
Next State,ቀጣይ መንግስት,
Next Sync Token,Next Sync Token,
No,አይ,
No Copy,ምንም ቅዳ,
No of Requested SMS,ተጠይቋል ኤስ የለም,
No of Rows (Max 500),ረድፎች አይ (ከፍተኛው 500),
No of Sent SMS,የተላከ ኤስ የለም,
Non Negative,አሉታዊ ያልሆነ,
None,ምንም,
Not Sent,የተላከ አይደለም,
Note,ማስታወሻ,
Note Seen By,የታየ ማስታወሻ,
Note: By default emails for failed backups are sent.,ማሳሰቢያ: በነባር ኢሜይሎች ለተሳኩ ምትኬዎች በነባሪነት ይላካሉ.,
"Note: For best results,  images must be of the same size and width must be greater than height.",ማስታወሻ ለምርጥ ውጤቶች ምስሎች ተመሳሳይ መጠን እና ስፋታቸው ከፍታ ከፍ ያለ መሆን አለባቸው ፡፡,
Note: Multiple sessions will be allowed in case of mobile device,ማስታወሻ: በርካታ ክፍለ ጊዜዎች ተንቀሳቃሽ መሣሪያ ሁኔታ ውስጥ የሚፈቀደው ይሆናል,
Notification,ማስታወቂያ,
Notification Log,የማሳወቂያ ምዝግብ ማስታወሻ,
Notification Recipient,የማሳወቂያ ተቀባይ,
Notification Settings,የማሳወቂያ ቅንብሮች,
Notification Subscribed Document,ማስታወቂያ የተመዘገበ ሰነድ,
Notifications,ማሳወቂያዎች,
Notifications and bulk mails will be sent from this outgoing server.,ማሳወቂያዎች እና የጅምላ ኢሜይሎች ለዚህ የወጪ አገልጋይ ይላካሉ.,
Notify Users On Every Login,እያንዳንዱ መግቢያው ላይ ተጠቃሚዎችን አሳውቅ,
Notify by Email,በኢሜይል አሳውቅ,
Notify by email,በኢሜይል አሳውቅ,
Notify if unreplied,unreplied ከሆነ አሳውቅ,
Notify if unreplied for (in mins),(ደቂቃዎች ውስጥ) ለ unreplied ከሆነ አሳውቅ,
Notify users with a popup when they log in,እነርሱም ውስጥ መግባት ጊዜ አንድ ብቅ-ባይ ጋር ተጠቃሚዎች አሳውቅ,
Number Card,የቁጥር ካርድ,
Number Card Link,የቁጥር ካርድ አገናኝ,
Number Cards,የቁጥር ካርዶች,
Number Format,ቁጥር ቅርጸት,
Number of Backups,ምትኬዎች ብዛት,
Number of DB Backups,የ DB መጠባበቂያ ቁጥር,
Number of Groups,የቡድኖች ብዛት,
Number of columns for a field in a Grid (Total Columns in a grid should be less than 11),አንድ መስመሮች ውስጥ መሬት የአምዶች ቁጥር (ፍርግርግ ውስጥ ጠቅላላ አምዶች ከ 11 መሆን አለበት),
Number of columns for a field in a List View or a Grid (Total Columns should be less than 11),አንድ ዝርዝር ይመልከቱ ወይም መስመሮች ውስጥ መሬት ዓምዶች ቁጥር (ጠቅላላ አምዶች ያነሰ 11 በላይ መሆን አለበት),
OAuth Authorization Code,OAuth ማረጋገጫ ኮድ,
OAuth Bearer Token,OAuth ተሸካሚ ማስመሰያ,
OAuth Client,OAuth ደንበኛ,
OAuth Client ID,OAuth የደንበኛ መታወቂያ,
OAuth Provider Settings,OAuth አቅራቢ ቅንብሮች,
OTP App,OTP መተግበሪያ,
OTP Issuer Name,የ OTP ስም አጽዳ ስም,
Off,ጠፍቷል,
Office,ቢሮ,
Office 365,Office 365,
Older backups will be automatically deleted,የቆዩ መጠባበቂያዎች በራስ-ሰር ይሰረዛል,
On Hold,በተጠንቀቅ,
Onboarding Permission,የመሳፈሪያ ፈቃድ,
Onboarding Step,የመሳፈሪያ ደረጃ,
Onboarding Step Map,የመሳፈሪያ ደረጃ ካርታ,
"Once submitted, submittable documents cannot be changed. They can only be Cancelled and Amended.",የማስረከቢያ ሰነዶች አንዴ ከገቡ በኋላ ሊቀየሩ አይችሉም። ሊሰረዙ እና ሊሻሻሉ ብቻ ይችላሉ።,
Only Allow Edit For,ብቻ አርትዕ ያህል ፍቀድ,
Only Send Records Updated in Last X Hours,ብቻ መዛግብት ለመጨረሻ X ሰዓቶች ውስጥ የዘመነ ላክ,
Open,ክፈት,
Open Documents,ሰነዶች ይክፈቱ,
Open Reference Document,የማጣቀሻ ሰነድ ይክፈቱ,
Open URL in a New Tab,በአዲስ ትር ውስጥ ዩ.አር.ኤል. ይክፈቱ,
Open a dialog with mandatory fields to create a new record quickly,አዲስ መዝገብ በፍጥነት ለመፍጠር ከአስፈላጊ መስኮች ጋር መገናኛን ይክፈቱ።,
Opened,የተከፈተ,
Operation,ቀዶ ጥገና,
Optional: Always send to these ids. Each Email Address on a new row,አማራጭ: ሁልጊዜ እነዚህን መታወቂያዎች መላክ. አዲስ ረድፍ ላይ እያንዳንዱ የኢሜይል አድራሻ,
Optional: The alert will be sent if this expression is true,አማራጭ: ይህ አባባል እውነት ከሆነ ማንቂያ ይላካል,
Options,አማራጮች,
Options Help,አማራጭ እገዛ,
Orange,ብርቱካናማ,
Order,ትእዛዝ,
Org History,ድርጅት ታሪክ,
Org History Heading,ርዕስ ድርጅት ታሪክ,
Other,ሌላ,
Outlook.com,Outlook.com,
Output,ዉጤት,
PDF Page Size,የፒዲኤፍ የገጽ መጠን,
PDF Settings,የፒዲኤፍ ቅንብሮች,
Page,ገጽ,
Page Break,የገጽ መግቻ,
Page Builder,ገጽ ገንቢ,
Page Building Blocks,የገጽ ግንባታ ማገጃዎች,
Page HTML,ገጽ ኤችቲኤምኤል,
Page Name,የገጽ ስም,
Page Settings,የገፅ ቅንብሮች,
Parameter,የልኬት,
Parent Field (Tree),የወላጅ መስክ (ዛፍ),
Parent Label,የወላጅ መለያ ስም,
Partial Success,ከፊል ስኬት,
Participants,ተሳታፊዎች,
Passive,የማይሠራ,
Password,የይለፍ ቃል,
Password Reset Link Generation Limit,የይለፍ ቃል ዳግም ማስጀመር የአገናኝ ትውልድ ወሰን,
Password for Base DN,የመሠረት DN ለ የይለፍ ቃል,
Patch,መጣፈያ,
Patch Log,ጠጋኝ ምዝግብ ማስታወሻ,
Path,ዱካ,
Path to CA Certs File,ዱካ ለ CA Certs ፋይል።,
Path to Server Certificate,የአገልጋይ ሰርቲፊኬት።,
Path to private Key File,ወደ የግል ቁልፍ ፋይል ዱካ።,
Pending,በመጠባበቅ ላይ,
Pending Approval,መጽደቅን በመጠባበቅ ላይ,
Pending Verification,ማረጋገጫ በመጠባበቅ ላይ።,
Percent,መቶኛ,
Percentage,በመቶ,
Period,ወቅት,
Perm Level,Perm ደረጃ,
Permanent,ቋሚ,
Permission Level,ፍቃድ ደረጃ,
Permission Rules,ፍቃድ ደንቦች,
Permissions,ፍቃዶች,
Permitted Documents For User,ተጠቃሚ አይፈቀድም ሰነዶች,
Personal,የግል,
Personal Data Deletion Request,የግል መረጃ ስረዛ ጥያቄ,
Personal Data Download Request,የግል ውሂብ ማውረድ ጥያቄ።,
Phone,ስልክ,
Phone No.,ስልክ ቁጥር,
Phone Number,ስልክ ቁጥር,
Pie,አምባሻ,
Pincode,ፒን ኮድ,
Plant,ተክል,
Point Allocation Periodicity,የነጥብ አቀማመጥ የጊዜ ክልል።,
Points,ነጥቦች ፡፡,
Port,ወደብ,
Portal Menu,ፖርታል ማውጫ,
Portal Menu Item,ፖርታል ምናሌ ንጥል,
Portal Settings,ፖርታል ቅንብሮች,
Position,ቦታ,
Postal,የፖስታ,
Postal Code,የአካባቢ ወይም የከተማ መለያ ቁጥር,
Precision,ትክክልነት,
Preferred Billing Address,ተመራጭ አከፋፈል አድራሻ,
Preferred Shipping Address,ተመራጭ የሚላክበት አድራሻ,
Prefix,ባዕድ መነሻ,
Prepared Report,የተዘጋጀ ሪፖርት,
Prepared Report User,የተዘጋጀ ሪፖርት ተጠቃሚ,
Preview,ቅድመ-እይታ,
Preview HTML,ቅድመ እይታ ኤችቲኤምኤል,
Preview Message,መልዕክት ቅድመ ዕይታ,
Previous Hash,ቀዳሚ እሽግ,
Primary,የመጀመሪያ,
Primary Color,የመጀመሪያ ቀለም,
Print,አትም,
Print Format,አትም ቅርጸት,
Print Format Builder,አትም ቅርጸት ገንቢ,
Print Format Help,አትም ቅርጸት እገዛ,
Print Format Type,አትም ቅርጸት አይነት,
Print Hide,አትም ደብቅ,
Print Hide If No Value,የህትመት ደብቅ ከሆነ ምንም ዋጋ,
Print Server,አታሚ አትም,
Print Settings,የህትመት ቅንብሮች,
Print Style,አትም ቅጥ,
Print Style Name,የቅጥ ስም አትም,
Print Style Preview,ቅጥ የህትመት ቅድመ እይታ,
Print UOM after Quantity,ከቁጥር በኋላ UOM ን ያትሙ,
Print Width,አትም ስፋት,
"Print Width of the field, if the field is a column in a table","በመስክ ጠረጴዛ ላይ አንድ አምድ ከሆነ, በሜዳ ስፋት አትም",
Print taxes with zero amount,በዜሮ መጠን ግብር ያትሙ,
Print with letterhead,ደብዳቤ ጋር አትም,
Printer Name,የአታሚ ስም,
Printing,ማተም,
Priority,ቅድሚያ,
Private,የግል,
ProTip: Add <code>Reference: {{ reference_doctype }} {{ reference_name }}</code> to send document reference,ProTip: አክል <code>Reference: {{ reference_doctype }} {{ reference_name }}</code> ለመላክ ሰነድ ማጣቀሻ,
Property,ንብረት,
Property Depends On,ንብረት የሚወሰነው በ,
Property Setter,ንብረት አቀናጅ,
Property Setter overrides a standard DocType or Field property,ንብረት አቀናጅ መደበኛ DocType ወይም የመስክ ንብረት ይሽራል,
Property Type,የንብረት አይነት,
Provider,አቅራቢ,
Provider Name,የአቅራቢ ስም,
Public,ሕዝባዊ,
Publish,አትም,
Published,የታተመ,
Published On,ላይ የታተመ,
Pull from Google Calendar,ከ Google ቀን መቁጠሪያ ጎትት።,
Pull from Google Contacts,ከ Google ዕውቂያዎች ጎትት።,
Pulled from Google Calendar,ከ Google ቀን መቁጠሪያ የተወሰደ።,
Pulled from Google Contacts,ከ Google እውቂያዎች የተወሰደ።,
Purchase Manager,የግዢ አስተዳዳሪ,
Purchase Master Manager,የግዢ መምህር አስተዳዳሪ,
Purchase User,የግዢ ተጠቃሚ,
Purple,ሐምራዊ,
Push to Google Calendar,ወደ Google ቀን መቁጠሪያ ግፋ።,
Push to Google Contacts,ወደ Google እውቂያዎች ይግፉ።,
Quarterly,የሩብ ዓመት,
Query,ጥያቄ,
Query / Script,መጠይቅ / ስክሪፕት,
Query Options,የመጠይቅ አማራጮች,
Query Report,የመጠይቅ ሪፖርት,
Queued,ተሰልፏል,
Quick Entry,ፈጣን Entry,
RAW Information Log,የአዋጅ መረጃ ምዝግብ ማስታወሻ ፡፡,
Random,የዘፈቀደ,
Rating,ደረጃ አሰጣጥ,
Raw Commands,ጥሬ ትዕዛዞች።,
Raw Email,ጥሬ ኢሜይል,
Raw Printing,ጥሬ ማተም,
Read,አነበበ,
Read Only,ለማንበብ ብቻ የተፈቀደ,
Read Only Depends On,አንብብ በ ላይ ብቻ የተመካ ነው,
Read Time,ጊዜ አንብብ,
Read by Recipient,በተቀባዩ ያንብቡ,
Read by Recipient On,በ ተቀባይ ላይ ያንብቡ,
Reason,ምክንያት,
Received,ተቀብሏል,
Receiver By Document Field,ተቀባዩ በሰነድ መስክ,
Receiver By Role,ተቀባዩ በ ሚና,
Receiver Parameter,ተቀባይ መለኪያ,
Recipient,ተቀባይ,
Recipient Unsubscribed,ያልተመዘገበ ተቀባይ,
Recipients,ተቀባዮች,
Recorder,መቅዳት ፡፡,
Red,ቀይ,
Redirect URI Bound To Auth Code,URI ማረጋገጫ ኮድ ያመጣቸው አዘዋውር,
Redirect URIs,ዩአርአይዎች አዘዋውር,
Redirect URL,ዩ አር ኤል አቅጣጫ አዙር,
Ref DocType,ማጣቀሻ DocType,
Reference,ማጣቀሻ,
Reference Date,የማጣቀሻ ቀን,
Reference DocName,የማመሳከሪያ DocName,
Reference DocType,የማጣቀሻ ሰነድ ዓይነት,
Reference Docname,የማመሳከሪያ DocName,
Reference Doctype,የማጣቀሻ DocType,
Reference Document,የማጣቀሻ ሰነድ,
Reference Document Name,የማጣቀሻ ሰነድ ስም,
Reference Document Type,የማጣቀሻ ሰነድ ዓይነት,
Reference Name,የማጣቀሻ ስም,
Reference Owner,የማጣቀሻ ባለቤት,
Reference Report,የማጣቀሻ ዘገባ,
Reference Type,የማጣቀሻ አይነት,
Reference name,የማጣቀሻ ስም,
Referrer,ሪፈር,
Refresh Google Sheet,የጉግል ሉህ አድስ,
Refresh Token,አድስ ማስመሰያ,
Rejected,ተቀባይነት አላገኘም,
Relinked,ተገናኝቷል,
Reload,ዳግም ጫን,
Remember Last Selected Value,ለመጨረሻ ጊዜ የተመረጠው እሴት አስታውስ,
Reminder,አስታዋሽ,
Repeat On,ይደገም,
Repeat Till,ድረስ ድገም,
Repeat on Day,በቀን ይድገሙት,
Repeat on Last Day of the Month,በወሩ የመጨረሻ ቀን ላይ ይድገሙ።,
Repeat this Event,ይህን ክስተት ድገም,
Replied,ምላሽ ሰጥተዋል,
Reply,መልስ,
Report,ሪፖርት,
Report Builder,ሪፖርት ገንቢ,
Report Column,የሪፖርት አምድ,
Report Description,የሪፖርት መግለጫ,
Report Filter,የሪፖርት ማጣሪያ,
Report Filters,ሪፖርት ማጣሪያዎች,
Report Hide,ሪፖርት ደብቅ,
Report Information,የሪፖርት መረጃ ፡፡,
Report Manager,ሪፖርት አስተዳዳሪ,
Report Name,ሪፖርት ስም,
Report Reference Doctype,የሪፖርት ማጣቀሻ ዶክትፕፕ,
Report Type,ሪፖርት አይነት,
Reports,ሪፖርቶች,
Represents a User in the system.,በስርዓቱ ውስጥ አንድ ተጠቃሚ ይወክላል.,
Represents the states allowed in one document and role assigned to change the state.,ሁኔታ ለመለወጥ የተመደበ አንድ ሰነድ እና ሚና ውስጥ የሚፈቀዱ ግዛቶች ይወክላል.,
Request Data,የጥያቄ ውሂብ,
Request Structure,የጥያቄ መዋቅር,
Request URL,ዩአርኤል ጥያቄ,
Requested Numbers,ተጠይቋል ዘኍልቍ,
Require Trusted Certificate,የታመነ የምስክር ወረቀት ያስፈልጋል።,
Reset Password Key,ዳግም አስጀምር የይለፍ ቁልፍ,
Response,መልስ,
Response Type,የምላሽ አይነት,
Restored,ወደነበረበት ተመልሷል,
Restrict IP,የ IP ገድብ,
Restrict To Domain,ወደ ጎራ ገድብ,
Restrict to Domain,ወደ ጎራ ከልክል,
Restrict user from this IP address only. Multiple IP addresses can be added by separating with commas. Also accepts partial IP addresses like (111.111.111),ብቻ ከዚህ የአይፒ አድራሻ ተጠቃሚ ገድብ. በርካታ የአይ ፒ አድራሻዎች በኮማ ጋር በመለያየት ሊታከሉ ይችላሉ. በተጨማሪም እንደ በከፊል አይፒ አድራሻ ይቀበላል (111.111.111),
Retry,እንደገና ሞክር,
Reverse Icon Color,አዶ ቀለም የኋሊዮሽ,
Revert,አድህር,
Revert Of,አድህር,
Reverted,ተሽሯል።,
Review,ይገምግሙ።,
Review Level,የግምገማ ደረጃ።,
Review Levels,የግምገማ ደረጃዎች,
Review Points,ነጥቦችን ይገምግሙ።,
Revoked,ተሽሯል,
Rich Text,ብልጽግ ጽሑፍ,
Right,ቀኝ,
Robots.txt,robots.txt,
Role,ሚና,
Role Name,ሚና ስም,
Role Permission for Page and Report,ገጽ እና ሪፖርት ለ ሚና ፍቃድ,
Role Permissions,ሚና ፍቃዶች,
Role Permissions Manager,ሚና ፍቃዶች አስተዳዳሪ,
Role Profile,ሚና መገለጫ,
Role and Level,ሚና እና ደረጃ,
Roles,ሚናዎችን,
Roles Assigned,ሚናዎችን የተመደበው,
Roles HTML,ሚናዎችን ኤችቲኤምኤል,
Roles Html,HTML ሚናዎች,
Round Robin,ክብ ሮቢን።,
Route,መንገድ,
Route History,የመሄጃ ታሪክ,
Route Redirects,የጉዞ አቅጣጫዎች ፡፡,
"Route: Example ""/desk""",መስመር: ምሳሌ &quot;/ ዴስክ&quot;,
Row Index,የረድፍ ማውጫ,
Row Name,የረድፍ ስም,
Rows Added,ረድፎች ታክሏል,
Rows Removed,ረድፎች ተወግዷል,
Rule,ደንብ ፡፡,
Rule Conditions,የደንብ ሁኔታዎች,
Rule Name,የደንብ ስም።,
Rules defining transition of state in the workflow.,የስራ ፍሰቱ ውስጥ ግዛት ሽግግር ፍቺ ደንቦች.,
"Rules for how states are transitions, like next state and which role is allowed to change state etc.","እንዲህ ይላል ቀጣዩ ሁኔታ እና ይህም ሚና እንደ ሽግግር, እንዴት ደንቦች ወዘተ ሁኔታ ለመለወጥ ተፈቅዶለታል",
Rules with higher priority number will be applied first.,ከፍተኛ የቅድሚያ ቁጥር ያላቸው ደንቦች በመጀመሪያ ይተገበራሉ።,
Run Jobs only Daily if Inactive For (Days),የስራ ቀናት ካልሰሩ በየቀኑ ብቻ በየቀኑ ይሮጡ,
Run scheduled jobs only if checked,መርጠነው ከሆነ ብቻ ነው መርሐግብር ስራዎችን አሂድ,
S3 Backup Settings,S3 የምትኬ ቅንብሮች,
S3 Bucket Details,S3 ባልዲ ዝርዝሮች,
SMS,ኤስኤምኤስ,
SMS Gateway URL,ኤስ ኤም ኤስ ጌትዌይ ዩ አር ኤል,
SMS Log,ኤስ ኤም ኤስ ምዝግብ ማስታወሻ,
SMS Parameter,ኤስ ኤም ኤስ ልኬት,
SMS Settings,ኤስ ኤም ኤስ ቅንብሮች,
SMTP Settings for outgoing emails,ለወጪ ኢሜይሎች SMTP ቅንብሮች,
"SQL Conditions. Example: status=""Open""",የ SQL ሁኔታዎች. ምሳሌ: ሁኔታ = &quot;ክፈት&quot;,
SSL/TLS Mode,ኤስ ኤስ ኤል / TLS ሁናቴ።,
Sales Manager,የሽያጭ ሃላፊ,
Sales Master Manager,የሽያጭ መምህር አስተዳዳሪ,
Sales User,የሽያጭ ተጠቃሚ,
Salesforce,የሽያጭ ኃይል,
Salutation,ሰላምታ,
Sample,ናሙና,
Saturday,ቅዳሜ,
Save,አስቀምጥ,
Scheduled,የተያዘለት,
Scheduled Job,መርሃግብር የተያዘለት ኢዮብ,
Scheduled Job Log,መርሃግብር የተያዘለት የሥራ መዝገብ,
Scheduled Job Type,መርሃግብር የተያዘለት የሥራ ዓይነት,
Scheduled To Send,ለመላክ የተያዘለት,
Scheduler Event,የጊዜ ሰሌዳ አዘጋጅ ክስተት,
Scope,ወሰን,
Scopes,ወሰኖች,
Script,ስክሪፕት,
Script Manager,የስክሪፕት አቀናባሪ,
Script Report,ስክሪፕት ሪፖርት,
Script Type,ስክሪፕት አይነት,
Script to attach to all web pages.,ስክሪፕት ሁሉንም ድረ ገጾች ጋር ለማያያዝ.,
Search Fields,የፍለጋ መስኮች,
Search Priorities,ቅድሚያ የሚሰጣቸውን ነገሮች ፈልግ,
Section,ክፍል,
Section Break,ክፍል መግቻ,
Security Settings,የደህንነት ቅንብሮች,
Seen,የታየው,
Seen By,በ ተመልክቻለሁ,
Seen By Table,ሠንጠረዥ በ ተመልክቻለሁ,
Select,ይምረጡ,
Select Dashboard,ዳሽቦርድ ይምረጡ,
Select Date Range,የቀን ክልል ይምረጡ,
Select DocType,ይምረጡ DocType,
Select Doctype,Doctype ን ይምረጡ,
Select Transaction,ይምረጡ የግብይት,
Select an image of approx width 150px with a transparent background for best results.,ምርጥ ውጤቶች በሚያሳይ ዳራ ጋር ገደማ ስፋት 150px የሆነ ምስል ይምረጡ.,
Select the label after which you want to insert new field.,አዲስ መስክ ማስገባት ይፈልጋሉ በኋላ ያለውን መለያ ይምረጡ.,
Send After,በኋላ ላክ,
Send Alert On,ማንቂያ ላይ ላክ,
Send Email Alert,የኢሜይል ማንቂያ ላክ,
Send Email Print Attachments as PDF (Recommended),እንደ ፒዲኤፍ የኢሜይል የህትመት አባሪዎች ይላኩ (የሚመከር),
Send Email for Successful Backup,ለስኬታማ ምትኬ ኢሜይል መላክን,
Send Email for Successful backup,ለስኬታማ ምትኬ ኢሜይል መላክን,
Send Me A Copy of Outgoing Emails,የወጪ ፖስታዎች ቅጂ ቅጂ ላክልኝ,
Send Notification To,ወደ ማሳወቂያ ላክ,
Send Notification to,ማሳወቂያ ላክ,
Send Notifications For Documents Followed By Me,በእኔ ለተከተሉ ሰነዶች ማሳወቂያዎችን ይላኩ,
Send Notifications For Email Threads,ለኢሜል ክሮች ማሳወቂያዎችን ይላኩ,
Send Notifications To,ወደ ማሳወቂያዎች ላክ,
Send Print as PDF,እንደ PDF Print ላክ,
Send System Notification,የስርዓት ማሳወቂያ ይላኩ,
Send To All Assignees,ለሁሉም ተወዳጆች ይላኩ,
Send Unsubscribe Link,ከደንበኝነት አገናኝ ላክ,
Send Welcome Email,እንኳን ደህና መጡ ኢሜይል ላክ,
Send alert if date matches this field's value,ቀን በዚህ መስክ ያለውን እሴት ጋር የሚዛመድ ከሆነ ማንቂያ ላክ,
Send alert if this field's value changes,በዚህ መስክ ያለውን ዋጋ ለውጦች ከሆነ ማንቂያ ላክ,
Send an email reminder in the morning,ጠዋት አንድ የኢሜይል አስታዋሽ ላክ,
Send days before or after the reference date,በፊት ወይም የማጣቀሻ ቀን በኋላ ቀናት ላክ,
Send enquiries to this email address,ይህ የኢሜይል አድራሻ ጥያቄ ላክ,
Send only if there is any data,ምንም ውሂብ የለም ብቻ ከሆነ ነው ላክ,
Send unsubscribe message in email,በኢሜይል ውስጥ ከአባልነት መልዕክት ይላኩ,
Sender,የላኪ,
Sender Email,የላኪ ኢሜይል,
Sender Name,የላኪ ስም,
Sendgrid,Sendgrid,
Sending,በመላክ ላይ,
Sent,ተልኳል,
Sent On,ላይ የተላከ,
Sent Read Receipt,የተላከ አንብብ ደረሰኝ,
Sent To,ወደ ተልኳል,
Sent or Received,የተላከ ወይም ተቀብሏል,
Sent/Received Email,የተላኩ / የተላኩ ኢሜሎች,
Separator,መለያየት,
Sequence Id,የቅደም ተከተል መታወቂያ,
Series List for this Transaction,ለዚህ ግብይት ተከታታይ ዝርዝር,
Server Action,የአገልጋይ ተግባር,
Server IP,የአገልጋይ አይፒ,
Server Script,የአገልጋይ ስክሪፕት,
Service,አገልግሎት,
Session Default,የክፍለ ጊዜ ነባሪ።,
Session Default Settings,የክፍለ ጊዜ ነባሪ ቅንብሮች።,
Session Defaults,የክፍለ ጊዜ ነባሪዎች።,
Set Banner from Image,ምስል ከ አዘጋጅ ሰንደቅ,
"Set Default Options for all charts on this Dashboard (Ex: ""colors"": [""#d1d8dd"", ""#ff5858""])","በዚህ ዳሽቦርድ ላይ ለሁሉም ገበታዎች ነባሪ አማራጮችን ያቀናብሩ (Ex: &quot;colors&quot;: [&quot;# d1d8dd&quot;, &quot;# ff5858&quot;])",
Set New Password,አዲስ የይለፍ ቃል አዘጋጅ,
Set Property After Alert,ማንቂያ በኋላ ንብረት አዘጋጅ,
Set Role For,ለ አዘጋጅ ሚና,
Set Value,አዘጋጅ እሴት,
Set non-standard precision for a Float or Currency field,አንድ መንሳፈፊያ ወይም የምንዛሬ መስክ አዘጋጅ መደበኛ ያልሆነ ትክክለኛነት,
Settings,ቅንብሮች,
Settings Dropdown,የቅንጅቶች መጣል,
Settings for Contact Us Page,ያግኙን ገጽ ቅንብሮች,
Settings for the About Us Page,በ ስለ እኛ ገጽ ቅንብሮች,
Setup,አዘገጃጀት,
Setup Complete,ተጠናቋል,
Setup Wizard,የውቅር አዋቂ,
Share,አጋራ,
Shared,የተጋራ,
Shipping,መላኪያ,
Shop,ሱቅ,
Short Name,አጭር ስም,
Shortcuts,አቋራጮች,
Show Attachments,አባሪዎችን አሳይ,
Show Dashboard,ዳሽቦርድ አሳይ።,
Show Document,ሰነድ አሳይ።,
Show Failed Logs,ያልተሳኩ የምዝግብ ማስታወሻዎችን አሳይ,
Show Form Tour,የቅጽ ጉብኝትን አሳይ,
Show Full Error and Allow Reporting of Issues to the Developer,ሙሉ ስህተት አሳይ እና ወደ ገንቢ ጉዳዮች መካከል ሪፖርት ይፍቀዱ,
Show Full Form?,ሙሉ ቅጽ ይታይ?,
Show Line Breaks after Sections,አሳይ መስመር ክፍሎች በኋላ ሰበረ,
Show Percentage Stats,የመቶኛ ስታትስቲክስን አሳይ,
Show Preview Popup,የቅድመ እይታ ብቅ-ባይ አሳይ።,
Show Report,ሪፖርት አሳይ,
Show Section Headings,አሳይ ክፍል አርዕስቶች,
Show Sidebar,የጎን አሞሌን አሳይ,
Show Title,አርዕስት አሳይ,
Show as cc,ካርቦን እንደ አሳይ,
Show full form instead of a quick entry modal,ከፈጣን የመግቢያ ሞዳል ይልቅ ሙሉ ቅጽን ያሳዩ,
Show in Module Section,ሞዱል ክፍል ውስጥ አሳይ,
Show in filter,በማጣሪያ ውስጥ አሳይ,
Show percentage difference according to this time interval,በዚህ የጊዜ ክፍተት መሠረት የመቶኛ ልዩነት አሳይ,
"Show title in browser window as ""Prefix - title""",እንደ የአሳሽ መስኮት ውስጥ አሳይ ርዕስ &quot;ቅድመ ቅጥያ - ርዕስ&quot;,
Sidebar Items,የጎን ንጥሎች,
Sidebar Settings,የጎን ቅንብሮች,
Sidebar and Comments,የጎን አሞሌ እና አስተያየቶች,
Signature,ፊርማ,
"Simple Python Expression, Example: Status in (""Closed"", ""Cancelled"")",ቀላል የ Python መግለጫ ፣ ምሳሌ ሁኔታ በ (&quot;ዝግ&quot; ፣ &quot;ተሰርanceል&quot;),
"Simple Python Expression, Example: Status in (""Invalid"")",ቀላል የ Python መግለጫ ፣ ምሳሌ ሁኔታ በ (“ልክ ያልሆነ”),
"Simple Python Expression, Example: status == 'Open' and type == 'Bug'",ቀላል የ Python መግለጫ ፣ ምሳሌ-ሁኔታ == &#39;ክፍት&#39; እና type == &#39;ሳንካ&#39;,
Simultaneous Sessions,በአንድ ላይ ክፍለ ጊዜዎች,
Single Types have only one record no tables associated. Values are stored in tabSingles,ነጠላ ዓይነቶች የተጎዳኘ ብቻ አንድ ዘገባ ምንም ሰንጠረዦች የላቸውም. እሴቶች tabSingles ውስጥ ይከማቻሉ,
Skip Authorization,ማረጋገጫ ዝለል,
Skype,ስካይፕ,
Slack,Slack,
Slack Channel,Slack Channel,
Slack Webhook URL,Slack Webhook ዩ አር ኤል,
Slideshow,የተንሸራታች ትዕይንት,
Slideshow Items,የተንሸራታች ትዕይንት ንጥሎች,
Slideshow Name,የተንሸራታች ስም,
Slideshow like display for the website,ድር ጣቢያ ማሳያ እንደ የተንሸራታች ትዕይንት,
Small Text,ትንሽ ጽሑፍ,
Smallest Currency Fraction Value,ትንሹ የምንዛሬ ክፍልፋይ ዋጋ,
Smallest circulating fraction unit (coin). For e.g. 1 cent for USD and it should be entered as 0.01,ትንሹ ሲናፈስ ክፍልፋይ አሀድ (ሳንቲም). ይህ 0.01 እንደ መግባት ያለበት ሲሆን ዶላር ለማግኘት ለምሳሌ 1 በመቶ ለ,
Social,ማህበራዊ,
Social Link Settings,ማህበራዊ አገናኝ ቅንብሮች,
Social Link Type,ማህበራዊ አገናኝ ዓይነት,
Social Login Key,የማኅበራዊ ቁልፍ ቁልፍ,
Social Login Provider,የማኅበራዊ ድጋፍ አቅራቢ,
Social Logins,ማህበራዊ ምግቦች,
Soft-Bounced,-ለስላሳ ካረፈ,
Sort Field,ደርድር መስክ,
Sort Order,የድርድር ቅደም ተከተል,
Source,ምንጭ,
Source Name,ምንጭ ስም,
Source Text,ምንጭ ጽሑፍ,
Spam,አይፈለጌ መልዕክት,
SparkPost,SparkPost,
Standard,መለኪያ,
Standard Sidebar Menu,መደበኛ የጎን አሞሌ ምናሌ,
Start Date,ቀን ጀምር,
Start Date Field,የቀን ቦታ መስክ,
Start Time,ጀምር ሰዓት,
StartTLS,StartTLS።,
Started,ተጀምሯል,
Starts on,ላይ ይጀምራል,
State,ግዛት,
State/Province,ግዛት / አውራጃ,
States,ስቴትስ,
Static Parameters,አይለወጤ መለኪያዎች,
Stats,ስታትስቲክስ,
Stats Time Interval,ስታትስቲክስ የጊዜ ክፍተት,
Status,ሁናቴ,
Step,ደረጃ,
Steps,ደረጃዎች,
Stopped,አቁሟል,
Stores the JSON of last known versions of various installed apps. It is used to show release notes.,መደብሮች የተለያዩ የተጫኑ መተግበሪያዎች የመጨረሻ የታወቀ ስሪቶች መካከል በ JSON. ይህ መግለጫ ለማሳየት ጥቅም ላይ ይውላል.,
Style,ቅጥ,
Style Settings,ቅጥ ቅንብሮች,
"Style represents the button color: Success - Green, Danger - Red, Inverse - Black, Primary - Dark Blue, Info - Light Blue, Warning - Orange","ቅጥ አዝራሩን ቀለም ያመለክታል: ስኬት - አረንጓዴ, አደጋ - ቀይ, ተገላቢጦሽ - ጥቁር, የመጀመሪያ ደረጃ - ደማቅ ሰማያዊ, መረጃ - ፈካ ያለ ሰማያዊ, ማስጠንቀቂያ - ኦሬንጅ",
Stylesheet,የቅጦች ሉህ,
"Sub-currency. For e.g. ""Cent""",ንዑስ-ምንዛሬ. ለምሳሌ &quot;ሳንቲም&quot; ለ,
Sub-domain provided by erpnext.com,erpnext.com የቀረበው ንዑስ-ጎራ,
Subdomain,ንዑስ ጎራ,
Subject,ትምህርት,
Subject Field,የትምህርት መስክ,
Submit,አስገባ,
Submit After Import,ከመጣ በኋላ ያስገቡ,
Submitted,ገብቷል,
Subsidiary,ተጪማሪ,
Subtitle,ንዑስ ርዕስ,
Success,ስኬት,
Success Action,የስኬት እርምጃ,
Success Message,ስኬት መልዕክት,
Success URL,ስኬት ዩ አር ኤል,
Sum,ድምር,
Sunday,እሁድ,
Symbol,ምልክት,
Sync,አመሳስል,
Sync with Google Calendar,ከ Google ቀን መቁጠሪያ ጋር አመሳስል።,
Sync with Google Contacts,ከ Google እውቂያዎች ጋር አስምር።,
System,ስርዓት,
System Console,የስርዓት ኮንሶል,
System Manager,የስርዓት አስተዳዳሪ,
System Notification,የስርዓት ማስታወቂያ,
System Page,የስርዓት ገጽ,
System Settings,የስርዓት ቅንብሮች,
System managers are allowed by default,የስርዓት አስተዳዳሪዎች በነባሪነት ይፈቀዳሉ,
Table,ጠረጴዛ,
Table Break,የጠረጴዛ እረፍት,
Table HTML,ማውጫ ኤችቲኤምኤል,
Table MultiSelect,ሰንጠረዥ ባለብዙ ምርጫ።,
Tag,መለያ ስጥ,
Tag Link,የመለያ አገናኝ,
Target,ዓላማ,
Tax Category,የግብር ምድብ።,
Team Members,ቡድን አባላት,
Team Members Heading,ርእስ ቡድን አባላት,
Template,አብነት,
Template Options,የአብነት አማራጮች።,
Template Warnings,የአብነት ማስጠንቀቂያዎች።,
Text,ጽሑፍ,
Text Align,የጽሁፍ አሰላለፍ,
Text Color,የጽሁፍ ቀለም,
Text Content,የጽሑፍ ይዘት,
Text Editor,ጽሑፍ አርታዒ,
The name that will appear in Google Calendar,በ Google ቀን መቁጠሪያ ውስጥ የሚታይ,
The user from this field will be rewarded points,ከዚህ መስክ ተጠቃሚው ይሸልማል ነጥቦችን ያገኛል ፡፡,
The webhook will be triggered if this expression is true,ይህ አገላለጽ እውነት ከሆነ ድርሆክ ይጀምራል።,
Theme,ገጽታ,
Theme Configuration,የገጽታ ውቅር,
Theme URL,ገጽታ ዩ.አር.ኤል.,
These values will be automatically updated in transactions and also will be useful to restrict permissions for this user on transactions containing these values.,እነዚህ እሴቶች በራስ-ሰር ግብይቶች ውስጥ መዘመን እና እንዲሁም እነዚህን እሴቶች የያዙ ግብይቶች ላይ ይህ ተጠቃሚ ፍቃዶችን ለመገደብ ጠቃሚ ይሆናል.,
Third Party Authentication,የሦስተኛ ወገን ማረጋገጫ,
This card will be available to all Users if this is set,ይህ ከተዋቀረ ይህ ካርድ ለሁሉም ተጠቃሚዎች ይገኛል,
This chart will be available to all Users if this is set,ይህ ሰንጠረዥ ይህ ከተዋቀረ ለሁሉም ተጠቃሚዎች ይገኛል,
This format is used if country specific format is not found,አገር የተወሰነ ቅርጸት አልተገኘም ከሆነ ይህ ቅርጸት ጥቅም ላይ ነው,
This goes above the slideshow.,ይህ የተንሸራታች በላይ ይሄዳል.,
This is an example Google SERP Preview.,ይህ የ Google SERP ቅድመ-እይታ ምሳሌ ነው።,
This is the number of the last created transaction with this prefix,ይህ የዚህ ቅጥያ ጋር የመጨረሻ የፈጠረው የግብይት ቁጥር ነው,
This will be shown in a modal after routing,ይህ ከሂደቱ በኋላ በሞዳል ውስጥ ይታያል,
This will be shown to the user in a dialog after routing to the report,ወደ ሪፖርቱ ከተጓዘ በኋላ ይህ ለተጠቃሚው በውይይት ውስጥ ይታያል,
Thumbnail URL,ድንክዬ ዩ አር ኤል,
Thursday,ሐሙስ,
Time,ጊዜ,
Time Format,የጊዜ ቅርጸት,
Time Interval,የጊዜ ልዩነት።,
Time Series,የጊዜ ቅደም ተከተል።,
Time Series Based On,የጊዜ ቅደም ተከተል ላይ የተመሠረተ።,
Time Zone,የጊዜ ክልል,
Time Zones,የጊዜ ዞኖች,
Time format,የጊዜ ቅርጸት,
Time in seconds to retain QR code image on server. Min:<strong>240</strong>,በአይዛር ላይ የ QR ኮድ ምስል ለመያዝ በሰከንዶች ጊዜ ውስጥ. ዝቅተኛ: <strong>240</strong>,
Timeline,የጊዜ መስመር,
Timeline DocType,የጊዜ መስመር DocType,
Timeline Field,የጊዜ መስመር መስክ,
Timeline Links,የጊዜ መስመር አገናኞች,
Timeline Name,የጊዜ መስመር ስም,
Timeseries,የጊዜ ሰሌዳዎች።,
Timespan,የጊዜ ወሰን,
Timestamp,ማህተም,
Title,አርእስት,
Title Field,የርእስ መስክ,
Title Prefix,ርዕስ ቅጥያ,
To,ለ,
To Date,ቀን ወደ,
To Date Field,እስከዛሬ መስክ,
To and CC,እና ዝግ መግለጫ,
"To use Slack Channel, add a <a href=""#List/Slack%20Webhook%20URL/List"">Slack Webhook URL</a>.","Slack Channel ን ለመጠቀም ፣ <a href=""#List/Slack%20Webhook%20URL/List"">Slack Webhook URL</a> ያክሉ።",
ToDo,ለመስራት,
Token,ማስመሰያ,
Top,ከላይ,
Top Bar Item,ከፍተኛ አሞሌ ንጥል,
Top Bar Items,ከፍተኛ አሞሌ ንጥሎች,
Topic,አርእስት,
Total Subscribers,ጠቅላላ ተመዝጋቢዎች,
Total number of emails to sync in initial sync process ,ኢሜይሎች ጠቅላላ ብዛት የመጀመሪያ ማመሳሰል ሂደት ውስጥ ለማመሳሰል,
Traceback,Traceback,
Track Changes,የትራክ ለውጦች,
Track Email Status,የኢሜይል ሁኔታን ተከታተል,
Track Field,የትራክ መስክ,
Track Seen,ትራክ አይቼዋለሁ,
Track Views,የትራክ እይታዎች,
Track milestones for any document,ለማንኛውም ሰነድ አስፈላጊ ነጥቦችን ይከታተሉ።,
Transaction Hash,የግብይት Hash,
Transaction Log,የግብይት ምዝግብ ማስታወሻ,
Transaction Log Report,የግብይት ምዝግብ ማስታወሻ ዘገባ,
Transition Rules,የሽግግር ደንቦች,
Transitions,ሽግግሮች,
Translatable,መተርጎም የሚችል,
Translated Text,የተተረጎመ ጽሑፍ,
Translation,ትርጉም,
Trash,መጣያ,
Tree,ዛፍ,
Tree structures are implemented using Nested Set,የዛፍ አወቃቀሮች Nested Set ን በመጠቀም ይተገበራሉ።,
Trigger Method,ቃታ ዘዴ,
"Trigger on valid methods like ""before_insert"", ""after_update"", etc (will depend on the DocType selected)","&quot;Before_insert&quot;, &quot;after_update&quot;, ወዘተ ያሉ የሚሰራ ዘዴዎች ላይ ቀስቅሴ (የተመረጠውን DocType ላይ የሚወሰን ነው)",
Tuesday,ማክሰኞ,
Two Factor Authentication,ሁለት እውነታ ማረጋገጫ,
Two Factor Authentication method,ሁለት ሁነታ ማረጋገጥ ዘዴ,
Type,ዓይነት,
UID,UID,
UIDNEXT,UIDNEXT,
UIDVALIDITY,UIDVALIDITY,
UNSEEN,ሩቁን,
URL,ዩ አር ኤል,
URL for documentation or help,ለሰነድ ወይም ለእርዳታ ዩ.አር.ኤል.,
URL to go to on clicking the slideshow image,የተንሸራታች ትዕይንቱን ምስል ጠቅ በማድረግ ለመሄድ ዩ.አር.ኤል.,
Unassign Condition,ሁኔታን አንመደብ ፡፡,
Unhandled Email,Unhandled ኢሜይል,
Unique,የተለየ,
Unread,ያልተነበበ,
Unread Notification Sent,የተላከ ያልተነበበ ማሳወቂያ,
Unshared,አልተጋራም,
Unsubscribe Method,ከደንበኝነት ዘዴ,
Unsubscribe Param,ከደንበኝነት PARAM,
Unsubscribed,ያልተመዘገበ,
Update,አዘምን,
Update Existing Records,ነባር መዛግብቶችን ያዘምኑ።,
Update Field,አዘምን መስክ,
Update Series Number,አዘምን ተከታታይ ቁጥር,
Update Settings,ቅንብሮችን ያዘምኑ,
Update Value,አዘምን እሴት,
Updated,የተዘመነ,
Uploaded To Dropbox,ወደ Dropbox ተጭኗል,
Uploaded To Google Drive,ወደ Google Drive ተሰቅሏል።,
Use % for any non empty value.,ለማንኛውም ባዶ ያልሆነ ዋጋ% ይጠቀሙ።,
Use ASCII encoding for password,ለየይለፍ ቃል ASCII ምስጠራን ይጠቀሙ,
Use IMAP,ተጠቀም የ IMAP,
Use POST,POST ይጠቀሙ,
Use Report Chart,የሪፖርት ሰንጠረዥን ይጠቀሙ,
Use SSL,SSL ተጠቀም,
Use TLS,ይጠቀሙ TLS,
Use this fieldname to generate title,ርዕስ ለማመንጨት ይህን fieldname ይጠቀሙ,
User,ተጠቃሚው,
User ,ተጠቃሚ,
User Agent,የተጠቃሚ ወኪል,
User Cannot Create,ተጠቃሚ ይፍጠሩ አይቻልም,
User Cannot Search,ተጠቃሚ ይፈልጉ አይቻልም,
User Defaults,የተጠቃሚ ነባሪዎችን,
User Details,የተጠቃሚ ዝርዝሮች,
User Email,የተጠቃሚ ኢሜይል,
User Emails,የተጠቃሚ ኢሜይሎች,
User Field,የተጠቃሚ መስክ,
User ID,የተጠቃሚው መለያ,
User ID Property,የተጠቃሚ መታወቂያ ንብረት,
User ID of a Blogger,የ Blogger ተጠቃሚ መታወቂያ,
User Id,የተጠቃሚው መለያ,
User Image,የተጠቃሚ ምስል,
User Name,የተጠቃሚ ስም,
User Permission,የተጠቃሚ ፍቃድ,
User Profile,የተጠቃሚ መገለጫ።,
User Social Login,የተጠቃሚ ማህበራዊ መግቢያ,
User Tags,የተጠቃሚ መለያዎች,
User Type,የተጠቃሚ አይነት,
User can login using Email id or Mobile number,የተጠቃሚ የኢሜይል መታወቂያ ወይም የሞባይል ቁጥር በመጠቀም መግባት ይችላሉ,
User can login using Email id or User Name,ተጠቃሚው በኢሜል መታወቂያ ወይም በተጠቃሚ ስም መጠቀም ይችላል,
User must always select,ተጠቃሚው ሁልጊዜ መምረጥ አለብዎ,
Username,የተጠቃሚ ስም,
Users,ተጠቃሚዎች,
Users assigned to the reference document will get points.,ለማጣቀሻ ሰነዱ የተመደቡ ተጠቃሚዎች ነጥቦችን ያገኛሉ ፡፡,
Valid,ሕጋዊ,
Validate Field,መስክን ያረጋግጡ,
Validity,ሕጋዊነት,
Value,እሴት,
Value Based On,ላይ የተመሠረተ እሴት።,
Value Change,እሴት ለውጥ,
Value Changed,ዋጋ ተቀይሯል,
Value To Be Set,ዋጋ እንዲዘጋጅ,
Value from this field will be set as the due date in the ToDo,ከዚህ መስክ ዋጋ በቶዶ ውስጥ እንደ ቀነ-ገደብ ይቀመጣል,
Value to Validate,የማረጋገጫ ዋጋ,
Verdana,ቨረንዳ,
Verified,ተረጋግ .ል,
Version,ትርጉም,
Video URL,የቪዲዮ ዩ.አር.ኤል.,
View,ይመልከቱ,
View Log,ምዝግብ ማስታወሻ ተመልከት,
View Properties (via Customize Form),(ብጁ ቅጽ በኩል) ይመልከቱ ንብረቶች,
View Report,ዘገባን ይመልከቱ,
View Settings,ይመልከቱ ቅንብሮች,
View Website,ይመልከቱ ድር ጣቢያ,
Viewed By,የታየው በ,
Visit,ጉብኝት,
Warehouse,የዕቃ ቤት,
Warning,ማስጠንቀቂያ,
Watch Video,ቪዲዮ ይመልከቱ,
Web Form,የድር ቅጽ,
Web Form Field,የድር ቅጽ መስክ,
Web Form Fields,የድር ቅጽ መስኮች,
Web Page,ድረ ገጽ,
Web Page Block,የድር ገጽ አግድ,
Web Page View,የድር ገጽ እይታ,
Web Template,የድር አብነት,
Web Template Field,የድር አብነት መስክ,
Web Template Values,የድር አብነት እሴቶች,
Web View,የድር ዕይታ,
Webhook,Webhook,
Webhook Data,Webhook ውሂብ,
Webhook Header,Webhook ራስጌ,
Webhook Headers,የዌብች ራስጌዎች,
Webhook Request,የድርhook ጥያቄ,
Webhook Secret,Webhook ምስጢር,
Webhook Security,የድርሆክ ደህንነት,
Webhook Trigger,Webhook ትሪግገር።,
Webhook URL,የድርhook ዩአርኤል,
Website,ድህረገፅ,
Website Analytics,የድር ጣቢያ ትንታኔዎች,
Website Manager,የድር ጣቢያ አስተዳዳሪ,
Website Meta Tag,ድርጣቢያ ሜታ መለያ።,
Website Route Meta,ድርጣቢያ መስመር ሜታ።,
Website Route Redirect,የድርጣቢያ መስመር አቅጣጫ ማስያዝ።,
Website Script,የድር ጣቢያ ስክሪፕት,
Website Settings,የድር ጣቢያ ቅንብሮች,
Website Sidebar,የድር ጣቢያ የጎን,
Website Sidebar Item,የድር ጣቢያ የጎን ንጥል,
Website Slideshow,የድር ጣቢያ የተንሸራታች ትዕይንት,
Website Slideshow Item,የድር ጣቢያ የተንሸራታች ንጥል,
Website Theme,የድር ጣቢያ ጭብጥ,
Website Theme Ignore App,የድር ጣቢያ ገጽታ ችላ የተባለ መተግበሪያ,
Website Theme Image,የድር ጣቢያ ገጽታ ምስል,
Website Theme Image Link,የድር ጣቢያ ገጽታ ምስል አገናኝ,
Wednesday,እሮብ,
Weekdays,የሳምንቱ ቀናት,
Weekly,ሳምንታዊ,
Weekly Long,ሳምንታዊ ረዥም,
Welcome Email Template,የእንኳን ደህና መጡ የኢሜል አብነት,
"When enabled this will allow guests to upload files to your application, You can enable this if you wish to collect files from user without having them to log in, for example in job applications web form.",ሲነቃ እንግዶች ወደ መተግበሪያዎ ፋይሎችን እንዲጭኑ ያስችላቸዋል ፣ ለምሳሌ ከተንቀሳቃሽ መተግበሪያዎች ውስጥ ለምሳሌ በስራ መተግበሪያዎች የድር ቅጽ ውስጥ ከተጠቃሚዎች ለመሰብሰብ ከፈለጉ ይህን ማድረግ ይችላሉ ፡፡,
Which view of the associated DocType should this shortcut take you to?,ይህ አቋራጭ ወደ እርስዎ የሚወስደው የትኛው ተጓዳኝ DocType እይታ ነው?,
Width,ስፋት,
Wildcard Filter,የዱር ካርድ ማጣሪያ,
"Will add ""%"" before and after the query",ከጥያቄው በፊት እና በኋላ “%” ን ይጨምራል,
Will be used in url (usually first name).,ዩ አር ኤል (አብዛኛውን ጊዜ የመጀመሪያ ስም) ውስጥ ጥቅም ላይ ይውላል.,
Will run scheduled jobs only once a day for inactive sites. Default 4 days if set to 0.,የቀዘቀዙ ሥራዎችን በቀን ውስጥ አንድ ጊዜ ብቻ እንቅስቃሴ-አልባ ለሆኑ ጣቢያዎች ያካሂዳል ፡፡ ወደ 0 ከተዋቀረ ነባሪ 4 ቀናት,
Workflow,የስራ ፍሰት,
Workflow Action,የስራ ፍሰት እርምጃ,
Workflow Action Master,የስራ ፍሰት እርምጃ መምህር,
Workflow Action Name,የስራ ፍሰት የእርምጃ ስም,
Workflow Action is not created for optional states,የስራ ፍሰት እርምጃ ለተለዋጭ ግዛቶች አልተፈጠረም።,
Workflow Document State,የስራ ፍሰት ሰነድ ግዛት,
Workflow Name,የስራ ፍሰት ስም,
Workflow State,የስራ ፍሰት መንግስት,
Workflow State Field,የስራ ፍሰት ስቴት መስክ,
Workflow Transition,የስራ ፍሰት ሽግግር,
Workflow state represents the current state of a document.,የስራ ፍሰት ሁኔታ አንድ ሰነድ የአሁኑ ሁኔታ ያመለክታል.,
Write,ጻፈ,
X Field,ኤክስ መስክ,
XLSX,XLSX,
Y Axis,Y አክሲስ,
Y Field,Y መስክ,
Yahoo Mail,Yahoo Mail,
Yandex.Mail,Yandex.Mail,
Year,አመት,
Yearly,በየአመቱ,
Yellow,ቢጫ,
Yes,አዎ,
Your organization name and address for the email footer.,የኢሜይል ግርጌ የእርስዎ ድርጅት ስም እና አድራሻ.,
Zero means send records updated at anytime,ዜሮ በማንኛውም ጊዜ የዘመነ መዛግብት መላክ ማለት ነው,
_doctype,_doctype,
_report,_report,
adjust,ለማስተካከል,
after_insert,ከ-ገብ,
align-center,አሰልፍ-ማዕከል,
align-justify,አሰልፍ-ሰበብ,
align-left,-አሰልፍ ግራ,
align-right,አሰልፍ-ቀኝ,
arrow-down,ቀስት ወደ ታች,
arrow-left,ቀስት-ግራ,
arrow-right,ቀስት-ቀኝ,
arrow-up,ቀስት-ምትኬ,
asterisk,ኮከባዊ ምልክት,
backward,ወደኋላ,
ban-circle,እገዳ-ክበብ,
barcode,የአሞሌ,
bell,ደወል,
blue,ሰማያዊ,
bold,ደማቅ,
book,መጽሐፍ,
bookmark,ዕልባት,
briefcase,የእጅ ቦርሳ,
bullhorn,በመጮህ ላይ,
calendar,የቀን መቁጠሪያ,
camera,ካሜራ,
certificate,የምስክር ወረቀት,
check,ፈትሽ,
chevron-down,ሸቭሮን-ታች,
chevron-left,ሸቭሮን-ግራ,
chevron-right,ሸቭሮን-ቀኝ,
chevron-up,ሸቭሮን-ምትኬ,
circle-arrow-down,ክበብ-ቀስት ወደ ታች,
circle-arrow-left,ክበብ-ቀስት-ግራ,
circle-arrow-right,ክበብ-ቀስት-ቀኝ,
circle-arrow-up,ክበብ-ቀስት-ምትኬ,
cog,እሽክርክሪት,
comment,አስተያየት,
darkgrey,darkgrey,
dd-mm-yyyy,ክል-ወወ-ዓ.ም,
dd.mm.yyyy,dd.mm.yyyy,
dd/mm/yyyy,ቀን / ወር / ዓ.ም,
download,አውርድ,
download-alt,አውርድ-alt,
"e.g. ""Support"", ""Sales"", ""Jerry Yang""","ለምሳሌ &quot;ድጋፍ&quot;, &quot;ሽያጭ&quot;, &quot;ጄሪ ያንግ&quot;",
e.g. pop.gmail.com / imap.gmail.com,ለምሳሌ pop.gmail.com / imap.gmail.com,
e.g. replies@yourcomany.com. All replies will come to this inbox.,ለምሳሌ replies@yourcomany.com. ሁሉንም ምላሾች ይህን ገቢ መልዕክት ሳጥን ይመጣል.,
e.g. smtp.gmail.com,ለምሳሌ smtp.gmail.com,
edit,አርትዕ,
eject,አስፈነጠረ,
email,ኢሜል,
envelope,ፖስታ,
exclamation-sign,ቃለ አጋኖ-ምልክት,
eye-close,ዓይን-ዝጋ,
eye-open,ዓይን-ክፈት,
facebook,ፌስቡክ,
facetime-video,FaceTime-ቪዲዮ,
fairlogin,fairlogin,
fast-backward,በፍጥነት ወደኋላ,
fast-forward,በፍጥነት ወደፊት,
file,ፋይል,
film,ፊልም,
filter,ማጣሪያ,
fire,እሳት,
flag,ሰንደቅ ዓላማ,
folder-close,አቃፊ-ዝጋ,
folder-open,አቃፊ ክፈት,
font,ፎንት,
forward,ወደፊት,
fullscreen,ሙሉ ማያ,
gift,ስጦታ,
glass,ብርጭቆ,
globe,ክበብ ምድር,
green,አረንጓዴ,
hand-down,እጅ-ታች,
hand-left,እጅ-ግራ,
hand-right,እጅ-ቀኝ,
hand-up,እጅ-ምትኬ,
hdd,hdd,
headphones,ማዳመጫዎች,
heart,ልብ,
home,ቤት,
icon,አዶ,
in minutes,በደቂቃዎች ውስጥ,
inbox,የገቢ መልዕክት ሳጥን,
indent-left,ገብ-ግራ,
indent-right,ገብ-ቀኝ,
info-sign,መረጃ-ምልክት,
italic,ሰያፍ,
leaf,ቅጠል,
link,ማያያዣ,
linkedin,አገናኝ,
list,ዝርዝር,
list-alt,ዝርዝር-alt,
lock,ቁልፍ,
magnet,መግነጢስ,
map-marker,ካርታ-ማድረጊያ,
minus,ያለ,
minus-sign,ሲቀነስ-ምልክት,
mm-dd-yyyy,ወወ-ቀቀ-ዓ.ም,
mm/dd/yyyy,ወር / ቀን / ዓመት,
module,ሞዱል,
move,አንቀሳቅስ,
music,ሙዚቃ,
no failed attempts,ምንም አልተሳካም ሙከራዎች,
off,ጠፍቷል,
ok,እሺ,
ok-circle,ok-ክበብ,
ok-sign,ok-ምልክት,
old_parent,old_parent,
on_cancel,on_cancel,
on_change,on_change,
on_submit,on_submit,
on_trash,on_trash,
on_update,on_update,
on_update_after_submit,on_update_after_submit,
orange,ብርቱካናማ,
page,ገጽ,
pause,ለአፍታ አቁም,
pencil,እርሳስ,
picture,ሥዕል,
plane,አውሮፕላን,
play,ይጫወታሉ,
play-circle,ጨዋታ-ክበብ,
plus,እና,
plus-sign,የመደመር-ምልክት,
print,አትም,
purple,ሐምራዊ,
qrcode,qrcode,
query-report,ጥያቄ-ሪፖርት,
question-sign,ጥያቄ-ምልክት,
random,ያለብለኀት,
red,ቀይ,
refresh,አድስ,
remove,አስወግድ,
remove-circle,አስወግድ-ክበብ,
remove-sign,አስወግድ-ምልክት,
repeat,ድገም,
resize-full,እጀታ-ሙሉ,
resize-horizontal,እጀታ-አግድመት,
resize-small,እጀታ-ትንሽ,
resize-vertical,እጀታ-ቋሚ,
response,ምላሽ,
retweet,ትዊት,
road,መንገድ,
screenshot,ቅጽበታዊ ገጽ እይታ,
search,ፈልግ,
share,አጋራ,
share-alt,አጋራ-alt,
shopping-cart,የግዢ-ጋሪ,
signal,ምልክት,
star,ኮከብ,
star-empty,ኮከብ-ባዶ,
step-backward,ደረጃ-ወደኋላ,
step-forward,ደረጃ-ወደፊት,
stop,ተወ,
tag,መለያ ስጥ,
tags,መለያዎች,
tasks,ተግባራት,
text-height,ጽሑፍ-ቁመት,
text-width,ጽሑፍ-ስፋት,
th,ኛ,
th-large,ኛ-ትልቅ,
th-list,ኛ-ዝርዝር,
thumbs-down,አሪፍ-ታች,
thumbs-up,አሪፍ-ባይ,
time,ጊዜ,
tint,ቅልም,
trash,መጣያ,
twitter,ትዊተር,
upload,ጫን,
user,ተጠቃሚው,
volume-down,ድምጽ-ታች,
volume-off,ድምጽ-ጠፍቷል,
volume-up,ድምጽ-ምትኬ,
warning-sign,ማስጠንቀቂያ-ምልክት,
wrench,ጥምዝዝ,
yellow,ቢጫ,
yyyy-mm-dd,ዓዓዓዓ-ወወ-ቀቀ,
zoom-in,አቅርብ,
zoom-out,አጉላ-ውጭ,
