"""Company History""","""نبذة عن الشركة""",
"""Team Members"" or ""Management""","""أعضاء الفريق"" أو ""الإدارة""",
&lt;head&gt; HTML,HTML,
**Currency** Master,سجل  **العملات**,
0 - Draft; 1 - Submitted; 2 - Cancelled,0 - مسودّة؛ 1 - تأكيد؛ 2 - إلغاء,
0 is highest,0 أعلى قيمة,
A list of resources which the Client App will have access to after the user allows it.<br> e.g. project,قائمة الموارد التي سيكون لها التطبيق العميل الوصول إلى بعد قيام المستخدم يسمح بذلك. <br> على سبيل المثال مشروع,
A symbol for this currency. For e.g. $,رمز هذه العملة. ر.س مثلاً,
A4,A4,
ALL,جميع,
API,API,
API Access,الوصول إلى API,
API Endpoint,نقطة وصولAPI,
API Endpoint Args,نقطة وصول API Args,
API Key,مفتاح API,
API Method,طريقة API,
API Secret,كلمة مرور API,
ASC,تصاعدي,
About Us Settings,إعدادات صفحة من نحن,
About Us Team Member,أعضاء فريق صفحة من نحن,
Access Key ID,معرف مفتاح الوصول,
Access Key Secret,الوصول إلى Key Secret,
Access Log,سجل الوصول,
Access Token,رمز وصول,
Access Token URL,رابط رمز الدخول,
Account,حساب,
Accounts Manager,مدير حسابات,
Accounts User,حسابات المستخدمين,
Action,حدث,
Action / Route,العمل / الطريق,
Action Timeout (Seconds),مهلة الإجراء (ثانية),
Action Type,نوع العمل,
Actions,الإجراءات,
Active,نشط,
Active Domains,المجالات النشطة,
Activity Log,سجل النشاط,
Add Container,أضف الحاوية,
Add Custom Tags,إضافة علامات مخصصة,
Add Gray Background,أضف خلفية رمادية,
Add Signature,إضافة التوقيع,
Add Total Row,إضافة صف الإجمالي,
Add Unsubscribe Link,إضافة رابط إلغاء الاشتراك,
"Added HTML in the &lt;head&gt; section of the web page, primarily used for website verification and SEO",وأضاف HTML في القسم &lt;head&gt; من صفحة الويب، تستخدم في المقام الأول للتحقق من الموقع وSEO,
Additional Permissions,ضوابط إضافية,
Address,عنوان,
Address And Contacts,العنوان وجهات الاتصال,
Address Line 1,العنوان سطر 1,
Address Line 2,العنوان سطر 2,
Address Template,نموذج العنوان,
Address Title,إسم العنوان,
Address Type,نوع العنوان,
Address and other legal information you may want to put in the footer.,العنوان وغيرها من المعلومات القانونية قد تحتاج لوضع في تذييل الصفحة.,
Addresses And Contacts,العناوين و جهات الاتصال,
Adds a custom field to a DocType,DocType  اضافة حقل خاص ل,
Administrator,مدير,
Advanced,متقدم,
Advanced Control,تحكم متقدم,
Advanced Settings,إعدادات متقدمة,
After Cancel,بعد الغاء,
After Delete,بعد الحذف,
After Save,بعد الحفظ,
After Save (Submitted Document),بعد الحفظ (المستند المقدم),
After Submit,بعد تقديم,
Aggregate Function Based On,مجموع وظيفة بناء على,
Alert,إنذار,
Align Labels to the Right,محاذاة التسميات إلى اليمين,
Align Right,محاذاة اليمين,
All,الكل,
All Day,كل يوم,
Allocated To,المخصصة ل,
Allot Points To Assigned Users,تخصيص نقاط للمستخدمين المعينين,
Allow,السماح,
Allow Auto Repeat,السماح للتكرار التلقائي,
Allow Bulk Edit,السماح بتحرير الكل,
Allow Comments,السماح بالتعليقات,
Allow Consecutive Login Attempts ,السماح لمحاولات تسجيل الدخول المتتالية,
Allow Delete,السماح بالحذف,
Allow Dropbox Access,السماح بالدخول للدروب بوكس,
Allow Guest,اسمح للضيف,
Allow Guest to View,السماح للزائر بالعرض,
Allow Guests to Upload Files,السماح للضيوف بتحميل الملفات,
Allow Import (via Data Import Tool),السماح بالاستيراد (عبر أداة استيراد البيانات),
Allow Incomplete Forms,السماح للنماذج الغير مكتمله,
Allow Login After Fail,السماح بتسجيل الدخول بعد الفشل,
Allow Login using Mobile Number,السماح بتسجيل الدخول باستخدام رقم الجوال,
Allow Login using User Name,السماح بتسجيل الدخول باستخدام اسم المستخدم,
Allow Modules,السماح للوحدات النمطية,
Allow Print,السماح للطباعة,
Allow Print for Cancelled,السماح بالطباعة للإلغاء,
Allow Print for Draft,السماح بالطباعة للمسودة,
Allow Read On All Link Options,السماح للقراءة على كل خيارات الارتباط,
Allow Rename,السماح بإعادة التسمية,
Allow Roles,الصلاحيات المسموح بها,
Allow Self Approval,اسمح بالموافقة الذاتية,
Allow approval for creator of the document,السماح بالموافقة على منشئ المستند,
Allow document creation via Email,السماح بإنشاء المستندات عبر البريد الإلكتروني,
Allow events in timeline,السماح للأحداث في المخطط الزمني,
Allow in Quick Entry,السماح لأدخال سريع,
Allow on Submit,السماح بالإعتماد,
Allow only one session per user,السماح لجلسة واحدة فقط لكل مستخدم,
Allow page break inside tables,السماح بفواصل الصفحات داخل الجداول,
Allow saving if mandatory fields are not filled,يسمح بحفظ البيانات في حالة عدم ملئ الحقول الإلزامية,
Allow user to login only after this hour (0-24),تسمح للمستخدم لتسجيل الدخول فقط بعد هذه الساعة (0-24),
Allow user to login only before this hour (0-24),تسمح للمستخدم لتسجيل الدخول فقط قبل هذه الساعة (0-24),
Allowed,سمح,
Allowed In Mentions,سمح في المذكرات,
"Always add ""Draft"" Heading for printing draft documents","دائما إضافة ""كلمة مسودة"" عند طباعة المسودات",
Amend,تعديل,
Amended From,معدل من,
An icon file with .ico extension. Should be 16 x 16 px. Generated using a favicon generator. [favicon-generator.org],ملف أيقونة بصيغة ico.  يجب أن تكون 16 × 16 بكسل. تم إنشاؤها باستخدام مولد أيقونات. [favicon-generator.org],
Analytics,التحليلات,
Annual,سنوي,
Anonymous,مجهول,
Any string-based printer languages can be used. Writing raw commands requires knowledge of the printer's native language provided by the printer manufacturer. Please refer to the developer manual provided by the printer manufacturer on how to write their native commands. These commands are rendered on the server side using the Jinja Templating Language.,يمكن استخدام أي لغة الطابعة المستندة إلى سلسلة. تتطلب كتابة الأوامر الأولية معرفة اللغة الأصلية للطابعة التي توفرها الشركة المصنعة للطابعة. يرجى الرجوع إلى دليل المطور الذي توفره الشركة المصنعة للطابعة حول كيفية كتابة الأوامر الأصلية. يتم تقديم هذه الأوامر على جانب الخادم باستخدام Jinja Templating Language.,
App,تطبيق,
App Access Key,مفتاح وصول التطبيق,
App Client ID,هوية العميل للتطبيق,
App Client Secret,كلمة مرور التطبيق الثانوي,
App Name,اسم التطبيق,
App Secret Key,المفتاح السري للتطبيق,
Append Emails to Sent Folder,إلحاق رسائل البريد الإلكتروني إلى مجلد المرسلة,
Append To,إلحاق ل,
Applicable For,قابل للتطبيق ل,
Application Logo,شعار التطبيق,
Application Name,اسم التطبيق,
Application Version,إصدار التطبيق,
Applied On,تم التطبيق,
Apply Document Permissions,تطبيق أذونات المستند,
Apply Only Once,تطبق مرة واحدة فقط,
Apply Strict User Permissions,تطبيق صلاحيات المستخدم المحدودة,
Apply To All Document Types,تنطبق على جميع أنواع المستندات,
Apply this rule if the User is the Owner,تطبيق هذا الحكم إذا كان المستخدم هو مالك,
Apply this rule only once per document,قم بتطبيق هذه القاعدة مرة واحدة فقط لكل وثيقة,
Appreciation,تقدير,
Archived,أرشفة,
Arial,Arial,
Assign Condition,تعيين الشرط,
Assign To Users,تخصيص للمستخدمين,
Assigned,تم تحديد المهمة,
Assigned By,تعيين بواسطة,
Assigned By Full Name,تعيين بواسطة الاسم كامل,
Assignment,مهمة,
Assignment Completed,تم إنجاز المهمة,
Assignment Days,أيام الواجب,
Assignment Rule,قاعدة الاحالة,
Assignment Rule Day,يوم قاعدة الواجب,
Assignment Rule User,قاعدة مستخدم الاحالة,
Assignment Rules,قواعد الاحالة,
Assignments,تعيينات,
Attach,إرفاق,
Attach Image,إرفاق صورة,
Attach Print,إرفق طباعة,
Attached File,ملف مرفق,
Attached To DocType,مرفق بDocType,
Attached To Field,مرفق إلى الحقل,
Attached To Name,أرفقت للأسم,
Attachment,مرفق,
Attachment Limit (MB),الحد مرفق (MB),
Attachment Link,رابط المرفقات,
Attachment Removed,تم حذف المرفق,
Attachments,المرفقات,
Auth URL Data,بيانات عنوان المصادقة,
Authentication,المصادقة,
Author,مؤلف,
Authorization Code,رمز الترخيص,
Authorize API Indexing  Access,تخويل الوصول إلى فهرسة API,
Authorize Google Calendar Access,تخويل الوصول إلى تقويم Google,
Authorize Google Contacts Access,السماح بوصول جهات اتصال Google,
Authorize Google Drive Access,تخويل Google Drive Access,
Authorize URL,مصادقة عنوان ورل,
Authorized,مخول,
Auto,تلقائى,
Auto Email Report,ارسال التقارير عبر البريد الالكتروني الياً,
Auto Name,الإسم التلقائي,
Auto Repeat,تكرار تلقائي,
Auto Reply Message,رد تلقائي على الرسائل,
Automatically Assign Documents to Users,تخصيص المستندات تلقائيًا للمستخدمين,
Automation,التشغيل الآلي,
Avatar,الصورة الرمزية,
Average,معدل,
Awaiting Password,في انتظار كلمة المرور,
Awaiting password,في انتظار كلمة المرور,
BCC,BCC,
Background Color,لون الخلفية,
Background Workers,قائمة العمليات,
Backup Details,تفاصيل النسخ الاحتياطي,
Backup Files,ملفات النسخ الاحتياطي,
Backup Folder ID,معرف مجلد النسخ الاحتياطي,
Backup Folder Name,اسم مجلد النسخ الاحتياطي,
Backup Frequency,معدل النسخ الاحتياطي,
Backup public and private files along with the database.,النسخ الاحتياطي للملفات العامة والخاصة مع قاعدة البيانات.,
Backups,النسخ الاحتياطية,
Banner,الترويسة,
Banner HTML,راية HTML,
Banner Image,راية صورة,
Banner is above the Top Menu Bar.,راية فوق أعلى شريط القوائم.,
Bar,شريط,
Barcode,الرمز الشريطي,
Base Distinguished Name (DN),قاعدة الاسم المميز (DN),
Base URL,الرابط الأساسي,
Based On,وبناء على,
Based on Field,على أساس الميدان,
Based on Permissions For User,اعتماداً على صلاحيات المستخدم,
Basic,الأساسي,
Before Cancel,قبل الإلغاء,
Before Delete,قبل الحذف,
Before Insert,قبل إدراج,
Before Save,قبل الحفظ,
Before Save (Submitted Document),قبل الحفظ (المستند المقدم),
Before Submit,قبل إرسال,
Beginner,مبتدئ,
Beta,بيتا,
Billing,الفواتير,
Bio,نبذة,
Birth Date,تاريخ الميلاد,
Block Module,كتلة الوحدة,
Block Modules,كتلة وحدات,
Blocked,محجوب,
Blog Category,تصنيف المدونة,
Blog Intro,بدايه المدونه,
Blog Introduction,مقدمة المدونه,
Blog Post,منشور المدونه,
Blog Settings,إعدادات المدونه,
Blog Title,عنوان المدونه,
Blogger,مدون,
Blue,أزرق,
Bold,بالخط العريض,
Bot,آلي,
Bottom,الأسفل,
Bounced,وثب,
Brand,العلامة التجارية,
Brand HTML,العلامة التجارية HTML,
Brand Image,صورة العلامة التجارية,
Breadcrumbs,مسار التصفح,
Browser,المستعرض,
Browser Version,إصدار المستعرض,
Brute Force Security,القوة الغاشمة للأمن,
Bucket Name,اسم الجرافة,
Bulk Update,تحديث بالجمله,
Button,زر,
Button Gradients,تدرجات الزر,
Button Rounded Corners,زوايا دائرية بأزرار,
Button Shadows,زر الظلال,
Bypass Restricted IP Address Check If Two Factor Auth Enabled,تحقق من تجاوز عنوان IP المقيد إذا تم تمكين مصادقة عاملين,
Bypass Two Factor Auth for users who login from restricted IP Address,تجاوز اثنين عامل عامل للمستخدمين الذين تسجيل الدخول من عنوان إب مقيدة,
Bypass restricted IP Address check If Two Factor Auth Enabled,تجاوز عنوان IP المحظور التحقق في حالة تمكين عامل عامل,
CC,نسخة,
CSS,CSS,
CSS Class,فئة CSS,
CSV,CSV,
CTA Label,تسمية CTA,
CTA URL,CTA URL,
Calendar,تقويم,
Calendar Name,اسم التقويم,
Calendar View,عرض التقويم,
Call,أتصال,
Call To Action,دعوة للعمل,
Call To Action URL,عنوان URL للدعوة إلى العمل,
Callback Message,رسالة رد,
Callback Title,عنوان رد الاتصال,
Campaign,الحملة,
Cancel,إلغاء,
Cancelled,ألغيت,
Card,بطاقة,
Cards,بطاقات,
Category,فئة,
Category Description,وصف الفئة,
Category Name,اسم التصنيف,
Center,مركز,
Chaining Hash,تسلسل هاش,
Change Label (via Custom Translation),تغيير التسمية (عبر الترجمة المخصصة),
Change Password,تغيير كلمة المرور,
Channel,قناة,
Chart,خريطة,
Chart Configuration,تكوين الرسم البياني,
Chart Name,اسم المخطط,
Chart Options,خيارات الرسم البياني,
Chart Source,مصدر الرسم البياني,
Chart Type,نوع الرسم البياني,
Charts,الرسوم البيانية,
Chat,الدردشة,
Check,التحقق من,
Check this if you want to force the user to select a series before saving. There will be no default if you check this.,التحقق من ذلك إذا كنت تريد لإجبار المستخدم لتحديد سلسلة قبل الحفظ. لن يكون هناك الافتراضي إذا قمت بتحديد هذا.,
Checking this will hide custom doctypes and reports cards in Links section,سيؤدي تحديد هذا إلى إخفاء نماذج المستندات المخصصة وبطاقات التقارير في قسم الروابط,
Checksum Version,إصدار المجموع الاختباري,
Child Tables are shown as a Grid in other DocTypes,يتم عرض الجداول الفرعية كشبكة في DocTypes الأخرى,
Choose authentication method to be used by all users,اختر طريقة المصادقة لاستخدامها من قبل جميع المستخدمين,
City,مدينة,
City/Town,المدينة / البلدة,
Clicked,النقر,
Client,عميل,
Client Code,رمز العميل,
Client Credentials,وثائق تفويض العميل,
Client ID,رمز العميل,
Client Information,معلومات العميل,
Client Script,العميل النصي,
Client Secret,سر العميل,
Client URLs,الروابط للعميل,
Close Condition,أغلق الشرط,
Closed,مغلق,
Code,رمز,
Collapsible,للطي,
Collapsible Depends On,الضم يعتمد على,
Color,اللون,
Column Break,فاصل عمودي,
Column Name,اسم العمود,
Columns,الأعمدة,
Columns / Fields,الأعمدة / الحقول,
Comment,تعليق,
Comment By,تعليق من جانب,
Comment Email,تعليق البريد الإلكتروني,
Comment Type,تعليق نوع,
Comments and Communications will be associated with this linked document,سيتم ربط التعليقات والاتصالات مع هذه الوثيقة مرتبطة,
Commit,ارتكب,
Communication,الاتصالات,
Communication Link,حلقة اتصال,
Communication Type,نوع الإتصال,
Compact Item Print,مدمجة البند طباعة,
Company History,نبذة عن تاريخ الشركة,
Company Introduction,مقدمة الشركة,
Company Name,اسم الشركة,
Complete,أكمال,
Completed,أكتمل,
Component,مكون,
Condition,الحالة,
Conditions,الظروف,
Configuration,ترتيب,
Confirmation Email Template,نموذج البريد الإلكتروني للتأكيد,
Console,وحدة التحكم,
Console Log,سجل وحدة التحكم,
Contact,اتصال,
Contact Details,تفاصيل الاتصال,
Contact Email,عنوان البريد الإلكتروني,
Contact Numbers,ارقام التواصل,
Contact Phone,هاتف الاتصال,
Contact Us Settings,إعدادات الاتصال بنا,
"Contact options, like ""Sales Query, Support Query"" etc each on a new line or separated by commas.",خيارات الاتصال، مثل &quot;الاستعلام المبيعات والدعم الاستعلام&quot; الخ كل على سطر جديد أو مفصولة بفواصل.,
Contacts,اتصالات,
Content,محتوى,
Content (HTML),المحتوى (HTML),
Content (Markdown),المحتوى (تخفيض السعر),
Content Hash,تجزئة المحتوى,
Content Type,نوع المحتوى,
Context,سياق الكلام,
Context Script,سيناريو السياق,
Contributed,ساهم,
Contribution Document Name,اسم وثيقة المساهمة,
Contribution Status,حالة المساهمة,
Copyright,حق النشر,
Core,جوهر,
Count,عد,
Count Filter,عد مرشح,
Counter,عداد,
Country,الدولة,
Country Name,اسم الدولة,
County,مقاطعة,
Create,انشاء,
Create Contacts from Incoming Emails,إنشاء جهات اتصال من رسائل البريد الإلكتروني الواردة,
Create Entry,إنشاء الدخول,
Create Log,إنشاء سجل,
Create and Send Newsletters,إنشاء وإرسال النشرات الإخبارية,
Created,أنشأ,
Criticism,نقد,
Cron,كرون,
Cron Format,تنسيق كرون,
Currency,العملة,
Currency Name,اسم العملة,
Currency Precision,دقة العملة,
Current,تيار,
Custom,مخصص,
Custom Base URL,عنوان ورل لقاعدة مخصصة,
Custom CSS,مخصصةCSS,
Custom Configuration,التكوين المخصص,
Custom DocPerm,DocPerm مخصص,
Custom Field,حقل مخصص,
Custom Format,تنسيق مخصص,
Custom HTML Help,مخصصةHTML مساعدة,
Custom Menu Items,قائمة مخصصة عناصر,
Custom Options,خيارات مخصصة,
Custom Overrides,تجاوزات مخصصة,
Custom Report,تقرير مخصص,
Custom Role,تخصيص صلاحية,
Custom SCSS,SCSS مخصص,
Custom Sidebar Menu,قائمة الشريط الجانبي المخصص,
Custom?,مخصص,
Customization,التخصيص,
Customize Form,تخصيص نموذج,
Customize Form Field,تخصيص حقل نموذج,
DESC,تنازلي,
Daily,يوميا,
Daily Long,يوميا طويلة,
Danger,خطر,
Dark Color,لون غامق,
Dashboard,لوحة القيادة,
Dashboard Chart,مخطط لوحة القيادة,
Dashboard Chart Field,حقل مخطط لوحة القيادة,
Dashboard Chart Link,لوحة الرسم البياني رابط,
Dashboard Chart Source,مصدر مخطط لوحة القيادة,
Dashboard Manager,مدير لوحة القيادة,
Dashboard Name,اسم لوحة القيادة,
Dashboard Settings,اعدادات اللوحة الرئيسية,
Dashboards,لوحات,
Data,البيانات,
Data Export,تصدير البيانات,
Data Import,استيراد البيانات,
Database Engine,محرك قاعدة البيانات,
Date,تاريخ,
Date Format,تنسيق التاريخ,
Date Range,نطاق الموعد,
Date and Number Format,صيغة التاريخ و الرقم,
Datetime,التاريخ والوقت,
Day,يوم,
Day of Week,يوم من الأسبوع,
Days After,أيام بعد,
Days Before,أيام قبل,
Days Before or After,أيام قبل أو بعد,
Default,الافتراضي,
Default Incoming,الايرادات الافتراضية,
Default Letter Head,رأس الرسالة الأفتراضي,
Default Outgoing,الافتراضي الصادر,
Default Portal Home,الصفحة الرئيسية للمدخل الافتراضي,
Default Print Format,طباعة شكل الافتراضي,
Default Print Language,لغة الطباعة الافتراضية,
Default Redirect URI,رابط اعادة التوجيه الافتراضي,
Default Role at Time of Signup,الصلاحية الافتراضية وقت الاشتراك,
Default Sort Field,حقل التصنيف الافتراضي,
Default Sort Order,ترتيب الافتراضي,
Default Value,القيمة الافتراضية,
"Default: ""Contact Us""",الافتراضي: &quot;اتصل بنا&quot;,
DefaultValue,القيمة الافتراضية,
Defaults,الافتراضات,
Defines actions on states and the next step and allowed roles.,يحدد الإجراءات على الحالات والخطوة التالية الصلاحيات المسموح بها.,
Defines workflow states and rules for a document.,تحديد حالات و قواعد سير العمل للوثيقة,
Delayed,مؤجل,
Delete,حذف,
Deleted,حذف,
Deleted DocType,DocType المحذوفة,
Deleted Document,المستند المحذوف,
Deleted Name,الاسم المحذوف,
Delivery Status,حالة التسليم,
Department,قسم,
Dependencies,تبعيات,
Depends On,يعتمد على,
Description,وصف,
"Description for listing page, in plain text, only a couple of lines. (max 200 characters)",وصف لصفحة القائمة ، بنص عادي ، سطرين فقط. (بحد أقصى 200 حرف),
Designation,تعيين,
Desk,سطح المكتب,
Desk Access,الوصول للمكتب,
Desktop Icon,أيقونة سطح المكتب,
Details,تفاصيل,
"Different ""States"" this document can exist in. Like ""Open"", ""Pending Approval"" etc.","مختلف ""الحالات"" في هذه الوثيقة يمكن أن تكون موجودة في. مثل ""فتح"" أو ""في انتظار الموافقة"" الخ.",
Digits,أرقام,
Disable Auto Refresh,تعطيل التحديث التلقائي,
Disable Comments,تعطيل التعليقات,
Disable Count,تعطيل العد,
Disable SMTP server authentication,تعطيل مصادقة خادم SMTP,
Disable Sidebar Stats,تعطيل إحصائيات الشريط الجانبي,
Disable Signup,تعطيل الاشتراك,
Disable Standard Email Footer,تعطيل تذييل البريد الإلكتروني الافتراضي,
Disabled,معطل,
Display,عرض,
Display Depends On,العرض يعتمد على,
Doc Event,حدث دوك,
Doc Events,دوك الأحداث,
Doc Status,حالة الوثيقة,
DocField,DocField,
DocPerm,DocPerm,
DocShare,DocShare,
DocType,DocType,
DocType Action,عمل DocType,
DocType Event,حدث DocType,
DocType Link,رابط نوع الوثيقة,
DocType View,طريقة عرض DocType,
DocType is a Table / Form in the application.,DOCTYPE هو الجدول / نموذج في التطبيق.,
DocType on which this Workflow is applicable.,DOCTYPE على سير العمل هذا الذي ينطبق.,
Doctype,DOCTYPE,
Document,وثيقة,
Document Actions,وثيقة الإجراءات,
Document Follow,متابعة المستند,
Document Link,رابط المستند,
Document Links,روابط الوثيقة,
Document Name,اسم المستند,
Document Naming Rule,قاعدة تسمية الوثيقة,
Document Naming Rule Condition,شرط قاعدة تسمية المستند,
Document Share,مشاركة المستند,
Document Share Report,وثيقة حصة تقرير,
Document States,الولايات ثيقة,
Document Tag,علامة المستند,
Document Title,عنوان المستند,
Document Type,نوع الوثيقة,
Document Type to Track,نوع المستند لتعقب,
Document Types,أنواع المستندات,
Documentation Link,رابط التوثيق,
Documentation URL,URL التوثيق,
Domain,شبكة النطاق,
Domain Settings,إعدادات النطاق,
Domains HTML,النطاقات هتمل,
"Don't HTML Encode HTML tags like &lt;script&gt; or just characters like &lt; or &gt;, as they could be intentionally used in this field",لا علامات HTML شفر HTML مثل &lt;script&gt; أو مجرد شخصيات مثل &lt;أو&gt;، لأنها يمكن أن تستخدم عمدا في هذا المجال,
Don't Override Status,لا تجاوز الحالة,
Don't Send Emails,لا ترسل رسائل البريد الإلكتروني,
Donut,الدونات,
Download Backups,تحميل النسخ الاحتياطية,
Download Template,تحميل الوثيقة,
Dropbox Access Token,دروببوإكس رمز الوصول,
Dropbox Settings,إعدادات دروب بوكس,
Dropdowns,هبوط قطرة,
Due Date,بسبب تاريخ,
Due Date Based On,تاريخ الاستحقاق بناء على,
Duration,المدة الزمنية,
Dynamic Filters,مرشحات ديناميكية,
Dynamic Filters JSON,المرشحات الديناميكية JSON,
Dynamic Filters Section,قسم المرشحات الديناميكية,
Dynamic Link,الارتباط الحيوي,
Dynamic Report Filters,مرشحات تقرير ديناميكي,
Dynamic Route,الطريق الديناميكي,
Dynamic Template,قالب ديناميكي,
Edit,تصحيح,
Edit Values,تحرير القيم,
Editable Grid,قابلة للتعديل Grid,
Eg. smsgateway.com/api/send_sms.cgi,على سبيل المثال، smsgateway.com / API / send_sms.cgi,
Email,البريد الإلكتروني,
Email Account,حساب البريد الإلكتروني,
Email Account Name,البريد الإلكتروني اسم الحساب,
Email Address,البريد الالكتروني,
Email Address whose Google Contacts are to be synced.,عنوان البريد الإلكتروني الذي سيتم مزامنة جهات اتصال Google الخاصة به.,
Email Addresses,عناوين البريد الإلكتروني,
Email Domain,المجال البريد الإلكتروني,
Email Flag Queue,البريد الإلكتروني العلم قائمة الانتظار,
Email Footer Address,تذييل البريد الإلكتروني,
Email Group,البريد الإلكتروني المجموعة,
Email Group Member,أرسل عضو المجموعة,
Email ID,عنوان الايميل,
Email IDs,البريد الإلكتروني معرفات,
Email Id,البريد الإلكتروني,
Email Inbox,البريد الوارد,
Email Queue,قائمة إنتظار البريد الإلكتروني,
Email Queue Recipient,البريد الإلكتروني المستلم قائمة الانتظار,
Email Queue records.,سجلات البريد الإلكتروني قائمة الانتظار.,
Email Reply Help,البريد الالكتروني رد مساعدة,
Email Rule,البريد الإلكتروني القاعدة,
Email Sent,إرسال البريد الإلكتروني,
Email Settings,إعدادات البريد الإلكتروني,
Email Signature,توقيع البريد الالكترونى,
Email Status,حالة البريد الإلكتروني,
Email Sync Option,مزامنة البريد الإلكتروني الخيار,
Email Template,قالب البريد الإلكتروني,
Email To,البريد الإلكتروني الى,
Email Unsubscribe,البريد الإلكتروني إلغاء الاشتراك,
Emails will be sent with next possible workflow actions,سيتم إرسال رسائل البريد الإلكتروني مع إجراءات سير العمل التالية المحتملة,
Enable,تمكين,
Enable Auto Reply,تمكين الرد التلقائي,
Enable Automatic Backup,تمكين النسخ الاحتياطي التلقائي,
Enable Automatic Linking in Documents,تمكين الربط التلقائي في المستندات,
Enable Comments,تمكين تعليقات,
Enable Email Notifications,تمكين إشعارات البريد الإلكتروني,
Enable Google Indexing,تمكين فهرسة Google,
Enable In App Website Tracking,تمكين تتبع موقع التطبيق,
Enable Incoming,تمكين الوارد,
Enable Onboarding,تمكين Onboarding,
Enable Outgoing,تمكين البريد الصادر,
Enable Password Policy,تمكين سياسة كلمة المرور,
Enable Print Server,تمكين خادم الطباعة,
Enable Raw Printing,تمكين الطباعة الخام,
Enable Scheduled Jobs,تمكين المهام المجدولة,
Enable Security,تمكين الأمن,
Enable Social Login,تمكين تسجيل الدخول الاجتماعي,
Enable Social Sharing,تمكين المشاركة الاجتماعية,
Enable Two Factor Auth,تمكين اثنين من عامل المصادقة,
Enabled,تمكين,
End Date,نهاية التاريخ,
End Date Field,حقل تاريخ الانتهاء,
Endpoint URL,عنوان نقطة النهاية,
Endpoints,النهاية,
Ends on,ينتهي في,
Energy Point,نقطة الطاقة,
Energy Point Log,سجل نقطة الطاقة,
Energy Point Rule,قاعدة نقطة الطاقة,
Energy Point Settings,إعدادات نقطة الطاقة,
Energy Points,نقاط الطاقة,
Enter Form Type,أدخل نوع النموذج,
"Enter default value fields (keys) and values. If you add multiple values for a field, the first one will be picked. These defaults are also used to set ""match"" permission rules. To see list of fields, go to ""Customize Form"".",إدخال الحقول القيمة الافتراضية (مفاتيح) والقيم. إذا قمت بإضافة قيم متعددة للحقل، وسيتم اختيار أول واحد. وتستخدم هذه الافتراضات أيضا إلى وضع قواعد إذن &quot;مباراة&quot;. لمشاهدة قائمة من المجالات، انتقل إلى &quot;نموذج تخصيص&quot;.,
"Enter static url parameters here (Eg. sender=ERPNext, username=ERPNext, password=1234 etc.)",أدخل المعلمات URL ثابت هنا (مثلا المرسل = ERPNext، اسم المستخدم = ERPNext، كلمة المرور = 1234 الخ),
Enter url parameter for message,ادخل معمل العنوان للرسالة,
Enter url parameter for receiver nos,ادخل معامل العنوان لمشغل شبكة المستقبل,
Error,خطأ,
Error Log,سجل الأخطاء,
Error Message,رسالة خطأ,
Event,حدث,
Event Category,فئة الحدث,
Event Participants,المشاركون في الحدث,
Event Type,نوع الحدث,
Everyone,كل شخص,
"Ex: ""colors"": [""#d1d8dd"", ""#ff5858""]",مثال: &quot;الألوان&quot;: [&quot;# d1d8dd&quot;، &quot;# ff5858&quot;],
Example,مثال,
"Example: ""/desk""",مثال: &quot;/ desk&quot;,
Example: #Tree/Account,مثال: # شجرة / حساب,
Example: 00001,مثال: 00001,
Example: {{ subject }},مثال: {{topic}},
Excel,تفوق,
Exception,استثناء,
Execute,نفذ - اعدم,
Expert,خبير,
Expiration time,وقت انتهاء الصلاحية,
Expire Notification On,تنتهي الإعلام على,
Expired,انتهى,
Expires In,ينتهي في,
Expires On,تنتهي صلاحيته في,
Expiry time of QR Code Image Page,وقت انتهاء صلاحية رمز الاستجابة السريعة صورة الصفحة,
Export,تصدير,
Export From,تصدير من,
Expose Recipients,كشف المستلمين,
"Expression, Optional",التعبير والاختياري,
Facebook,الفيسبوك,
Failed,باءت بالفشل,
FavIcon,أيقونة المفضلة,
Fax,فاكس,
Featured,متميز,
Feedback,Feedback,
Feedback Request,طلب التعليق,
Fetch From,إحضار من,
Field,حقل,
Field Description,وصف الحقل,
Field Name,اسم الحقل,
Field To Check,حقل للتحقق,
Field Type,نوع الحقل,
"Field that represents the Workflow State of the transaction (if field is not present, a new hidden Custom Field will be created)",الحقل الذي يمثل حالة سير العمل للصفقة (إذا حقل غير موجود، سيتم إنشاء حقل مخصص جديد مخفي),
Field to Track,حقل لتعقب,
Fieldname,اسم الحقل,
Fields,الحقول,
Fields Multicheck,الحقول متعددة,
"Fields separated by comma (,) will be included in the ""Search By"" list of Search dialog box","سيتم تضمين الحقول المفصولة بفواصل (،) في قائمة ""البحث حسب"" من مربع حوار البحث",
Fieldtype,نوع الحقل,
File,ملف,
File Backup,ملف النسخ الاحتياطي,
File Information,معلومات الملف,
File Name,اسم الملف,
File Size,حجم الملف,
File Type,نوع الملف,
File URL,ملف URL,
Files,الملفات,
Filter Data,تصفية البيانات,
Filter List,قائمة تصفية,
Filter Meta,تصفية ميتا,
Filter Name,اسم الفلتر,
Filter Values,قيم التصفية,
Filters,فلاتر,
Filters Configuration,تكوين المرشحات,
Filters Display,عرض المرشحات,
Filters JSON,مرشحات JSON,
Filters Section,قسم المرشحات,
"Filters will be accessible via <code>filters</code>. <br><br>Send output as <code>result = [result]</code>, or for old style <code>data = [columns], [result]</code>","يمكن الوصول إلى <code>filters</code> عبر <code>filters</code> .<br><br> إرسال الإخراج <code>result = [result]</code> ، أو <code>data = [columns], [result]</code> النمط القديم <code>data = [columns], [result]</code>",
Finished,تم الانتهاء من,
First Name,الاسم الأول,
First Success Message,رسالة النجاح الأولى,
Flag,علم,
Float,رقم عشري,
Float Precision,دقة الرقم  العشري,
Fold,طية,
Folder,مجلد,
Font,الخط,
Font Properties,خصائص الخط,
Font Size,حجم الخط,
Fonts,الخطوط,
Footer,تذييل الصفحة,
Footer HTML,تذييل HTML,
Footer Items,تذييل العناصر,
Footer Logo,تذييل الشعار,
Footer Template,قالب التذييل,
Footer Template Values,قيم قالب التذييل,
Footer will display correctly only in PDF,سيعرض تذييل الصفحة بشكل صحيح في PDF فقط,
For DocType Link / DocType Action,لإجراء DocType Link / DocType,
For Document Event,لوثيقة الحدث,
For User,للمستخدم,
For Value,للقيمة,
For example: {} Open,على سبيل المثال: {} فتح,
"For help see <a href=""https://frappeframework.com/docs/user/en/guides/portal-development/web-forms"" target=""_blank"">Client Script API and Examples</a>","للحصول على المساعدة ، راجع <a href=""https://frappeframework.com/docs/user/en/guides/portal-development/web-forms"" target=""_blank"">أمثلة و API Script</a>",
"For more information, <a class=""text-muted"" href=""https://erpnext.com/docs/user/manual/en/setting-up/email/linking-emails-to-document"">click here</a>.","لمزيد من المعلومات ، <a class=""text-muted"" href=""https://erpnext.com/docs/user/manual/en/setting-up/email/linking-emails-to-document"">انقر هنا</a> .",
Force,فرض,
Force Show,عرض ألزامي,
Force User to Reset Password,إجبار المستخدم على إعادة تعيين كلمة المرور,
Form Settings,إعدادات النموذج,
Form URL-Encoded,نموذج URL المشفرة,
Format,شكل,
Format Data,تنسيق البيانات,
Forward To Email Address,انتقل إلى عنوان البريد الإلكتروني,
Fraction,جزء,
Fraction Units,جزء الوحدات,
Frappe,فرابي,
Frequency,تكرر,
Friday,الجمعة,
From,من,
From Date,من تاريخ,
From Date Field,من حقل التاريخ,
From Full Name,من الاسم الكامل,
From User,من المستخدم,
Full,ممتلئ,
Full Name,الاسم الكامل,
Full Width,العرض الكامل,
Function,وظيفة,
GMail,بريد جوجل,
Gantt,جانت,
Gender,جنس,
Generate Keys,توليد مفاتيح,
Geo,الجغرافية,
Geolocation,تحديد الموقع الجغرافي,
Get Contacts,الحصول على اتصالات,
Get your globally recognized avatar from Gravatar.com,الحصول على الرمزية الخاص بك المعترف بها عالميا من Gravatar.com,
Git Branch,فرع جيت,
GitHub,جت هب (GITHUB),
Global Search DocType,البحث العالمي DocType,
Global Search Settings,إعدادات البحث العالمية,
Global Unsubscribe,إلغاء الاشتراك العالمية,
Go to Page,انتقل إلى صفحة,
Google,جوجل,
Google Analytics Anonymize IP,تحليلات جوجل لإخفاء هوية IP,
Google Analytics ID,جوجل تحليلات ID,
Google Calendar,تقويم جوجل,
Google Calendar Event ID,معرف حدث تقويم Google,
Google Calendar ID,معرف تقويم Google,
Google Contacts,اتصالات جوجل,
Google Contacts Id,معرف جهات اتصال Google,
Google Drive,محرك جوجل,
Google Font,خط جوجل,
Google Settings,إعدادات جوجل,
Google Snippet Preview,معاينة Google Snippet,
Grant Type,منحة نوع,
Green,أخضر,
Group,مجموعة,
Group By,مجموعة من,
Group By Based On,تجميع حسب,
Group By Type,مجموعة حسب النوع,
Guest,ضيف,
HH:mm,HH: مم,
HH:mm:ss,HH: MM: SS,
HTML,HTML,
HTML Editor,محرر HTML,
HTML Page,صفحة HTML,
HTML for header section. Optional,HTML لرأس القسم. اختياري,
Half,نصف,
Half Yearly,نصف سنوي,
Half-yearly,نصف سنوي,
Has  Attachment,لديها مرفق,
Has Domain,لديه نطاق,
Has Role,له صلاحية,
Has Web View,لديه عرض الويب,
Header,العنوان الرأسي,
Header HTML,رأس HTML,
Header and Breadcrumbs,رأس وفتات الخبز,
Headers,الترويسات,
Heading,الترويسة,
Heatmap,خريطة الحرارة,
Help,مساعدة,
Help Article,صفحة المساعدة,
Help Articles,مقالات المساعدة,
Help Category,فئة المساعدة,
Help Dropdown,قائمة المساعدة المنسدلة,
Help HTML,مساعدة HTML,
Helvetica,هلفتيكا,
Hidden,مخفي,
Hide,إخفاء,
Hide Block,إخفاء الحظر,
Hide Border,إخفاء الحدود,
Hide CTA,إخفاء CTA,
Hide Copy,إخفاء النسخة,
Hide Custom DocTypes and Reports,إخفاء أنواع المستندات والتقارير المخصصة,
Hide Days,إخفاء الأيام,
Hide Footer Signup,إخفاء التذييل,
Hide Login,إخفاء تسجيل الدخول,
Hide Seconds,إخفاء الثواني,
Hide Standard Menu,إخفاء القائمة الرئيسية,
Hide footer in auto email reports,إخفاء تذييل الصفحة في تقارير البريد الإلكتروني التلقائية,
High,مستوى عالي,
Higher priority rule will be applied first,سيتم تطبيق قاعدة الأولوية الأعلى أولاً,
Highlight,Highlight,
Home,الصفحة الرئيسية,
Home Page,الصفحة الرئيسية,
Home Settings,الإعدادات الرئيسية,
Hourly,باستمرار,
Hourly Long,كل ساعة طويلة,
Hourly rate limit for generating password reset links,حد المعدل بالساعة لإنشاء روابط إعادة تعيين كلمة المرور,
"How should this currency be formatted? If not set, will use system defaults",كيف ينبغي أن يتم تنسيق هذه العملة؟ إذا لم يتم تعيين و، استخدم افتراضيات النظام,
ID (name) of the entity whose property is to be set,ID (اسم) للكيان الذي هو الملكية التي سيتم تحديدها,
IP Address,عنوان IP,
Icon,أيقونة,
Icon will appear on the button,سيظهر الرمز على الزر,
Identity Details,تفاصيل الهوية,
Idx,IDX,
"If Apply Strict User Permission is checked and User Permission is defined for a DocType for a User, then all the documents where value of the link is blank, will not be shown to that User",إذا تم تحديد تطبيق تصريح المستخدم الصارم ويتم تعريف إذن المستخدم لنوع دوكتيبي للمستخدم، فإن جميع المستندات التي تكون فيها قيمة الرابط فارغة، لن يتم عرضها على هذا المستخدم,
If Checked workflow status will not override status in list view,إذا ووضع العمل تم الفحص لا تجاوز الوضع في عرض القائمة,
"If Icon is set, it will be shown instead of Label",إذا تم تعيين الرمز ، فسيتم عرضه بدلاً من التصنيف,
"If checked, all other workflows become inactive.",إذا تم، جميع مهام سير العمل الأخرى تصبح خاملة.,
"If checked, users will not see the Confirm Access dialog.",إذا تم تحديدها، فلن يرى المستخدمون مربع حوار تأكيد الوصول.,
"If disabled, this role will be removed from all users.",إذا تعطيل، ستتم إزالة هذه الصلاحية من كافة المستخدمين.,
"If enabled,  user can login from any IP Address using Two Factor Auth, this can also be set for all users in System Settings",في حالة التمكين ، يمكن للمستخدم تسجيل الدخول من أي عنوان IP باستخدام المصادقة الثنائية ، كما يمكن تعيين ذلك لجميع المستخدمين في إعدادات النظام,
"If enabled, all users can login from any IP Address using Two Factor Auth. This can also be set only for specific user(s) in User Page",إذا تم تمكينه ، يمكن لكافة المستخدمين تسجيل الدخول من أي عنوان IP باستخدام &quot;عامل عامل&quot;. يمكن أيضًا تعيين ذلك لمستخدمين محددين في صفحة المستخدم,
"If enabled, changes to the document are tracked and shown in timeline",في حالة التمكين ، يتم تعقب التغييرات في المستند وعرضها في المخطط الزمني,
"If enabled, document views are tracked, this can happen multiple times",في حالة التمكين ، يتم تعقب طرق عرض المستندات ، وقد يحدث ذلك عدة مرات,
"If enabled, the document is marked as seen, the first time a user opens it",في حالة التمكين ، يتم تمييز المستند على أنه مرئي ، وهي المرة الأولى التي يقوم فيها المستخدم بفتحها,
"If enabled, the notification will show up in the notifications dropdown on the top right corner of the navigation bar.",في حالة التمكين ، سيظهر الإشعار في القائمة المنسدلة للإشعارات أعلى الزاوية اليمنى من شريط التنقل.,
"If enabled, the password strength will be enforced based on the Minimum Password Score value. A value of 2 being medium strong and 4 being very strong.",إذا تم تمكينه، سيتم فرض قوة كلمة المرور استنادا إلى قيمة الحد الأدنى لقيمة كلمة المرور. قيمة 2 كونها متوسطة قوية و 4 قوية جدا.,
"If enabled, users who login from Restricted IP Address, won't be prompted for Two Factor Auth",في حالة التمكين ، لن تتم مطالبة المستخدمين الذين يقومون بتسجيل الدخول من عنوان IP المقيد بـ Two Factor Auth,
"If enabled, users will be notified every time they login. If not enabled, users will only be notified once.",إذا تم تمكينه، فسيتم إشعار المستخدمين في كل مرة يسجلون فيها الدخول. إذا لم يتم تمكينه، فسيتم إشعار المستخدمين مرة واحدة فقط.,
If non standard port (e.g. 587),إذا غير المنفذ الرئيسي (على سبيل المثال 587),
"If non standard port (e.g. 587). If on Google Cloud, try port 2525.",إذا كان المنفذ غير قياسي (على سبيل المثال 587). إذا كنت على Google Cloud ، فجرّب المنفذ 2525.,
"If non-standard port (e.g. POP3: 995/110, IMAP: 993/143)",إذا كان المنفذ غير قياسي (مثل POP3: 995/110 ، IMAP: 993/143),
"If not set, the currency precision will depend on number format",إذا لم يتم تعيينها، فإن دقة العملة تعتمد على تنسيق الأرقام,
"If the user has any role checked, then the user becomes a ""System User"". ""System User"" has access to the desktop","إذا كان المستخدم لديه أي دور تم اختياره، فسيصبح المستخدم ""مستخدم النظام"". ""مستخدم النظام"" لديه حق الوصول إلى سطح المكتب",
If user is the owner,إذا كان المستخدم هو المالك,
"If you set this, this Item will come in a drop-down under the selected parent.",إذا قمت بتعيين هذا ، فإن هذا البند تأتي في قائمة منسدلة تحت الأصل المحدد .,
"If your data is in HTML, please copy paste the exact HTML code with the tags.",إذا كانت البيانات في HTML، يرجى نسخ لصق رمز HTML المحدد مع العلامات.,
Ignore User Permissions,تجاهل صلاحيات المستخدم,
Ignore XSS Filter,تجاهل فلتر XSS,
Ignore attachments over this size,تجاهل إرفاق ملفات أكثر من هذا الحجم,
Ignored Apps,التطبيقات التي تم تجاهلها,
Image,صورة,
Image Field,صورة الميدان,
Image Link,رابط الصورة,
Implicit,ضمني,
Import,استيراد,
Import File,استيراد ملف,
Import File Errors and Warnings,استيراد ملف الأخطاء والتحذيرات,
Import Log,سجل الاستيراد,
Import Log Preview,استيراد سجل معاينة,
Import Preview,استيراد معاينة,
Import Type,نوع الاستيراد,
Import Warnings,استيراد تحذيرات,
Import from Google Sheets,استيراد من جداول بيانات Google,
In Days,في الايام,
In Filter,في تصفية,
In Global Search,في البحث العالمية,
In List View,في عرض القائمة,
In Preview,في المعاينة,
In Reply To,ردا على,
In Standard Filter,في التصفية الرئيسية,
In points. Default is 9.,في نقطة. الافتراضي هو 9.,
In seconds,في ثوان,
Inbox,صندوق الوارد,
Inbox User,مسؤل علبة الوارد,
Include Search in Top Bar,اضافة البحث في الشريط العلوي,
Include Web View Link in Email,إرسال ارتباط عرض الويب للمستند بالبريد الإلكتروني,
Index,مؤشر,
Index Web Pages for Search,فهرس صفحات الويب للبحث,
Indexing Authorization Code,رمز ترخيص الفهرسة,
Indexing Refresh Token,رمز تحديث الفهرسة,
Indicator,مؤشر,
Indicator Color,لون المؤشر,
Info,معلومات,
Initial Sync Count,عدد مزامنة الأولي,
InnoDB,InnoDB,
Insert After,إدراج بعد,
Insert New Records,أدخل سجلات جديدة,
Insert Style,إدراج نمط,
Installed Application,التطبيق المثبت,
Installed Applications,التطبيقات المثبتة,
Int,الباحث,
Integration Request,التكامل طلب,
Integrations,التكاملات,
Integrations can use this field to set email delivery status,يمكن التكامل استخدام هذا الحقل لتغيير الحالة تسليم البريد الإلكتروني,
Interests,الإهتمامات او الفوائد,
Intermediate,متوسط,
Internal record of document shares,السجل الداخلي للأسهم وثيقة,
Introduce your company to the website visitor.,اعرض شركتك لزائرن الموقع الألكتروني,
Introduction,مقدمة,
Introductory information for the Contact Us Page,المعلومات التمهيدية لصفحة اتصل بنا,
Invalid,غير صالحة,
Inverse,معكوس,
Is Active,نشط,
Is Attachments Folder,هو مجلد المرفقات,
Is Billing Contact,هو جهة اتصال الفوترة,
Is Child Table,هو الجدول التابع,
Is Complete,كاملة,
Is Completed,قد اكتمل,
Is Custom Field,هو حقل مخصص,
Is Default,افتراضي,
Is Folder,هو مجلد,
Is Home Folder,هو المجلد الرئيسي,
Is Mandatory Field,هو حقل إلزامي,
Is Optional State,هو الدولة اختياري,
Is Primary,هو الابتدائية,
Is Primary Contact,هو جهة الاتصال الرئيسية,
Is Primary Mobile,هو المحمول الأساسي,
Is Primary Phone,هو الهاتف الأساسي,
Is Private,غير الخاصة,
Is Public,عام,
Is Published Field,ونشرت الميدان,
Is Single,مفردة,
Is Skipped,تم تخطي,
Is Spam,هو المزعج,
Is Standard,هو معيار,
Is Submittable,يستطيع الاعتماد,
Is Table,هو الجدول,
Is Tree,هي شجرة,
Is Unique,فريد من نوعة,
Is Your Company Address,يكون عنوان شركتك,
Item Label,تسمية العنصر,
Item Type,نوع العنصر,
JS,JS,
JSON,JSON,
JSON Request Body,طلب JSON الجسم,
JavaScript,جافا سكريبت,
JavaScript Format: frappe.query_reports['REPORTNAME'] = {},جافا سكريبت الصيغة: frappe.query_reports [' REPORTNAME '] = { },
Javascript,جافا سكريبت,
Jinja,جينجا,
Kanban,لوحة المهام,
Kanban Board,لوح كانبان,
Kanban Board Column,عمود لوح كانبان,
Kanban Board Name,اسم لوح كانبان,
Keep track of all update feeds,تتبع جميع يغذي التحديث,
Keeps track of all communications,بتتبع جميع الاتصالات,
Key,مفتاح,
Keyboard Shortcuts,اختصارات لوحة المفاتيح,
Knowledge Base Contributor,مشارك قاعدة المعرفة,
Knowledge Base Editor,محرر قاعدة المعرفة,
LDAP Email Field,LDAP البريد الإلكتروني الميدان,
LDAP First Name Field,LDAP الاسم الميدان,
LDAP Group,مجموعة LDAP,
LDAP Group Field,حقل مجموعة LDAP,
LDAP Group Mapping,تعيين مجموعة LDAP,
LDAP Group Mappings,تعيينات LDAP,
LDAP Last Name Field,حقل اسم العائلة LDAP,
LDAP Middle Name Field,حقل الاسم الأوسط LDAP,
LDAP Mobile Field,LDAP Mobile Field,
LDAP Phone Field,حقل هاتف LDAP,
LDAP Search String,LDAP بحث سلسلة,
LDAP Security,أمان LDAP,
LDAP Server Url,خادم LDAP رابط,
LDAP Settings,إعدادات LDAP,
LDAP User Creation and Mapping,إنشاء مستخدم LDAP ورسم الخرائط,
LDAP Username Field,LDAP اسم المستخدم الميدان,
Label,ملصق,
Label Help,التسمية تعليمات,
Label and Type,التسمية و النوع,
Landing Page,الصفحة المقصودة,
Language,اللغة,
Language Code,كود اللغة,
Language Name,اسم اللغة,
Last Active,آخر تواجد في,
Last Backup On,آخر النسخ الاحتياطي على,
Last Execution,آخر تنفيذ,
Last IP,أخر IP,
Last Known Versions,المعروفة إصدارات مشاركة,
Last Login,آخر تسجيل دخول,
Last Month,الشهر الماضي,
Last Name,اسم العائلة,
Last Password Reset Date,تاريخ إعادة تعيين كلمة المرور الأخيرة,
Last Point Allocation Date,تاريخ تخصيص النقطة الأخيرة,
Last Quarter,الربع الأخير,
Last Sync On,آخر مزامنة تشغيل,
Last Synced On,آخر مزامنة في,
Last User,آخر مستخدم,
Last Week,الاسبوع الماضي,
Last Year,العام الماضي,
Lead Conversion Time,وقت تحويل الزبون المحتمل,
Leaderboard,المتصدرين,
Leave blank to repeat always,اتركه فارغ لتكرار دائما,
Ledger,حساب الاستاد,
Left,ترك,
Legal,قانوني,
Length,طول,
Letter,رسالة,
Letter Head,ترئيس الرسالة,
Letter Head Based On,رسالة رئيس بناء على,
Letter Head Image,صورة رأس الرسالة,
Letter Head Name,اسم ترئيس الرسالة,
Letter Head in HTML,ترئيس الرسالة كصيغة HTML,
Level,المستوى,
Level Name,اسم المستوى,
License,رخصة,
Light Color,لون فاتح,
Like,مثل,
Likes,اعجابات,
Limit,حد,
Limit Number of DB Backups,الحد من عدد النسخ الاحتياطية DB,
Line,خط,
Link,حلقة الوصل,
Link Cards,بطاقات الارتباط,
Link DocType,رابط الاستمارة,
Link Document Type,رابط نوع الوثيقة,
Link Fieldname,اسم الحقل الرابط,
Link Name,اسم الرابط,
Link Title,لينك تيتل,
Link To,رابط ل,
Link to the page you want to open. Leave blank if you want to make it a group parent.,الرابط إلى الصفحة التي تريد فتحها. اتركه فارغا إذا كنت تريد أن تجعل من أحد الوالدين المجموعة.,
Linked,مرتبط,
Linked Documents,المستندات المرتبطة,
Links,الروابط,
List,قائمة,
List Filter,تصفية القائمة,
List Settings,إعدادات القائمة,
List View Settings,إعدادات عرض القائمة,
"List as [{""label"": _(""Jobs""), ""route"":""jobs""}]",القائمة كما [{ &quot;التسمية&quot;: _ ( &quot;وظائف&quot;)، &quot;الطريق&quot;: &quot;وظائف&quot;}],
List of patches executed,قائمة من بقع أعدمت,
Load Balancing,تحميل موازنة,
Location,الموقع,
Log,سجل,
Log Data,تسجيل البيانات,
Log Setting User,مستخدم إعداد السجل,
Log Settings,إعدادات السجل,
Login,دخول,
Login After,بعد الدخول,
Login Before,تسجيل الدخول قبل,
Login Required,تسجيل الدخول مطلوب,
Logo Width,عرض الشعار,
Logout,خروج,
Logout All Sessions on Password Reset,تسجيل الخروج من جميع الجلسات عند إعادة تعيين كلمة المرور,
Logout From All Devices After Changing Password,تسجيل الخروج من جميع الأجهزة بعد تغيير كلمة المرور,
Long Text,نص طويل,
Low,منخفض,
Main Section,القسم العام,
Main Section (HTML),القسم الرئيسي (HTML),
Main Section (Markdown),القسم الرئيسي (تخفيض السعر),
Maintenance Manager,مدير الصيانة,
Maintenance User,عضو الصيانة,
"Make ""name"" searchable in Global Search","اجعل ""الاسم"" قابلا للبحث في البحث العالمي",
Mandatory,إلزامي,
Mandatory Depends On,إلزامي يعتمد على,
Map route parameters into form variables. Example <code>/project/&lt;name&gt;</code>,تعيين معلمات الطريق في متغيرات النموذج. مثال <code>/project/&lt;name&gt;</code>,
Markdown,مصغر,
Markdown Editor,محرر تخفيض السعر,
Marked As Spam,محددة كدعايات,
Max 500 records at a time,500 سجل كحد أقصى في نفس الوقت,
Max Attachment Size (in MB),أقصى حجم للمرفقات (ميغابايت),
Max Attachments,الحد الأقصى للمرفقات,
Max Length,الحد الاقصى للطول,
Max Value,القيمة القصوى,
Maximum,أقصى,
Maximum Number of Fields,أقصى عدد من الحقول,
Maximum Points,النقاط القصوى,
Medium,متوسط,
Meeting,لقاء,
Mention,أشير,
Mentions,يذكر,
Message,رسالة,
Message (HTML),الرسالة (HTML),
Message (Markdown),الرسالة (Markdown),
Message Examples,أمثلة رسالة,
Message ID,معرف الرسالة,
Message Parameter,معامل الرسالة,
Message-id,معرف الرسالة,
Meta Description,ميتا الوصف,
Meta Image,صورة ميتا,
Meta Tags,العلامات الفوقية,
Meta Title,عنوان الفوقية,
Method,طريقة,
Middle Name,الاسم الأوسط,
Milestone,معلم,
Milestone Tracker,معلما المقتفي,
Minimum,الحد الأدنى,
Minimum Password Score,الحد الأدنى من كلمة المرور,
Mobile No,رقم الجوال,
Module,وحدة,
Module Def,تعريف وحدة برمجية,
Module Name,اسم وحدة,
Module Onboarding,وحدة Onboarding,
Modules HTML,وحدات HTML,
Monday,يوم الاثنين,
Monospace,معدل النصوص والشروط,
Monthly,شهريا,
Monthly Long,الشهرية الطويلة,
More Information,المزيد من المعلومات,
More content for the bottom of the page.,المزيد من المحتوى لأسفل الصفحة.,
Multiplier Field,حقل المضاعف,
Must be a publicly accessible Google Sheets URL,يجب أن يكون عنوان URL الخاص بجداول بيانات Google متاحًا للجميع,
"Must be of type ""Attach Image""",يجب أن يكون من نوع &quot;إرفاق صورة&quot;,
Mute Sounds,كتم الصوتيات,
MyISAM,MYISAM,
Name,اسم,
Naming,التسمية,
Naming Series,سلسلة التسمية,
Navbar,نافبار,
Navbar Item,عنصر Navbar,
Navbar Settings,إعدادات Navbar,
Navbar Template,قالب نافبار,
Navbar Template Values,قيم قالب نافبار,
New,جديد,
New Name,اسم جديد,
New value to be set,القيمة الجديدة التي سيتم تحديدها,
Newsletter,النشرة الإخبارية,
Newsletter Email Group,البريد الإلكتروني المجموعة البريدية,
Newsletter Manager,مدير النشرة الإخبارية,
Next Action Email Template,التالي عمل قالب البريد الإلكتروني,
Next Actions HTML,العمليات القادمة HTML,
Next Schedule Date,تاريخ الجدول التالي,
Next State,الحالية التالية,
Next Sync Token,Next Sync Token,
No,لا,
No Copy,اي نسخة,
No of Requested SMS,رقم رسائل SMS  التي طلبت,
No of Rows (Max 500),عدد الصفوف (بحد أقصى 500),
No of Sent SMS,رقم رسائل SMS  التي أرسلت,
Non Negative,غير سلبي,
None,لا شيء,
Not Sent,لا ترسل,
Note,ملاحظات,
Note Seen By,ملاحظة يراها,
Note: By default emails for failed backups are sent.,ملاحظة: يتم إرسال رسائل البريد الإلكتروني الافتراضية لعمليات النسخ الاحتياطي الفاشلة.,
"Note: For best results,  images must be of the same size and width must be greater than height.",ملاحظة: للحصول على أفضل النتائج ، يجب أن تكون الصور بنفس الحجم والعرض يجب أن يكون أكبر من الارتفاع.,
Note: Multiple sessions will be allowed in case of mobile device,ملاحظة: سيتم السماح جلسات متعددة في حالة جهاز الموبايل,
Notification,إعلام,
Notification Log,سجل الإخطار,
Notification Recipient,مستلم الإعلام,
Notification Settings,إعدادات الإشعار,
Notification Subscribed Document,وثيقة الاشتراك المكتوبة,
Notifications,إخطارات,
Notifications and bulk mails will be sent from this outgoing server.,سيتم إرسال إخطارات ورسائل السائبة من هذا الخادم المنتهية ولايته.,
Notify Users On Every Login,إعلام المستخدمين على كل تسجيل الدخول,
Notify by Email,الإخطار عن طريق البريد الإلكتروني,
Notify by email,إبلاغ عبر البريد الإلكتروني,
Notify if unreplied,يخطر إذا لا تحوي على ردود,
Notify if unreplied for (in mins),يخطر إذا لا تحوي على ردود ل (في دقيقة),
Notify users with a popup when they log in,إعلام المستخدمين مع منبثقة عندما يقومون بتسجيل الدخول,
Number Card,بطاقة رقم,
Number Card Link,رابط بطاقة الرقم,
Number Cards,عدد البطاقات,
Number Format,تنسيق الرقم,
Number of Backups,عدد النسخ الاحتياطية,
Number of DB Backups,عدد النسخ الاحتياطية DB,
Number of Groups,عدد المجموعات,
Number of columns for a field in a Grid (Total Columns in a grid should be less than 11),عدد الأعمدة للحقل في الشبكة (يجب أن يكون مجموع الأعمدة في شبكة أقل من 11),
Number of columns for a field in a List View or a Grid (Total Columns should be less than 11),عدد الأعمدة للحقل في قائمة عرض أو الشبكة (يجب أن يكون مجموع الأعمدة أقل من 11),
OAuth Authorization Code,مصادقة رمز التفويض,
OAuth Bearer Token,حامل رمز المصادقة,
OAuth Client,عميل OAuth,
OAuth Client ID,معرف عميل OAuth,
OAuth Provider Settings,إعدادات موفرOAuth,
OTP App,تطبيق كلمة السر الفريدة,
OTP Issuer Name,اسم جهة مكتب المدعي العام,
Off,إيقاف,
Office,مكتب,
Office 365,مكتب 365,
Older backups will be automatically deleted,سيتم حذف النسخ الاحتياطية القديمة تلقائيا,
On Hold,في الانتظار,
Onboarding Permission,إذن على متن الطائرة,
Onboarding Step,خطوة Onboarding,
Onboarding Step Map,خريطة خطوة Onboarding,
"Once submitted, submittable documents cannot be changed. They can only be Cancelled and Amended.",بمجرد إرسالها ، لا يمكن تغيير المستندات المقدمة. يمكن إلغاؤها وتعديلها فقط.,
Only Allow Edit For,السماح بالتحرير فقط لـ,
Only Send Records Updated in Last X Hours,فقط إرسال السجلات التي تم تحديثها في آخر X ساعات,
Open,فتح,
Open Documents,المستندات المفتوحة,
Open Reference Document,افتح مستند مرجعي,
Open URL in a New Tab,افتح URL في علامة تبويب جديدة,
Open a dialog with mandatory fields to create a new record quickly,افتح مربع حوار مع الحقول الإلزامية لإنشاء سجل جديد بسرعة,
Opened,افتتح,
Operation,عملية,
Optional: Always send to these ids. Each Email Address on a new row,اختياري: إرسال دوما إلى هذه المعرفات. كل عنوان البريد الإلكتروني على صف جديد,
Optional: The alert will be sent if this expression is true,اختياري: سيتم إرسال التنبية إذا كان هذا التعبير صحيح,
Options,خيارات,
Options Help,خيارات مساعدة,
Orange,البرتقالي,
Order,طلب,
Org History,تاريخ المنظمة,
Org History Heading,عنوان تاريخ المنظمة,
Other,آخر,
Outlook.com,Outlook.com,
Output,الناتج,
PDF Page Size,حجم صفحة صيغة PDF,
PDF Settings,إعدادات PDF,
Page,الصفحة,
Page Break,فاصل الصفحة,
Page Builder,منشئ الصفحة,
Page Building Blocks,كتل إنشاء الصفحة,
Page HTML,صفحة HTML,
Page Name,اسم الصفحة,
Page Settings,إعدادات الصفحة,
Parameter,المعلمة,
Parent Field (Tree),حقل الأصل (شجرة),
Parent Label,الإسم الأصل,
Partial Success,نجاح جزئي,
Participants,المشاركين,
Passive,غير فعال,
Password,كلمة السر,
Password Reset Link Generation Limit,حد إنشاء ارتباط إعادة تعيين كلمة المرور,
Password for Base DN,كلمة السر لقاعدة DN,
Patch,بقعة,
Patch Log,سجل التصحيح,
Path,مسار,
Path to CA Certs File,الطريق إلى CA Certs ملف,
Path to Server Certificate,المسار إلى شهادة الخادم,
Path to private Key File,الطريق إلى ملف مفتاح خاص,
Pending,معلق,
Pending Approval,ما زال يحتاج بتصدير,
Pending Verification,في انتظار التحقق,
Percent,في المئة,
Percentage,النسبة المئوية,
Period,فترة,
Perm Level,مستوى الصلاحيات,
Permanent,دائم,
Permission Level,مستوى الصلاحيات,
Permission Rules,إذن قوانين,
Permissions,الصلاحيات,
Permitted Documents For User,المستندات يسمح للمستخدم,
Personal,الشخصية,
Personal Data Deletion Request,طلب حذف البيانات الشخصية,
Personal Data Download Request,طلب تنزيل البيانات الشخصية,
Phone,هاتف,
Phone No.,رقم الهاتف,
Phone Number,رقم الهاتف,
Pie,فطيرة,
Pincode,رمز Pin,
Plant,مصنع,
Point Allocation Periodicity,نقطة التخصيص الدورية,
Points,نقاط,
Port,المنفذ,
Portal Menu,البوابة القائمة,
Portal Menu Item,بوابة عنصر القائمة,
Portal Settings,إعدادات البوابة,
Position,موضع,
Postal,بريدي,
Postal Code,الرمز البريدي,
Precision,دقة,
Preferred Billing Address,عنوان الفواتير المفضل,
Preferred Shipping Address,عنوان النقل البحري المفضل,
Prefix,بادئة,
Prepared Report,أعد التقرير,
Prepared Report User,إعداد تقرير المستخدم,
Preview,معاينة,
Preview HTML,معاينة HTML,
Preview Message,عرض الرسالة,
Previous Hash,السابق هاش,
Primary,أساسي,
Primary Color,لون أصلي,
Print,طباعة,
Print Format,تنسيق الطباعة,
Print Format Builder,منشئ تنسيق الطباعة,
Print Format Help,تنسيق الطباعة مساعدة,
Print Format Type,نوع تنسيق الطباعة,
Print Hide,اخفاء الطباعة,
Print Hide If No Value,طباعة إخفاء إذا لا قيمة,
Print Server,ملقم الطباعة,
Print Settings,إعدادات الطباعة,
Print Style,الطباعة ستايل,
Print Style Name,اسم نمط الطباعة,
Print Style Preview,معاينة قبل الطباعة ستايل,
Print UOM after Quantity,اطبع UOM بعد الكمية,
Print Width,طباعة العرض,
"Print Width of the field, if the field is a column in a table",حقل عرض الطباعة، إذا كان الحقل عمود في الجدول,
Print taxes with zero amount,طباعة الضرائب مع مبلغ صفر,
Print with letterhead,طباعة مع ترويسة,
Printer Name,اسم الطابعة,
Printing,طبع,
Priority,أفضلية,
Private,خاص,
ProTip: Add <code>Reference: {{ reference_doctype }} {{ reference_name }}</code> to send document reference,ProTip: إضافة <code>Reference: {{ reference_doctype }} {{ reference_name }}</code> لإرسال وثيقة مرجعية,
Property,ممتلكات,
Property Depends On,الملكية تعتمد على,
Property Setter,الملكية واضعة,
Property Setter overrides a standard DocType or Field property,الملكية واضعة يتجاوز على DOCTYPE القياسية أو الممتلكات الميدان,
Property Type,نوع الملكية,
Provider,المزود,
Provider Name,اسم المزود,
Public,جمهور,
Publish,نشر,
Published,نشرت,
Published On,نشرت في,
Pull from Google Calendar,سحب من تقويم جوجل,
Pull from Google Contacts,سحب من اتصالات جوجل,
Pulled from Google Calendar,تم سحبها من تقويم Google,
Pulled from Google Contacts,سحبت من اتصالات جوجل,
Purchase Manager,مدير المشتريات,
Purchase Master Manager,المدير الرئيسي للمشتريات,
Purchase User,عضو الشراء,
Purple,أرجواني,
Push to Google Calendar,اضغط على تقويم Google,
Push to Google Contacts,اضغط على جهات اتصال Google,
Quarterly,فصلي,
Query,سؤال,
Query / Script,استعلام / برنامج نصي,
Query Options,خيارات الاستعلام,
Query Report,الاستعلام عن,
Queued,قائمة الانتظار,
Quick Entry,إدخال سريع,
RAW Information Log,سجل معلومات RAW,
Random,عشوائي,
Rating,تقييم,
Raw Commands,أوامر الخام,
Raw Email,البريد الإلكتروني الخام,
Raw Printing,الطباعة الخام,
Read,قرأ,
Read Only,للقراءة فقط,
Read Only Depends On,قراءة يعتمد فقط على,
Read Time,وقت القراءة,
Read by Recipient,قراءة من قبل المتلقي,
Read by Recipient On,قراءة من قبل المتلقي,
Reason,سبب,
Received,تلقيت,
Receiver By Document Field,المتلقي حسب حقل المستند,
Receiver By Role,المتلقي حسب الدور,
Receiver Parameter,معامل المستقبل,
Recipient,مستلم,
Recipient Unsubscribed,المتلقي غير المشتركين,
Recipients,المستلمين,
Recorder,مسجل,
Red,أحمر,
Redirect URI Bound To Auth Code,إعادة التوجيه URI ملزمة لكود التفويض,
Redirect URIs,إعادة توجيه محددات,
Redirect URL,إعادة توجيه URL,
Ref DocType,المرجع DOCTYPE,
Reference,مرجع,
Reference Date,المرجع تاريخ,
Reference DocName,مرجع DocName,
Reference DocType,مرجع DOCTYPE,
Reference Docname,إشارة DocName,
Reference Doctype,مرجع Doctype,
Reference Document,وثيقة مرجعية,
Reference Document Name,اسم الوثيقة المرجعية,
Reference Document Type,مرجع نوع الوثيقة,
Reference Name,اسم الإشارة,
Reference Owner,إشارة المالك,
Reference Report,تقرير مرجعي,
Reference Type,نوع المرجع,
Reference name,اسم المرجع,
Referrer,المرجع,
Refresh Google Sheet,قم بتحديث ورقة Google,
Refresh Token,تحديث رمز,
Rejected,مرفوض,
Relinked,إعادة ربط,
Reload,تحديث,
Remember Last Selected Value,تذكر آخر مختارة القيمة,
Reminder,تذكير,
Repeat On,كرر على,
Repeat Till,تكرار حتى,
Repeat on Day,كرر يوم,
Repeat on Last Day of the Month,كرر في اليوم الأخير من الشهر,
Repeat this Event,كرر هذا الحدث,
Replied,رد,
Reply,رد,
Report,تقرير,
Report Builder,تقرير منشئ,
Report Column,عمود التقرير,
Report Description,وصف تقرير,
Report Filter,عامل تصفية التقرير,
Report Filters,مرشحات تقرير,
Report Hide,إخفاء التقرير,
Report Information,تقرير المعلومات,
Report Manager,مدير التقارير,
Report Name,تقرير الاسم,
Report Reference Doctype,تقرير مرجع Doctype,
Report Type,نوع التقرير,
Reports,تقارير,
Represents a User in the system.,يمثل العضو في النظام.,
Represents the states allowed in one document and role assigned to change the state.,يمثل الحالات المسموح بها في وثيقة واحدة لصلاحية المنوط بها تغيير الحالة.,
Request Data,طلب البيانات,
Request Structure,طلب هيكل,
Request URL,طلب عنوان ورل,
Requested Numbers,الأرقام المطلوبة,
Require Trusted Certificate,طلب شهادة موثوق بها,
Reset Password Key,إعادة تعيين كلمة المرور الرئيسية,
Response,الإستجابة,
Response Type,نوع الاستجابة,
Restored,رمم,
Restrict IP,تقييد IP,
Restrict To Domain,تقييد على المجال,
Restrict to Domain,تقييد النطاق,
Restrict user from this IP address only. Multiple IP addresses can be added by separating with commas. Also accepts partial IP addresses like (111.111.111),تقييد المستخدم من هذا العنوان IP فقط. يمكن إضافة عناوين IP متعددة عن طريق فصل بفواصل. يقبل أيضا عناوين IP جزئية مثل (111.111.111),
Retry,إعادة المحاولة,
Reverse Icon Color,عكس دلالات اللون,
Revert,العودة,
Revert Of,العودة من,
Reverted,عادت,
Review,إعادة النظر,
Review Level,مراجعة المستوى,
Review Levels,مراجعة المستويات,
Review Points,مراجعة النقاط,
Revoked,إلغاء,
Rich Text,نص منسق,
Right,حق,
Robots.txt,ملف robots.txt,
Role,صلاحية,
Role Name,اسم الدور,
Role Permission for Page and Report,إذن الدور للصفحة والتقرير,
Role Permissions,اذونات الصلاحيات,
Role Permissions Manager,مدير ضوابط الصلاحيات,
Role Profile,الملف الشخصي,
Role and Level,مستوى الصلاحية,
Roles,الصلاحيات,
Roles Assigned,الصلاحيات المسندة,
Roles HTML,الأدوار HTML,
Roles Html,أدوار Html,
Round Robin,جولة روبن,
Route,مسار,
Route History,سجل الطريق,
Route Redirects,إعادة توجيه الطريق,
"Route: Example ""/desk""",المسار: مثال &quot;/ مكتب&quot;,
Row Index,مؤشر الصف,
Row Name,اسم الصف,
Rows Added,واضاف الصفوف,
Rows Removed,الصفوف إزالتها,
Rule,قاعدة,
Rule Conditions,شروط القاعدة,
Rule Name,اسم القاعدة,
Rules defining transition of state in the workflow.,القوانين التي تحدد انتقال الحالة في سير العمل.,
"Rules for how states are transitions, like next state and which role is allowed to change state etc.",ويسمح النظام لكيفية قيام الولايات التحولات، مثل الدولة والتي المقبل دور في تغيير الدولة الخ.,
Rules with higher priority number will be applied first.,سيتم تطبيق القواعد ذات رقم الأولوية الأعلى أولاً.,
Run Jobs only Daily if Inactive For (Days),شغِّل الوظائف فقط يوميًا إذا كان غير نشط (أيام),
Run scheduled jobs only if checked,تشغيل المهام المجدولة الا إذا دققت,
S3 Backup Settings,إعدادات النسخ الاحتياطي لـ S3,
S3 Bucket Details,تفاصيل دلو S3,
SMS,رسالة قصيرة,
SMS Gateway URL,SMS بوابة URL,
SMS Log,SMS سجل رسائل,
SMS Parameter,SMS متغيرات,
SMS Settings,SMS إعدادات,
SMTP Settings for outgoing emails,إعدادات SMTP لرسائل البريد الإلكتروني الصادرة,
"SQL Conditions. Example: status=""Open""",شروط SQL. على سبيل المثال: الحالة = &quot;فتح&quot;,
SSL/TLS Mode,وضع SSL / TLS,
Sales Manager,مدير المبيعات,
Sales Master Manager,المدير الرئيسي للمبيعات,
Sales User,عضو المبيعات,
Salesforce,قوة المبيعات,
Salutation,اللقب,
Sample,عينة,
Saturday,السبت,
Save,حفظ,
Scheduled,من المقرر,
Scheduled Job,الوظيفة المجدولة,
Scheduled Job Log,سجل الوظائف المجدولة,
Scheduled Job Type,نوع الوظيفة المجدولة,
Scheduled To Send,من المقرر أن ترسل,
Scheduler Event,حدث المجدول,
Scope,نطاق,
Scopes,نطاقات,
Script,سيناريو,
Script Manager,مدير البرنامج النصي,
Script Report,تقرير النصي,
Script Type,نوع البرنامج النصي,
Script to attach to all web pages.,النصي لنعلق على كل صفحات الويب.,
Search Fields,البحث الحقول,
Search Priorities,أولويات البحث,
Section,الجزء,
Section Break,فاصل قسم,
Security Settings,إعدادات الأمان,
Seen,رأيت,
Seen By,تمت رؤيته بواسطة,
Seen By Table,ينظر من خلال الجدول,
Select,حدد,
Select Dashboard,اختر لوحة القيادة,
Select Date Range,اختر نطاق التاريخ,
Select DocType,حدد نوع المستند,
Select Doctype,حدد نوع المستند,
Select Transaction,حدد المعاملات,
Select an image of approx width 150px with a transparent background for best results.,اختر صورة بعرض 150px تقريبا مع خلفية شفافة لنتيجة افضل,
Select the label after which you want to insert new field.,حدد التسمية بعد الذي تريد إدراج حقل جديد.,
Send After,إرسال بعد,
Send Alert On,إرسال تنبيه في,
Send Email Alert,إرسال تنبيه عبر البريد الإلكتروني,
Send Email Print Attachments as PDF (Recommended),إرسال البريد الإلكتروني المرفقات طباعة بصيغة PDF (مستحسن),
Send Email for Successful Backup,إرسال بريد إلكتروني للنجاح النسخ الاحتياطي,
Send Email for Successful backup,إرسال بريد إلكتروني للنجاح النسخ الاحتياطي,
Send Me A Copy of Outgoing Emails,أرسل لي نسخة من رسائل البريد الإلكتروني الصادرة,
Send Notification To,إرسال إشعار ل,
Send Notification to,إرسال إشعار إلى,
Send Notifications For Documents Followed By Me,إرسال إخطارات للمستندات التي اتبعتها,
Send Notifications For Email Threads,إرسال إخطارات لمواضيع البريد الإلكتروني,
Send Notifications To,إرسال إشعارات إلى,
Send Print as PDF,إرسال الطباعة بصيغة PDF,
Send System Notification,إرسال إشعار النظام,
Send To All Assignees,أرسل إلى جميع المعينين,
Send Unsubscribe Link,إرسال رابط إلغاء الإشتراك,
Send Welcome Email,إرسال رسالة ترحيبية,
Send alert if date matches this field's value,إرسال تنبيه إذا تاريخ توافق مع قيمة هذا الحقل,
Send alert if this field's value changes,إرسال تنبيه إذا تغيرت قيمة هذا الحقل,
Send an email reminder in the morning,إرسال رسالة تذكير في الصباح,
Send days before or after the reference date,إرسال أيام قبل أو بعد التاريخ المرجعي,
Send enquiries to this email address,إرسال الاستفسارات إلى عنوان البريد الإلكتروني هذا,
Send only if there is any data,إرسال فقط إذا كان هناك أي بيانات,
Send unsubscribe message in email,إرسال رسالة إلغاء الاشتراك في البريد الإلكتروني,
Sender,مرسل,
Sender Email,البريد الإلكتروني المرسل,
Sender Name,اسم المرسل,
Sendgrid,Sendgrid,
Sending,إرسال,
Sent,أرسلت,
Sent On,ارسلت في,
Sent Read Receipt,أرسلت مقروءة إيصال,
Sent To,يرسل الى,
Sent or Received,المرسلة أو المتلقاة,
Sent/Received Email,البريد المرسل / المستلم,
Separator,فاصل,
Sequence Id,معرف التسلسل,
Series List for this Transaction,قائمة متسلسلة لهذه العملية,
Server Action,عمل الخادم,
Server IP,خادم IP,
Server Script,خادم النصي,
Service,خدمة,
Session Default,الجلسة الافتراضية,
Session Default Settings,إعدادات الجلسة الافتراضية,
Session Defaults,الجلسة الافتراضية,
Set Banner from Image,تعيين ترويسة من الصورة,
"Set Default Options for all charts on this Dashboard (Ex: ""colors"": [""#d1d8dd"", ""#ff5858""])",تعيين الخيارات الافتراضية لجميع الرسوم البيانية في لوحة المعلومات هذه (على سبيل المثال: &quot;الألوان&quot;: [&quot;# d1d8dd&quot;، &quot;# ff5858&quot;]),
Set New Password,وضع كلمة سر جديدة,
Set Property After Alert,تعيين الملكية بعد تنبيه,
Set Role For,تعيين صلاحية لل,
Set Value,تعيين القيمة,
Set non-standard precision for a Float or Currency field,تعيين الدقة غير القياسية لحقل تعويم أو العملات,
Settings,إعدادات,
Settings Dropdown,قائمة الإعدادات المنسدلة,
Settings for Contact Us Page,إعدادات صفحة الاتصال بنا,
Settings for the About Us Page,إعدادات لمن نحن الصفحة,
Setup,الإعدادات,
Setup Complete,الإعداد كاملة,
Setup Wizard,معالج الإعدادات,
Share,مشاركة,
Shared,مشتركة,
Shipping,الشحن,
Shop,تسوق,
Short Name,الاسم المختصر,
Shortcuts,اختصارات,
Show Attachments,عرض المرفقات,
Show Dashboard,عرض لوحة القيادة,
Show Document,عرض المستند,
Show Failed Logs,إظهار السجلات الفاشلة,
Show Form Tour,إظهار جولة في النموذج,
Show Full Error and Allow Reporting of Issues to the Developer,إظهار خطأ كامل والسماح للإبلاغ عن القضايا إلى المطور,
Show Full Form?,إظهار الشكل الكامل؟,
Show Line Breaks after Sections,فواصل عرض الخط بعد الأقسام,
Show Percentage Stats,إظهار إحصائيات النسبة المئوية,
Show Preview Popup,إظهار معاينة المنبثقة,
Show Report,عرض تقرير,
Show Section Headings,عرض عناوين القسم,
Show Sidebar,مشاهدة الشريط الجانبي,
Show Title,اظهار العنوان,
Show as cc,كما تظهر سم مكعب,
Show full form instead of a quick entry modal,إظهار شكل كامل بدلاً من إدخال سريع مشروط,
Show in Module Section,تظهر في القسم وحدة,
Show in filter,اعرض في الفلتر,
Show percentage difference according to this time interval,إظهار فرق النسبة المئوية وفقًا لهذا الفاصل الزمني,
"Show title in browser window as ""Prefix - title""","اظهار العنوان في نافذة المتصفح كما ""بادئة - عنوان""",
Sidebar Items,عناصر الشريط الجانبي,
Sidebar Settings,إعدادات الشريط الجانبي,
Sidebar and Comments,الشريط الجانبي وتعليقات,
Signature,توقيع,
"Simple Python Expression, Example: Status in (""Closed"", ""Cancelled"")",تعبير Python البسيط ، مثال: الحالة في (&quot;مغلق&quot; ، &quot;تم الإلغاء&quot;),
"Simple Python Expression, Example: Status in (""Invalid"")",تعبير Python البسيط ، مثال: الحالة في (&quot;غير صالح&quot;),
"Simple Python Expression, Example: status == 'Open' and type == 'Bug'",تعبير Python البسيط ، مثال: status == &#39;Open&#39; واكتب == &#39;Bug&#39;,
Simultaneous Sessions,جلسات متزامنة,
Single Types have only one record no tables associated. Values are stored in tabSingles,أنواع واحد يكون سجل واحد فقط لا الجداول المرتبطة . يتم تخزين القيم في tabSingles,
Skip Authorization,تجاهل حق الوصول,
Skype,سكايب,
Slack,تثاقل,
Slack Channel,قناة سلاك,
Slack Webhook URL,Slack Webhook URL,
Slideshow,عرض الشرائح,
Slideshow Items,عرض الشرائح عناصر,
Slideshow Name,اسم العرض,
Slideshow like display for the website,عرض الشرائح مثل عرض للموقع,
Small Text,نص صغير,
Smallest Currency Fraction Value,أصغر قيمه كسر العملة,
Smallest circulating fraction unit (coin). For e.g. 1 cent for USD and it should be entered as 0.01,أصغر وحدة تعميم جزء (عملة). على سبيل المثال ل 1 في المائة لUSD ويجب إدخال كما 0.01,
Social,اجتماعي,
Social Link Settings,إعدادات الارتباط الاجتماعي,
Social Link Type,نوع الارتباط الاجتماعي,
Social Login Key,مفتاح تسجيل الدخول الاجتماعي,
Social Login Provider,موفر تسجيل الدخول الاجتماعي,
Social Logins,تسجيل الدخول الاجتماعي,
Soft-Bounced,لينة المرتجعة,
Sort Field,نوع الحقل,
Sort Order,ترتيب,
Source,المصدر,
Source Name,اسم المصدر,
Source Text,النص المصدر,
Spam,بريد مؤذي,
SparkPost,SparkPost,
Standard,اساسي,
Standard Sidebar Menu,قائمة الشريط الجانبي الرئيسية,
Start Date,تاريخ البدء,
Start Date Field,تاريخ البدء الحقل,
Start Time,بداية الوقت,
StartTLS,STARTTLS,
Started,بدأت,
Starts on,يبدأ يوم,
State,حالة,
State/Province,الولاية / المقاطعة,
States,الحالات,
Static Parameters,ثابت معلمات,
Stats,احصائيات,
Stats Time Interval,الفاصل الزمني للإحصائيات,
Status,الحالة,
Step,خطوة,
Steps,خطوات,
Stopped,توقف,
Stores the JSON of last known versions of various installed apps. It is used to show release notes.,يخزن JSON من الإصدارات المعروفة الأخيرة من مختلف التطبيقات المثبتة. يتم استخدامها لعرض ملاحظات الإصدار.,
Style,النمط,
Style Settings,نمط الضبط,
"Style represents the button color: Success - Green, Danger - Red, Inverse - Black, Primary - Dark Blue, Info - Light Blue, Warning - Orange",النمط يمثل لون الزر: النجاح-الأخضر ، الخطر-الأحمر ، معكوس-الأسود ، أساسي-أزرق داكن ، المعلومات-أزرق سماوي ، تحذير-برتقالي,
Stylesheet,ورقة الأنماط,
"Sub-currency. For e.g. ""Cent""",شبه العملات. ل &quot;سنت&quot; على سبيل المثال,
Sub-domain provided by erpnext.com,المجال الفرعي مقدم من erpnext.com,
Subdomain,مجال فرعي,
Subject,موضوع,
Subject Field,حقل الموضوع,
Submit,تسجيل,
Submit After Import,إرسال بعد الاستيراد,
Submitted,مسجلة,
Subsidiary,شركة فرعية,
Subtitle,عنوان فرعي,
Success,نجاح,
Success Action,نجاح العمل,
Success Message,رسالة النجاح,
Success URL,رابط النجاح,
Sum,مجموع,
Sunday,الأحد,
Symbol,رمز,
Sync,مزامنة,
Sync with Google Calendar,مزامنة مع تقويم Google,
Sync with Google Contacts,مزامنة مع جهات اتصال Google,
System,نظام,
System Console,وحدة تحكم النظام,
System Manager,مدير النظام,
System Notification,إعلام النظام,
System Page,صفحة النظام,
System Settings,إعدادات النظام,
System managers are allowed by default,يسمح لمديري النظام بشكل افتراضي,
Table,جدول,
Table Break,فاصل الجدول,
Table HTML,جدول HTML,
Table MultiSelect,الجدول MultiSelect,
Tag,بطاقة شعار,
Tag Link,علامة الارتباط,
Target,الهدف,
Tax Category,الفئة الضريبية,
Team Members,أعضاء الفريق,
Team Members Heading,عنوان أعضاء الفريق,
Template,قالب,
Template Options,خيارات القالب,
Template Warnings,تحذيرات القالب,
Text,نص,
Text Align,محاذاة النص,
Text Color,لون الخط,
Text Content,محتوى النص,
Text Editor,محرر النصوص,
The name that will appear in Google Calendar,الاسم الذي سيظهر في تقويم Google,
The user from this field will be rewarded points,سيتم مكافأة نقاط المستخدم من هذا المجال,
The webhook will be triggered if this expression is true,سيتم تشغيل webhook إذا كان هذا التعبير صحيحًا,
Theme,موضوع,
Theme Configuration,تكوين الموضوع,
Theme URL,عنوان URL الموضوع,
These values will be automatically updated in transactions and also will be useful to restrict permissions for this user on transactions containing these values.,وسيتم تحديث هذه القيم تلقائيا في المعاملات وأيضا سوف تكون مفيدة لتقييد الأذونات لهذا المستخدم على المعاملات التي تحتوي على هذه القيم.,
Third Party Authentication,إثبات أصالة الطرف الثالث,
This card will be available to all Users if this is set,ستكون هذه البطاقة متاحة لجميع المستخدمين إذا تم تعيين ذلك,
This chart will be available to all Users if this is set,سيكون هذا المخطط متاحًا لجميع المستخدمين إذا تم تعيين هذا,
This format is used if country specific format is not found,ويستخدم هذا الشكل إذا لم يتم العثور على صيغة محددة البلاد,
This goes above the slideshow.,هذا يذهب فوق عرض الشرائح.,
This is an example Google SERP Preview.,هذا مثال على معاينة Google SERP.,
This is the number of the last created transaction with this prefix,هذا هو عدد المعاملات التي تم إنشاؤها باستخدام مشاركة هذه البادئة,
This will be shown in a modal after routing,سيظهر هذا في شكل مشروط بعد التوجيه,
This will be shown to the user in a dialog after routing to the report,سيظهر هذا للمستخدم في مربع حوار بعد التوجيه إلى التقرير,
Thumbnail URL,URL المصغرة,
Thursday,الخميس,
Time,زمن,
Time Format,تنسيق الوقت,
Time Interval,الفاصل الزمني,
Time Series,السلاسل الزمنية,
Time Series Based On,سلسلة زمنية بناء على,
Time Zone,منطقة زمنية,
Time Zones,من المناطق الزمنية,
Time format,تنسيق الوقت,
Time in seconds to retain QR code image on server. Min:<strong>240</strong>,الوقت في ثوان للاحتفاظ صورة رمز الاستجابة السريعة على الخادم. الحد الأدنى: <strong>240</strong>,
Timeline,الجدول الزمني,
Timeline DocType,DOCTYPE الزمني,
Timeline Field,الجدول الزمني الميدان,
Timeline Links,الجدول الزمني وصلات,
Timeline Name,اسم الزمني,
Timeseries,السلاسل الزمنية,
Timespan,الفترة الزمنية,
Timestamp,الطابع الزمني,
Title,اللقب,
Title Field,حقل العنوان,
Title Prefix,عنوان الاختصار,
To,إلى,
To Date,إلى تاريخ,
To Date Field,إلى تاريخ الحقل,
To and CC,لوCC,
"To use Slack Channel, add a <a href=""#List/Slack%20Webhook%20URL/List"">Slack Webhook URL</a>.","لاستخدام قناة Slack ، أضف <a href=""#List/Slack%20Webhook%20URL/List"">عنوان URL لـ Slack Webhook</a> .",
ToDo,قائمة المهام,
Token,رمز,
Top,أعلى,
Top Bar Item,أفضل شريط الإغلاق,
Top Bar Items,قطع الشريط العلوي,
Topic,موضوع,
Total Subscribers,إجمالي عدد المشتركين,
Total number of emails to sync in initial sync process ,إجمالي عدد الرسائل الإلكترونية المراد مزامنتها في عملية المزامنة الأولية,
Traceback,Traceback,
Track Changes,تعقب التغيرات,
Track Email Status,تتبع حالة البريد الإلكتروني,
Track Field,حقل المسار,
Track Seen,المسار رأيت,
Track Views,طرق العرض المسار,
Track milestones for any document,تتبع المعالم لأي وثيقة,
Transaction Hash,عملية تجزئة,
Transaction Log,سجل المعاملات,
Transaction Log Report,تقرير سجل المعاملات,
Transition Rules,الانتقال قوانين,
Transitions,التحولات,
Translatable,للترجمة,
Translated Text,ترجمة النص,
Translation,ترجمة,
Trash,قمامة، يدمر، يهدم,
Tree,شجرة,
Tree structures are implemented using Nested Set,يتم تطبيق بنيات الشجرة باستخدام مجموعة متداخلة,
Trigger Method,الطريقة الزناد,
"Trigger on valid methods like ""before_insert"", ""after_update"", etc (will depend on the DocType selected)",الزناد على الطرق الصحيحة مثل &quot;before_insert&quot;، &quot;after_update&quot;، وما إلى ذلك (تعتمد على نوع المستند المحدد),
Tuesday,الثلاثاء,
Two Factor Authentication,توثيق ذو عاملين,
Two Factor Authentication method,أسلوب اثنان عامل المصادقة,
Type,النوع,
UID,رمز المستخدم,
UIDNEXT,UIDNEXT,
UIDVALIDITY,UIDVALIDITY,
UNSEEN,غير مرئي,
URL,رابط الانترنت,
URL for documentation or help,عنوان URL للتوثيق أو المساعدة,
URL to go to on clicking the slideshow image,عنوان URL للانتقال إليه عند النقر فوق صورة عرض الشرائح,
Unassign Condition,إلغاء تعيين الشرط,
Unhandled Email,البريد الإلكتروني غير معالج,
Unique,فريد من نوعه,
Unread,غير مقروء,
Unread Notification Sent,إرسال الإشعارات غير المقروءة,
Unshared,غير مشارك,
Unsubscribe Method,طريقة إلغاء الاشتراك,
Unsubscribe Param,إلغاء الاشتراك بارام,
Unsubscribed,إلغاء اشتراكك,
Update,تحديث,
Update Existing Records,تحديث السجلات الموجودة,
Update Field,تحديث الحقل,
Update Series Number,تحديث الرقم المتسلسل,
Update Settings,إعدادات التحديث,
Update Value,تحديث القيمة,
Updated,محدّث,
Uploaded To Dropbox,تم التحميل إلى Dropbox,
Uploaded To Google Drive,تم الرفع إلى Google Drive,
Use % for any non empty value.,استخدم٪ لأي قيمة غير فارغة.,
Use ASCII encoding for password,استخدم ترميز ASCII لكلمة المرور,
Use IMAP,استخدام IMAP,
Use POST,استخدم POST,
Use Report Chart,استخدم مخطط التقرير,
Use SSL,استخدام SSL,
Use TLS,استخدام TLS,
Use this fieldname to generate title,استخدام هذا FIELDNAME لتوليد عنوان,
User,المستعمل,
User ,المستعمل,
User Agent,وكيل المستخدم,
User Cannot Create,المستخدم لا يستطيع أن ينشئ,
User Cannot Search,المستخدم لا يستطيع أن يبحث,
User Defaults,المستخدم الافتراضي,
User Details,بيانات المستخدم,
User Email,بريد المستخدم,
User Emails,مراسلات المستخدم,
User Field,حقل المستخدم,
User ID,تعريف المستخدم,
User ID Property,خاصية معرف المستخدم,
User ID of a Blogger,هوية المستخدم من مدون,
User Id,تعريف المستخدم,
User Image,صورة المستخدم,
User Name,اسم المستخدم,
User Permission,إذن المستخدم,
User Profile,ملف تعريفي للمستخدم,
User Social Login,المستخدم تسجيل الدخول الاجتماعي,
User Tags,بطاقات المستخدم,
User Type,نوع المستخدم,
User can login using Email id or Mobile number,يمكن للمستخدم تسجيل الدخول باستخدام معرف البريد الإلكتروني أو رقم الجوال,
User can login using Email id or User Name,يمكن للمستخدم تسجيل الدخول باستخدام معرف البريد الإلكتروني أو اسم المستخدم,
User must always select,يجب دائما مستخدم تحديد,
Username,اسم االمستخدم,
Users,المستخدمين,
Users assigned to the reference document will get points.,سيحصل المستخدمون المعينون في المستند المرجعي على نقاط.,
Valid,صالح,
Validate Field,تحقق من صحة الحقل,
Validity,الصلاحية,
Value,القيمة,
Value Based On,القيمة بناء على,
Value Change,قيمة التغير,
Value Changed,تم تغير القيمة,
Value To Be Set,قيمة ليتم تعيينها,
Value from this field will be set as the due date in the ToDo,سيتم تعيين القيمة من هذا الحقل كتاريخ الاستحقاق في ToDo,
Value to Validate,قيمة للتحقق من صحتها,
Verdana,فيردانا,
Verified,التحقق,
Version,الإصدار,
Video URL,رابط الفيديو,
View,رأي,
View Log,عرض السجل,
View Properties (via Customize Form),عرض خصائص (عن طريق نموذج تخصيص),
View Report,عرض التقرير,
View Settings,عرض إعدادات,
View Website,مشاهدة الموقع,
Viewed By,تمت المشاهدة بواسطة,
Visit,زيارة,
Warehouse,المستودعات,
Warning,تحذير,
Watch Video,شاهد الفيديو,
Web Form,نموذج ويب,
Web Form Field,حقل نموذج الويب,
Web Form Fields,الحقول نموذج ويب,
Web Page,صفحة على الإنترنت,
Web Page Block,كتلة صفحة الويب,
Web Page View,عرض صفحة الويب,
Web Template,قالب الويب,
Web Template Field,حقل قالب الويب,
Web Template Values,قيم قالب الويب,
Web View,عرض ويب,
Webhook,Webhook,
Webhook Data,بيانات ويبهوك,
Webhook Header,رأس ويبهوك,
Webhook Headers,رؤوس ويبهوك,
Webhook Request,طلب ويبهوك,
Webhook Secret,Webhook Secret,
Webhook Security,Webhook الأمن,
Webhook Trigger,Webhook Trigger,
Webhook URL,Webhook URL,
Website,الموقع,
Website Analytics,تحليلات الموقع,
Website Manager,مدير الموقع,
Website Meta Tag,موقع العلامة الوصفية,
Website Route Meta,موقع ميتا الطريق,
Website Route Redirect,إعادة توجيه مسار الموقع,
Website Script,نص الموقع البرمجي,
Website Settings,إعدادات الموقع,
Website Sidebar,موقع الشريط الجانبي,
Website Sidebar Item,موقع الشريط الجانبي البند,
Website Slideshow,موقع عرض الشرائح,
Website Slideshow Item,موقع السلعة عرض شرائح,
Website Theme,شكل الموقع,
Website Theme Ignore App,موضوع تجاهل التطبيق,
Website Theme Image,موضوع الموقع صورة,
Website Theme Image Link,موضوع الموقع رابط الصورة,
Wednesday,الأربعاء,
Weekdays,أيام الأسبوع,
Weekly,الأسبوعية,
Weekly Long,أسبوعي طويل,
Welcome Email Template,ترحيب قالب البريد الإلكتروني,
"When enabled this will allow guests to upload files to your application, You can enable this if you wish to collect files from user without having them to log in, for example in job applications web form.",عند التمكين ، سيتيح ذلك للضيوف تحميل الملفات إلى التطبيق الخاص بك ، يمكنك تمكين هذا إذا كنت ترغب في جمع الملفات من المستخدم دون الحاجة إلى تسجيل الدخول ، على سبيل المثال في نموذج ويب تطبيقات الوظائف.,
Which view of the associated DocType should this shortcut take you to?,ما هي طريقة عرض DocType المرتبطة التي يجب أن يأخذك إليها هذا الاختصار؟,
Width,عرض,
Wildcard Filter,مرشح البدل,
"Will add ""%"" before and after the query",ستضيف &quot;٪&quot; قبل وبعد الاستعلام,
Will be used in url (usually first name).,وسوف تستخدم في رابط (عادة الاسم الأول).,
Will run scheduled jobs only once a day for inactive sites. Default 4 days if set to 0.,سيتم تشغيل المهام المجدولة مرة واحدة فقط يوميًا للمواقع غير النشطة. الافتراضي 4 أيام إذا تم تعيينه على 0.,
Workflow,سير العمل,
Workflow Action,إجراء سير العمل,
Workflow Action Master,سير العمل الاجراء الاساسي,
Workflow Action Name,سير العمل اسم العمل,
Workflow Action is not created for optional states,لم يتم إنشاء إجراء سير العمل للحالات الاختيارية,
Workflow Document State,سير العمل الوثيقة الدولة,
Workflow Name,اسم سير العمل,
Workflow State,حالة سير العمل,
Workflow State Field,حقل حالة سير العمل,
Workflow Transition,الانتقال سير العمل,
Workflow state represents the current state of a document.,تمثل حالة سير العمل الحالة الراهنة للوثيقة.,
Write,الكتابة,
X Field,X الميدان,
XLSX,XLSX,
Y Axis,المحور ص,
Y Field,Y الميدان,
Yahoo Mail,بريد ياهو,
Yandex.Mail,Yandex.Mail,
Year,عام,
Yearly,سنويا,
Yellow,الأصفر,
Yes,نعم,
Your organization name and address for the email footer.,اسم المؤسسة وعنوانك لتذييل البريد الإلكتروني.,
Zero means send records updated at anytime,صفر يعني إرسال التحديثات في أي وقت,
_doctype,_doctype,
_report,_تقرير,
adjust,ضبط,
after_insert,أدخل_بعد,
align-center,محاذاة الوسط,
align-justify,محاذاة-تبرير,
align-left,محاذاة يسار,
align-right,محاذاة اليمين,
arrow-down,سهم لأسفل,
arrow-left,سهم يسار,
arrow-right,سهم يمين,
arrow-up,سهم لأعلى,
asterisk,النجمة,
backward,الى الوراء,
ban-circle,دائرة الحظر,
barcode,الباركود,
bell,جرس,
blue,أزرق,
bold,جريء,
book,كتاب,
bookmark,المرجعية,
briefcase,حقيبة,
bullhorn,البوق,
calendar,التقويم,
camera,كاميرا,
certificate,شهادة,
check,تحقق,
chevron-down,شيفرون لأسفل,
chevron-left,شيفرون يسار,
chevron-right,شيفرون اليمين,
chevron-up,شيفرون المتابعة,
circle-arrow-down,دائرة السهم لأسفل,
circle-arrow-left,دائرة السهم اليسار,
circle-arrow-right,دائرة السهم الأيمن,
circle-arrow-up,دائرة السهم إلى أعلى,
cog,تحكم في,
comment,تعليق,
darkgrey,الرمادي الداكن,
dd-mm-yyyy,DD-MM-YYYY,
dd.mm.yyyy,dd.mm.yyyy,
dd/mm/yyyy,اليوم / الشهر / السنة,
download,تحميل,
download-alt,تحميل بديل,
"e.g. ""Support"", ""Sales"", ""Jerry Yang""","على سبيل المثال، ""الدعم ""،"" المبيعات ""،"" أحمد صالح """,
e.g. pop.gmail.com / imap.gmail.com,على سبيل المثال، pop.gmail.com / imap.gmail.com,
e.g. replies@yourcomany.com. All replies will come to this inbox.,على سبيل المثال، replies@yourcomany.com. سيأتي كل الردود على هذا البريد.,
e.g. smtp.gmail.com,على سبيل المثال، smtp.gmail.com,
edit,تصحيح,
eject,اخرج,
email,البريد الإلكتروني,
envelope,مغلف,
exclamation-sign,تعجب علامة-,
eye-close,إغلاق العين,
eye-open,فتح العين,
facebook,موقع التواصل الاجتماعي الفيسبوك,
facetime-video,facetime-video,
fairlogin,fairlogin,
fast-backward,بسرعة الى الوراء,
fast-forward,بسرعة الى  الأمام,
file,ملف,
film,فيلم,
filter,فلتر,
fire,حريق,
flag,علم,
folder-close,غلق مجلد,
folder-open,فتح مجلد,
font,الخط,
forward,إلى الأمام,
fullscreen,ملء الشاشة,
gift,هدية,
glass,زجاج,
globe,العالم,
green,أخضر,
hand-down,إلى أسفل اليد,
hand-left,اليد اليسرى,
hand-right,ومن جهة اليمين,
hand-up,ومن ناحية المتابعة,
hdd,hdd,
headphones,سماعة الرأس,
heart,قلب,
home,الصفحة الرئيسية,
icon,رمز,
in minutes,في دقائق,
inbox,صندوق الوارد,
indent-left,المسافة البادئة اليسرى,
indent-right,المسافة البادئة اليمنى,
info-sign,معلومات تسجيل الدخول،,
italic,مائل,
leaf,ورق,
link,رابط,
linkedin,ينكدين,
list,قائمة,
list-alt,قائمة بديل,
lock,قفل,
magnet,مغناطيس,
map-marker,محدد الخريطة,
minus,ناقص,
minus-sign,علامة ناقص,
mm-dd-yyyy,شهر-يوم-سنة,
mm/dd/yyyy,شهر/يوم/سنة,
module,إضافة,
move,نقل,
music,موسيقى,
no failed attempts,محاولات فاشلة لا,
off,بعيدا,
ok,حسنا,
ok-circle,دائرة OK-,
ok-sign,علامة OK-,
old_parent,old_parent,
on_cancel,on_cancel,
on_change,على التغيير,
on_submit,on_submit,
on_trash,on_trash,
on_update,on_update,
on_update_after_submit,on_update_after_submit,
orange,البرتقالي,
page,صفحة,
pause,وقفة,
pencil,قلم رصاص,
picture,صور,
plane,طائرة,
play,لعب,
play-circle,لعب دائرة,
plus,زائد,
plus-sign,زائد توقيع,
print,طباعة,
purple,أرجواني,
qrcode,qrcode,
query-report,استعلام تقرير,
question-sign,علامة سؤال,
random,عشوائي,
red,أحمر,
refresh,تحديث,
remove,إزالة المرشح,
remove-circle,إزالة دائرة،,
remove-sign,إزالة التوقيع،,
repeat,كرر,
resize-full,تغيير حجم كامل,
resize-horizontal,تغيير حجم الأفقي،,
resize-small,تغيير حجم صغير,
resize-vertical,تغيير حجم عمودية,
response,استجابة,
retweet,retweet,
road,طريق,
screenshot,لقطة شاشة,
search,بحث,
share,مشاركة,
share-alt,حصة بديل,
shopping-cart,عربة التسوق,
signal,إشارة,
star,نجم,
star-empty,النجوم فارغة,
step-backward,خطوة إلى الوراء,
step-forward,خطوة إلى الأمام,
stop,توقف,
tag,بطاقة,
tags,العلامات,
tasks,مهام,
text-height,ارتفاع النص,
text-width,عرض النص,
th,ال,
th-large,TH-الكبيرة,
th-list,TH-قائمة,
thumbs-down,علامة إستهجان,
thumbs-up,الابهام إلى أعلى,
time,الوقت,
tint,لون,
trash,القمامة,
twitter,تويتر,
upload,رفع,
user,مستخدم,
volume-down,حجم إلى أسفل,
volume-off,حجم حالا,
volume-up,حجم المتابعة,
warning-sign,علامة إنذار,
wrench,وجع,
yellow,الأصفر,
yyyy-mm-dd,yyyy-mm-dd,
zoom-in,تكبير,
zoom-out,تصغير,
