"""Company History""","""Història de l'empresa""",
"""Team Members"" or ""Management""","""Membres de l'equip"" o ""Gestió""",
&lt;head&gt; HTML,&lt;head&gt; de HTML,
**Currency** Master,** Moneda ** MestreDivisa,
0 - Draft; 1 - Submitted; 2 - Cancelled,0 - Esborrany; 1 - Presentat; 2 - Cancel·lat,
0 is highest,0 és el més alt,
A list of resources which the Client App will have access to after the user allows it.<br> e.g. project,"Una llista dels recursos que el client d'aplicació tindrà accés a la vegada que l'usuari ho permet. <br> per exemple, el projecte",
A symbol for this currency. For e.g. $,Un símbol per a aquesta moneda. Per exemple: $,
A4,A4,
ALL,TOTS,
API,API,
API Access,Accés API,
API Endpoint,Endpoint API,
API Endpoint Args,API Endpoint Args,
API Key,API Key,
API Method,Mètode API,
API Secret,API secret,
ASC,ASC,
About Us Settings,Ajustaments del Sobre nosaltres,
About Us Team Member,Sobre nosaltres Membre de l'Equip,
Access Key ID,Identificador de clau d&#39;accés,
Access Key Secret,Accedeix al secret clau,
Access Log,Accés al registre,
Access Token,Token d'accés,
Access Token URL,Accés a la URL de token,
Account,Compte,
Accounts Manager,Gerent de Comptes,
Accounts User,Comptes d'usuari,
Action,Acció,
Action / Route,Acció / Ruta,
Action Timeout (Seconds),Temps d&#39;espera d&#39;acció (segons),
Action Type,Tipus d’acció,
Actions,Accions,
Active,Actiu,
Active Domains,Els dominis actius,
Activity Log,Registre d'activitat,
Add Container,Afegiu un contenidor,
Add Custom Tags,Afegiu etiquetes personalitzades,
Add Gray Background,Afegeix fons gris,
Add Signature,Afegir signatura,
Add Total Row,Afegir total de Fila,
Add Unsubscribe Link,Afegir Enllaç Donar-se de baixa,
"Added HTML in the &lt;head&gt; section of the web page, primarily used for website verification and SEO","HTML afegit a la secció &lt;head&gt; de la pàgina web, s&#39;utilitza sobretot per a la verificació del web i SEO",
Additional Permissions,Permisos addicionals,
Address,Adreça,
Address And Contacts,Adreça i contactes,
Address Line 1,Adreça Línia 1,
Address Line 2,Adreça Línia 2,
Address Template,Plantilla de Direcció,
Address Title,Direcció Títol,
Address Type,Tipus d'adreça,
Address and other legal information you may want to put in the footer.,Adreça i informació legal que vols posar al peu de pàgina.,
Addresses And Contacts,Adreces i contactes,
Adds a custom field to a DocType,Afegeix un camp personalitzat a un DocType,
Administrator,Administrador,
Advanced,Avançat,
Advanced Control,Control avançat,
Advanced Settings,Configuració avançada,
After Cancel,Després de cancel·lar,
After Delete,Després de Suprimir,
After Save,Després de desar,
After Save (Submitted Document),Després de desar (document enviat),
After Submit,Després d&#39;enviar,
Aggregate Function Based On,Funció agregada basada en,
Alert,Alerta,
Align Labels to the Right,Alinea etiquetes cap a la dreta,
Align Right,Alinea a la dreta,
All,Tots,
All Day,Tot el dia,
Allocated To,Assignats a,
Allot Points To Assigned Users,Assigna els punts als usuaris cedits,
Allow,Permetre,
Allow Auto Repeat,Permet la repetició automàtica,
Allow Bulk Edit,Permetre Edició massiva,
Allow Comments,Permetre comentaris,
Allow Consecutive Login Attempts ,Permet els intents d&#39;inici de sessió consecutius,
Allow Delete,Permetre Esborrar,
Allow Dropbox Access,Allow Dropbox Access,
Allow Guest,Permet al convidat,
Allow Guest to View,Deixi de visitants a Veure,
Allow Guests to Upload Files,Permet als convidats carregar fitxers,
Allow Import (via Data Import Tool),Permetre la importació (a través de l&#39;eina d&#39;importació de dades),
Allow Incomplete Forms,Permetre formes incompletes,
Allow Login After Fail,Permet l&#39;inici de sessió després d&#39;un error,
Allow Login using Mobile Number,Permetre que inicia sessió usant Nombre Mòbil,
Allow Login using User Name,Permet l&#39;inici de sessió mitjançant el nom d&#39;usuari,
Allow Modules,Permetre mòduls,
Allow Print,permetre Imprimir,
Allow Print for Cancelled,Permetre impressió per Cancel·lat,
Allow Print for Draft,Permetre impressió per al projecte,
Allow Read On All Link Options,Permet llegir totes les opcions d&#39;enllaç,
Allow Rename,Permetre Renombrar,
Allow Roles,permetre Rols,
Allow Self Approval,Permet l&#39;autoaprovenció,
Allow approval for creator of the document,Permet l&#39;aprovació del creador del document,
Allow document creation via Email,Permet la creació de documents per correu electrònic,
Allow events in timeline,Permet esdeveniments en la línia de temps,
Allow in Quick Entry,Permetre en una entrada ràpida,
Allow on Submit,Permetre al presentar,
Allow only one session per user,Permetre només una sessió per usuari,
Allow page break inside tables,Permetre salt de pàgina dins de les taules,
Allow saving if mandatory fields are not filled,Permetre l&#39;estalvi si els camps obligatoris no s&#39;omplen,
Allow user to login only after this hour (0-24),Permetre l'accés a l'usuari només després d'aquesta hora (0-24),
Allow user to login only before this hour (0-24),Permetre a l'usuari per iniciar sessió només abans d'aquesta hora (0-24),
Allowed,Mascotes,
Allowed In Mentions,Esmentats en mencions,
"Always add ""Draft"" Heading for printing draft documents",Sempre afegiu &quot;Projecte de&quot; Rumb a projectes d&#39;impressió de documents,
Amend,Esmenar,
Amended From,Modificada Des de,
An icon file with .ico extension. Should be 16 x 16 px. Generated using a favicon generator. [favicon-generator.org],Un arxiu d&#39;icona amb ico extensió. En cas de ser de 16 x 16 píxels. Generat usant un generador de favicon. [favicon-generator.org],
Analytics,analítica,
Annual,Anual,
Anonymous,Anònim,
Any string-based printer languages can be used. Writing raw commands requires knowledge of the printer's native language provided by the printer manufacturer. Please refer to the developer manual provided by the printer manufacturer on how to write their native commands. These commands are rendered on the server side using the Jinja Templating Language.,Es poden utilitzar qualsevol llenguatge d&#39;impressora basat en cadenes. Escriure ordres en brut requereix el coneixement del llenguatge propi de la impressora proporcionat pel fabricant de la impressora. Consulteu el manual per a desenvolupadors proporcionat pel fabricant de la impressora sobre com escriure les seves ordres natives. Aquestes ordres es presenten al servidor mitjançant l&#39;idioma de plantilla de Jinja.,
App,App,
App Access Key,Aplicació Clau d&#39;Accés,
App Client ID,App ID de client,
App Client Secret,App secret de client,
App Name,Nom App,
App Secret Key,App clau secreta,
Append Emails to Sent Folder,Afegeix correus electrònics a la carpeta enviada,
Append To,Annexar a,
Applicable For,Aplicable per,
Application Logo,Logotip de l&#39;aplicació,
Application Name,Nom de l&#39;aplicació,
Application Version,Versió de l&#39;aplicació,
Applied On,Aplicat,
Apply Document Permissions,Apliqueu els permisos del document,
Apply Only Once,Sol·licita una sola vegada,
Apply Strict User Permissions,Aplicar permisos d&#39;usuari estrictes,
Apply To All Document Types,Aplica a tots els tipus de document,
Apply this rule if the User is the Owner,"Aplicar aquesta regla, si l&#39;usuari és el propietari",
Apply this rule only once per document,Apliqueu aquesta regla només una vegada per document,
Appreciation,Apreciació,
Archived,Arxivat,
Arial,Arial,
Assign Condition,Assignació de condició,
Assign To Users,Assigna als usuaris,
Assigned,Assignat,
Assigned By,assignat per,
Assigned By Full Name,Assignat pel nom complet,
Assignment,assignació,
Assignment Completed,assignació Completat,
Assignment Days,Jornades d’assignació,
Assignment Rule,Regla d’assignació,
Assignment Rule Day,Dia de la norma d&#39;assignació,
Assignment Rule User,Usuari de la norma d&#39;assignació,
Assignment Rules,Normes d’assignació,
Assignments,Tasques,
Attach,Adjuntar,
Attach Image,Adjuntar imatge,
Attach Print,Adjuntar Imprimir,
Attached File,Arxiu adjunt,
Attached To DocType,Attached To DocType,
Attached To Field,Adjunt al camp,
Attached To Name,Associat A Nom,
Attachment,Accessori,
Attachment Limit (MB),Límit Adjunt (MB),
Attachment Link,Enllaç d’adjunt,
Attachment Removed,fixació retirats,
Attachments,Adjunts,
Auth URL Data,Dades d&#39;URL d&#39;autenticació,
Authentication,autenticació,
Author,autor,
Authorization Code,Codi d&#39;autorització,
Authorize API Indexing  Access,Autoritzar l&#39;accés d&#39;indexació d&#39;API,
Authorize Google Calendar Access,Autoritzeu Google Calendar Access,
Authorize Google Contacts Access,Autoritzeu Google Contact Access,
Authorize Google Drive Access,Autoritzeu Google Drive Access,
Authorize URL,Autoritza l&#39;URL,
Authorized,autoritzat,
Auto,acte,
Auto Email Report,Acte Informe correu electrònic,
Auto Name,Nom Automàtic,
Auto Repeat,Repetició automàtica,
Auto Reply Message,Missatge de resposta automàtica,
Automatically Assign Documents to Users,Assignació automàtica de documents als usuaris,
Automation,Automatització,
Avatar,Avatar,
Average,Mitjana,
Awaiting Password,A l&#39;espera de la contrasenya,
Awaiting password,A l&#39;espera de la contrasenya,
BCC,BCC,
Background Color,Color de fons,
Background Workers,Treballadors de fons,
Backup Details,Detalls de la còpia de seguretat,
Backup Files,Fitxers de còpia de seguretat,
Backup Folder ID,Identificador de carpeta de còpia de seguretat,
Backup Folder Name,Nom de la carpeta de seguretat,
Backup Frequency,Freqüència de còpia de seguretat,
Backup public and private files along with the database.,Feu una còpia de seguretat de fitxers públics i privats juntament amb la base de dades.,
Backups,Les còpies de seguretat,
Banner,Bandera,
Banner HTML,Banner HTML,
Banner Image,Imatge del banner,
Banner is above the Top Menu Bar.,Banner està per sobre de la barra de menú superior.,
Bar,Bar,
Barcode,Codi de barres,
Base Distinguished Name (DN),Nom distingit base (DN),
Base URL,URL base,
Based On,Basat en,
Based on Field,Basat en el camp,
Based on Permissions For User,Sobre la base de permisos per a l&#39;usuari,
Basic,Bàsic,
Before Cancel,Abans de cancel·lar,
Before Delete,Abans de suprimir,
Before Insert,Abans d&#39;inserir,
Before Save,Abans de desar,
Before Save (Submitted Document),Abans de desar (document enviat),
Before Submit,Abans d&#39;enviar,
Beginner,principiant,
Beta,beta,
Billing,Facturació,
Bio,Bio,
Birth Date,Data De Naixement,
Block Module,Mòdul de bloc,
Block Modules,Mòduls de Bloc,
Blocked,obstruït,
Blog Category,Categoria Blog,
Blog Intro,Bloc Intro,
Blog Introduction,Introducció del blog,
Blog Post,Post Blog,
Blog Settings,Ajustaments de blog,
Blog Title,Títol del blog,
Blogger,Blogger,
Blue,Blau,
Bold,Negre,
Bot,bot,
Bottom,Part inferior,
Bounced,Rebotats,
Brand,Marca comercial,
Brand HTML,Marca HTML,
Brand Image,Imatge de marca,
Breadcrumbs,Breadcrumbs,
Browser,Navegador,
Browser Version,Versió del navegador,
Brute Force Security,Brute Force Security,
Bucket Name,Nom del cub,
Bulk Update,actualització massiva,
Button,Botó,
Button Gradients,Gradients de botons,
Button Rounded Corners,Botó cantonades arrodonides,
Button Shadows,Ombres de botons,
Bypass Restricted IP Address Check If Two Factor Auth Enabled,Ignora l’adreça IP restringida Comproveu si s’activa l’autenticació de dos factors,
Bypass Two Factor Auth for users who login from restricted IP Address,Anul·lar dos autors de factors per als usuaris que inicien la sessió des de l&#39;adreça IP restringida,
Bypass restricted IP Address check If Two Factor Auth Enabled,Direcció d&#39;adreça IP restringida per bypass Si habilita dos Autenticació de factor,
CC,CC,
CSS,CSS,
CSS Class,Classe CSS,
CSV,CSV,
CTA Label,Etiqueta CTA,
CTA URL,URL CTA,
Calendar,Calendari,
Calendar Name,Nom del calendari,
Calendar View,Vista del calendari,
Call,Truca,
Call To Action,Crida a l&#39;acció,
Call To Action URL,URL de crida a l&#39;acció,
Callback Message,Missatge de devolució de trucada,
Callback Title,Títol de devolució de trucada,
Campaign,Campanya,
Cancel,Cancel·la,
Cancelled,CANCERAT,
Card,Targeta,
Cards,Targetes,
Category,Categoria,
Category Description,Descripció de la Categoria,
Category Name,Nom de categoria,
Center,Centre,
Chaining Hash,Encadenant Hash,
Change Label (via Custom Translation),Canviar etiqueta (a través de Traducció d&#39;encàrrec),
Change Password,Canvia la contrasenya,
Channel,Canal,
Chart,Gràfic,
Chart Configuration,Configuració del gràfic,
Chart Name,Nom del gràfic,
Chart Options,Opcions del gràfic,
Chart Source,Font del gràfic,
Chart Type,Tipus de diagrama,
Charts,Gràfics,
Chat,Chat,
Check,Comproveu,
Check this if you want to force the user to select a series before saving. There will be no default if you check this.,Seleccioneu aquesta opció si voleu obligar l'usuari a seleccionar una sèrie abans de desar. No hi haurà cap valor per defecte si marca aquesta.,
Checking this will hide custom doctypes and reports cards in Links section,"Si ho marqueu, s&#39;amagaran els tipus de documents personalitzats i les targetes d&#39;informes a la secció Enllaços",
Checksum Version,Versió de comprovació,
Child Tables are shown as a Grid in other DocTypes,Les taules infantils es mostren com a graella en altres documents de tipus,
Choose authentication method to be used by all users,Trieu el mètode d&#39;autenticació que tots els usuaris utilitzaran,
City,Ciutat,
City/Town,Ciutat / Poble,
Clicked,Seguit,
Client,Client,
Client Code,Codi de client,
Client Credentials,credencials del client,
Client ID,ID de client,
Client Information,Informació del client,
Client Script,Escriptura de client,
Client Secret,secreta de client,
Client URLs,URL del client,
Close Condition,Estat de tancament,
Closed,Tancat,
Code,Codi,
Collapsible,Plegable,
Collapsible Depends On,Plegable Depèn de,
Color,Color,
Column Break,Salt de columna,
Column Name,Nom de la columna,
Columns,columnes,
Columns / Fields,Columnes / Camps,
Comment,Comentar,
Comment By,Comentari de,
Comment Email,Correu electrònic de comentaris,
Comment Type,Tipus Comentari,
Comments and Communications will be associated with this linked document,Comentaris i Comunicacions estaran associats amb aquest document vinculat,
Commit,Compromís,
Communication,Comunicació,
Communication Link,Enllaç de comunicació,
Communication Type,Tipus de comunicació,
Compact Item Print,Compacte article Imprimir,
Company History,Història de la Companyia,
Company Introduction,Introducció de la companyia,
Company Name,Nom de l'Empresa,
Complete,Completa,
Completed,Acabat,
Component,component,
Condition,Condició,
Conditions,Condicions,
Configuration,Configuració,
Confirmation Email Template,Plantilla de correu electrònic de confirmació,
Console,Consola,
Console Log,Registre de consola,
Contact,Contacte,
Contact Details,Detalls de contacte,
Contact Email,Correu electrònic de contacte,
Contact Numbers,Números de contacte,
Contact Phone,Telèfon de contacte,
Contact Us Settings,Ajustaments del Contacti'ns,
"Contact options, like ""Sales Query, Support Query"" etc each on a new line or separated by commas.","Opcions de contacte, com ""Consulta comercial, Suport"" etc cadascun en una nova línia o separades per comes.",
Contacts,Contactes,
Content,Contingut,
Content (HTML),Contingut (HTML),
Content (Markdown),Contingut (marca directa),
Content Hash,Hash contingut,
Content Type,Tipus de Contingut,
Context,Context,
Context Script,Guió contextual,
Contributed,Hi va contribuir,
Contribution Document Name,Nom del document de contribució,
Contribution Status,Estat de la contribució,
Copyright,Drets d'autor,
Core,Nucli,
Count,Comptar,
Count Filter,Filtre del recompte,
Counter,Comptador,
Country,País,
Country Name,Nom del país,
County,comtat,
Create,Crear,
Create Contacts from Incoming Emails,Crea contactes des dels correus electrònics entrants,
Create Entry,Crea una entrada,
Create Log,Crea el registre,
Create and Send Newsletters,Crear i enviar butlletins de notícies,
Created,Creat,
Criticism,Crítica,
Cron,Cron,
Cron Format,Format Cron,
Currency,Moneda,
Currency Name,Nom moneda,
Currency Precision,precisió de divises,
Current,actual,
Custom,A mida,
Custom Base URL,URL base personalitzada,
Custom CSS,CSS personalitzat,
Custom Configuration,Configuració personalitzada,
Custom DocPerm,DocPerm personalitzada,
Custom Field,Camp personalitzat,
Custom Format,Format personalitzat,
Custom HTML Help,Ajuda personalitzada HTML,
Custom Menu Items,Elements de menú personalitzat,
Custom Options,Opcions personalitzades,
Custom Overrides,Substitucions personalitzades,
Custom Report,Informe personalitzat,
Custom Role,El paper d&#39;encàrrec,
Custom SCSS,SCSS personalitzat,
Custom Sidebar Menu,Menú d&#39;encàrrec de la barra lateral,
Custom?,Personalitzada?,
Customization,Personalització,
Customize Form,Personalitza el Formulari,
Customize Form Field,Personalitzar camps de formulari,
DESC,DESC,
Daily,Diari,
Daily Long,Llarg diari,
Danger,Perill,
Dark Color,Color fosc,
Dashboard,panell,
Dashboard Chart,Taula de tauler,
Dashboard Chart Field,Camp del quadre de tauler,
Dashboard Chart Link,Enllaç del quadre de tauler,
Dashboard Chart Source,Font del quadre de tauler,
Dashboard Manager,Gestor de taulers,
Dashboard Name,Nom del tauler,
Dashboard Settings,Configuració del tauler,
Dashboards,Taulers de comandament,
Data,Dades,
Data Export,Exportació de dades,
Data Import,Importació de dades,
Database Engine,motor de base,
Date,Data,
Date Format,Format de data,
Date Range,Rang de dates,
Date and Number Format,Format de Data i nombres,
Datetime,Data i hora,
Day,dia,
Day of Week,Dia de la setmana,
Days After,Dies Després,
Days Before,Dies abans,
Days Before or After,Dies anteriors o posteriors,
Default,Defecte,
Default Incoming,Per defecte entrant,
Default Letter Head,Capçalera per defecte,
Default Outgoing,Predeterminar Sortint,
Default Portal Home,Pàgina inicial del portal per defecte,
Default Print Format,Format d'impressió predeterminat,
Default Print Language,Idioma d&#39;impressió predeterminat,
Default Redirect URI,Defecte URI de redireccionament,
Default Role at Time of Signup,El paper per defecte en el moment de la Inscripció,
Default Sort Field,Camp d&#39;ordenació predeterminada,
Default Sort Order,Ordre d’ordenació per defecte,
Default Value,Valor per defecte,
"Default: ""Contact Us""","""Contacte"" predeterminat",
DefaultValue,DefaultValue,
Defaults,Predeterminats,
Defines actions on states and the next step and allowed roles.,Defineix les accions dels estats i el següent pas i rols permesos.,
Defines workflow states and rules for a document.,Defineix els fluxes i les regles per a un document.,
Delayed,Retard,
Delete,Esborrar,
Deleted,Suprimit,
Deleted DocType,dOCTYPE eliminat,
Deleted Document,document eliminat,
Deleted Name,nom esborrat,
Delivery Status,Estat de l'enviament,
Department,Departament,
Dependencies,Dependències,
Depends On,Depèn de,
Description,Descripció,
"Description for listing page, in plain text, only a couple of lines. (max 200 characters)","Descripció de la pàgina de llistat, en text pla, només un parell de línies. (200 caràcters com a màxim)",
Designation,Designació,
Desk,Escriptori,
Desk Access,departament d&#39;accessibilitat,
Desktop Icon,Icona d&#39;escriptori,
Details,Detalls,
"Different ""States"" this document can exist in. Like ""Open"", ""Pending Approval"" etc.","Diferent ""Estats"" aquest document poden existir en. Igual que en ""Obrir"", ""Pendent d'aprovació"", etc.",
Digits,Dígits,
Disable Auto Refresh,Desactiva l’actualització automàtica,
Disable Comments,Desactiva els comentaris,
Disable Count,Desactiva el compte,
Disable SMTP server authentication,Desactivar l&#39;autenticació del servidor SMTP,
Disable Sidebar Stats,Desactiva les estadístiques de la barra lateral,
Disable Signup,Desactivar Inscripció,
Disable Standard Email Footer,Desactivar Estàndard Email Peu de pàgina,
Disabled,Deshabilitat,
Display,Visualització,
Display Depends On,display depèn,
Doc Event,Esdeveniment doc,
Doc Events,Esdeveniments doc,
Doc Status,Estat del Doc,
DocField,DocField,
DocPerm,DocPerm,
DocShare,DocShare,
DocType,DocType,
DocType Action,Acció DocType,
DocType Event,Esdeveniment DocType,
DocType Link,Enllaç DocType,
DocType View,Vista DocType,
DocType is a Table / Form in the application.,Doctype és una taula / formulari en l'aplicació.,
DocType on which this Workflow is applicable.,DOCTYPE en què el present del flux de treball és aplicable.,
Doctype,DocType,
Document,Document,
Document Actions,Accions documentals,
Document Follow,Document Follow,
Document Link,Enllaç del document,
Document Links,Enllaços de documents,
Document Name,Nom del document,
Document Naming Rule,Regla de denominació de documents,
Document Naming Rule Condition,Condició de la regla de denominació de documents,
Document Share,Document Share,
Document Share Report,Document Compartir Reportar,
Document States,Estats Document,
Document Tag,Etiqueta de document,
Document Title,Títol del document,
Document Type,tipus de document,
Document Type to Track,Tipus de document a rastrejar,
Document Types,Tipus de document,
Documentation Link,Enllaç de documentació,
Documentation URL,URL de la documentació,
Domain,Domini,
Domain Settings,Configuració del domini,
Domains HTML,Dominis HTML,
"Don't HTML Encode HTML tags like &lt;script&gt; or just characters like &lt; or &gt;, as they could be intentionally used in this field","No etiquetes HTML Codificar HTML, com &lt;script&gt; o simplement caràcters com &lt;o&gt;, ja que podrien ser utilitzats intencionadament en aquest camp",
Don't Override Status,No correcció d&#39;estat,
Don't Send Emails,No envieu correus electrònics,
Donut,Donut,
Download Backups,Descàrrega Backups,
Download Template,Descarregar plantilla,
Dropbox Access Token,Dropbox accés d&#39;emergència,
Dropbox Settings,Ajustos de Dropbox,
Dropdowns,Menús desplegables,
Due Date,Data De Venciment,
Due Date Based On,Data de venciment basada,
Duration,Durada,
Dynamic Filters,Filtres dinàmics,
Dynamic Filters JSON,Filtres dinàmics JSON,
Dynamic Filters Section,Secció de filtres dinàmics,
Dynamic Link,Enllaç Dinàmic,
Dynamic Report Filters,Filtres d’informes dinàmics,
Dynamic Route,Ruta dinàmica,
Dynamic Template,Plantilla dinàmica,
Edit,Edita,
Edit Values,Edita els valors,
Editable Grid,Editable quadrícula,
Eg. smsgateway.com/api/send_sms.cgi,Ex. smsgateway.com/api/send_sms.cgi,
Email,Correu electrònic,
Email Account,Compte de correu electrònic,
Email Account Name,Nom correu electrònic,
Email Address,Correu electrònic,
Email Address whose Google Contacts are to be synced.,Adreça de correu electrònic els contactes de Google per sincronitzar-se.,
Email Addresses,Adreces de correu electrònic,
Email Domain,domini de correu electrònic,
Email Flag Queue,Bandera de correu electrònic de la cua,
Email Footer Address,Email peu de pàgina,
Email Group,Grup correu electrònic,
Email Group Member,Correu electrònic del Grup membre,
Email ID,Identificació de correu electrònic,
Email IDs,E-mail Ids,
Email Id,Identificació de l'email,
Email Inbox,Safata d&#39;entrada de correu electrònic,
Email Queue,Cua de correu electrònic,
Email Queue Recipient,Cua de correu electrònic de destinataris,
Email Queue records.,Registres de cua de correu electrònic.,
Email Reply Help,Ajuda de resposta de correu electrònic,
Email Rule,Regla de correu electrònic,
Email Sent,Correu electrònic enviat,
Email Settings,Configuració del correu electrònic,
Email Signature,Signatura de correu electrònic,
Email Status,Estat de correu electrònic,
Email Sync Option,Sincronitzar correu Opció,
Email Template,Plantilla de correu electrònic,
Email To,Destinatari,
Email Unsubscribe,Cancel·la la subscripció de correu electrònic,
Emails will be sent with next possible workflow actions,Els correus electrònics s&#39;enviaran amb les següents accions de flux de treball possibles,
Enable,Permetre,
Enable Auto Reply,Habilita resposta automàtica,
Enable Automatic Backup,Activa la còpia de seguretat automàtica,
Enable Automatic Linking in Documents,Habilita l&#39;enllaç automàtic en documents,
Enable Comments,Habilita Comentaris,
Enable Email Notifications,Activa les notificacions per correu electrònic,
Enable Google Indexing,Activeu la indexació de Google,
Enable In App Website Tracking,Activa el seguiment de llocs web a l&#39;aplicació,
Enable Incoming,Habilita entrant,
Enable Onboarding,Activa la incorporació,
Enable Outgoing,Habilita sortint,
Enable Password Policy,Habilitar la directiva de contrasenyes,
Enable Print Server,Activa el servidor d&#39;impressió,
Enable Raw Printing,Activa la impressió en brut,
Enable Scheduled Jobs,Habilita Treballs programats,
Enable Security,Activa la seguretat,
Enable Social Login,Habilita l&#39;inici de sessió social,
Enable Social Sharing,Activa l&#39;ús compartit social,
Enable Two Factor Auth,Activa l&#39;autenticació de dos factors,
Enabled,Activat,
End Date,Data de finalització,
End Date Field,Camp de data de finalització,
Endpoint URL,URL del punt final,
Endpoints,Punts extrems,
Ends on,Finalitza en,
Energy Point,Punt d&#39;energia,
Energy Point Log,Registre de punts energètics,
Energy Point Rule,Regla del punt d’energia,
Energy Point Settings,Configuració del punt d’energia,
Energy Points,Punts d’energia,
Enter Form Type,Introduïu el tipus de formulari,
"Enter default value fields (keys) and values. If you add multiple values for a field, the first one will be picked. These defaults are also used to set ""match"" permission rules. To see list of fields, go to ""Customize Form"".","Introduïu camps de valor per defecte (claus) i valors. Si afegeix diversos valors per a un camp, el primer d&#39;ells serà elegit. Aquests valors predeterminats s&#39;utilitzen també per establir &quot;els partits&quot; regles de permisos. Per veure la llista de camps, aneu a &quot;Personalitzar Form&quot;.",
"Enter static url parameters here (Eg. sender=ERPNext, username=ERPNext, password=1234 etc.)","Introduïu els paràmetres d'URL estàtiques aquí (Ex. Remitent = ERPNext, nom d'usuari = ERPNext, password = 1234 etc.)",
Enter url parameter for message,Introdueixi paràmetre url per al missatge,
Enter url parameter for receiver nos,Introdueix els paràmetres URL per als receptors,
Error,Error,
Error Log,Registre d&#39;errors,
Error Message,Missatge d&#39;error,
Event,Esdeveniment,
Event Category,Categoria d&#39;esdeveniments,
Event Participants,Participants de l&#39;esdeveniment,
Event Type,Tipus d'esdeveniment,
Everyone,Tothom,
"Ex: ""colors"": [""#d1d8dd"", ""#ff5858""]","Ex: &quot;colors&quot;: [&quot;# d1d8dd&quot;, &quot;# ff5858&quot;]",
Example,Exemple,
"Example: ""/desk""",Exemple: &quot;/ escriptori&quot;,
Example: #Tree/Account,Exemple: # Arbre / Compte,
Example: 00001,Exemple: 00001,
Example: {{ subject }},Exemple: {{subjecte}},
Excel,sobresortir,
Exception,Excepció,
Execute,Executar,
Expert,expert,
Expiration time,temps de termini,
Expire Notification On,Notificació En expirarà,
Expired,Caducat,
Expires In,en expira,
Expires On,Caduca el,
Expiry time of QR Code Image Page,Temps de caducitat de la pàgina d&#39;imatge del codi QR,
Export,Exportació,
Export From,Exporta des de,
Expose Recipients,exposar destinataris,
"Expression, Optional","Expressió, opcional",
Facebook,Facebook,
Failed,Fracassat,
FavIcon,FavIcon,
Fax,Fax,
Featured,Destacats,
Feedback,Resposta,
Feedback Request,Sol·licitud de retroalimentació,
Fetch From,Obtenir des de,
Field,camp,
Field Description,Descripció del camp,
Field Name,Nom del camp,
Field To Check,Camp per comprovar,
Field Type,Tipus de camp,
"Field that represents the Workflow State of the transaction (if field is not present, a new hidden Custom Field will be created)","Camp que representa l'Estat de flux de treball de l'operació (si el camp no està present, un nou camp personalitzat ocult es crearà)",
Field to Track,Camp per rastrejar,
Fieldname,FIELDNAME,
Fields,Camps,
Fields Multicheck,Camps Multicheck,
"Fields separated by comma (,) will be included in the ""Search By"" list of Search dialog box","Els camps separats per coma (,) s&#39;inclouran en el &quot;Cercar per&quot; llista de quadre de diàleg Cerca",
Fieldtype,FieldType,
File,Dossier,
File Backup,Còpia de seguretat d&#39;arxius,
File Information,Informació del fitxer,
File Name,Nom De l'Arxiu,
File Size,Mida del fitxer,
File Type,Tipus d&#39;arxiu,
File URL,URL del fitxer,
Files,Arxius,
Filter Data,Filtrar dades,
Filter List,Llista de filtres,
Filter Meta,filtre Meta,
Filter Name,Nom del filtre,
Filter Values,Valors del filtre,
Filters,Filtres,
Filters Configuration,Configuració de filtres,
Filters Display,filtres de visualització,
Filters JSON,Filtres JSON,
Filters Section,Secció de filtres,
"Filters will be accessible via <code>filters</code>. <br><br>Send output as <code>result = [result]</code>, or for old style <code>data = [columns], [result]</code>","Els filtres seran accessibles mitjançant <code>filters</code> .<br><br> Envia la sortida com a <code>result = [result]</code> o per a les <code>data = [columns], [result]</code> estil antic <code>data = [columns], [result]</code>",
Finished,Acabat,
First Name,Nom,
First Success Message,Primer missatge d&#39;èxit,
Flag,Marcar,
Float,Float,
Float Precision,Precisió Float,
Fold,fold,
Folder,Carpeta,
Font,Font,
Font Properties,Propietats del tipus de lletra,
Font Size,Mida de la Font,
Fonts,Fonts,
Footer,Peu de pàgina,
Footer HTML,Peu de pàgina HTML,
Footer Items,Peu de pàgina Articles,
Footer Logo,Logotip del peu de pàgina,
Footer Template,Plantilla de peu de pàgina,
Footer Template Values,Valors de la plantilla de peu de pàgina,
Footer will display correctly only in PDF,El peu de pàgina només es mostrarà en format PDF,
For DocType Link / DocType Action,Per a DocType Link / DocType Action,
For Document Event,Per a esdeveniment de documents,
For User,per usuari,
For Value,Per valor,
For example: {} Open,Per exemple: {} Obert,
"For help see <a href=""https://frappeframework.com/docs/user/en/guides/portal-development/web-forms"" target=""_blank"">Client Script API and Examples</a>","Per obtenir ajuda, consulteu l&#39; <a href=""https://frappeframework.com/docs/user/en/guides/portal-development/web-forms"" target=""_blank"">API i exemples de Client Script</a>",
"For more information, <a class=""text-muted"" href=""https://erpnext.com/docs/user/manual/en/setting-up/email/linking-emails-to-document"">click here</a>.","Per a més informació, <a class=""text-muted"" href=""https://erpnext.com/docs/user/manual/en/setting-up/email/linking-emails-to-document"">feu clic aquí</a> .",
Force,força,
Force Show,força Mostra,
Force User to Reset Password,Força l&#39;usuari a restablir la contrasenya,
Form Settings,Configuració del formulari,
Form URL-Encoded,Formulari codificat per URL,
Format,format,
Format Data,Format de dades,
Forward To Email Address,Reenviar al Correu Electrònic,
Fraction,Fracció,
Fraction Units,Fraction Units,
Frappe,Frape,
Frequency,Freqüència,
Friday,Divendres,
From,Des,
From Date,Des de la data,
From Date Field,Des del camp Data,
From Full Name,De Nom complet,
From User,De l’Usuari,
Full,Complet,
Full Name,Nom complet,
Full Width,Amplada completa,
Function,Funció,
GMail,GMail,
Gantt,Gantt,
Gender,Gènere,
Generate Keys,Generar claus,
Geo,Geo,
Geolocation,Geolocalització,
Get Contacts,Obtenir contactes,
Get your globally recognized avatar from Gravatar.com,Aconsegueix el teu avatar reconegut globalment des Gravatar.com,
Git Branch,Git Branch,
GitHub,GitHub,
Global Search DocType,Document de cerca global de cerca,
Global Search Settings,Configuració global de la cerca,
Global Unsubscribe,Global Donar-se de baixa,
Go to Page,Ves a la pàgina,
Google,Google,
Google Analytics Anonymize IP,Adreça IP anònima de Google Analytics,
Google Analytics ID,ID de Google Analytics,
Google Calendar,Google Calendar,
Google Calendar Event ID,Identificador d&#39;esdeveniments de Google Calendar,
Google Calendar ID,Identificador de Google Calendar,
Google Contacts,Contactes de Google,
Google Contacts Id,Identificador de contactes de Google,
Google Drive,Google Drive,
Google Font,Google Font,
Google Settings,Configuració de Google,
Google Snippet Preview,Visualització prèvia de fragments de Google,
Grant Type,Tipus de subvenció,
Green,Verd,
Group,Grup,
Group By,Agrupar per,
Group By Based On,Per grup basat,
Group By Type,Grup per tipus,
Guest,Convidat,
HH:mm,HH: mm,
HH:mm:ss,HH: mm: ss,
HTML,HTML,
HTML Editor,Editor HTML,
HTML Page,Pàgina HTML,
HTML for header section. Optional,HTML for header section. Opcional,
Half,La meitat,
Half Yearly,Semestrals,
Half-yearly,Semestral,
Has  Attachment,té fitxers adjunts,
Has Domain,té domini,
Has Role,El paper té,
Has Web View,Té Web,
Header,Encapçalament,
Header HTML,Capçalera HTML,
Header and Breadcrumbs,Capçalera i pa ratllat,
Headers,Encapçalaments,
Heading,Títol,
Heatmap,Mapa de calor,
Help,Ajuda,
Help Article,ajuda article,
Help Articles,Ajuda a les persones,
Help Category,ajuda Categoria,
Help Dropdown,Menú desplegable d&#39;ajuda,
Help HTML,Ajuda HTML,
Helvetica,Helvetica,
Hidden,Amagat,
Hide,Amaga,
Hide Block,Amaga el bloc,
Hide Border,Amaga la frontera,
Hide CTA,Amaga el CTA,
Hide Copy,Amaga Copiar,
Hide Custom DocTypes and Reports,Amaga els informes i els tipus de documents personalitzats,
Hide Days,Oculta dies,
Hide Footer Signup,Hide Footer Inscripció,
Hide Login,Oculta l&#39;inici de sessió,
Hide Seconds,Amaga els segons,
Hide Standard Menu,Amaga menú estàndard,
Hide footer in auto email reports,Amaga el peu de pàgina als informes de correu electrònic automàtic,
High,Alt,
Higher priority rule will be applied first,Primer s’aplicarà una regla de prioritat superior,
Highlight,Destacat,
Home,casa,
Home Page,Home Page,
Home Settings,Configuració d’inici,
Hourly,Hora per hora,
Hourly Long,Llarga hora,
Hourly rate limit for generating password reset links,Límit de tarifa horària per generar enllaços de restabliment de contrasenya,
"How should this currency be formatted? If not set, will use system defaults","Com s'ha de formatar aquesta moneda? Si no s'estableix, s'utilitzarà valors predeterminats del sistema",
ID (name) of the entity whose property is to be set,ID (name) of the entity whose property is to be set,
IP Address,Adreça IP,
Icon,Icona,
Icon will appear on the button,La icona apareixerà al botó,
Identity Details,Detalls d&#39;identitat,
Idx,idx,
"If Apply Strict User Permission is checked and User Permission is defined for a DocType for a User, then all the documents where value of the link is blank, will not be shown to that User","Si Aplicar estricte de permisos d&#39;usuari es comprova i permisos d&#39;usuari es defineix per a un tipus de document per a un usuari, llavors tots els documents en què el valor de la relació està en blanc, no es mostraran a l&#39;usuari que",
If Checked workflow status will not override status in list view,Si l&#39;estat de flux de treball facturat no anul·larà l&#39;estat a la vista de llista,
"If Icon is set, it will be shown instead of Label","Si la icona està configurada, es mostrarà en lloc d&#39;etiqueta",
"If checked, all other workflows become inactive.","Si se selecciona, tots els altres fluxos de treball es tornen inactius.",
"If checked, users will not see the Confirm Access dialog.","Si se selecciona, els usuaris no podran veure el quadre de diàleg de confirmació d&#39;accés.",
"If disabled, this role will be removed from all users.","Si està desactivat, aquest paper serà eliminat de tots els usuaris.",
"If enabled,  user can login from any IP Address using Two Factor Auth, this can also be set for all users in System Settings","Si està activat, l’usuari es pot iniciar la sessió des de qualsevol adreça IP mitjançant Autofacturació de dos factors, també es pot configurar per a tots els usuaris a la configuració del sistema",
"If enabled, all users can login from any IP Address using Two Factor Auth. This can also be set only for specific user(s) in User Page","Si està habilitat, tots els usuaris poden iniciar la sessió des de qualsevol adreça IP mitjançant l&#39;Autenticació de dos factors. Això també es pot establir per als usuaris específics de la pàgina d&#39;usuari",
"If enabled, changes to the document are tracked and shown in timeline","Si està activat, es fa un seguiment dels canvis al document i es mostren a la línia de temps",
"If enabled, document views are tracked, this can happen multiple times","Si està activat, es fa un seguiment de les visualitzacions dels documents, això pot succeir-se diverses vegades",
"If enabled, the document is marked as seen, the first time a user opens it","Si està activat, el document es marca com es veu, la primera vegada que un usuari l’obre",
"If enabled, the notification will show up in the notifications dropdown on the top right corner of the navigation bar.","Si està activat, la notificació apareixerà al menú desplegable de notificacions a l&#39;extrem superior dret de la barra de navegació.",
"If enabled, the password strength will be enforced based on the Minimum Password Score value. A value of 2 being medium strong and 4 being very strong.","Si està activat, la fortalesa de la contrasenya s&#39;aplicarà en funció del valor mínim contrasenya Score. Un valor de 2 sent mig fort i 4 sent molt fort.",
"If enabled, users who login from Restricted IP Address, won't be prompted for Two Factor Auth","Si s&#39;activa, els usuaris que inicien la sessió des de l&#39;adreça IP restringida, no es demanaran a Autenticació de dos factors",
"If enabled, users will be notified every time they login. If not enabled, users will only be notified once.","Si està habilitat, els usuaris rebran una notificació cada vegada que s&#39;inicia sessió. Si no està habilitada, els usuaris només han de ser notificats una vegada.",
If non standard port (e.g. 587),If non standard port (e.g. 587),
"If non standard port (e.g. 587). If on Google Cloud, try port 2525.","Si el port no és estàndard (per exemple, 587). Si a Google Cloud, proveu el port 2525.",
"If non-standard port (e.g. POP3: 995/110, IMAP: 993/143)","Si no és un port estàndard (per exemple, POP3: 995/110, IMAP: 993/143)",
"If not set, the currency precision will depend on number format",Si no s&#39;estableix la precisió de divises dependrà de format de nombre,
"If the user has any role checked, then the user becomes a ""System User"". ""System User"" has access to the desktop","Si l&#39;usuari té cap paper marcat, llavors l&#39;usuari es converteix en un &quot;usuari del sistema&quot;. &quot;Usuari del sistema&quot; té accés a l&#39;escriptori",
If user is the owner,Si l&#39;usuari és el propietari,
"If you set this, this Item will come in a drop-down under the selected parent.","Establint aquest, aquest article vindrà en un desplegable sota el pare seleccionat.",
"If your data is in HTML, please copy paste the exact HTML code with the tags.","Si les dades estan en format HTML, si us plau copiar i enganxar el codi HTML exacta amb les etiquetes.",
Ignore User Permissions,Ignora els permisos d'usuari,
Ignore XSS Filter,Ignorar filtre XSS,
Ignore attachments over this size,No feu cas dels accessoris més d'aquesta mida,
Ignored Apps,Aplicacions ignorades,
Image,Imatge,
Image Field,camp d&#39;imatge,
Image Link,Enllaç a la imatge,
Implicit,implícit,
Import,Importació,
Import File,Importa el fitxer,
Import File Errors and Warnings,Importar errors i advertiments de fitxers,
Import Log,Importa registre,
Import Log Preview,Importa la vista prèvia del registre,
Import Preview,Vista prèvia d’importació,
Import Type,Tipus d&#39;importació,
Import Warnings,Advertències d’importació,
Import from Google Sheets,Importa de Fulls de càlcul de Google,
In Days,En Dies,
In Filter,En Filter,
In Global Search,En Recerca Global,
In List View,Vista de llista,
In Preview,A la vista prèvia,
In Reply To,En resposta a,
In Standard Filter,En Filtre predeterminat,
In points. Default is 9.,En punts. El valor per defecte és de 9.,
In seconds,En segons,
Inbox,Safata d&#39;entrada,
Inbox User,Usuari de la safata d’entrada,
Include Search in Top Bar,Incloure Cerca a Top Bar,
Include Web View Link in Email,Envia l&#39;enllaç de visualització web del document al correu electrònic,
Index,Índex,
Index Web Pages for Search,Índex de pàgines web de cerca,
Indexing Authorization Code,Codi d’autorització d’indexació,
Indexing Refresh Token,Token d&#39;actualització d&#39;indexació,
Indicator,Indicador,
Indicator Color,Color indicador,
Info,Info,
Initial Sync Count,Comte de sincronització inicial,
InnoDB,InnoDB,
Insert After,Inserir després,
Insert New Records,Insereix nous registres,
Insert Style,Inserir Estil,
Installed Application,Aplicació instal·lada,
Installed Applications,Aplicacions instal·lades,
Int,Int,
Integration Request,Sol·licitud d&#39;integració,
Integrations,Integracions,
Integrations can use this field to set email delivery status,Integracions poden utilitzar aquest camp per a establir l&#39;estat de lliurament de correu electrònic,
Interests,interessos,
Intermediate,intermedi,
Internal record of document shares,Registre intern de documents accions,
Introduce your company to the website visitor.,Presenta la teva empresa al visitant del lloc web.,
Introduction,Introducció,
Introductory information for the Contact Us Page,Informació de presentació per la pàgina de contacte,
Invalid,Invàlid,
Inverse,Invers,
Is Active,Està actiu,
Is Attachments Folder,És carpeta Arxius adjunts,
Is Billing Contact,És el contacte de facturació,
Is Child Table,És Taula fill,
Is Complete,Està complet,
Is Completed,es completa,
Is Custom Field,És el camp personalitzat,
Is Default,És per defecte,
Is Folder,És Carpeta,
Is Home Folder,És Carpeta,
Is Mandatory Field,És un camp obligatori,
Is Optional State,És un Estat opcional,
Is Primary,És primària,
Is Primary Contact,És Contacte principal,
Is Primary Mobile,És mòbil principal,
Is Primary Phone,És telèfon principal,
Is Private,És privat,
Is Public,És públic,
Is Published Field,Es publica Camp,
Is Single,És Individual,
Is Skipped,S&#39;omet,
Is Spam,és spam,
Is Standard,És Standard,
Is Submittable,És submittable,
Is Table,és Taula,
Is Tree,És Arbre,
Is Unique,És únic,
Is Your Company Address,La seva adreça és l&#39;empresa,
Item Label,Etiqueta de l’element,
Item Type,Tipus d’element,
JS,JS,
JSON,JSON,
JSON Request Body,Requestrgan de sol·licitud de JSON,
JavaScript,JavaScript,
JavaScript Format: frappe.query_reports['REPORTNAME'] = {},JavaScript Format: frappe.query_reports['REPORTNAME'] = {},
Javascript,Javascript,
Jinja,Jinja,
Kanban,Kanban,
Kanban Board,Junta Kanban,
Kanban Board Column,Columna Junta Kanban,
Kanban Board Name,Nom del Fòrum Kanban,
Keep track of all update feeds,Feu un seguiment de tots els feeds d&#39;actualització,
Keeps track of all communications,Fa un seguiment de totes les comunicacions,
Key,Clau,
Keyboard Shortcuts,Dreceres de teclat,
Knowledge Base Contributor,El coneixement base de contribuents,
Knowledge Base Editor,Coneixement Base Editor,
LDAP Email Field,LDAP Camp de correu electrònic,
LDAP First Name Field,LDAP camp de nom,
LDAP Group,Grup LDAP,
LDAP Group Field,Camp del grup LDAP,
LDAP Group Mapping,Mapeig de grups LDAP,
LDAP Group Mappings,Mapeig de grups LDAP,
LDAP Last Name Field,Camp de cognom LDAP,
LDAP Middle Name Field,Camp de nom mig LDAP,
LDAP Mobile Field,Camp mòbil LDAP,
LDAP Phone Field,Camp de telèfon LDAP,
LDAP Search String,Cadena de cerca LDAP,
LDAP Security,Seguretat LDAP,
LDAP Server Url,Url del servidor LDAP,
LDAP Settings,Configuració LDAP,
LDAP User Creation and Mapping,Creació i mapeig d’usuaris LDAP,
LDAP Username Field,El camp nom d&#39;usuari LDAP,
Label,Etiqueta,
Label Help,Label Help,
Label and Type,Etiqueta i Tipus,
Landing Page,La pàgina de destinació,
Language,Idioma,
Language Code,Codi d&#39;idioma,
Language Name,Nom d&#39;idioma,
Last Active,Últim actiu,
Last Backup On,L’última còpia de seguretat activada,
Last Execution,Última Execució,
Last IP,Darrera IP,
Last Known Versions,Darrers versions conegudes,
Last Login,Últim ingrés,
Last Month,El mes passat,
Last Name,Cognoms,
Last Password Reset Date,Data de restabliment de la darrera contrasenya,
Last Point Allocation Date,Data d’assignació del darrer punt,
Last Quarter,Últim trimestre,
Last Sync On,Última sincronització activada,
Last Synced On,Darrer sincronitzat,
Last User,Últim usuari,
Last Week,La setmana passada,
Last Year,L&#39;any passat,
Lead Conversion Time,Temps de conversió del plom,
Leaderboard,Leaderboard,
Leave blank to repeat always,Deixar en blanc per repetir sempre,
Ledger,Llibre major,
Left,Esquerra,
Legal,Legal,
Length,Longitud,
Letter,Carta,
Letter Head,Capçalera de la carta,
Letter Head Based On,Cap de lletra basat,
Letter Head Image,Imatge de cap de lletra,
Letter Head Name,Nom Carta Head,
Letter Head in HTML,Cap Carta a HTML,
Level,Nivell,
Level Name,Nom del nivell,
License,Llicència,
Light Color,Color clar,
Like,M&#39;agrada,
Likes,Gustos,
Limit,límit,
Limit Number of DB Backups,Limitar el nombre de còpies de seguretat de DB,
Line,Línia,
Link,Enllaç,
Link Cards,Targetes d’enllaç,
Link DocType,enllaç dOCTYPE,
Link Document Type,Enllaç Tipus de document,
Link Fieldname,Nom del camp d&#39;enllaç,
Link Name,Nom de l&#39;enllaç,
Link Title,link Títol,
Link To,Enllaç cap a,
Link to the page you want to open. Leave blank if you want to make it a group parent.,Enllaç a la pàgina que voleu obrir. Deixar en blanc si voleu que sigui un pare grup.,
Linked,Vinculat,
Linked Documents,Documents enllaçats,
Links,Enllaços,
List,Llista,
List Filter,Filtre de llista,
List Settings,Configuració de la llista,
List View Settings,Configuració de la vista de llista,
"List as [{""label"": _(""Jobs""), ""route"":""jobs""}]","Llista com [{ &quot;label&quot;: _ &quot;ruta&quot; ( &quot;Ocupació&quot;), &quot;llocs de treball&quot;}]",
List of patches executed,Llista de pegats executat,
Load Balancing,Equilibri de càrrega,
Location,Ubicació,
Log,Sessió,
Log Data,Dades del registre,
Log Setting User,Registre d&#39;usuari,
Log Settings,Configuració del registre,
Login,Iniciar Sessió,
Login After,Entrada Després,
Login Before,Identifica't abans,
Login Required,Inici de sessió obligatori,
Logo Width,Amplada del logotip,
Logout,Tancar sessió,
Logout All Sessions on Password Reset,Tanca la sessió de totes les sessions en restablir la contrasenya,
Logout From All Devices After Changing Password,Tancar la sessió de tots els dispositius després de canviar la contrasenya,
Long Text,Text llarg,
Low,Sota,
Main Section,Secció Principal,
Main Section (HTML),Secció principal (HTML),
Main Section (Markdown),Secció principal (aparició),
Maintenance Manager,Gerent de Manteniment,
Maintenance User,Usuari de Manteniment,
"Make ""name"" searchable in Global Search",Fer &quot;nom&quot; de recerca en la recerca global,
Mandatory,Obligatori,
Mandatory Depends On,L&#39;obligatorietat depèn,
Map route parameters into form variables. Example <code>/project/&lt;name&gt;</code>,Assigneu els paràmetres de la ruta a variables de formulari. Exemple <code>/project/&lt;name&gt;</code>,
Markdown,Markdown,
Markdown Editor,Editor de Markdown,
Marked As Spam,Marcat com a correu brossa,
Max 500 records at a time,Màxim 500 registres alhora,
Max Attachment Size (in MB),Adjunt Mida màxima (en MB),
Max Attachments,Capacitat màxima de fitxers adjunts,
Max Length,longitud màxima,
Max Value,valor màxim,
Maximum,Màxim,
Maximum Number of Fields,Nombre màxim de camps,
Maximum Points,Punts màxims,
Medium,Medium,
Meeting,Reunió,
Mention,Menció,
Mentions,Mencions,
Message,Missatge,
Message (HTML),Missatge (HTML),
Message (Markdown),Missatge (Markdown),
Message Examples,Exemples de missatges,
Message ID,ID de missatge,
Message Parameter,Paràmetre del Missatge,
Message-id,Missatge-id,
Meta Description,Meta Descripció,
Meta Image,Meta-imatge,
Meta Tags,Etiquetes Meta,
Meta Title,Meta Title,
Method,Mètode,
Middle Name,Segon nom,
Milestone,Fita,
Milestone Tracker,Rastreig de fites,
Minimum,Mínim,
Minimum Password Score,Clau puntuació mínima,
Mobile No,Número de Mòbil,
Module,Mòdul,
Module Def,Mòdul Def,
Module Name,Nom del mòdul,
Module Onboarding,Integració del mòdul,
Modules HTML,Mòduls HTML,
Monday,Dilluns,
Monospace,Monoespaiat,
Monthly,Mensual,
Monthly Long,Llarg mensual,
More Information,Més informació,
More content for the bottom of the page.,Més contingut per la part inferior de la pàgina.,
Multiplier Field,Camp multiplicador,
Must be a publicly accessible Google Sheets URL,Ha de ser un URL de Fulls de càlcul de Google accessible públicament,
"Must be of type ""Attach Image""",Ha de ser del tipus &quot;Adjunta imatge&quot;,
Mute Sounds,Sons Silenci,
MyISAM,MyISAM,
Name,Nom,
Naming,Naming,
Naming Series,Sèrie de nomenclatura,
Navbar,Barra de navegació,
Navbar Item,Element de la barra de navegació,
Navbar Settings,Configuració de la barra de navegació,
Navbar Template,Plantilla de barra de navegació,
Navbar Template Values,Valors de plantilla de barra de navegació,
New,Nou,
New Name,Nou Nom,
New value to be set,Nou valor a configurar,
Newsletter,Newsletter,
Newsletter Email Group,Butlletí Grup de correu electrònic,
Newsletter Manager,Butlletí Administrador,
Next Action Email Template,Plantilla de correu electrònic d&#39;acció següent,
Next Actions HTML,Accions següents HTML,
Next Schedule Date,Next Schedule Date,
Next State,Següent Estat,
Next Sync Token,Següent token de sincronització,
No,No,
No Copy,No Copy,
No of Requested SMS,No de SMS sol·licitada,
No of Rows (Max 500),No de files (màx 500),
No of Sent SMS,No d'SMS enviats,
Non Negative,No negatiu,
None,Cap,
Not Sent,No Enviat,
Note,Nota,
Note Seen By,Nota vist per,
Note: By default emails for failed backups are sent.,Nota: s&#39;envien per correu electrònic per defecte les còpies de seguretat fallides.,
"Note: For best results,  images must be of the same size and width must be greater than height.","Nota: Per obtenir millors resultats, les imatges han de ser de la mateixa mida i l&#39;amplada ha de ser superior a l&#39;alçada.",
Note: Multiple sessions will be allowed in case of mobile device,Nota: No es permeten diverses sessions en el cas dels dispositius mòbils,
Notification,notificació,
Notification Log,Registre de notificacions,
Notification Recipient,Destinatari de notificació,
Notification Settings,Configuració de notificació,
Notification Subscribed Document,Notificació Document subscrit,
Notifications,Notificacions,
Notifications and bulk mails will be sent from this outgoing server.,Notificacions i electrònics massius seran enviats des d'aquest servidor sortint.,
Notify Users On Every Login,Notificar als usuaris sobre la cada inici de sessió,
Notify by Email,Notificar per correu electrònic,
Notify by email,Notificació per correu electrònic,
Notify if unreplied,Notificar si UNREPLIED,
Notify if unreplied for (in mins),Notificar si UNREPLIED per (en minuts),
Notify users with a popup when they log in,Notificar als usuaris amb un missatge emergent quan es connecten,
Number Card,Targeta de número,
Number Card Link,Enllaç de la targeta numèrica,
Number Cards,Targetes numèriques,
Number Format,Format de nombre,
Number of Backups,Nombre de còpies de seguretat,
Number of DB Backups,Nombre de còpies de seguretat de DB,
Number of Groups,Nombre de grups,
Number of columns for a field in a Grid (Total Columns in a grid should be less than 11),Nombre de columnes per a un camp en una quadrícula (Total de columnes en una quadrícula ha de ser inferior a 11),
Number of columns for a field in a List View or a Grid (Total Columns should be less than 11),Nombre de columnes per a un camp en una vista de llista o una quadrícula (Columnes total ha de ser inferior a 11),
OAuth Authorization Code,Codi d&#39;autorització OAuth,
OAuth Bearer Token,OAuth Portador d&#39;emergència,
OAuth Client,client OAuth,
OAuth Client ID,Identificador de client OAuth,
OAuth Provider Settings,Configuració del proveïdor OAuth,
OTP App,Aplicació OTP,
OTP Issuer Name,Nom de l&#39;emissor de l&#39;OTP,
Off,Desactivat,
Office,Oficina,
Office 365,Office 365,
Older backups will be automatically deleted,còpies de seguretat anteriors s&#39;eliminaran de forma automàtica,
On Hold,En espera,
Onboarding Permission,Permís d&#39;incorporació,
Onboarding Step,Pas d’incorporació,
Onboarding Step Map,Mapa de passos integrat,
"Once submitted, submittable documents cannot be changed. They can only be Cancelled and Amended.","Un cop enviats, els documents enviables no es poden canviar. Només es poden cancel·lar i modificar.",
Only Allow Edit For,Només Permetre Edita Per,
Only Send Records Updated in Last X Hours,Enviar només els registres actualitzats en últimes hores X,
Open,Obert,
Open Documents,Obriu els documents,
Open Reference Document,Document de referència obert,
Open URL in a New Tab,Obriu l&#39;URL en una pestanya nova,
Open a dialog with mandatory fields to create a new record quickly,Obriu un diàleg amb camps obligatoris per crear un registre nou ràpidament,
Opened,Inaugurat,
Operation,Operació,
Optional: Always send to these ids. Each Email Address on a new row,Opcional: Enviar sempre a aquests identificadors. Cada adreça de correu electrònic en una nova fila,
Optional: The alert will be sent if this expression is true,Opcional: L'alerta s'enviat si aquesta expressió és veritable,
Options,Opcions,
Options Help,Opcions d'Ajuda,
Orange,taronja,
Order,ordre,
Org History,Org History,
Org History Heading,Org History Heading,
Other,Un altre,
Outlook.com,Outlook.com,
Output,sortida,
PDF Page Size,Mida de pàgina PDF,
PDF Settings,Configuració de PDF,
Page,Pàg,
Page Break,Salt de pàgina,
Page Builder,Creador de pàgines,
Page Building Blocks,Blocs bàsics de la pàgina,
Page HTML,Pàgina HTML,
Page Name,Nom de pàgina,
Page Settings,Configuració de la pàgina,
Parameter,Paràmetre,
Parent Field (Tree),Camp principal (arbre),
Parent Label,Etiqueta de Pares,
Partial Success,Èxit parcial,
Participants,Participants,
Passive,Passiu,
Password,Contrasenya,
Password Reset Link Generation Limit,Límit de generació d&#39;enllaços de restabliment de contrasenya,
Password for Base DN,Clau per a la base DN,
Patch,Pedàs,
Patch Log,Patch Log,
Path,Camí,
Path to CA Certs File,Camí al fitxer de certificats de CA,
Path to Server Certificate,Certificat de ruta al servidor,
Path to private Key File,Ruta al fitxer de clau privat,
Pending,Pendent,
Pending Approval,Pendent d&#39;aprovació,
Pending Verification,Pendent de verificar,
Percent,Per cent,
Percentage,Percentatge,
Period,Període,
Perm Level,Perm Level,
Permanent,permanent,
Permission Level,Nivell de permís,
Permission Rules,Regles de permisos,
Permissions,Permisos,
Permitted Documents For User,Documents permesos Per Usuari,
Personal,Personal,
Personal Data Deletion Request,Sol·licitud de supressió de dades personals,
Personal Data Download Request,Sol·licitud de descàrrega de dades personals,
Phone,Telèfon,
Phone No.,Número de Telèfon,
Phone Number,Número de telèfon,
Pie,Empanada,
Pincode,Codi PIN,
Plant,Planta,
Point Allocation Periodicity,Periodicitat d’assignació de punts,
Points,Punts,
Port,Port,
Portal Menu,menú portal,
Portal Menu Item,Portal de l&#39;Menú,
Portal Settings,Característiques del portal,
Position,Posició,
Postal,Postal,
Postal Code,Codi Postal,
Precision,Precisió,
Preferred Billing Address,Preferit Direcció de facturació,
Preferred Shipping Address,Adreça d'enviament preferida,
Prefix,Prefix,
Prepared Report,Informe preparat,
Prepared Report User,Usuari d&#39;informe preparat,
Preview,Preestrena,
Preview HTML,Vista prèvia HTML,
Preview Message,Missatge de vista prèvia,
Previous Hash,Anterior Hash,
Primary,Primari,
Primary Color,Color primari,
Print,Imprimir,
Print Format,Format d'impressió,
Print Format Builder,Format d'impressió Constructor,
Print Format Help,Format d'impressió Ajuda,
Print Format Type,Format d'impressió Tipus,
Print Hide,Imprimir Amaga,
Print Hide If No Value,Imprimir amaga Si No Valor,
Print Server,Servidor d&#39;impressió,
Print Settings,Paràmetres d'impressió,
Print Style,Estil d'impressió,
Print Style Name,Nom de l&#39;estil d&#39;impressió,
Print Style Preview,Vista prèvia de l'estil d'impressió,
Print UOM after Quantity,Imprimiu UOM després de Quantity,
Print Width,Ample d'impressió,
"Print Width of the field, if the field is a column in a table","Print Width of the field, if the field is a column in a table",
Print taxes with zero amount,Imprimiu impostos amb import zero,
Print with letterhead,Imprimir de carta,
Printer Name,Nom de la impressora,
Printing,Impressió,
Priority,Prioritat,
Private,Privat,
ProTip: Add <code>Reference: {{ reference_doctype }} {{ reference_name }}</code> to send document reference,Protip: Afegeix <code>Reference: {{ reference_doctype }} {{ reference_name }}</code> enviar referència del document,
Property,Propietat,
Property Depends On,La propietat depèn,
Property Setter,Ajusts de Propietats,
Property Setter overrides a standard DocType or Field property,Property Setter overrides a standard DocType or Field property,
Property Type,Tipus de propietat,
Provider,Proveïdor,
Provider Name,Nom del proveïdor,
Public,Públic,
Publish,Publica,
Published,Publicat,
Published On,Publicat a,
Pull from Google Calendar,Tira de Google Calendar,
Pull from Google Contacts,Treu de Google Contacts,
Pulled from Google Calendar,Tirat de Google Calendar,
Pulled from Google Contacts,Tirat de Google Contactes,
Purchase Manager,Gerent de Compres,
Purchase Master Manager,Administraodr principal de compres,
Purchase User,Usuari de compres,
Purple,Porpra,
Push to Google Calendar,Push a Google Calendar,
Push to Google Contacts,Empenteu a Google Contacts,
Quarterly,Trimestral,
Query,Query,
Query / Script,Consulta / Script,
Query Options,Opcions de consulta,
Query Report,Query Report,
Queued,En cua,
Quick Entry,Entrada ràpida,
RAW Information Log,Registre d&#39;informació RAW,
Random,Aleatori,
Rating,classificació,
Raw Commands,Comandes en brut,
Raw Email,E-mail prima,
Raw Printing,Impressió en brut,
Read,Llegir,
Read Only,Només lectura,
Read Only Depends On,Només de lectura depèn,
Read Time,Temps de lectura,
Read by Recipient,Llegir per destinatari,
Read by Recipient On,Llegir per destinatari encès,
Reason,Raó,
Received,Rebut,
Receiver By Document Field,Receptor per camp del document,
Receiver By Role,Receptor per funció,
Receiver Parameter,Paràmetre de Receptor,
Recipient,Receptor,
Recipient Unsubscribed,Beneficiari no subscriure,
Recipients,Destinataris,
Recorder,Gravadora,
Red,Vermell,
Redirect URI Bound To Auth Code,URI de redireccionament obligat a Auth Code,
Redirect URIs,redirigir URI,
Redirect URL,URL de redireccionament,
Ref DocType,Ref DocType,
Reference,referència,
Reference Date,Data de Referència,
Reference DocName,DocName de referència,
Reference DocType,DocType de referència,
Reference Docname,DocName de referència,
Reference Doctype,Reference DocType,
Reference Document,Document de referència,
Reference Document Name,Nom del document de referència,
Reference Document Type,Referència Tipus de document,
Reference Name,Nom de referència,
Reference Owner,referència propietari,
Reference Report,Informe de referència,
Reference Type,Tipus de referència,
Reference name,Referència Nom,
Referrer,Referent,
Refresh Google Sheet,Actualitza el full de Google,
Refresh Token,actualitzar Token,
Rejected,Rebutjat,
Relinked,Relinked,
Reload,Recarregar,
Remember Last Selected Value,Recordeu que l&#39;últim valor seleccionat,
Reminder,Recordatori,
Repeat On,Repeat On,
Repeat Till,Repeteix Fins,
Repeat on Day,Repeteixi el dia,
Repeat on Last Day of the Month,Repetiu l&#39;últim dia del mes,
Repeat this Event,Repetir aquest esdeveniment,
Replied,Respost,
Reply,Respondre,
Report,Informe,
Report Builder,Generador d'informes,
Report Column,Columna d&#39;informe,
Report Description,Descripció de l&#39;informe,
Report Filter,Filtre d&#39;informes,
Report Filters,Filtres d&#39;informe,
Report Hide,Amaga Informe,
Report Information,Informació de la informació,
Report Manager,Administrador d'informes,
Report Name,Nom de l'informe,
Report Reference Doctype,Tipus de document d&#39;informació de referència,
Report Type,Tipus d'informe,
Reports,Informes,
Represents a User in the system.,Representa un usuari en el sistema.,
Represents the states allowed in one document and role assigned to change the state.,Representa els estats permesos en un sol document i el rol assignat a canviar l'estat.,
Request Data,Sol·licitud de dades,
Request Structure,Estructura de sol·licitud,
Request URL,URL de sol·licitud,
Requested Numbers,Números sol·licitats,
Require Trusted Certificate,Requereix un certificat de confiança,
Reset Password Key,Restabliment de contrasenya,
Response,Resposta,
Response Type,Tipus de resposta,
Restored,Restaurada,
Restrict IP,Restringir IP,
Restrict To Domain,Restringir al domini,
Restrict to Domain,Restringir al domini,
Restrict user from this IP address only. Multiple IP addresses can be added by separating with commas. Also accepts partial IP addresses like (111.111.111),Restringir l'usuari des d'aquesta adreça IP única. Diverses adreces IP es poden afegir en separar amb comes. També accepta adreces IP parcials com (111.111.111),
Retry,Torneu a provar,
Reverse Icon Color,Revertir Icona Color,
Revert,Revertir,
Revert Of,Revertir,
Reverted,Revertit,
Review,Revisió,
Review Level,Nivell de revisió,
Review Levels,Nivells de revisió,
Review Points,Punts de revisió,
Revoked,revocat,
Rich Text,Text enriquit,
Right,Dreta,
Robots.txt,robots.txt,
Role,Rol,
Role Name,Nom de rol,
Role Permission for Page and Report,El permís per a la funció Pàgina i Informe,
Role Permissions,Permisos de rol,
Role Permissions Manager,Administrador de Permisos de rols,
Role Profile,Perfil de la funció,
Role and Level,Rols i Nivell,
Roles,Rols,
Roles Assigned,Funcions assignades,
Roles HTML,Rols HTML,
Roles Html,Funcions HTML,
Round Robin,Robin rodó,
Route,Ruta,
Route History,Historial de la ruta,
Route Redirects,Redireccions de ruta,
"Route: Example ""/desk""",Ruta: exemple &quot;/ escriptori&quot;,
Row Index,Índex de files,
Row Name,Nom de la fila,
Rows Added,Afegit files,
Rows Removed,files treuen,
Rule,Regla,
Rule Conditions,Condicions de la norma,
Rule Name,Nom de la regla,
Rules defining transition of state in the workflow.,Regles que defineixen la transició d'estat del flux de treball.,
"Rules for how states are transitions, like next state and which role is allowed to change state etc.","Normes de com els estats són transicions, com pròxim estat i a quin rol se li permet canviar l'estat, etc.",
Rules with higher priority number will be applied first.,Les regles amb un número de prioritat més alt s’aplicaran primer.,
Run Jobs only Daily if Inactive For (Days),Feu feina només diàriament si són inactius durant (dies),
Run scheduled jobs only if checked,Executar els treballs programats només si s'activa,
S3 Backup Settings,Configuració de còpia de seguretat de S3,
S3 Bucket Details,Detalls del cubell S3,
SMS,SMS,
SMS Gateway URL,SMS Gateway URL,
SMS Log,SMS Log,
SMS Parameter,Paràmetre SMS,
SMS Settings,Ajustaments de SMS,
SMTP Settings for outgoing emails,Configuració SMTP per als correus sortints,
"SQL Conditions. Example: status=""Open""",Condicions de SQL. Exemple: estat = &quot;obert&quot;,
SSL/TLS Mode,Mode SSL / TLS,
Sales Manager,Gerent De Vendes,
Sales Master Manager,Gerent de vendes,
Sales User,Usuari de vendes,
Salesforce,Força de vendes,
Salutation,Salutació,
Sample,Mostra,
Saturday,Dissabte,
Save,Guardar,
Scheduled,Programat,
Scheduled Job,Feina programada,
Scheduled Job Log,Registre de treball programat,
Scheduled Job Type,Tipus de treball programat,
Scheduled To Send,Programat per enviar,
Scheduler Event,Esdeveniment de programador,
Scope,Abast,
Scopes,Scopes,
Script,Guió,
Script Manager,Gestor de scripts,
Script Report,Script Report,
Script Type,Script Type,
Script to attach to all web pages.,Script to attach to all web pages.,
Search Fields,Camps de recerca,
Search Priorities,Prioritats de cerca,
Section,Secció,
Section Break,Salt de secció,
Security Settings,Configuració de seguretat,
Seen,Vist,
Seen By,Vist per,
Seen By Table,Vist per la taula,
Select,Seleccionar,
Select Dashboard,Seleccioneu Tauler de control,
Select Date Range,Seleccioneu Interval de dates,
Select DocType,Seleccioneu doctype,
Select Doctype,Seleccioneu Doctype,
Select Transaction,Seleccionar Transacció,
Select an image of approx width 150px with a transparent background for best results.,Seleccioneu una imatge d'ample aprox 150px amb fons transparent per obtenir millors resultats.,
Select the label after which you want to insert new field.,Selecciona l'etiqueta després de la qual vols inserir el nou camp.,
Send After,Enviar Després,
Send Alert On,Enviar Alerta Sobre,
Send Email Alert,Envia una alerta de correu electrònic,
Send Email Print Attachments as PDF (Recommended),Enviar els arxius adjunts deels correus electrònics com a PDF (Recomanat),
Send Email for Successful Backup,Envia un correu electrònic per obtenir una còpia de seguretat satisfactòria,
Send Email for Successful backup,Envieu un correu electrònic per fer una còpia de seguretat amb èxit,
Send Me A Copy of Outgoing Emails,Envia&#39;m una còpia de correus electrònics sortints,
Send Notification To,Enviar Notificació a,
Send Notification to,Envia la notificació a,
Send Notifications For Documents Followed By Me,Enviar notificacions de documents seguits per mi,
Send Notifications For Email Threads,Enviar notificacions per a fils de correu electrònic,
Send Notifications To,Enviar notificacions a,
Send Print as PDF,Envia la impressió com a PDF,
Send System Notification,Envia la notificació del sistema,
Send To All Assignees,Envia a tots els cessionaris,
Send Unsubscribe Link,Enviar Anul·lar Enllaç,
Send Welcome Email,Enviar Benvingut email,
Send alert if date matches this field's value,Enviar alerta si la data coincideix amb el valor d'aquest camp,
Send alert if this field's value changes,Enviar alerta si canvia el valor d'aquest camp,
Send an email reminder in the morning,Enviar un recordatori per correu electrònic el matí,
Send days before or after the reference date,Enviar dies abans o després de la data de referència,
Send enquiries to this email address,Envieu les seves consultes a la següent adreça de correu electrònic,
Send only if there is any data,Enviar només si hi ha qualsevol dada,
Send unsubscribe message in email,Enviar missatge de correu electrònic per donar-se de baixa en,
Sender,Remitent,
Sender Email,Email del remitent,
Sender Name,Nom del remitent,
Sendgrid,SendGrid,
Sending,Enviament,
Sent,Enviat,
Sent On,Enviar on,
Sent Read Receipt,Enviat confirmació de lectura,
Sent To,Enviat A,
Sent or Received,Enviat o rebut,
Sent/Received Email,Correu enviat / rebut,
Separator,Separador,
Sequence Id,Id. De seqüència,
Series List for this Transaction,Llista de Sèries per a aquesta transacció,
Server Action,Acció del servidor,
Server IP,IP del servidor,
Server Script,Script del servidor,
Service,Servei,
Session Default,Per defecte de la sessió,
Session Default Settings,Configuració predeterminada de la sessió,
Session Defaults,Defectes predeterminats de la sessió,
Set Banner from Image,Conjunt de la bandera de la Imatge,
"Set Default Options for all charts on this Dashboard (Ex: ""colors"": [""#d1d8dd"", ""#ff5858""])","Estableix les opcions predeterminades per a tots els gràfics d&#39;aquest tauler (Ex: &quot;colors&quot;: [&quot;# d1d8dd&quot;, &quot;# ff5858&quot;])",
Set New Password,Establir una contrasenya,
Set Property After Alert,Després d&#39;establir la propietat Alerta,
Set Role For,Per establir Rol,
Set Value,Valor seleccionat,
Set non-standard precision for a Float or Currency field,Ajusta una precisió no estàndard per a un camp Float o moneda,
Settings,Ajustos,
Settings Dropdown,Configuració desplegable,
Settings for Contact Us Page,Ajustos per Contacti'ns Pàgina,
Settings for the About Us Page,Configuració de la pàgina Qui som,
Setup,Ajustos,
Setup Complete,Instal·lació completa,
Setup Wizard,Assistent de configuració,
Share,Compartir,
Shared,compartit,
Shipping,Enviament,
Shop,Botiga,
Short Name,Nom curt,
Shortcuts,Dreceres,
Show Attachments,Mostra els fitxers adjunts,
Show Dashboard,Mostra Tauler,
Show Document,Mostra el document,
Show Failed Logs,Mostra els registres que han fallat,
Show Form Tour,Show Form Tour,
Show Full Error and Allow Reporting of Issues to the Developer,Mostrar un error complet i permeti la comunicació de les emissions a l&#39;Desenvolupador,
Show Full Form?,Vols mostrar el formulari complet?,
Show Line Breaks after Sections,Mostra salts de línia després de les Seccions,
Show Percentage Stats,Mostra les estadístiques percentuals,
Show Preview Popup,Mostra la vista prèvia de la finestra emergent,
Show Report,Mostra l&#39;informe,
Show Section Headings,Mostra títols de les seccions,
Show Sidebar,Mostra la barra lateral,
Show Title,Mostrar títol,
Show as cc,Mostra com cc,
Show full form instead of a quick entry modal,Mostra el formulari complet en lloc d&#39;una modalitat d&#39;entrada ràpida,
Show in Module Section,Mostra a la secció Mòdul,
Show in filter,Mostra al filtre,
Show percentage difference according to this time interval,Mostra la diferència percentual segons aquest interval de temps,
"Show title in browser window as ""Prefix - title""",Mostrar títol a la finestra del navegador com &quot;Prefix - títol&quot;,
Sidebar Items,Sidebar Items,
Sidebar Settings,Configuració de la barra lateral,
Sidebar and Comments,Barra lateral i Comentaris,
Signature,Signatura,
"Simple Python Expression, Example: Status in (""Closed"", ""Cancelled"")","Expressió simple de Python, exemple: estat a (&quot;Tancat&quot;, &quot;cancel·lat&quot;)",
"Simple Python Expression, Example: Status in (""Invalid"")","Expressió simple de Python, exemple: estat en (&quot;No vàlid&quot;)",
"Simple Python Expression, Example: status == 'Open' and type == 'Bug'","Expressió Python simple, exemple: status == &#39;Obrir&#39; i escriviu == &#39;Bug&#39;",
Simultaneous Sessions,sessions simultànies,
Single Types have only one record no tables associated. Values are stored in tabSingles,Tipus individuals només tenen un rècord no hi ha taules associades. Els valors s'emmagatzemen a tabSingles,
Skip Authorization,saltar Autorització,
Skype,Skype,
Slack,Fluix,
Slack Channel,Slack Channel,
Slack Webhook URL,S&#39;ha reduït l&#39;URL de Webhook,
Slideshow,Slideshow,
Slideshow Items,Presentació Articles,
Slideshow Name,Nom Slideshow,
Slideshow like display for the website,Presentació com a pantalla per al lloc web,
Small Text,Text petit,
Smallest Currency Fraction Value,Més petita moneda Valor Fracció,
Smallest circulating fraction unit (coin). For e.g. 1 cent for USD and it should be entered as 0.01,"Unitat més petita fracció de circulació (moneda). Per exemple, 1 cèntim per USD i ha de ser ingressat com 0.01",
Social,Social,
Social Link Settings,Configuració de l&#39;enllaç social,
Social Link Type,Tipus d’enllaç social,
Social Login Key,Clau d&#39;accés social,
Social Login Provider,Proveïdor d&#39;inici de sessió social,
Social Logins,Inicis socials,
Soft-Bounced,-Soft Rebotats,
Sort Field,Ordenar Camp,
Sort Order,Ordre de Classificació,
Source,Font,
Source Name,font Nom,
Source Text,font del text,
Spam,Correu brossa,
SparkPost,SparkPost,
Standard,Estàndard,
Standard Sidebar Menu,Menú Barra Lateral Estàndard,
Start Date,Data De Inici,
Start Date Field,Camp de data d&#39;inici,
Start Time,Hora d'inici,
StartTLS,StartTLS,
Started,Va començar,
Starts on,Comença en,
State,Estat,
State/Province,Estat / Província,
States,Units,
Static Parameters,Paràmetres estàtics,
Stats,Estadístiques,
Stats Time Interval,Interval de temps de les estadístiques,
Status,Estat,
Step,Pas,
Steps,Passos,
Stopped,Detingut,
Stores the JSON of last known versions of various installed apps. It is used to show release notes.,Emmagatzema el JSON de les últimes versions conegudes de diferents aplicacions instal·lades. S&#39;utilitza per mostrar notes de la versió.,
Style,Estil,
Style Settings,Ajustos,
"Style represents the button color: Success - Green, Danger - Red, Inverse - Black, Primary - Dark Blue, Info - Light Blue, Warning - Orange","Estil representa el color del botó: Èxit - Verd, Perill - vermell, Inverse - Negre, Primària - Blau Fosc, Informació - blau clar, Advertència - Orange",
Stylesheet,Full d&#39;estil,
"Sub-currency. For e.g. ""Cent""","Parts de moneda. Per exemple ""Cèntims""",
Sub-domain provided by erpnext.com,Sub-domini proporcionat per erpnext.com,
Subdomain,Subdomini,
Subject,Subjecte,
Subject Field,Camp Assumpte,
Submit,Presentar,
Submit After Import,Envieu després d&#39;importar,
Submitted,Enviat,
Subsidiary,Filial,
Subtitle,Subtítol,
Success,Èxit,
Success Action,Acció d&#39;èxit,
Success Message,Missatge d'èxit,
Success URL,Success URL,
Sum,Suma,
Sunday,Diumenge,
Symbol,Símbol,
Sync,Sincronitzar,
Sync with Google Calendar,Sincronització amb Google Calendar,
Sync with Google Contacts,Sincronització amb Google Contacts,
System,Sistema,
System Console,Consola del sistema,
System Manager,Administrador del sistema,
System Notification,Notificació del sistema,
System Page,sistema de Pàgina,
System Settings,Configuració del sistema,
System managers are allowed by default,Els administradors de sistemes estan permesos per defecte,
Table,Taula,
Table Break,Taula de descans,
Table HTML,taula HTML,
Table MultiSelect,Taula MultiSelect,
Tag,Etiqueta,
Tag Link,Enllaç d’etiqueta,
Target,Objectiu,
Tax Category,Categoria Tributària,
Team Members,Membres de l'equip,
Team Members Heading,Team Members Heading,
Template,Plantilla,
Template Options,Opcions de plantilla,
Template Warnings,Advertències de plantilles,
Text,Text,
Text Align,Text Alinear,
Text Color,Color del text,
Text Content,contingut de text,
Text Editor,Editor de text,
The name that will appear in Google Calendar,El nom que apareixerà a Google Calendar,
The user from this field will be rewarded points,L’usuari d’aquest camp obtindrà punts recompensats,
The webhook will be triggered if this expression is true,"Si s’expressa aquesta veritat, es desencadena el webhook",
Theme,Tema,
Theme Configuration,Configuració del tema,
Theme URL,URL del tema,
These values will be automatically updated in transactions and also will be useful to restrict permissions for this user on transactions containing these values.,Aquests valors s'actualitzaran automàticament en les transaccions i també podrà ser útil restringir els permisos per a aquest usuari en transaccions que contenen aquests valors.,
Third Party Authentication,Third Party Authentication,
This card will be available to all Users if this is set,Aquesta targeta estarà disponible per a tots els usuaris si està configurada,
This chart will be available to all Users if this is set,Aquest gràfic estarà disponible per a tots els usuaris si està establert,
This format is used if country specific format is not found,Aquest format s'utilitza si no hi ha el format específic de cada país,
This goes above the slideshow.,Això va per sobre de la presentació de diapositives (slideshow),
This is an example Google SERP Preview.,Aquest és un exemple de Google SERP Preview.,
This is the number of the last created transaction with this prefix,Aquest és el nombre de l'última transacció creat amb aquest prefix,
This will be shown in a modal after routing,Això es mostrarà en un modal després de l&#39;encaminament,
This will be shown to the user in a dialog after routing to the report,Això es mostrarà a l&#39;usuari en un diàleg després d&#39;encaminar-lo a l&#39;informe,
Thumbnail URL,URL en miniatura,
Thursday,Dijous,
Time,Temps,
Time Format,Format del temps,
Time Interval,Interval de temps,
Time Series,Sèries temporals,
Time Series Based On,Sèrie de temps basada en,
Time Zone,Fus horari,
Time Zones,Zones horàries,
Time format,Format del temps,
Time in seconds to retain QR code image on server. Min:<strong>240</strong>,Temps en segons per conservar la imatge del codi QR al servidor. Mín: <strong>240</strong>,
Timeline,Cronologia,
Timeline DocType,DOCTYPE línia de temps,
Timeline Field,Línia de temps camp,
Timeline Links,Enllaços de línia de temps,
Timeline Name,Nom de la línia de temps,
Timeseries,Sèries temporals,
Timespan,Lapse de temps,
Timestamp,Marca de temps,
Title,Títol,
Title Field,Title Field,
Title Prefix,Títol Prefix,
To,A,
To Date,Fins La Data,
To Date Field,Al camp Data,
To and CC,Per i CC,
"To use Slack Channel, add a <a href=""#List/Slack%20Webhook%20URL/List"">Slack Webhook URL</a>.","Per utilitzar Slack Channel, afegiu un <a href=""#List/Slack%20Webhook%20URL/List"">URL de Slack Webhook</a> .",
ToDo,ToT,
Token,simbòlic,
Top,Superior,
Top Bar Item,Element de barra superior,
Top Bar Items,Elements de la barra superior,
Topic,tema,
Total Subscribers,Els subscriptors totals,
Total number of emails to sync in initial sync process ,Nombre total de missatges de correu electrònic per sincronitzar en el procés de sincronització inicial,
Traceback,Rastrejar,
Track Changes,Control de canvis,
Track Email Status,Seguiment de l&#39;estat del correu electrònic,
Track Field,Camp de pista,
Track Seen,Vist a la pista,
Track Views,Vistes de pista,
Track milestones for any document,Feu el seguiment de les fites per a qualsevol document,
Transaction Hash,Transacció Hash,
Transaction Log,Registre de transaccions,
Transaction Log Report,Informe del registre de transaccions,
Transition Rules,Regles de Transició,
Transitions,Transicions,
Translatable,Traduïble,
Translated Text,El text traduït,
Translation,traducció,
Trash,Paperera,
Tree,arbre,
Tree structures are implemented using Nested Set,Les estructures d’arbre s’implementen mitjançant el conjunt nidificat,
Trigger Method,Mètode d&#39;activació,
"Trigger on valid methods like ""before_insert"", ""after_update"", etc (will depend on the DocType selected)","Tret en mètodes vàlids com &quot;before_insert&quot;, &quot;after_update&quot;, etc (dependrà del tipus de document seleccionat)",
Tuesday,Dimarts,
Two Factor Authentication,Autenticació de dos factors,
Two Factor Authentication method,Mètode d&#39;autenticació de dos factors,
Type,Tipus,
UID,UID,
UIDNEXT,UIDNEXT,
UIDVALIDITY,UIDVALIDITY,
UNSEEN,INVISIBLE,
URL,URL,
URL for documentation or help,URL per obtenir documentació o ajuda,
URL to go to on clicking the slideshow image,URL on accedir fent clic a la imatge de presentació de diapositives,
Unassign Condition,Condició no assignada,
Unhandled Email,no controlada per correu electrònic,
Unique,Únic,
Unread,no llegit,
Unread Notification Sent,Notificació No llegit Enviat,
Unshared,incompartible,
Unsubscribe Method,Mètode per donar-se de baixa,
Unsubscribe Param,Donar-se de baixa Param,
Unsubscribed,No subscriure,
Update,Actualització,
Update Existing Records,Actualitzar els registres existents,
Update Field,Actualitzar camps,
Update Series Number,Actualització Nombre Sèries,
Update Settings,Actualitza la configuració,
Update Value,Actualització Valor,
Updated,Actualitzat,
Uploaded To Dropbox,Penjat a Dropbox,
Uploaded To Google Drive,Penjat a Google Drive,
Use % for any non empty value.,Utilitzeu% per a qualsevol valor no buit.,
Use ASCII encoding for password,Utilitzeu la codificació ASCII per a la contrasenya,
Use IMAP,L&#39;ús de IMAP,
Use POST,Utilitzeu POST,
Use Report Chart,Utilitzeu el gràfic d&#39;informes,
Use SSL,Utilitza SSL,
Use TLS,Utilitza TLS,
Use this fieldname to generate title,Utilitzeu aquest nom de camp per generar títol,
User,Usuari,
User ,Usuari,
User Agent,Agent d&#39;usuari,
User Cannot Create,L'usuari no pot crear,
User Cannot Search,L'usuari no pot Cercar,
User Defaults,La configuració d'usuari,
User Details,Detalls de l&#39;usuari,
User Email,user Correu electrònic,
User Emails,Els correus electrònics d&#39;usuaris,
User Field,Camp d&#39;Usuari,
User ID,ID d'usuari,
User ID Property,Propietat d&#39;identificació d&#39;usuari,
User ID of a Blogger,ID d'usuari d'un Blogger,
User Id,ID d&#39;usuari,
User Image,Imatge d'Usuari,
User Name,Nom d’Usuari,
User Permission,Permís d'usuari,
User Profile,Perfil d&#39;usuari,
User Social Login,Accés social de l&#39;usuari,
User Tags,User Tags,
User Type,Tipus d'usuari,
User can login using Email id or Mobile number,L&#39;usuari pot iniciar la sessió utilitzant correu electrònic d&#39;identificació o número de mòbil,
User can login using Email id or User Name,L&#39;usuari pot iniciar la sessió utilitzant l&#39;identificador de correu electrònic o el nom d&#39;usuari,
User must always select,Usuari sempre ha de seleccionar,
Username,Nom d&#39;usuari,
Users,Usuaris,
Users assigned to the reference document will get points.,Els usuaris assignats al document de referència obtindran punts.,
Valid,vàlid,
Validate Field,Valida el camp,
Validity,Validesa,
Value,Valor,
Value Based On,Basat en el valor,
Value Change,Canvi de valor,
Value Changed,Valor Changed,
Value To Be Set,Valor d&#39;ajust,
Value from this field will be set as the due date in the ToDo,El valor d’aquest camp s’establirà com a data de venciment al ToDo,
Value to Validate,Valor per validar,
Verdana,Verdana,
Verified,Verificat,
Version,Versió,
Video URL,URL del vídeo,
View,Veure,
View Log,Veure el registre,
View Properties (via Customize Form),Veure propietats (via Personalitzar Formulari),
View Report,Veure informe,
View Settings,veure configuració,
View Website,Veure Lloc Web,
Viewed By,Vist per,
Visit,Visita,
Warehouse,Magatzem,
Warning,Advertència,
Watch Video,Mira el vídeo,
Web Form,Formulari Web,
Web Form Field,Web de camp de formulari,
Web Form Fields,Web Form Fields,
Web Page,Pàgina Web,
Web Page Block,Bloc de pàgines web,
Web Page View,Vista de pàgina web,
Web Template,Plantilla web,
Web Template Field,Camp de plantilla web,
Web Template Values,Valors de plantilla web,
Web View,vista web,
Webhook,Webhook,
Webhook Data,Dades de Webhook,
Webhook Header,Encapçalament Webhook,
Webhook Headers,Encapçalaments de Webhook,
Webhook Request,Sol.licitud de Webhook,
Webhook Secret,Secret del webhook,
Webhook Security,Seguretat de Webhook,
Webhook Trigger,Disparador del webhook,
Webhook URL,URL del webhook,
Website,Lloc web,
Website Analytics,Anàlisi de llocs web,
Website Manager,Gestor de la Pàgina web,
Website Meta Tag,Etiqueta Meta del lloc web,
Website Route Meta,Lloc web Meta Meta,
Website Route Redirect,Redirecció de ruta del lloc web,
Website Script,Website Script,
Website Settings,Configuració del lloc web,
Website Sidebar,Barra Lateral pàgina web,
Website Sidebar Item,Lloc web barra lateral d&#39;articles,
Website Slideshow,Website Slideshow,
Website Slideshow Item,Website Slideshow Item,
Website Theme,Lloc web temàtic,
Website Theme Ignore App,Aplicació Ignora el tema del lloc web,
Website Theme Image,Lloc web Imatge per tema,
Website Theme Image Link,Lloc web Imatge per tema Enllaç,
Wednesday,Dimecres,
Weekdays,Dies laborables,
Weekly,Setmanal,
Weekly Long,Llarg setmanalment,
Welcome Email Template,Plantilla de correu electrònic de benvinguda,
"When enabled this will allow guests to upload files to your application, You can enable this if you wish to collect files from user without having them to log in, for example in job applications web form.","Quan estigui habilitat, permetrà als convidats pujar fitxers a l&#39;aplicació. Podeu habilitar-la si voleu recopilar fitxers de l&#39;usuari sense haver-hi de iniciar sessió, per exemple, al formulari web d&#39;aplicacions laborals.",
Which view of the associated DocType should this shortcut take you to?,A quina visualització del tipus de document associat us ha de portar aquesta drecera?,
Width,Ample,
Wildcard Filter,Filtre comodí,
"Will add ""%"" before and after the query",Afegirà &quot;%&quot; abans i després de la consulta,
Will be used in url (usually first name).,Will be used in url (usually first name).,
Will run scheduled jobs only once a day for inactive sites. Default 4 days if set to 0.,"Executaran feines programades només una vegada al dia per a llocs inactius. Per defecte, 4 dies si es defineix en 0.",
Workflow,Workflow,
Workflow Action,Acció de flux de treball,
Workflow Action Master,Mestre d'accions de Flux de treball,
Workflow Action Name,Nom de l'acció del flux de treball (Workflow),
Workflow Action is not created for optional states,L’acció de flux de treball no es crea per a estats opcionals,
Workflow Document State,Flux de treball de documents Estat,
Workflow Name,Workflow Nom,
Workflow State,Estat de flux de treball (workflow),
Workflow State Field,Campd d'estat de flux de treball (workflow),
Workflow Transition,Transició de workflow,
Workflow state represents the current state of a document.,Estat de flux de treball representa l'estat actual d'un document.,
Write,Escriure,
X Field,X Camp,
XLSX,XLSX,
Y Axis,Eix Y,
Y Field,I Camp,
Yahoo Mail,Correu De Yahoo,
Yandex.Mail,Yandex.Mail,
Year,Any,
Yearly,Anual,
Yellow,Groc,
Yes,Sí,
Your organization name and address for the email footer.,El seu nom de l&#39;organització i direcció per al peu de pàgina de correu electrònic.,
Zero means send records updated at anytime,Zero significa enviar els registres actualitzats en qualsevol moment,
_doctype,_doctype,
_report,_report,
adjust,ajustar,
after_insert,after_insert,
align-center,alinear-centre,
align-justify,align-justify,
align-left,alinear-esquerra,
align-right,alinear a la dreta,
arrow-down,arrow-down,
arrow-left,fletxa-esquerra,
arrow-right,fletxa cap a la dreta,
arrow-up,arrow-up,
asterisk,asterisc,
backward,cap enrere,
ban-circle,ban-cercle,
barcode,Barcode,
bell,campana,
blue,blau,
bold,Negreta,
book,llibre,
bookmark,marcador,
briefcase,briefcase,
bullhorn,megàfon,
calendar,calendari,
camera,càmera,
certificate,certificat,
check,Comproveu,
chevron-down,Chevron-down,
chevron-left,chevron-left,
chevron-right,Chevron-dreta,
chevron-up,Chevron-up,
circle-arrow-down,circle-arrow-down,
circle-arrow-left,circle-arrow-left,
circle-arrow-right,circle-arrow-right,
circle-arrow-up,cercle de fletxa amunt,
cog,cog,
comment,Comentari,
darkgrey,gris fosc,
dd-mm-yyyy,dd-mm-aaaa,
dd.mm.yyyy,dd.mm.aaaa,
dd/mm/yyyy,dd/mm/aaaa,
download,Descarregar,
download-alt,download-alt,
"e.g. ""Support"", ""Sales"", ""Jerry Yang""","per exemple ""Suport "","" Vendes "","" Jerry Yang """,
e.g. pop.gmail.com / imap.gmail.com,per exemple pop.gmail.com / imap.gmail.com,
e.g. replies@yourcomany.com. All replies will come to this inbox.,per exemple replies@yourcomany.com. Totes les respostes vindran a aquesta safata d'entrada.,
e.g. smtp.gmail.com,per exemple smtp.gmail.com,
edit,Edita,
eject,expulsar,
email,correu electrònic,
envelope,embolcall,
exclamation-sign,Signe d'exclamació,
eye-close,ull-close,
eye-open,eye-open,
facebook,facebook,
facetime-video,FaceTime i vídeo,
fairlogin,fairlogin,
fast-backward,fast-backward,
fast-forward,avanç ràpid,
file,Expedient,
film,film,
filter,filtre,
fire,foc,
flag,Marcar,
folder-close,folder-close,
folder-open,-Carpeta oberta,
font,font,
forward,Endavant,
fullscreen,pantalla completa,
gift,regal,
glass,vidre,
globe,globus,
green,verd,
hand-down,hand-down,
hand-left,hand-left,
hand-right,la mà dreta,
hand-up,hand-up,
hdd,hdd,
headphones,auriculars,
heart,cor,
home,Inici,
icon,icona,
in minutes,en qüestió de minuts,
inbox,Safata d'entrada,
indent-left,guió-esquerra,
indent-right,guió-dreta,
info-sign,info-signe,
italic,itàlic,
leaf,full,
link,enllaç,
linkedin,linkedin,
list,llista,
list-alt,list-alt,
lock,bloquejar,
magnet,imant,
map-marker,mapa marcador,
minus,menys,
minus-sign,signe menys,
mm-dd-yyyy,mm-dd-aaaa,
mm/dd/yyyy,mm/dd/aaaa,
module,mòdul,
move,Mou-te,
music,música,
no failed attempts,intents fallits sense,
off,Desactivat,
ok,ok,
ok-circle,ok-circle,
ok-sign,ok-sign,
old_parent,old_parent,
on_cancel,on_cancelar,
on_change,on_change,
on_submit,on_submit,
on_trash,on_trash,
on_update,on_update,
on_update_after_submit,on_update_after_submit,
orange,taronja,
page,Pàgina,
pause,pausa,
pencil,llapis,
picture,imatge,
plane,avió,
play,jugar,
play-circle,joc de cercle,
plus,més,
plus-sign,signe més,
print,Impressió,
purple,porpra,
qrcode,qrcode,
query-report,consulta d&#39;informe,
question-sign,question-sign,
random,aleatori,
red,vermell,
refresh,actualització,
remove,Elimina,
remove-circle,remove-circle,
remove-sign,eliminar l'efecte de signe,
repeat,repetir,
resize-full,resize-full,
resize-horizontal,resize-horizontal,
resize-small,canviar la mida petita,
resize-vertical,canviar la mida vertical,
response,resposta,
retweet,retweet,
road,carretera,
screenshot,captura de pantalla,
search,cerca,
share,Quota,
share-alt,share-alt,
shopping-cart,Cistella de la compra,
signal,senyal,
star,estrella,
star-empty,star-empty,
step-backward,pas enrere,
step-forward,pas cap endavant,
stop,Stop,
tag,etiqueta,
tags,etiquetes,
tasks,tasques,
text-height,text-height,
text-width,text-width,
th,th,
th-large,th-large,
th-list,TH-llista,
thumbs-down,thumbs-down,
thumbs-up,thumbs-up,
time,temps,
tint,tint,
trash,Paperera,
twitter,twitter,
upload,Carregueu,
user,usuari,
volume-down,volum cap avall,
volume-off,volum-off,
volume-up,volum-up,
warning-sign,warning-sign,
wrench,wrench,
yellow,groc,
yyyy-mm-dd,aaaa-mm-dd,
zoom-in,mes-zoom,
zoom-out,menys-zoom,
