"""Company History""","""Historie organizace""",
"""Team Members"" or ""Management""","""Členové týmu"" nebo ""Vedení""",
&lt;head&gt; HTML,&lt;head&gt; HTML,
**Currency** Master,** Měna ** Hlavní,
0 - Draft; 1 - Submitted; 2 - Cancelled,0 - Rozpracováno; 1 - Odesláno; 2 - Zrušeno,
0 is highest,0 je nejvyšší,
A list of resources which the Client App will have access to after the user allows it.<br> e.g. project,"Seznam zdrojů, které Klient App bude mít přístup k poté, co ho uživatel dovolí. <br> například projekt",
A symbol for this currency. For e.g. $,"Symbol této měny,  např. $",
A4,A4,
ALL,Vše,
API,API,
API Access,Přístup API,
API Endpoint,Koncový bod rozhraní API,
API Endpoint Args,API Endpoint Args,
API Key,klíč API,
API Method,Metoda API,
API Secret,API Secret,
ASC,ASC,
About Us Settings,Nastavení O nás,
About Us Team Member,O nás – člen týmu,
Access Key ID,Identifikátor přístupového klíče,
Access Key Secret,Tajemství přístupového klíče,
Access Log,Přístupový protokol,
Access Token,Přístupový Token,
Access Token URL,Adresa přístupového bodu,
Account,Účet,
Accounts Manager,Accounts Manager,
Accounts User,Uživatel Účtů,
Action,Akce,
Action / Route,Akce / trasa,
Action Timeout (Seconds),Akční časový limit (sekundy),
Action Type,Typ akce,
Actions,Akce,
Active,Aktivní,
Active Domains,Aktivní domény,
Activity Log,Aktivita Log,
Add Container,Přidat kontejner,
Add Custom Tags,Přidejte vlastní značky,
Add Gray Background,Přidejte šedé pozadí,
Add Signature,Přidat podpis,
Add Total Row,Přidat řádek celkem,
Add Unsubscribe Link,Přidat odkaz pro odhlášení,
"Added HTML in the &lt;head&gt; section of the web page, primarily used for website verification and SEO","Přidáno HTML do sekce &lt;head&gt; webové stránky, používané zejména pro ověřování webových stránek a SEO",
Additional Permissions,Rozšířená oprávnění,
Address,Adresa,
Address And Contacts,Adresa a kontakty,
Address Line 1,Adresní řádek 1,
Address Line 2,Adresní řádek 2,
Address Template,Šablona adresy,
Address Title,Označení adresy,
Address Type,Typ adresy,
Address and other legal information you may want to put in the footer.,"Adresa a další formální informace, které byste rádi uvedli v zápatí.",
Addresses And Contacts,Adresy a kontakty,
Adds a custom field to a DocType,Přidá přizpůsobené pole do DocType,
Administrator,Správce,
Advanced,Pokročilé,
Advanced Control,Pokročilá kontrola,
Advanced Settings,Pokročilé nastavení,
After Cancel,Po zrušení,
After Delete,Po smazání,
After Save,Po uložení,
After Save (Submitted Document),Po uložení (předložený dokument),
After Submit,Po odeslání,
Aggregate Function Based On,Agregovaná funkce založená na,
Alert,Výstraha,
Align Labels to the Right,Zarovnejte štítky doprava,
Align Right,Zarovnat správně,
All,Všechno,
All Day,Celý den,
Allocated To,Přidělené na,
Allot Points To Assigned Users,Přidělte body přiřazeným uživatelům,
Allow,Dovolit,
Allow Auto Repeat,Povolit automatické opakování,
Allow Bulk Edit,Povolit hromadné úpravy,
Allow Comments,Povolit komentáře,
Allow Consecutive Login Attempts ,Povolit Pokusy o konsistentní přihlášení,
Allow Delete,Povolit mazání,
Allow Dropbox Access,Povolit přístup Dropbox,
Allow Guest,Povolit hosta,
Allow Guest to View,Dovolit hosty zobrazit,
Allow Guests to Upload Files,Povolit hostům nahrávání souborů,
Allow Import (via Data Import Tool),Umožnit import (pomocí Import dat Tool),
Allow Incomplete Forms,Umožnit Neúplné formuláře,
Allow Login After Fail,Povolit přihlášení po selhání,
Allow Login using Mobile Number,Povolit přihlášení pomocí mobilního čísla,
Allow Login using User Name,Povolit přihlášení pomocí uživatelského jména,
Allow Modules,Povolit moduly,
Allow Print,umožňují tisk,
Allow Print for Cancelled,Umožňují tisk pro Zrušeno,
Allow Print for Draft,Umožňují tisk pro Draft,
Allow Read On All Link Options,Povolit přečtení všech možností odkazu,
Allow Rename,Povolit přejmenování,
Allow Roles,povolit role,
Allow Self Approval,Povolit vlastní schválení,
Allow approval for creator of the document,Umožnit schválení tvůrci dokumentu,
Allow document creation via Email,Povolte vytváření dokumentů prostřednictvím e-mailu,
Allow events in timeline,Povolit události v časové ose,
Allow in Quick Entry,Povolit v Rychlém zadání,
Allow on Submit,Povolit při Odeslání,
Allow only one session per user,Umožňují pouze jednu relaci na jednoho uživatele,
Allow page break inside tables,Umožnit konec stránky uvnitř tabulky,
Allow saving if mandatory fields are not filled,"Umožnit ukládání, pokud povinná pole nejsou vyplněna",
Allow user to login only after this hour (0-24),Povolit uživateli se přihlásit pouze po této hodině (0-24),
Allow user to login only before this hour (0-24),Povolit uživatelům přihlásit pouze před tuto hodinu (0-24),
Allowed,Povoleno,
Allowed In Mentions,Povoleno v zmínkách,
"Always add ""Draft"" Heading for printing draft documents",Vždy přidat &quot;Koncept&quot; Okruh pro tisk konceptů dokumentů,
Amend,Změnit,
Amended From,Platném znění,
An icon file with .ico extension. Should be 16 x 16 px. Generated using a favicon generator. [favicon-generator.org],Ikonu souboru s příponou ICO. Měl by být 16 x 16 px. Generován pomocí favicon generátoru. [favicon-generator.org],
Analytics,analytika,
Annual,Roční,
Anonymous,Anonymní,
Any string-based printer languages can be used. Writing raw commands requires knowledge of the printer's native language provided by the printer manufacturer. Please refer to the developer manual provided by the printer manufacturer on how to write their native commands. These commands are rendered on the server side using the Jinja Templating Language.,"Lze použít jakýkoli jazyk tiskárny založený na řetězci. Zápis surových příkazů vyžaduje znalost rodného jazyka tiskárny poskytovaného výrobcem tiskárny. Informace o tom, jak psát své nativní příkazy, naleznete v příručce pro vývojáře od výrobce tiskárny. Tyto příkazy jsou vykreslovány na straně serveru pomocí Jinja Templating Language.",
App,Aplikace,
App Access Key,Access Key App,
App Client ID,ID aplikace klienta,
App Client Secret,App Client Secret,
App Name,Název aplikace,
App Secret Key,App Secret Key,
Append Emails to Sent Folder,Připojte e-maily k odeslané složce,
Append To,Připojit k,
Applicable For,Použitelné pro,
Application Logo,Logo aplikace,
Application Name,název aplikace,
Application Version,Verze aplikace,
Applied On,Přihlášeno dne,
Apply Document Permissions,Použít oprávnění k dokumentu,
Apply Only Once,Použít pouze jednou,
Apply Strict User Permissions,Použijte oprávnění pro přísná uživatele,
Apply To All Document Types,Použít na všechny typy dokumentů,
Apply this rule if the User is the Owner,"Použít toto pravidlo v případě, že uživatel je vlastníkem",
Apply this rule only once per document,Použijte toto pravidlo pouze jednou na dokument,
Appreciation,Uznání,
Archived,Archivovaných,
Arial,Arial,
Assign Condition,Přiřadit podmínku,
Assign To Users,Přiřadit uživatelům,
Assigned,přidělen,
Assigned By,přidělené,
Assigned By Full Name,Přidělené Celé jméno,
Assignment,Úkol,
Assignment Completed,přiřazení Dokončeno,
Assignment Days,Dny přiřazení,
Assignment Rule,Pravidlo přiřazení,
Assignment Rule Day,Den pravidla přiřazení,
Assignment Rule User,Uživatel pravidla přiřazení,
Assignment Rules,Pravidla přiřazení,
Assignments,Úlohy,
Attach,Přiložit,
Attach Image,Připojit obrázek,
Attach Print,Připojit Tisk,
Attached File,Přiložený soubor,
Attached To DocType,Přiloženo k DocType,
Attached To Field,Připojeno k poli,
Attached To Name,Přiloženo jménu,
Attachment,Příloha,
Attachment Limit (MB),Omezit přílohu (MB),
Attachment Link,Odkaz na přílohu,
Attachment Removed,Příloha byla odebrána,
Attachments,Přílohy,
Auth URL Data,Auth URL Data,
Authentication,ověření pravosti,
Author,Autor,
Authorization Code,Autorizační kód,
Authorize API Indexing  Access,Autorizujte přístup k indexování API,
Authorize Google Calendar Access,Autorizujte přístup do Kalendáře Google,
Authorize Google Contacts Access,Autorizovat přístup ke kontaktům Google,
Authorize Google Drive Access,Autorizovat přístup na Disk Google,
Authorize URL,Autorizujte URL,
Authorized,Autorizovaný,
Auto,Auto,
Auto Email Report,Auto Email Report,
Auto Name,Automatický název,
Auto Repeat,Auto opakování,
Auto Reply Message,Zpráva automatické odpovědi,
Automatically Assign Documents to Users,Automaticky přiřadit dokumenty uživatelům,
Automation,Automatizace,
Avatar,Avatar,
Average,Průměrný,
Awaiting Password,Čeká na heslo,
Awaiting password,Čeká na heslo,
BCC,BCC,
Background Color,Barva pozadí,
Background Workers,Pracovníci pozadí,
Backup Details,Podrobnosti o zálohování,
Backup Files,Zálohovat soubory,
Backup Folder ID,ID záložní složky,
Backup Folder Name,Název záložní složky,
Backup Frequency,zálohování frekvence,
Backup public and private files along with the database.,Zálohujte veřejné a soukromé soubory spolu s databází.,
Backups,zálohy,
Banner,Banner,
Banner HTML,Banner HTML,
Banner Image,Obrázek banneru,
Banner is above the Top Menu Bar.,Banner je nad horní lištou menu.,
Bar,Bar,
Barcode,čárový kód,
Base Distinguished Name (DN),Základna Distinguished Name (DN),
Base URL,Základní URL,
Based On,Založeno na,
Based on Field,Na základě pole,
Based on Permissions For User,o oprávnění pro User Based,
Basic,Základní,
Before Cancel,Před zrušením,
Before Delete,Před smazáním,
Before Insert,Před vložením,
Before Save,Před uložením,
Before Save (Submitted Document),Před uložením (předložený dokument),
Before Submit,Před odesláním,
Beginner,Začátečník,
Beta,Beta,
Billing,Fakturace,
Bio,Biografie,
Birth Date,Datum narození,
Block Module,Block Module,
Block Modules,Blokované moduly,
Blocked,Blokovaný,
Blog Category,Kategorie blogu,
Blog Intro,Úvod blogu,
Blog Introduction,Představení blogu,
Blog Post,Příspěvek blogu,
Blog Settings,Nastavení blogu,
Blog Title,Titulek blogu,
Blogger,Blogger,
Blue,Modrý,
Bold,tučně,
Bot,Bot,
Bottom,Dno,
Bounced,Odražené,
Brand,Značka,
Brand HTML,Značka HTML,
Brand Image,Značka Obrázek,
Breadcrumbs,Drobečková navigace (Breadcrumbs),
Browser,Prohlížeč,
Browser Version,Verze prohlížeče,
Brute Force Security,Bojová bezpečnost,
Bucket Name,Název kbelíku,
Bulk Update,Hromadná aktualizace,
Button,Tlačítko,
Button Gradients,Přechody tlačítek,
Button Rounded Corners,Tlačítko zaoblené rohy,
Button Shadows,Knoflíkové stíny,
Bypass Restricted IP Address Check If Two Factor Auth Enabled,"Vynechat omezenou IP adresu Zkontrolujte, zda je povoleno dvoufaktorové ověřování",
Bypass Two Factor Auth for users who login from restricted IP Address,"Bypass Two Factor Auth pro uživatele, kteří se přihlásí z omezené IP adresy",
Bypass restricted IP Address check If Two Factor Auth Enabled,Bypass omezena kontrola adresy IP Pokud je povoleno Authentication Two Factor,
CC,CC,
CSS,CSS,
CSS Class,Třída CSS,
CSV,CSV,
CTA Label,Štítek CTA,
CTA URL,URL výzvy k akci,
Calendar,Kalendář,
Calendar Name,Název kalendáře,
Calendar View,Zobrazení kalendáře,
Call,Volání,
Call To Action,Výzva k akci,
Call To Action URL,URL výzvy k akci,
Callback Message,Zpráva zpětného volání,
Callback Title,Název zpětného volání,
Campaign,Kampaň,
Cancel,Zrušit,
Cancelled,Zrušeno,
Card,Kartu,
Cards,Karty,
Category,Kategorie,
Category Description,Kategorie Popis,
Category Name,Název kategorie,
Center,Střed,
Chaining Hash,Řetězová hadice,
Change Label (via Custom Translation),Změna Label (přes vlastní překlad),
Change Password,Změnit heslo,
Channel,Kanál,
Chart,Schéma,
Chart Configuration,Konfigurace grafu,
Chart Name,Název grafu,
Chart Options,Možnosti grafu,
Chart Source,Zdroj grafu,
Chart Type,Typ grafu,
Charts,Grafy,
Chat,Chat,
Check,Kontrola,
Check this if you want to force the user to select a series before saving. There will be no default if you check this.,"Zaškrtněte, pokud chcete, aby uživateli vybrat sérii před uložením. Tam bude žádná výchozí nastavení, pokud jste zkontrolovat.",
Checking this will hide custom doctypes and reports cards in Links section,Toto zaškrtnutí skryje vlastní doctypy a karty zpráv v sekci Odkazy,
Checksum Version,Verze kontrolního součtu,
Child Tables are shown as a Grid in other DocTypes,Podřízené tabulky jsou zobrazeny jako mřížka v jiných typech DocTypes,
Choose authentication method to be used by all users,"Vyberte metodu autentizace, kterou budou používat všichni uživatelé",
City,Město,
City/Town,Město / Město,
Clicked,Clicked,
Client,Klient,
Client Code,Klientský kód,
Client Credentials,klientské pověření,
Client ID,ID klienta,
Client Information,Informace o klientovi,
Client Script,Klientský skript,
Client Secret,Klientské tajemství,
Client URLs,Klientské adresy URL,
Close Condition,Zavřít podmínku,
Closed,Zavřeno,
Code,Kód,
Collapsible,Skládací,
Collapsible Depends On,"Skládací závisí na tom,",
Color,Barva,
Column Break,Zalomení sloupce,
Column Name,Název sloupce,
Columns,sloupce,
Columns / Fields,Sloupce / pole,
Comment,Komentář,
Comment By,Komentováno (kým),
Comment Email,E-mail s komentářem,
Comment Type,Typ komentáře,
Comments and Communications will be associated with this linked document,Komentáře a komunikace bude spojena s tímto propojeného dokumentu,
Commit,Spáchat,
Communication,Komunikace,
Communication Link,Komunikační spojení,
Communication Type,Typ komunikace,
Compact Item Print,Kompaktní Položka Print,
Company History,Historie organizace,
Company Introduction,Představení organizace,
Company Name,Název společnosti,
Complete,Kompletní,
Completed,Dokončeno,
Component,Komponent,
Condition,Podmínka,
Conditions,Podmínky,
Configuration,Konfigurace,
Confirmation Email Template,Potvrzovací e-mailová šablona,
Console,Řídicí panel,
Console Log,Protokol konzoly,
Contact,Kontakt,
Contact Details,Kontaktní údaje,
Contact Email,Kontaktní e-mail,
Contact Numbers,Kontaktní čísla,
Contact Phone,Kontaktní Telefon,
Contact Us Settings,Nastavení - Kontaktujte nás,
"Contact options, like ""Sales Query, Support Query"" etc each on a new line or separated by commas.","Možnosti kontaktu, např.: ""Dotaz prodeje, dotaz podpory"" atd., každý na novém řádku nebo oddělené čárkami.",
Contacts,Kontakty,
Content,Obsah,
Content (HTML),Obsah (HTML),
Content (Markdown),Obsah (Markdown),
Content Hash,Otisk obsahu (hash),
Content Type,Typ obsahu,
Context,Kontext,
Context Script,Kontextový skript,
Contributed,Přispělo,
Contribution Document Name,Název dokumentu příspěvku,
Contribution Status,Stav příspěvku,
Copyright,Copyright,
Core,Jádro,
Count,Spočítat,
Count Filter,Počet filtrů,
Counter,Čelit,
Country,Země,
Country Name,Stát Název,
County,Hrabství,
Create,Vytvořit,
Create Contacts from Incoming Emails,Vytvářejte kontakty z příchozích e-mailů,
Create Entry,Vytvořit záznam,
Create Log,Vytvořit protokol,
Create and Send Newsletters,Vytvoření a odeslání Zpravodaje,
Created,Vytvořeno,
Criticism,Kritika,
Cron,Cron,
Cron Format,Formát Cron,
Currency,Měna,
Currency Name,Jméno měny,
Currency Precision,Měnová přesnost,
Current,Aktuální,
Custom,Zvyk,
Custom Base URL,Adresa URL vlastní databáze,
Custom CSS,Přizpůsobené CSS,
Custom Configuration,Vlastní konfigurace,
Custom DocPerm,Custom DocPerm,
Custom Field,Přizpůsobené pole,
Custom Format,Vlastní formát,
Custom HTML Help,Vlastní nápovědy HTML,
Custom Menu Items,Položky menu Custom,
Custom Options,Vlastní možnosti,
Custom Overrides,Vlastní přepsání,
Custom Report,Vlastní přehled,
Custom Role,Custom Role,
Custom SCSS,Vlastní SCSS,
Custom Sidebar Menu,Custom Sidebar Menu,
Custom?,Přizpůsobit?,
Customization,Přizpůsobení,
Customize Form,Přizpůsobit formulář,
Customize Form Field,Přizpůsobit formulářové pole,
DESC,DESC,
Daily,Denně,
Daily Long,Denně dlouho,
Danger,Nebezpečí,
Dark Color,Tmavá barva,
Dashboard,Přístrojová deska,
Dashboard Chart,Dashboard Chart,
Dashboard Chart Field,Pole grafu řídicího panelu,
Dashboard Chart Link,Odkaz na řídicí panel,
Dashboard Chart Source,Zdroj grafu řídicího panelu,
Dashboard Manager,Správce palubní desky,
Dashboard Name,Název řídicího panelu,
Dashboard Settings,Nastavení řídicího panelu,
Dashboards,Řídicí panely,
Data,Data,
Data Export,Export dat,
Data Import,Import dat,
Database Engine,Database Engine,
Date,Datum,
Date Format,Formát data,
Date Range,Časové období,
Date and Number Format,Formát čísel a data,
Datetime,Datum a čas,
Day,Den,
Day of Week,Den v týdnu,
Days After,Dní po,
Days Before,Dny před,
Days Before or After,Dnů před nebo po,
Default,Výchozí,
Default Incoming,Výchozí Příchozí,
Default Letter Head,Výchozí hlavičkový,
Default Outgoing,Výchozí Odchozí,
Default Portal Home,Výchozí domovská stránka portálu,
Default Print Format,Výchozí formát tisku,
Default Print Language,Výchozí jazyk tisku,
Default Redirect URI,Výchozí Přesměrování URI,
Default Role at Time of Signup,Výchozí Role v době SIGNUP,
Default Sort Field,Výchozí pole řazení,
Default Sort Order,Výchozí pořadí řazení,
Default Value,Výchozí hodnota,
"Default: ""Contact Us""","Výchozí: ""Kontaktujte nás""",
DefaultValue,Výchozí hodnota,
Defaults,Výchozí,
Defines actions on states and the next step and allowed roles.,Definuje akce na stavech a další krok a povolené role.,
Defines workflow states and rules for a document.,Vymezuje jednotlivé stavy toků.,
Delayed,Zpožděné,
Delete,Smazat,
Deleted,Vypouští se,
Deleted DocType,vypouští DocType,
Deleted Document,vypouští Document,
Deleted Name,vypouští Name,
Delivery Status,Delivery Status,
Department,Oddělení,
Dependencies,Závislosti,
Depends On,Závisí na,
Description,Popis,
"Description for listing page, in plain text, only a couple of lines. (max 200 characters)","Popis stránky se seznamem, prostý text, pouze pár řádků. (max. 200 znaků)",
Designation,Označení,
Desk,Stůl,
Desk Access,Bezbariérový přístup,
Desktop Icon,Ikona Desktop,
Details,Podrobnosti,
"Different ""States"" this document can exist in. Like ""Open"", ""Pending Approval"" etc.","Mohou existovat různé ""stavy"" tohoto dokumentu. Jako ""Otevřeno"", ""Čeká na schválení"" atd.",
Digits,Číslice,
Disable Auto Refresh,Zakázat automatické obnovení,
Disable Comments,Zakázat komentáře,
Disable Count,Zakázat počet,
Disable SMTP server authentication,Zakázat ověřování serveru SMTP,
Disable Sidebar Stats,Zakázat statistiky postranního panelu,
Disable Signup,Vypnout registrování,
Disable Standard Email Footer,Zakázat standardní poštovní zápatí,
Disabled,Vypnuto,
Display,Zobrazit,
Display Depends On,Zobrazení závisí na,
Doc Event,Doc událost,
Doc Events,Dokumenty událostí,
Doc Status,Doc Status,
DocField,DocField,
DocPerm,DocPerm,
DocShare,DocShare,
DocType,DocType,
DocType Action,Akce typu DocType,
DocType Event,Událost DocType,
DocType Link,Odkaz na DocType,
DocType View,DocType Zobrazit,
DocType is a Table / Form in the application.,DocType je tabulka / formulář v aplikaci,
DocType on which this Workflow is applicable.,DocType na který je aplikovatelný tento tok (workflow).,
Doctype,Doctype,
Document,Dokument,
Document Actions,Akce dokumentu,
Document Follow,Sledujte dokument,
Document Link,Odkaz na dokument,
Document Links,Odkazy na dokumenty,
Document Name,Název dokumentu,
Document Naming Rule,Pravidlo pro pojmenování dokumentu,
Document Naming Rule Condition,Podmínka pravidla pojmenování dokumentu,
Document Share,Sdílení dokumentů,
Document Share Report,Dokument Share Report,
Document States,Dokument státy,
Document Tag,Značka dokumentu,
Document Title,Název dokumentu,
Document Type,Typ dokumentu,
Document Type to Track,"Typ dokumentu, který chcete sledovat",
Document Types,Typy dokumentů,
Documentation Link,Odkaz na dokumentaci,
Documentation URL,URL dokumentace,
Domain,Doména,
Domain Settings,Nastavení domény,
Domains HTML,Domény HTML,
"Don't HTML Encode HTML tags like &lt;script&gt; or just characters like &lt; or &gt;, as they could be intentionally used in this field","Nenechte HTML Kódování HTML tagy jako &lt;script&gt; nebo jen znaky jako &lt;nebo&gt;, protože by mohly být záměrně použity v tomto oboru",
Don't Override Status,Nepotlačí Stav,
Don't Send Emails,Neposílejte e-maily,
Donut,Kobliha,
Download Backups,Ke stažení Zálohy,
Download Template,Stáhnout šablonu,
Dropbox Access Token,Přístupový tok Dropbox,
Dropbox Settings,Nastavení Dropbox,
Dropdowns,Rozbalovací nabídky,
Due Date,Datum splatnosti,
Due Date Based On,Datum splatnosti založeno na,
Duration,Doba trvání,
Dynamic Filters,Dynamické filtry,
Dynamic Filters JSON,Dynamické filtry JSON,
Dynamic Filters Section,Sekce dynamických filtrů,
Dynamic Link,Dynamický odkaz,
Dynamic Report Filters,Dynamické filtry přehledů,
Dynamic Route,Dynamická trasa,
Dynamic Template,Dynamická šablona,
Edit,Upravit,
Edit Values,Upravit hodnoty,
Editable Grid,editovatelné Grid,
Eg. smsgateway.com/api/send_sms.cgi,Např. smsgateway.com/api/send-sms.cgi,
Email,E-mailem,
Email Account,E-mailový účet,
Email Account Name,Název e-mailového účtu,
Email Address,Emailová adresa,
Email Address whose Google Contacts are to be synced.,"E-mailová adresa, jejíž kontakty Google mají být synchronizovány.",
Email Addresses,Emailová adresa,
Email Domain,Email Domain,
Email Flag Queue,Email Flag fronty,
Email Footer Address,E-mailová adresa zápatí,
Email Group,Email Group,
Email Group Member,E-mail člena skupiny,
Email ID,ID e-mailu,
Email IDs,Email IDS,
Email Id,Email Id,
Email Inbox,E-mailová schránka,
Email Queue,Email fronty,
Email Queue Recipient,Email Fronta Příjemce,
Email Queue records.,Email fronty záznamů.,
Email Reply Help,E-mailová odpověď Nápověda,
Email Rule,Email Rule,
Email Sent,Email odeslán,
Email Settings,Nastavení emailu,
Email Signature,Zápatí v emailu (podpis),
Email Status,Email Status,
Email Sync Option,E-mail Sync Option,
Email Template,Šablona e-mailu,
Email To,E-mail na,
Email Unsubscribe,Email Odhlásit,
Emails will be sent with next possible workflow actions,Emaily budou odeslány s dalšími možnými akcemi pracovního postupu,
Enable,Zapnout,
Enable Auto Reply,Povolit automatické odpovědi,
Enable Automatic Backup,Povolit automatické zálohování,
Enable Automatic Linking in Documents,Povolit automatické propojení v dokumentech,
Enable Comments,Zapnout komentáře,
Enable Email Notifications,Povolit e-mailová oznámení,
Enable Google Indexing,Povolit indexování Google,
Enable In App Website Tracking,Povolit ve sledování webových stránek aplikace,
Enable Incoming,Povolení příchozích,
Enable Onboarding,Povolit registraci,
Enable Outgoing,Povolit odchozí,
Enable Password Policy,Povolit zásady hesel,
Enable Print Server,Povolit tiskový server,
Enable Raw Printing,Povolit surový tisk,
Enable Scheduled Jobs,Zapnout plánované operace (cron),
Enable Security,Povolit zabezpečení,
Enable Social Login,Povolit sociální přihlášení,
Enable Social Sharing,Povolit sociální sdílení,
Enable Two Factor Auth,Povolit povolení dvou faktorů,
Enabled,Zapnuto,
End Date,Datum ukončení,
End Date Field,Pole ukončení data,
Endpoint URL,URL koncového bodu,
Endpoints,Koncové body,
Ends on,Končí,
Energy Point,Energy Point,
Energy Point Log,Log energetického bodu,
Energy Point Rule,Pravidlo energetického bodu,
Energy Point Settings,Nastavení bodu energie,
Energy Points,Energetické body,
Enter Form Type,Vložte typ formuláře,
"Enter default value fields (keys) and values. If you add multiple values for a field, the first one will be picked. These defaults are also used to set ""match"" permission rules. To see list of fields, go to ""Customize Form"".","Zadejte pole výchozí hodnota (klávesy) a hodnoty. Máte-li přidat více hodnoty pro pole, bude první, kdo se zvedl. Tyto výchozí hodnoty jsou také použity k nastavení &quot;utkání&quot; pravidla oprávnění. Chcete-li zobrazit seznam polí, jděte na &quot;Upravit Form&quot;.",
"Enter static url parameters here (Eg. sender=ERPNext, username=ERPNext, password=1234 etc.)","Zadejte statické parametry url zde (Např odesílatel = ERPNext, username = ERPNext, password. = 1234 atd.),",
Enter url parameter for message,Zadejte url parametr zprávy,
Enter url parameter for receiver nos,Zadejte url parametr pro přijímače nos,
Error,Chyba,
Error Log,Error Log,
Error Message,Chybové hlášení,
Event,Událost,
Event Category,Kategorie události,
Event Participants,Účastníci akce,
Event Type,Typ události,
Everyone,Všichni,
"Ex: ""colors"": [""#d1d8dd"", ""#ff5858""]","Příklad: &quot;barvy&quot;: [&quot;# d1d8dd&quot;, &quot;# ff5858&quot;]",
Example,Příklad,
"Example: ""/desk""",Příklad: „/ desk“,
Example: #Tree/Account,Příklad: # Strom / Účet,
Example: 00001,Příklad: 00001,
Example: {{ subject }},Příklad: {{předmět}},
Excel,Vynikat,
Exception,Výjimka,
Execute,Vykonat,
Expert,Expert,
Expiration time,doba expirace,
Expire Notification On,Vyprší Upozornění na,
Expired,Vypršela,
Expires In,V vyprší,
Expires On,vyprší dne,
Expiry time of QR Code Image Page,Doba vypršení platnosti stránky QR Code Image,
Export,Exportovat,
Export From,Exportovat z,
Expose Recipients,vystavit příjemci,
"Expression, Optional","Výraz, Volitelné",
Facebook,Facebook,
Failed,Nepodařilo,
FavIcon,FavIcon,
Fax,Fax,
Featured,Doporučené,
Feedback,Zpětná vazba,
Feedback Request,Zpětná vazba Poptávka,
Fetch From,Načíst od,
Field,Pole,
Field Description,Popis pole,
Field Name,Název pole,
Field To Check,Pole ke kontrole,
Field Type,Typ pole,
"Field that represents the Workflow State of the transaction (if field is not present, a new hidden Custom Field will be created)","Pole které reprezentuje stav toku (workflow) transakce (pakliže pole není přítomno, bude vytvořeno nové skryté přizpůsobené pole)",
Field to Track,Pole ke sledování,
Fieldname,Název pole,
Fields,Pole,
Fields Multicheck,Pole Multilack,
"Fields separated by comma (,) will be included in the ""Search By"" list of Search dialog box","Pole oddělené čárkou (,), budou zahrnuty do &quot;vyhledávat podle&quot; seznamu dialogovém okně hledání",
Fieldtype,Typ pole,
File,Soubor,
File Backup,Zálohování souborů,
File Information,Informace o souboru,
File Name,Název souboru,
File Size,Velikost souboru,
File Type,Typ souboru,
File URL,Adresa URL souboru,
Files,soubory,
Filter Data,Filtrování dat,
Filter List,Seznam filtrů,
Filter Meta,Filtr Meta,
Filter Name,Název filtru,
Filter Values,Hodnoty filtru,
Filters,Filtry,
Filters Configuration,Konfigurace filtrů,
Filters Display,filtry Display,
Filters JSON,Filtry JSON,
Filters Section,Sekce filtrů,
"Filters will be accessible via <code>filters</code>. <br><br>Send output as <code>result = [result]</code>, or for old style <code>data = [columns], [result]</code>","Filtry budou přístupné prostřednictvím <code>filters</code> .<br><br> Odeslat výstup jako <code>result = [result]</code> nebo pro <code>data = [columns], [result]</code> starého stylu <code>data = [columns], [result]</code>",
Finished,Dokončeno,
First Name,Křestní jméno,
First Success Message,První zpráva o úspěchu,
Flag,Vlajka,
Float,Desetinné číslo,
Float Precision,Počet desetinných míst,
Fold,Fold,
Folder,Složka,
Font,Písmo,
Font Properties,Vlastnosti písma,
Font Size,Velikost písma,
Fonts,Písma,
Footer,Zápatí,
Footer HTML,Zápatí HTML,
Footer Items,Položky zápatí,
Footer Logo,Logo zápatí,
Footer Template,Šablona zápatí,
Footer Template Values,Hodnoty šablony zápatí,
Footer will display correctly only in PDF,Zápatí se zobrazí správně pouze v PDF,
For DocType Link / DocType Action,Pro DocType Link / DocType Action,
For Document Event,Pro událost dokumentu,
For User,pro Uživatele,
For Value,Hodnota,
For example: {} Open,Například: {} Otevřít,
"For help see <a href=""https://frappeframework.com/docs/user/en/guides/portal-development/web-forms"" target=""_blank"">Client Script API and Examples</a>","Nápovědu najdete v <a href=""https://frappeframework.com/docs/user/en/guides/portal-development/web-forms"" target=""_blank"">rozhraní Client Script API a v příkladech</a>",
"For more information, <a class=""text-muted"" href=""https://erpnext.com/docs/user/manual/en/setting-up/email/linking-emails-to-document"">click here</a>.","Pro více informací <a class=""text-muted"" href=""https://erpnext.com/docs/user/manual/en/setting-up/email/linking-emails-to-document"">klikněte zde</a> .",
Force,Platnost,
Force Show,Force Show,
Force User to Reset Password,Vynutit uživateli reset hesla,
Form Settings,Nastavení formuláře,
Form URL-Encoded,Formulář URL kódovaný,
Format,Formát,
Format Data,Formát dat,
Forward To Email Address,Přeposlat na emailovou adresu,
Fraction,Zlomek,
Fraction Units,Zlomkové jednotky,
Frappe,Frapé,
Frequency,Frekvence,
Friday,Pátek,
From,Od,
From Date,Od data,
From Date Field,Z pole Datum,
From Full Name,Od Celé jméno,
From User,Od uživatele,
Full,Plný,
Full Name,Celé jméno/název,
Full Width,Plná šířka,
Function,Funkce,
GMail,GMail,
Gantt,Gantt,
Gender,Pohlaví,
Generate Keys,Generovat klíče,
Geo,Geo,
Geolocation,Geolokace,
Get Contacts,Získejte kontakty,
Get your globally recognized avatar from Gravatar.com,Pořiďte si celosvětově uznávané avatar z Gravatar.com,
Git Branch,Git větev,
GitHub,GitHub,
Global Search DocType,Globální vyhledávání DocType,
Global Search Settings,Globální nastavení vyhledávání,
Global Unsubscribe,Globální aktuality,
Go to Page,Jdi na stránku,
Google,Google,
Google Analytics Anonymize IP,Google Analytics anonymizuje IP,
Google Analytics ID,Google analytics ID,
Google Calendar,Kalendář Google,
Google Calendar Event ID,ID události Kalendáře Google,
Google Calendar ID,ID Kalendáře Google,
Google Contacts,Kontakty Google,
Google Contacts Id,ID kontaktů Google,
Google Drive,Google Drive,
Google Font,Písmo Google,
Google Settings,Nastavení Google,
Google Snippet Preview,Náhled úryvku Google,
Grant Type,Grant Type,
Green,Zelená,
Group,Skupina,
Group By,Skupina vytvořená,
Group By Based On,Seskupit podle,
Group By Type,Seskupit podle typu,
Guest,Host,
HH:mm,HH: mm,
HH:mm:ss,HH: mm: ss,
HTML,HTML,
HTML Editor,Editor HTML,
HTML Page,HTML stránka,
HTML for header section. Optional,HTML kód pro záhlaví. Volitelné,
Half,Polovina,
Half Yearly,Pololetní,
Half-yearly,Pololetní,
Has  Attachment,má přílohu,
Has Domain,Má doménu,
Has Role,má role,
Has Web View,Má zobrazování z Webu,
Header,Záhlaví,
Header HTML,Záhlaví HTML,
Header and Breadcrumbs,Záhlaví a strouhanka,
Headers,Záhlaví,
Heading,Nadpis,
Heatmap,Teplotní mapa,
Help,Nápověda,
Help Article,Článek nápovědy,
Help Articles,Články nápovědy,
Help Category,Kategorie nápovědy,
Help Dropdown,Rozbalovací nabídka pomoci,
Help HTML,Nápověda HTML,
Helvetica,Helvetica,
Hidden,Skrytý,
Hide,Skrýt,
Hide Block,Skrýt blok,
Hide Border,Skrýt hranici,
Hide CTA,Skrýt CTA,
Hide Copy,Skrýt kopii,
Hide Custom DocTypes and Reports,Skrýt vlastní DocTypes a zprávy,
Hide Days,Skrýt dny,
Hide Footer Signup,Skrýt zápatí Registrovat,
Hide Login,Skrýt přihlášení,
Hide Seconds,Skrýt sekundy,
Hide Standard Menu,Skrýt standardní nabídku,
Hide footer in auto email reports,Skrýt zápatí v automatických e-mailových zprávách,
High,Vysoké,
Higher priority rule will be applied first,Nejprve se použije pravidlo s vyšší prioritou,
Highlight,Zvýraznit,
Home,Domácí,
Home Page,Domovská stránka,
Home Settings,Nastavení domů,
Hourly,Hodinově,
Hourly Long,Hodinově dlouhá,
Hourly rate limit for generating password reset links,Limit hodinové sazby pro generování odkazů pro resetování hesla,
"How should this currency be formatted? If not set, will use system defaults","Jak se má zápis této měny formátovat? Pokud formátování není nastaveno, použije se výchozí systémové nastavení.",
ID (name) of the entity whose property is to be set,ID (název) entity jejíž vlastnost bude nastavena,
IP Address,IP adresa,
Icon,Ikona,
Icon will appear on the button,Ikona se zobrazí na tlačítku,
Identity Details,Podrobnosti o identitě,
Idx,idx,
"If Apply Strict User Permission is checked and User Permission is defined for a DocType for a User, then all the documents where value of the link is blank, will not be shown to that User","Pokud je zaškrtnuto políčko Použít oprávnění pro přísné uživatele a uživatelské oprávnění je definováno pro uživatele typu DocType, všechny dokumenty, u nichž je hodnota odkazu prázdné, se tomuto uživateli nezobrazí",
If Checked workflow status will not override status in list view,Je-li zaškrtnuto stav pracovního postupu nebude přepsat stav v zobrazení seznamu,
"If Icon is set, it will be shown instead of Label","Pokud je nastavena ikona, zobrazí se místo štítku",
"If checked, all other workflows become inactive.","Pakliže je toto zaškrtnuto, všechny ostatní toky (workflow) se stanou neaktivními.",
"If checked, users will not see the Confirm Access dialog.","Je-li zaškrtnuto, uživatelé nebudou vidět dialogové okno Potvrdit přístup.",
"If disabled, this role will be removed from all users.","Pokud je vypnuta, tato role bude odstraněn ze všech uživatelů.",
"If enabled,  user can login from any IP Address using Two Factor Auth, this can also be set for all users in System Settings","Pokud je povoleno, může se uživatel přihlásit z libovolné IP adresy pomocí dvoufaktorového ověření, což lze nastavit také pro všechny uživatele v nastavení systému",
"If enabled, all users can login from any IP Address using Two Factor Auth. This can also be set only for specific user(s) in User Page","Je-li tato možnost povolena, mohou se všichni uživatelé přihlásit z libovolné IP adresy pomocí nástroje Two Factor Auth. To lze nastavit pouze pro konkrétní uživatele v Uživatelské stránce",
"If enabled, changes to the document are tracked and shown in timeline","Pokud je tato možnost povolena, jsou změny dokumentu sledovány a zobrazeny na časové ose",
"If enabled, document views are tracked, this can happen multiple times","Pokud je povoleno, sledují se zobrazení dokumentů, k tomu může dojít vícekrát",
"If enabled, the document is marked as seen, the first time a user opens it","Pokud je povoleno, dokument je označen jako viděný při prvním otevření uživatelem",
"If enabled, the notification will show up in the notifications dropdown on the top right corner of the navigation bar.","Pokud je povoleno, oznámení se zobrazí v rozevíracím seznamu oznámení v pravém horním rohu navigační lišty.",
"If enabled, the password strength will be enforced based on the Minimum Password Score value. A value of 2 being medium strong and 4 being very strong.","Pokud je povoleno, síla hesla bude vynucena na základě hodnoty minimálního skóre hesla. Hodnota 2 je středně silná a 4 je velmi silná.",
"If enabled, users who login from Restricted IP Address, won't be prompted for Two Factor Auth","Pokud je tato možnost povolena, uživatelé, kteří se přihlásí z omezené IP adresy, nebudou vyzváni k zadání dvou faktorů",
"If enabled, users will be notified every time they login. If not enabled, users will only be notified once.","Pokud je povoleno, budou uživatelé při každém přihlášení upozorněni. Není-li tato možnost povolena, budou uživatelé upozorněni pouze jednou.",
If non standard port (e.g. 587),Není-li na standardním portu (např.: 587),
"If non standard port (e.g. 587). If on Google Cloud, try port 2525.","Pokud je standardní port (např. 587). Pokud máte v Google Cloud, vyzkoušejte port 2525.",
"If non-standard port (e.g. POP3: 995/110, IMAP: 993/143)","Pokud jde o nestandardní port (např. POP3: 995/110, IMAP: 993/143)",
"If not set, the currency precision will depend on number format","Není-li nastaven, přesnost měny bude záviset na formátu čísla",
"If the user has any role checked, then the user becomes a ""System User"". ""System User"" has access to the desktop","V případě, že uživatel nemá žádnou roli zkontrolovat, uživatel se stává &quot;System User&quot;. &quot;System User&quot; má přístup k ploše",
If user is the owner,Pokud se uživatel je vlastníkem,
"If you set this, this Item will come in a drop-down under the selected parent.","Pokud je toto nastaveno, tato položka bude v rozevíracím seznamu (drop-down) pod zvoleným nadřazeným uzlem.",
"If your data is in HTML, please copy paste the exact HTML code with the tags.","Pokud vaše data je ve formátu HTML, zkopírujte prosím vložte přesně kód HTML s tagy.",
Ignore User Permissions,Ignorovat uživatelská oprávnění,
Ignore XSS Filter,Ignorovat XSS filtr,
Ignore attachments over this size,Ignorovat příloh přes tuto velikost,
Ignored Apps,Ignorované aplikace,
Image,Obrázek,
Image Field,Image Field,
Image Link,Odkaz na obrázek,
Implicit,Implicitní,
Import,Importovat,
Import File,Importovat soubor,
Import File Errors and Warnings,Importujte chyby a varování souborů,
Import Log,Záznam importu,
Import Log Preview,Importovat náhled protokolu,
Import Preview,Importovat náhled,
Import Type,Typ importu,
Import Warnings,Importovat upozornění,
Import from Google Sheets,Import z Tabulek Google,
In Days,Ve dnech,
In Filter,Ve filtru,
In Global Search,V Globální hledání,
In List View,V seznamu,
In Preview,V náhledu,
In Reply To,V odpovědi na,
In Standard Filter,Ve standardním filtrem,
In points. Default is 9.,V bodech. Výchozí je 9.,
In seconds,Během několika vteřin,
Inbox,Doručená pošta,
Inbox User,Uživatel doručené pošty,
Include Search in Top Bar,Patří vyhledávání v horní liště,
Include Web View Link in Email,Odeslat odkaz na webové zobrazení dokumentu v e-mailu,
Index,Index,
Index Web Pages for Search,Indexujte webové stránky pro vyhledávání,
Indexing Authorization Code,Autorizační kód indexování,
Indexing Refresh Token,Indexovací obnovovací token,
Indicator,Indikátor,
Indicator Color,Barva indikátoru,
Info,Info,
Initial Sync Count,Počáteční synchronizace Count,
InnoDB,InnoDB,
Insert After,Vložit za,
Insert New Records,Vložte nové záznamy,
Insert Style,Vložit styl,
Installed Application,Nainstalovaná aplikace,
Installed Applications,Nainstalované aplikace,
Int,Celé číslo,
Integration Request,Žádost o integraci,
Integrations,Integrace,
Integrations can use this field to set email delivery status,Integrace můžete použít toto pole k nastavení stavu doručení e-mailu,
Interests,zájmy,
Intermediate,přechodný,
Internal record of document shares,Interní záznam akcií dokumentů,
Introduce your company to the website visitor.,Představte svoji organizaci návštěvníků internetových stránek.,
Introduction,Úvod,
Introductory information for the Contact Us Page,Úvodní informace na stránce kontaktujte nás,
Invalid,Neplatný,
Inverse,Invertovat,
Is Active,Je Aktivní,
Is Attachments Folder,Je Přílohy Folder,
Is Billing Contact,Je fakturační kontakt,
Is Child Table,Je podtabulka,
Is Complete,Je kompletní,
Is Completed,je dokončeno,
Is Custom Field,Je Vlastní pole,
Is Default,Je Výchozí,
Is Folder,Je Folder,
Is Home Folder,Je Domovská složka,
Is Mandatory Field,Je Povinné Pole,
Is Optional State,Je volitelný stát,
Is Primary,Je primární,
Is Primary Contact,Je primárně Kontakt,
Is Primary Mobile,Je primární mobil,
Is Primary Phone,Je primární telefon,
Is Private,Je Private,
Is Public,Je veřejné,
Is Published Field,Je publikován Field,
Is Single,Je osamocené,
Is Skipped,Je přeskočeno,
Is Spam,je Spam,
Is Standard,Je standardní,
Is Submittable,Je Odeslatelné,
Is Table,je Tabulka,
Is Tree,Je strom,
Is Unique,Je jedinečný,
Is Your Company Address,Je vaše firma adresa,
Item Label,Štítek položky,
Item Type,Typ položky,
JS,JS,
JSON,JSON,
JSON Request Body,Tělo žádosti JSON,
JavaScript,JavaScript,
JavaScript Format: frappe.query_reports['REPORTNAME'] = {},JavaScript Formát: frappe.query_reports['REPORTNAME'] = {},
Javascript,Javascript,
Jinja,Jinja,
Kanban,Kanban,
Kanban Board,Kanban Board,
Kanban Board Column,Sloupec Kanban Board,
Kanban Board Name,Jméno Kanban Board,
Keep track of all update feeds,Sledujte všechny kanály s aktualizací,
Keeps track of all communications,Sleduje veškerou komunikaci,
Key,Klíč,
Keyboard Shortcuts,Klávesové zkratky,
Knowledge Base Contributor,Přispěvatel Znalostní Báze,
Knowledge Base Editor,Editor Znalostní Báze,
LDAP Email Field,LDAP Email Field,
LDAP First Name Field,LDAP First Name Field,
LDAP Group,Skupina LDAP,
LDAP Group Field,Pole skupiny LDAP,
LDAP Group Mapping,Skupinové mapování LDAP,
LDAP Group Mappings,Mapování skupin LDAP,
LDAP Last Name Field,Pole příjmení LDAP,
LDAP Middle Name Field,LDAP Pole středního názvu,
LDAP Mobile Field,Mobilní pole LDAP,
LDAP Phone Field,LDAP telefonní pole,
LDAP Search String,Hledání LDAP String,
LDAP Security,Zabezpečení LDAP,
LDAP Server Url,URL Serveru LDAP,
LDAP Settings,Nastavení LDAP,
LDAP User Creation and Mapping,Vytvoření a mapování uživatelů LDAP,
LDAP Username Field,LDAP pole Uživatelské jméno,
Label,Popisek,
Label Help,Nápověda popisek,
Label and Type,Popisek a typ,
Landing Page,Landing stránka,
Language,Jazyk,
Language Code,Kód jazyka,
Language Name,Název jazyka,
Last Active,Naposledy aktivní,
Last Backup On,Poslední záloha zapnuta,
Last Execution,Poslední poprava,
Last IP,Poslední IP,
Last Known Versions,Poslední známá verze,
Last Login,Poslední přihlášení,
Last Month,Minulý měsíc,
Last Name,Příjmení,
Last Password Reset Date,Datum resetování posledního hesla,
Last Point Allocation Date,Datum přidělení posledního bodu,
Last Quarter,Poslední čtvrtina,
Last Sync On,Poslední synchronizace je zapnutá,
Last Synced On,Naposledy synchronizováno dne,
Last User,Poslední uživatel,
Last Week,Minulý týden,
Last Year,Minulý rok,
Lead Conversion Time,Lead Conversion Time,
Leaderboard,LeaderBoard,
Leave blank to repeat always,Nechte prázdné pro opakování vždy,
Ledger,účetní kniha,
Left,Zbývá,
Legal,Právní,
Length,Délka,
Letter,Dopis,
Letter Head,Záhlaví,
Letter Head Based On,Dopisní hlava založená na,
Letter Head Image,Obrázek hlavičky dopisu,
Letter Head Name,Název hlavičkového listu,
Letter Head in HTML,Hlavičkový list v HTML,
Level,Úroveň,
Level Name,Název úrovně,
License,Licence,
Light Color,Světlá barva,
Like,Jako,
Likes,Záliby,
Limit,Omezit,
Limit Number of DB Backups,Omezit počet záloh DB,
Line,Řádek,
Link,Odkaz,
Link Cards,Propojovací karty,
Link DocType,Link DocType,
Link Document Type,Typ propojeného dokumentu,
Link Fieldname,Název pole odkazu,
Link Name,Link Name,
Link Title,Název odkazu,
Link To,Odkaz na,
Link to the page you want to open. Leave blank if you want to make it a group parent.,"Odkaz na stránku, kterou chcete otevřít. Ponechte prázdné, pokud chcete, aby to skupina rodič.",
Linked,Souvisí,
Linked Documents,Propojené dokumenty,
Links,Odkazy,
List,Seznam,
List Filter,Seznam filtrů,
List Settings,Nastavení seznamu,
List View Settings,Nastavení zobrazení seznamu,
"List as [{""label"": _(""Jobs""), ""route"":""jobs""}]","Seznam jak [{ &quot;label&quot;: _ ( &quot;Jobs&quot;), &quot;cestou&quot;: &quot;pracovních míst&quot;}]",
List of patches executed,Seznam provedených záplat,
Load Balancing,Vyrovnávání zatížení,
Location,Místo,
Log,Log,
Log Data,Data protokolu,
Log Setting User,Uživatel nastavení protokolu,
Log Settings,Nastavení protokolu,
Login,Přihlášení,
Login After,Přihlášení po,
Login Before,Přihlášení před,
Login Required,Přihlášení vyžadováno,
Logo Width,Šířka loga,
Logout,Odhlásit se,
Logout All Sessions on Password Reset,Odhlášení všech relací při obnovení hesla,
Logout From All Devices After Changing Password,Odhlášení ze všech zařízení po změně hesla,
Long Text,Dlouhý text,
Low,Nízké,
Main Section,Hlavní sekce,
Main Section (HTML),Hlavní sekce (HTML),
Main Section (Markdown),Hlavní sekce (Markdown),
Maintenance Manager,Správce údržby,
Maintenance User,Údržba uživatele,
"Make ""name"" searchable in Global Search",Udělat &quot;name&quot; vyhledávat v Global Search,
Mandatory,Povinné,
Mandatory Depends On,Povinné závisí na,
Map route parameters into form variables. Example <code>/project/&lt;name&gt;</code>,Mapujte parametry trasy do proměnných formuláře. Příklad <code>/project/&lt;name&gt;</code>,
Markdown,Markdown,
Markdown Editor,Editor editorů,
Marked As Spam,Označena jako spam,
Max 500 records at a time,Max 500 záznamů najednou,
Max Attachment Size (in MB),Maximální velikost příloh (v MB),
Max Attachments,Max příloh,
Max Length,Maximální délka,
Max Value,Max Hodnota,
Maximum,Maximum,
Maximum Number of Fields,Maximální počet polí,
Maximum Points,Maximální počet bodů,
Medium,Střední,
Meeting,Setkání,
Mention,Zmínit se,
Mentions,Zmínka,
Message,Zpráva,
Message (HTML),Zpráva (HTML),
Message (Markdown),Zpráva (Markdown),
Message Examples,Příklady Zpráv,
Message ID,ID zprávy,
Message Parameter,Parametr zpráv,
Message-id,Message-id,
Meta Description,Meta popis,
Meta Image,Meta obrázek,
Meta Tags,Meta tagy,
Meta Title,Název Meta,
Method,Metoda,
Middle Name,Prostřední jméno,
Milestone,Mezník,
Milestone Tracker,Milestone Tracker,
Minimum,Minimální,
Minimum Password Score,Minimální skóre hesla,
Mobile No,Mobile No,
Module,Modul,
Module Def,Vymezení modulů,
Module Name,Název modulu,
Module Onboarding,Přihlášení modulu,
Modules HTML,Moduly HTML,
Monday,Pondělí,
Monospace,Monospace,
Monthly,Měsíčně,
Monthly Long,Měsíční dlouho,
More Information,Víc informací,
More content for the bottom of the page.,Více obsahu na spodek stránky.,
Multiplier Field,Multiplikátorové pole,
Must be a publicly accessible Google Sheets URL,Musí to být veřejně přístupná adresa URL Tabulek Google,
"Must be of type ""Attach Image""",Musí být typu &quot;Připojit Image&quot;,
Mute Sounds,Ztlumit Zvuky,
MyISAM,MyISAM,
Name,Jméno,
Naming,Pojmenování,
Naming Series,Číselné řady,
Navbar,Navbar,
Navbar Item,Položka Navbar,
Navbar Settings,Nastavení navigačního panelu,
Navbar Template,Šablona Navbar,
Navbar Template Values,Hodnoty šablony Navbar,
New,Nový,
New Name,Nové jméno,
New value to be set,Nová hodnota k nastavení,
Newsletter,Newsletter,
Newsletter Email Group,Newsletter E-Group,
Newsletter Manager,Newsletter Manažer,
Next Action Email Template,Další šablona e-mailů akce,
Next Actions HTML,Další akce HTML,
Next Schedule Date,Další rozvrh datum,
Next State,Příští stav,
Next Sync Token,Další synchronizační token,
No,Ne,
No Copy,Žádná kopie,
No of Requested SMS,Počet žádaným SMS,
No of Rows (Max 500),Ne řádků (max 500),
No of Sent SMS,Počet odeslaných SMS,
Non Negative,Nezáporné,
None,Žádný,
Not Sent,Neodesláno,
Note,Poznámka,
Note Seen By,Poznámka viděn,
Note: By default emails for failed backups are sent.,Poznámka: Ve výchozím nastavení jsou odesílány e-maily pro neúspěšné zálohy.,
"Note: For best results,  images must be of the same size and width must be greater than height.",Poznámka: Pro dosažení nejlepších výsledků musí mít obrázky stejnou velikost a šířka musí být větší než výška.,
Note: Multiple sessions will be allowed in case of mobile device,Poznámka: Více relací budou moci v případě mobilního zařízení,
Notification,Oznámení,
Notification Log,Protokol oznámení,
Notification Recipient,Příjemce oznámení,
Notification Settings,Nastavení upozornění,
Notification Subscribed Document,Dokument předplatného oznámení,
Notifications,Oznámení,
Notifications and bulk mails will be sent from this outgoing server.,Upozornění a hromadné emaily budou zaslány z tohoto odchozího serveru.,
Notify Users On Every Login,Upozornit uživatele na každé přihlášení,
Notify by Email,Upozornit e-mailem,
Notify by email,Upozornit emailem,
Notify if unreplied,"Upozornit, pokud Nezodpovězená",
Notify if unreplied for (in mins),"Upozornit, pokud Nezodpovězená pro (v min)",
Notify users with a popup when they log in,"Informovat uživatele s pop-up, když se přihlásí",
Number Card,Číslo karty,
Number Card Link,Odkaz na číselnou kartu,
Number Cards,Číselné karty,
Number Format,Formát čísel,
Number of Backups,Počet záloh,
Number of DB Backups,Počet záloh DB,
Number of Groups,Počet skupin,
Number of columns for a field in a Grid (Total Columns in a grid should be less than 11),Počet sloupců pro pole v mřížce (Celkový počet sloupců v mřížce by měla být menší než 11),
Number of columns for a field in a List View or a Grid (Total Columns should be less than 11),Počet sloupců pro pole v zobrazení seznamu nebo mřížce (celkem sloupce by měla být menší než 11),
OAuth Authorization Code,OAuth Autorizační kód,
OAuth Bearer Token,OAuth Nositel Token,
OAuth Client,OAuth Client,
OAuth Client ID,ID klienta OAuth,
OAuth Provider Settings,Nastavení OAuth Poskytovatel,
OTP App,OTP App,
OTP Issuer Name,Jméno vydavatele OTP,
Off,Vypnuto,
Office,Kancelář,
Office 365,Office 365,
Older backups will be automatically deleted,Starší zálohy budou automaticky smazány,
On Hold,Pozastaveno,
Onboarding Permission,Registrace povolení,
Onboarding Step,Krok přihlášení,
Onboarding Step Map,Registrace krokové mapy,
"Once submitted, submittable documents cannot be changed. They can only be Cancelled and Amended.",Po odeslání nelze odeslané dokumenty změnit. Lze je pouze zrušit a změnit.,
Only Allow Edit For,Je povolenou pouze upravovat pro,
Only Send Records Updated in Last X Hours,Pouze odeslat záznamy aktualizované v posledních X hodinách,
Open,Otevřít,
Open Documents,Otevřete dokumenty,
Open Reference Document,Otevřít referenční dokument,
Open URL in a New Tab,Otevřete adresu URL na nové kartě,
Open a dialog with mandatory fields to create a new record quickly,"Chcete-li rychle vytvořit nový záznam, otevřete dialog s povinnými poli",
Opened,Otevřeno,
Operation,Operace,
Optional: Always send to these ids. Each Email Address on a new row,Volitelné: Vždy posílat tyto identifikátory. Každá e-mailová adresa na nový řádek,
Optional: The alert will be sent if this expression is true,Volitelné: Upozornění bude zasláno pokud je tento výraz pravdivý,
Options,Možnosti,
Options Help,Možnosti nápovědy,
Orange,oranžový,
Order,Objednat,
Org History,Historie organizace,
Org History Heading,Záhlaví historie organizace,
Other,Ostatní,
Outlook.com,Outlook.com,
Output,Výstup,
PDF Page Size,Velikost stránky PDF,
PDF Settings,Nastavení PDF,
Page,Stránka,
Page Break,Zalomení stránky,
Page Builder,Tvůrce stránek,
Page Building Blocks,Stavební bloky stránky,
Page HTML,HTML kód stránky,
Page Name,Název stránky,
Page Settings,Nastavení stránky,
Parameter,Parametr,
Parent Field (Tree),Nadřazené pole (strom),
Parent Label,nadřazený popisek,
Partial Success,Částečný úspěch,
Participants,Účastníci,
Passive,Pasivní,
Password,Heslo,
Password Reset Link Generation Limit,Omezení generování odkazu pro resetování hesla,
Password for Base DN,Heslo pro základní DN,
Patch,Záplata,
Patch Log,Záznam o o záplatách (patch),
Path,Cesta,
Path to CA Certs File,Cesta do souboru CA Certs,
Path to Server Certificate,Cesta k certifikátu serveru,
Path to private Key File,Cesta k souboru soukromého klíče,
Pending,Až do,
Pending Approval,Čeká na schválení,
Pending Verification,Čeká na ověření,
Percent,Procento,
Percentage,Procento,
Period,Období,
Perm Level,úroveň oprávnění,
Permanent,Trvalý,
Permission Level,Úroveň oprávnění,
Permission Rules,Pravidla oprávnění,
Permissions,Oprávnění,
Permitted Documents For User,Povolené dokumenty uživatele,
Personal,Osobní,
Personal Data Deletion Request,Žádost o vymazání osobních údajů,
Personal Data Download Request,Žádost o stažení osobních údajů,
Phone,Telefon,
Phone No.,Telefonní číslo,
Phone Number,Telefonní číslo,
Pie,Koláč,
Pincode,PSČ,
Plant,Rostlina,
Point Allocation Periodicity,Periodicita alokace bodů,
Points,Body,
Port,Port,
Portal Menu,portál Menu,
Portal Menu Item,Portál Položka,
Portal Settings,Portál Nastavení,
Position,Pozice,
Postal,Poštovní,
Postal Code,PSČ,
Precision,přesnost,
Preferred Billing Address,Preferovaná Fakturační Adresa,
Preferred Shipping Address,Preferovaná dodací adresa,
Prefix,Prefix,
Prepared Report,Připravená zpráva,
Prepared Report User,Připravený uživatel zprávy,
Preview,Preview,
Preview HTML,Preview HTML,
Preview Message,Náhled zprávy,
Previous Hash,Předchozí Hash,
Primary,Primární,
Primary Color,Základní barva,
Print,Tisk,
Print Format,Formát tisku,
Print Format Builder,Print Format Builder,
Print Format Help,Nápověda formát tisku,
Print Format Type,Typ formátu tisku,
Print Hide,Skrýt tisk,
Print Hide If No Value,Tisk Hide-li Ne Hodnota,
Print Server,Tiskový server,
Print Settings,Nastavení tisku,
Print Style,Styl tisku,
Print Style Name,Název stylu tisku,
Print Style Preview,Náhled stylu tisku,
Print UOM after Quantity,Tisk MJ po množství,
Print Width,šířka tisku,
"Print Width of the field, if the field is a column in a table","Tisková šířka pole, pokud je pole sloupcem v tabulce",
Print taxes with zero amount,Vytiskněte daně s nulovou částkou,
Print with letterhead,Tisk s hlavičkový,
Printer Name,Název tiskárny,
Printing,Tisk,
Priority,Priorita,
Private,Soukromé,
ProTip: Add <code>Reference: {{ reference_doctype }} {{ reference_name }}</code> to send document reference,ProTip: Přidat <code>Reference: {{ reference_doctype }} {{ reference_name }}</code> poslat referenční dokument,
Property,Vlastnost,
Property Depends On,Vlastnost závisí na,
Property Setter,Konfigurátor vlastností,
Property Setter overrides a standard DocType or Field property,Konfigurátor vlastností přepisuje standardní DocType nebo vlastnosti pole,
Property Type,Typ vlastnosti,
Provider,Poskytovatel,
Provider Name,Jméno poskytovatele,
Public,Veřejné,
Publish,Publikovat,
Published,Publikováno,
Published On,Publikováno (kdy),
Pull from Google Calendar,Vytáhněte z Kalendáře Google,
Pull from Google Contacts,Vytáhněte z kontaktů Google,
Pulled from Google Calendar,Vycházel z Kalendáře Google,
Pulled from Google Contacts,Vyvoláno z kontaktů Google,
Purchase Manager,Vedoucí nákupu,
Purchase Master Manager,Nákup Hlavní manažer,
Purchase User,Nákup Uživatel,
Purple,Nachový,
Push to Google Calendar,Push to Kalendář Google,
Push to Google Contacts,Push to Kontakty Google,
Quarterly,Čtvrtletně,
Query,Dotaz,
Query / Script,Dotaz / skript,
Query Options,Možnosti dotazu,
Query Report,Report dotazu,
Queued,Ve frontě,
Quick Entry,Rychlý vstup,
RAW Information Log,RAW Information Log,
Random,Náhodný,
Rating,Rating,
Raw Commands,Surové příkazy,
Raw Email,Raw Email,
Raw Printing,Syrový tisk,
Read,Číst,
Read Only,Pouze pro čtení,
Read Only Depends On,Pouze čtení závisí na,
Read Time,Doba čtení,
Read by Recipient,Přečtěte si příjemce,
Read by Recipient On,Přečtěte si Příjemce zapnutý,
Reason,Důvod,
Received,Přijato,
Receiver By Document Field,Pole Přijímač podle dokladu,
Receiver By Role,Přijímač podle role,
Receiver Parameter,Přijímač parametrů,
Recipient,Příjemce,
Recipient Unsubscribed,Příjemce Odhlášen,
Recipients,Příjemci,
Recorder,Zapisovač,
Red,Červená,
Redirect URI Bound To Auth Code,Přesměrování URI Bound auth zákoníku,
Redirect URIs,přesměrování URI,
Redirect URL,přesměrování URL,
Ref DocType,Referenční DocType,
Reference,reference,
Reference Date,Referenční datum,
Reference DocName,Odkaz DocName,
Reference DocType,Referenční DocType,
Reference Docname,Odkaz DocName,
Reference Doctype,Reference DocType,
Reference Document,referenční dokument,
Reference Document Name,Název referenčního dokumentu,
Reference Document Type,Referenční Typ dokumentu,
Reference Name,Referenční název,
Reference Owner,referenční Vlastník,
Reference Report,Referenční zpráva,
Reference Type,Typ reference,
Reference name,Název reference,
Referrer,Doporučující,
Refresh Google Sheet,Obnovit tabulku Google,
Refresh Token,Obnovit Token,
Rejected,Zamítnuto,
Relinked,Relinked,
Reload,Znovu načíst,
Remember Last Selected Value,"Nezapomeňte, poslední vybraná hodnota",
Reminder,Připomínka,
Repeat On,Opakovat na,
Repeat Till,Opakovat dokud,
Repeat on Day,Opakujte v den,
Repeat on Last Day of the Month,Opakujte poslední den v měsíci,
Repeat this Event,Opakovat tuto událost,
Replied,Odpovězeno,
Reply,Odpověď,
Report,Report,
Report Builder,Konfigurátor Reportu,
Report Column,Sloupec zprávy,
Report Description,Popis zprávy,
Report Filter,Filtr zpráv,
Report Filters,zpráva Filtry,
Report Hide,Skrýt výpis,
Report Information,Informace o hlášení,
Report Manager,Manažer výpisů,
Report Name,Název reportu,
Report Reference Doctype,Report Referenční Doctype,
Report Type,Typ výpisu,
Reports,zprávy,
Represents a User in the system.,Představuje uživatele v systému,
Represents the states allowed in one document and role assigned to change the state.,Reprezentuje stavy povolené v jednom dokumentu a přiřazené role pro změnu stavu.,
Request Data,Žádost o údaje,
Request Structure,Struktura požadavku,
Request URL,Požadavek URL,
Requested Numbers,Požadované Čísla,
Require Trusted Certificate,Vyžadovat důvěryhodný certifikát,
Reset Password Key,Obnovit heslo klíče,
Response,Odpověď,
Response Type,Typ Response,
Restored,obnovena,
Restrict IP,Omezit IP,
Restrict To Domain,Omezit na doménu,
Restrict to Domain,Omezit na doménu,
Restrict user from this IP address only. Multiple IP addresses can be added by separating with commas. Also accepts partial IP addresses like (111.111.111),"Omezit přístup uživatele pouze z této IP adresy. Můžete přidat více IP adres, oddělených čárkou. Je možno zadat dílčí IP adresy jako (111.111.111).",
Retry,Opakujte,
Reverse Icon Color,Reverzní barevná ikona,
Revert,Vrátit se,
Revert Of,Vrátit,
Reverted,Reverted,
Review,Posouzení,
Review Level,Úroveň kontroly,
Review Levels,Zkontrolujte úrovně,
Review Points,Zkontrolujte body,
Revoked,zrušena,
Rich Text,Rich Text,
Right,V pravo,
Robots.txt,robots.txt,
Role,Role,
Role Name,Název role,
Role Permission for Page and Report,Oprávnění role Page a zpráva,
Role Permissions,Oprávnění rolí,
Role Permissions Manager,Správce rolí a oprávnění,
Role Profile,Profil role,
Role and Level,Role a úroveň,
Roles,Role,
Roles Assigned,Přiřazení rolí,
Roles HTML,Role HTML,
Roles Html,Role Html,
Round Robin,Kulatý Robin,
Route,Trasa,
Route History,Historie trasy,
Route Redirects,Přesměrování trasy,
"Route: Example ""/desk""",Trasa: Příklad „/ desk“,
Row Index,Řádkový index,
Row Name,Název řádku,
Rows Added,řádky přidáno,
Rows Removed,řádky Odstraněno,
Rule,Pravidlo,
Rule Conditions,Podmínky pravidla,
Rule Name,Název pravidla,
Rules defining transition of state in the workflow.,Pravidla definující přechod stavů v tocích (workflow).,
"Rules for how states are transitions, like next state and which role is allowed to change state etc.","Pravidla pro přechod stavů, jako následný stav a která role má povoleno změnit stav atd.",
Rules with higher priority number will be applied first.,Pravidla s vyšším číslem priority budou použita jako první.,
Run Jobs only Daily if Inactive For (Days),"Spouštět úlohy pouze denně, pokud není aktivní (dny)",
Run scheduled jobs only if checked,Spouštět plánované operace pouze když je zaškrtnuto,
S3 Backup Settings,S3 Nastavení zálohování,
S3 Bucket Details,Detaily lopaty S3,
SMS,SMS,
SMS Gateway URL,SMS brána URL,
SMS Log,SMS Log,
SMS Parameter,SMS parametr,
SMS Settings,Nastavení SMS,
SMTP Settings for outgoing emails,SMTP nastavení pro odchozí e-maily,
"SQL Conditions. Example: status=""Open""",SQL podmínky. Příklad: status = &quot;Otevřeno&quot;,
SSL/TLS Mode,Režim SSL / TLS,
Sales Manager,Manažer prodeje,
Sales Master Manager,Sales manažer ve skupině Master,
Sales User,Uživatel prodeje,
Salesforce,Salesforce,
Salutation,Oslovení,
Sample,Vzorek,
Saturday,Sobota,
Save,Uložit,
Scheduled,Plánované,
Scheduled Job,Plánovaná úloha,
Scheduled Job Log,Plánovaný protokol úloh,
Scheduled Job Type,Plánovaný typ úlohy,
Scheduled To Send,Naplánováno odesílat,
Scheduler Event,Událost plánovače,
Scope,Rozsah,
Scopes,scopes,
Script,Skript,
Script Manager,Správce skriptů,
Script Report,Skriptovaný výpis,
Script Type,Typ skriptu,
Script to attach to all web pages.,Skript pro přidání na všechny www stránky.,
Search Fields,Vyhledávací pole,
Search Priorities,Priority vyhledávání,
Section,Sekce,
Section Break,Zalomení sekce,
Security Settings,Nastavení zabezpečení,
Seen,Seen,
Seen By,Viděn,
Seen By Table,Viděný tabulce,
Select,Vybrat,
Select Dashboard,Vyberte Dashboard,
Select Date Range,Vyberte časové období,
Select DocType,Zvolte DocType,
Select Doctype,Vyberte možnost DocType,
Select Transaction,Vybrat Transaction,
Select an image of approx width 150px with a transparent background for best results.,Zvolte obrázek s šířkou okolo 150px a s transparentním pozadím pro nejlepší výsledek.,
Select the label after which you want to insert new field.,"Zvolte popisek, za kterým chcete vložit nové pole.",
Send After,Odeslat Po,
Send Alert On,Odeslat upozornění (kdy),
Send Email Alert,Poslat emailem Upozornění,
Send Email Print Attachments as PDF (Recommended),Zvolte tiskové přílohy emailu jako PDF (doporučeno),
Send Email for Successful Backup,Odeslat e-mail pro úspěšné zálohování,
Send Email for Successful backup,Odeslat e-mail pro úspěšné zálohování,
Send Me A Copy of Outgoing Emails,Pošlete mi kopii odchozích e-mailů,
Send Notification To,Odeslat oznámení na,
Send Notification to,Odeslat oznámení,
Send Notifications For Documents Followed By Me,"Odesílat oznámení o dokumentech, které sleduji",
Send Notifications For Email Threads,Odesílat oznámení pro e-mailová vlákna,
Send Notifications To,Odeslat upozornění,
Send Print as PDF,Odeslat tisk jako PDF,
Send System Notification,Odeslat oznámení systému,
Send To All Assignees,Poslat všem postupníkům,
Send Unsubscribe Link,Poslat odkaz pro odhlášení,
Send Welcome Email,Odeslat uvítací e-mail,
Send alert if date matches this field's value,Odeslat upozornění pokud datum souhlasí s hodnotou tohoto pole,
Send alert if this field's value changes,"Zaslat upozornění, pokud se změní hodnota tohoto pole",
Send an email reminder in the morning,Ráno odeslat upozornění emailem,
Send days before or after the reference date,Poslat dní před nebo po referenčním datem,
Send enquiries to this email address,Odeslat dotazy na tuto emailovou adresu,
Send only if there is any data,"Zaslat pouze tehdy, pokud existuje údaje",
Send unsubscribe message in email,Odeslat odhlásit zprávu do e-mailu,
Sender,Odesilatel,
Sender Email,Email odesílatele,
Sender Name,Jméno odesílatele,
Sendgrid,Sendgrid,
Sending,Odeslání,
Sent,Odesláno,
Sent On,Poslán na,
Sent Read Receipt,Poslal přečtení,
Sent To,Odeslána,
Sent or Received,Odesláno či přijato,
Sent/Received Email,Odeslaný / přijatý e-mail,
Separator,Oddělovač,
Sequence Id,ID sekvence,
Series List for this Transaction,Řada seznam pro tuto transakci,
Server Action,Akce serveru,
Server IP,Server IP,
Server Script,Serverový skript,
Service,Služba,
Session Default,Výchozí relace,
Session Default Settings,Výchozí nastavení relace,
Session Defaults,Výchozí nastavení relace,
Set Banner from Image,Nastavit banner z obrázku,
"Set Default Options for all charts on this Dashboard (Ex: ""colors"": [""#d1d8dd"", ""#ff5858""])","Nastavit výchozí možnosti pro všechny grafy na tomto řídicím panelu (např .: &quot;barvy&quot;: [&quot;# d1d8dd&quot;, &quot;# ff5858&quot;])",
Set New Password,Nastavit nové heslo,
Set Property After Alert,Nastavit vlastnost po upozornění,
Set Role For,Nastavit role,
Set Value,Nastavit hodnotu,
Set non-standard precision for a Float or Currency field,Nastavit nestandardní přesnost pro desetinná čísla nebo pole měny,
Settings,Nastavení,
Settings Dropdown,Rozbalovací nabídka nastavení,
Settings for Contact Us Page,Nastavení pro stránku Kontaktujte nás,
Settings for the About Us Page,Nastavení pro stránku O nás,
Setup,Nastavení,
Setup Complete,Setup Complete,
Setup Wizard,Průvodce nastavením,
Share,Podíl,
Shared,Společná,
Shipping,Doprava,
Shop,Obchod,
Short Name,Zkrácené jméno,
Shortcuts,Klávesové zkratky,
Show Attachments,Zobrazit přílohy,
Show Dashboard,Zobrazit panel,
Show Document,Zobrazit dokument,
Show Failed Logs,Zobrazit neúspěšné protokoly,
Show Form Tour,Zobrazit prohlídku formuláře,
Show Full Error and Allow Reporting of Issues to the Developer,Zobrazit plnou chybu a povolit hlášení problémů vývojáři,
Show Full Form?,Zobrazit plný formulář?,
Show Line Breaks after Sections,Show konce řádků po oddílech,
Show Percentage Stats,Zobrazit procentní statistiky,
Show Preview Popup,Zobrazit vyskakovací okno náhledu,
Show Report,Zobrazit zprávu,
Show Section Headings,Ukázat § Nadpisy,
Show Sidebar,Show Sidebar,
Show Title,Show Název,
Show as cc,Zobrazit jako cc,
Show full form instead of a quick entry modal,Zobrazit plnou formu namísto rychlého zadání modální,
Show in Module Section,Show v oddíle Modul,
Show in filter,Zobrazit ve filtru,
Show percentage difference according to this time interval,Zobrazit procentuální rozdíl podle tohoto časového intervalu,
"Show title in browser window as ""Prefix - title""",Zobrazit titul v okně prohlížeče jako &quot;Předčíslí - nadpis&quot;,
Sidebar Items,Položky postranního panelu,
Sidebar Settings,sidebar Nastavení,
Sidebar and Comments,Postranní panel a Komentáře,
Signature,Podpis,
"Simple Python Expression, Example: Status in (""Closed"", ""Cancelled"")","Jednoduchý výraz Pythonu, příklad: Stav v („Uzavřeno“, „Zrušeno“)",
"Simple Python Expression, Example: Status in (""Invalid"")","Jednoduchý výraz Python, příklad: Stav v („Neplatný“)",
"Simple Python Expression, Example: status == 'Open' and type == 'Bug'","Jednoduchý výraz Python, příklad: status == &#39;Open&#39; a napište == &#39;Bug&#39;",
Simultaneous Sessions,souběžných relací,
Single Types have only one record no tables associated. Values are stored in tabSingles,Typy osamocené mají pouze jeden záznam - není asociovaná žádná tabulka. Hodnoty jsou uloženy v tabSingles,
Skip Authorization,přeskočit Authorization,
Skype,Skype,
Slack,Uvolněte,
Slack Channel,Slack Channel,
Slack Webhook URL,Smažte webovou adresu URL,
Slideshow,Promítání obrázků,
Slideshow Items,Položky promítání obrázků,
Slideshow Name,Název promítání obrázků,
Slideshow like display for the website,Promítání obrázků (slideshow) pro zobrazení na www stránce,
Small Text,Krátký text,
Smallest Currency Fraction Value,Nejmenší Měna Frakce Hodnota,
Smallest circulating fraction unit (coin). For e.g. 1 cent for USD and it should be entered as 0.01,"Nejmenší cirkulující frakce jednotka (mince). Pro například 1 cent za USD, a to by mělo být vstoupila jako 0,01",
Social,Sociální,
Social Link Settings,Nastavení sociálních odkazů,
Social Link Type,Typ sociálního odkazu,
Social Login Key,Klíč pro sociální přihlášení,
Social Login Provider,Poskytovatel sociálního přihlášení,
Social Logins,Sociální přihlášení,
Soft-Bounced,Soft-Bounced,
Sort Field,Pole řadit dle,
Sort Order,Pořadí řazení,
Source,Zdroj,
Source Name,Název zdroje,
Source Text,Zdroj Text,
Spam,Spam,
SparkPost,SparkPost,
Standard,Standard,
Standard Sidebar Menu,Standardní Sidebar Menu,
Start Date,Datum zahájení,
Start Date Field,Pole Datum zahájení,
Start Time,Start Time,
StartTLS,StartTLS,
Started,Začal,
Starts on,Začíná,
State,Stát,
State/Province,Stát / provincie,
States,Stavy,
Static Parameters,Statické parametry,
Stats,Statistiky,
Stats Time Interval,Statistika Časový interval,
Status,Stav,
Step,Krok,
Steps,Kroky,
Stopped,Zastaveno,
Stores the JSON of last known versions of various installed apps. It is used to show release notes.,Uchovává JSON posledních známých verzí různých instalovaných aplikací. To se používá k zobrazení poznámky k vydání.,
Style,Styl,
Style Settings,Nastavení stylu,
"Style represents the button color: Success - Green, Danger - Red, Inverse - Black, Primary - Dark Blue, Info - Light Blue, Warning - Orange","Styly reprezentující barvy tlačítek: Úspěch - zelená, Nebezpečí - Červená, Inverze - černá, Hlavní – tmavě modrá, Info – světle modrá, Upozornění – oranžová",
Stylesheet,Šablona stylů,
"Sub-currency. For e.g. ""Cent""","Sub-měna. Pro např ""Cent """,
Sub-domain provided by erpnext.com,Sub doména poskytnutá (kým) erpnext.com,
Subdomain,Sub doména,
Subject,Předmět,
Subject Field,Pole předmětu,
Submit,Odeslat,
Submit After Import,Odeslat po importu,
Submitted,Vloženo,
Subsidiary,Dceřiný,
Subtitle,Titulky,
Success,Úspěch,
Success Action,Úspěšná akce,
Success Message,Zpráva o úspěchu,
Success URL,URL Povedlo se,
Sum,Součet,
Sunday,Neděle,
Symbol,Symbol,
Sync,Synchronizace,
Sync with Google Calendar,Synchronizace s Kalendářem Google,
Sync with Google Contacts,Synchronizace s kontakty Google,
System,Systém,
System Console,Systémová konzole,
System Manager,Správce systému,
System Notification,Oznámení systému,
System Page,Systémová stránka,
System Settings,Nastavení systému,
System managers are allowed by default,Správci systému jsou ve výchozím nastavení povoleni,
Table,Tabulka,
Table Break,Přestávka na stůl,
Table HTML,Tabulka HTML,
Table MultiSelect,Tabulka MultiSelect,
Tag,Štítek,
Tag Link,Odkaz na značku,
Target,Cíl,
Tax Category,Daňová kategorie,
Team Members,Členové týmu,
Team Members Heading,Záhlaví členů týmu,
Template,Šablona,
Template Options,Možnosti šablony,
Template Warnings,Upozornění na šablony,
Text,Text,
Text Align,Zarovnání textu,
Text Color,Barva textu,
Text Content,Text Obsah,
Text Editor,Editor textu,
The name that will appear in Google Calendar,"Jméno, které se zobrazí v Kalendáři Google",
The user from this field will be rewarded points,Uživateli z tohoto pole budou odměněny body,
The webhook will be triggered if this expression is true,"Webhook bude spuštěn, pokud je tento výraz pravdivý",
Theme,Téma,
Theme Configuration,Konfigurace motivu,
Theme URL,Adresa URL motivu,
These values will be automatically updated in transactions and also will be useful to restrict permissions for this user on transactions containing these values.,Tyto hodnoty budou automaticky aktualizovány v transakcích a rovněž bude užitečné omezit oprávnění pro tohoto uživatele v transakcích obsahujících tyto hodnoty.,
Third Party Authentication,Ověření třetí stranou,
This card will be available to all Users if this is set,"Tato karta bude k dispozici všem uživatelům, pokud je nastavena",
This chart will be available to all Users if this is set,"Pokud je tato tabulka nastavena, bude tato tabulka k dispozici všem uživatelům",
This format is used if country specific format is not found,"Tento formát se používá, když specifický formát země není nalezen",
This goes above the slideshow.,Toto přijde nad promítání obrázků.,
This is an example Google SERP Preview.,Toto je příklad náhledu Google SERP.,
This is the number of the last created transaction with this prefix,To je číslo poslední vytvořené transakci s tímto prefixem,
This will be shown in a modal after routing,Po směrování se to zobrazí modálně,
This will be shown to the user in a dialog after routing to the report,To se uživateli zobrazí v dialogovém okně po směrování do sestavy,
Thumbnail URL,Thumbnail URL,
Thursday,Čtvrtek,
Time,Čas,
Time Format,Časový formát,
Time Interval,Časový interval,
Time Series,Časové řady,
Time Series Based On,Časové řady na základě,
Time Zone,Časové pásmo,
Time Zones,Časová pásma,
Time format,Časový formát,
Time in seconds to retain QR code image on server. Min:<strong>240</strong>,Čas v sekundách pro zachování QR kódu na serveru. Min: <strong>240</strong>,
Timeline,Časová osa,
Timeline DocType,Časová osa DocType,
Timeline Field,Časová osa Field,
Timeline Links,Odkazy na časové ose,
Timeline Name,Časová osa Name,
Timeseries,Časové řady,
Timespan,Časové rozpětí,
Timestamp,Časové razítko,
Title,Titulek,
Title Field,Titulek pole,
Title Prefix,Title Prefix,
To,Na,
To Date,To Date,
To Date Field,Do pole Datum,
To and CC,To a CC,
"To use Slack Channel, add a <a href=""#List/Slack%20Webhook%20URL/List"">Slack Webhook URL</a>.","Chcete-li použít Slack Channel, přidejte <a href=""#List/Slack%20Webhook%20URL/List"">URL Slack Webhook</a> .",
ToDo,Úkoly,
Token,Žeton,
Top,Horní,
Top Bar Item,Položka horního panelu,
Top Bar Items,Položky horního panelu,
Topic,Téma,
Total Subscribers,Celkem Odběratelé,
Total number of emails to sync in initial sync process ,Celkový počet e-mailů pro synchronizaci v počátečním synchronizačního procesu,
Traceback,Vystopovat,
Track Changes,Sledování změn,
Track Email Status,Sledovat stav e-mailu,
Track Field,Pole sledování,
Track Seen,Track Viděno,
Track Views,Sledování stop,
Track milestones for any document,Sledujte milníky všech dokumentů,
Transaction Hash,Transakční hash,
Transaction Log,Protokol transakcí,
Transaction Log Report,Zpráva protokolu transakcí,
Transition Rules,Pravidla transakce,
Transitions,Přechody,
Translatable,Přeložitelný,
Translated Text,Přeložený text,
Translation,Překlad,
Trash,Odpadky,
Tree,Strom,
Tree structures are implemented using Nested Set,Stromové struktury jsou implementovány pomocí vnořené sady,
Trigger Method,Trigger Metoda,
"Trigger on valid methods like ""before_insert"", ""after_update"", etc (will depend on the DocType selected)","Trigger na ověřené metody, jako je &quot;before_insert&quot;, &quot;after_update&quot;, etc (bude záviset na zvoleném DOCTYPE)",
Tuesday,Úterý,
Two Factor Authentication,Autentizace dvou faktorů,
Two Factor Authentication method,Metoda ověřování dvěma faktory,
Type,Typ,
UID,UID,
UIDNEXT,UIDNEXT,
UIDVALIDITY,UIDVALIDITY,
UNSEEN,neviděný,
URL,URL,
URL for documentation or help,URL pro dokumentaci nebo nápovědu,
URL to go to on clicking the slideshow image,"URL, na kterou přejdete kliknutím na obrázek prezentace",
Unassign Condition,Nepřiřazená podmínka,
Unhandled Email,neošetřené Email,
Unique,Jedinečný,
Unread,Nepřečtený,
Unread Notification Sent,Nepřečtené oznámení Odesláno,
Unshared,nerozdělený,
Unsubscribe Method,Metoda aktuality,
Unsubscribe Param,aktuality Param,
Unsubscribed,Odhlášen z odběru,
Update,Aktualizovat,
Update Existing Records,Aktualizace existujících záznamů,
Update Field,Aktualizovat pole,
Update Series Number,Aktualizace Series Number,
Update Settings,Aktualizovat nastavení,
Update Value,Aktualizovat hodnotu,
Updated,Aktualizováno,
Uploaded To Dropbox,Nahráno do Dropboxu,
Uploaded To Google Drive,Nahráno na Disk Google,
Use % for any non empty value.,Pro každou neprázdnou hodnotu použijte%.,
Use ASCII encoding for password,Použijte kódování ASCII pro heslo,
Use IMAP,Použít IMAP,
Use POST,Použijte POST,
Use Report Chart,Použijte přehledový graf,
Use SSL,Použít SSL,
Use TLS,Použít TLS,
Use this fieldname to generate title,Pomocí tohoto FieldName ke generování názvu,
User,Uživatel,
User ,Uživatel,
User Agent,Uživatelský agent,
User Cannot Create,Uživatel nemůže Vytvořit,
User Cannot Search,Uživatel nemůže vyhledávat,
User Defaults,Výchozí nastavení uživatele,
User Details,Detaily uživatele,
User Email,Uživatel E-mail,
User Emails,uživatel E-maily,
User Field,Pole uživatele,
User ID,User ID,
User ID Property,Vlastnost ID uživatele,
User ID of a Blogger,ID uživatele bloggera,
User Id,Uživatelské ID,
User Image,Obrázek uživatele (avatar),
User Name,Uživatelské jméno,
User Permission,Uživatelská oprávnění,
User Profile,Uživatelský profil,
User Social Login,Uživatelské sociální přihlášení,
User Tags,Uživatelské štítky,
User Type,Typ uživatele,
User can login using Email id or Mobile number,Uživatel se může přihlásit pomocí čísla e-mailu nebo mobilního čísla,
User can login using Email id or User Name,Uživatel se může přihlásit pomocí ID e-mailu nebo uživatelského jména,
User must always select,Uživatel musí vždy vybrat,
Username,Uživatelské jméno,
Users,Uživatelé,
Users assigned to the reference document will get points.,Uživatelé přiřazení k referenčnímu dokumentu získají body.,
Valid,Platný,
Validate Field,Ověření pole,
Validity,Doba platnosti,
Value,Hodnota,
Value Based On,Hodnota založená na,
Value Change,Změnit hodnotu,
Value Changed,Hodnota změněna,
Value To Be Set,"Hodnota, kterou chcete nastavit",
Value from this field will be set as the due date in the ToDo,Hodnota z tohoto pole bude nastavena jako datum splatnosti v Úkolu,
Value to Validate,Hodnota k ověření,
Verdana,Verdana,
Verified,Ověřeno,
Version,Verze,
Video URL,URL videa,
View,Pohled,
View Log,Zobrazit protokol,
View Properties (via Customize Form),Zobrazení vlastností (přes Vlastní forma),
View Report,Zobrazit hlášení,
View Settings,Nastavení zobrazení,
View Website,K webové stránce,
Viewed By,Viděno By,
Visit,Návštěva,
Warehouse,Sklad,
Warning,Upozornění,
Watch Video,Sledovat video,
Web Form,Webový formulář,
Web Form Field,Pole webového formuláře,
Web Form Fields,Pole webových formulářů,
Web Page,Www stránky,
Web Page Block,Blokování webových stránek,
Web Page View,Zobrazení webové stránky,
Web Template,Webová šablona,
Web Template Field,Pole webové šablony,
Web Template Values,Hodnoty webových šablon,
Web View,Web View,
Webhook,Webhook,
Webhook Data,Webhook Data,
Webhook Header,Záhlaví Webhook,
Webhook Headers,Záhlaví Webhook,
Webhook Request,Žádost o Webhook,
Webhook Secret,Webhook Secret,
Webhook Security,Webhook Security,
Webhook Trigger,Spouštěč Webhook,
Webhook URL,Webhook URL,
Website,Stránky,
Website Analytics,Analýza webových stránek,
Website Manager,Správce webu,
Website Meta Tag,Značka metadat webu,
Website Route Meta,Webová stránka Route Meta,
Website Route Redirect,Přesměrování trasy webu,
Website Script,Skript www stránky,
Website Settings,Nastavení www stránky,
Website Sidebar,Webové stránky Sidebar,
Website Sidebar Item,Webové stránky Postranní panel Item,
Website Slideshow,Promítání obrázků na www stránce,
Website Slideshow Item,Položka promítání obrázků www stránky,
Website Theme,Internetové stránky Téma,
Website Theme Ignore App,Téma webové stránky Ignorovat aplikaci,
Website Theme Image,Internetové stránky Téma Image,
Website Theme Image Link,Internetové stránky Téma Image Link,
Wednesday,Středa,
Weekdays,V pracovní dny,
Weekly,Týdenní,
Weekly Long,Týdně dlouhý,
Welcome Email Template,Uvítací e-mailová šablona,
"When enabled this will allow guests to upload files to your application, You can enable this if you wish to collect files from user without having them to log in, for example in job applications web form.","Pokud to povolíte, umožní to hostům nahrát soubory do vaší aplikace. Můžete to povolit, pokud si přejete shromažďovat soubory od uživatele, aniž by se museli přihlašovat, například ve webovém formuláři žádosti o zaměstnání.",
Which view of the associated DocType should this shortcut take you to?,Na které zobrazení přidruženého DocType by vás tato zkratka měla přivést?,
Width,Šířka,
Wildcard Filter,Filtr zástupných znaků,
"Will add ""%"" before and after the query",Přidá &quot;%&quot; před a po dotazu,
Will be used in url (usually first name).,Bude použito v url (obvykle první jméno).,
Will run scheduled jobs only once a day for inactive sites. Default 4 days if set to 0.,"Pro neaktivní weby bude spuštěna naplánovaná úloha pouze jednou denně. Výchozí 4 dny, pokud je nastaveno na 0.",
Workflow,Toky (workflow),
Workflow Action,Akce toků,
Workflow Action Master,Akce hlavních toků,
Workflow Action Name,Název akce toku (workflow),
Workflow Action is not created for optional states,Akce pracovního postupu není vytvořena pro volitelné stavy,
Workflow Document State,Stav toku (workflow) dokumentu,
Workflow Name,Jméno toku,
Workflow State,Stav toků,
Workflow State Field,Pole stavu toku (workflow),
Workflow Transition,Přechod toku (workflow),
Workflow state represents the current state of a document.,Stav toku představuje aktuální stav dokumentu,
Write,Zapsat,
X Field,Pole X,
XLSX,XLSX,
Y Axis,Osa Y,
Y Field,Pole Y,
Yahoo Mail,Yahoo Mail,
Yandex.Mail,Yandex.Mail,
Year,Rok,
Yearly,Ročně,
Yellow,Žlutá,
Yes,Ano,
Your organization name and address for the email footer.,Vaše jméno a adresa organizace pro e-mailové zápatí.,
Zero means send records updated at anytime,Zero znamená zasílání záznamů kdykoli aktualizované,
_doctype,_doctype,
_report,_zpráva,
adjust,adjust,
after_insert,after_insert,
align-center,zarovnat-střed,
align-justify,zarovnat-vyplnit,
align-left,zarovnat-vlevo,
align-right,zarovnat-vpravo,
arrow-down,šipka-dolů,
arrow-left,šipka-vlevo,
arrow-right,šipka-vpravo,
arrow-up,šipka-nahoru,
asterisk,asterisk,
backward,pozpátku,
ban-circle,ban-circle,
barcode,Barcode,
bell,zvon,
blue,modrý,
bold,tučně,
book,rezervovat,
bookmark,záložka,
briefcase,kufřík,
bullhorn,megafon,
calendar,kalendář,
camera,fotoaparát,
certificate,certifikát,
check,Kontrola,
chevron-down,chevron-down,
chevron-left,chevron-left,
chevron-right,chevron-right,
chevron-up,chevron-up,
circle-arrow-down,circle-arrow-down,
circle-arrow-left,circle-arrow-left,
circle-arrow-right,circle-arrow-right,
circle-arrow-up,circle-arrow-up,
cog,cog,
comment,komentář,
darkgrey,tmavošedý,
dd-mm-yyyy,dd-mm-rrrr,
dd.mm.yyyy,dd.mm.rrrr,
dd/mm/yyyy,dd/mm/rrrr,
download,Stáhnout,
download-alt,download-alt,
"e.g. ""Support"", ""Sales"", ""Jerry Yang""","např ""Podpora "","" Prodej"","" Jerry Yang """,
e.g. pop.gmail.com / imap.gmail.com,např pop.gmail.com / imap.gmail.com,
e.g. replies@yourcomany.com. All replies will come to this inbox.,např. replies@yourcomany.com. Všechny odpovědi přijdou do této schránky.,
e.g. smtp.gmail.com,např. smtp.gmail.com,
edit,Upravit,
eject,eject,
email,e-mailem,
envelope,obálka,
exclamation-sign,exclamation-sign,
eye-close,eye-close,
eye-open,eye-open,
facebook,Facebook,
facetime-video,facetime-video,
fairlogin,fairlogin,
fast-backward,fast-backward,
fast-forward,fast-forward,
file,soubor,
film,film,
filter,filtr,
fire,oheň,
flag,flag,
folder-close,folder-close,
folder-open,folder-open,
font,font,
forward,předat dál,
fullscreen,celá obrazovka,
gift,dárek,
glass,glass,
globe,glóbus,
green,zelený,
hand-down,hand-down,
hand-left,hand-left,
hand-right,hand-right,
hand-up,hand-up,
hdd,hdd,
headphones,sluchátka,
heart,srdce,
home,Domov,
icon,ikona,
in minutes,za pár minut,
inbox,Inbox,
indent-left,indent-left,
indent-right,indent-right,
info-sign,info-sign,
italic,italic,
leaf,list,
link,odkaz,
linkedin,linkedin,
list,seznam,
list-alt,list-alt,
lock,zámek,
magnet,magnet,
map-marker,map-marker,
minus,mínus,
minus-sign,znaménko mínus,
mm-dd-yyyy,mm-dd-rrrr,
mm/dd/yyyy,mm/dd/rrrr,
module,modul,
move,Přestěhovat se,
music,hudba,
no failed attempts,no neúspěšných pokusů,
off,off,
ok,ok,
ok-circle,ok-circle,
ok-sign,ok-sign,
old_parent,old_parent,
on_cancel,on_cancel,
on_change,on_change,
on_submit,on_submit,
on_trash,on_trash,
on_update,on_update,
on_update_after_submit,on_update_after_submit,
orange,oranžový,
page,stránka,
pause,pauza,
pencil,tužka,
picture,obrázek,
plane,letadlo,
play,play,
play-circle,play-circle,
plus,plus,
plus-sign,plus-sign,
print,tisk,
purple,nachový,
qrcode,qrcode,
query-report,query-report,
question-sign,question-sign,
random,náhodný,
red,Červené,
refresh,Obnovit,
remove,odstranit,
remove-circle,remove-circle,
remove-sign,remove-sign,
repeat,opakovat,
resize-full,resize-full,
resize-horizontal,resize-horizontal,
resize-small,resize-small,
resize-vertical,resize-vertical,
response,Odezva,
retweet,retweet,
road,road,
screenshot,snímek obrazovky,
search,Vyhledávání,
share,podíl,
share-alt,share-alt,
shopping-cart,nákupní košík,
signal,signal,
star,star,
star-empty,star-empty,
step-backward,step-backward,
step-forward,step-forward,
stop,stop,
tag,štítek,
tags,značky,
tasks,úkoly,
text-height,text-height,
text-width,text-width,
th,th,
th-large,th-large,
th-list,th-list,
thumbs-down,thumbs-down,
thumbs-up,thumbs-up,
time,čas,
tint,tint,
trash,koš,
twitter,cvrlikání,
upload,nahrát,
user,uživatel,
volume-down,volume-down,
volume-off,volume-off,
volume-up,volume-up,
warning-sign,warning-sign,
wrench,wrench,
yellow,žlutý,
yyyy-mm-dd,rrrr-mm-dd,
zoom-in,Zvětšit,
zoom-out,Zmenšit,
