"""Company History""",„Unternehmensgeschichte“,
"""Team Members"" or ""Management""",„Teammitglieder“ oder „Management“,
&lt;head&gt; HTML,HTML,
**Currency** Master,**Währungs**-Stammdaten,
0 - Draft; 1 - Submitted; 2 - Cancelled,0 - Entwurf; 1 - Übertragen; 2 - Storniert,
0 is highest,Höchstwert ist 0,
A list of resources which the Client App will have access to after the user allows it.<br> e.g. project,"Eine Liste der Ressourcen, die der Client-Anwendung Zugriff auf nach dem Benutzer erlaubt, es haben wird. <br> zB Projekt",
A symbol for this currency. For e.g. $,"Ein Symbol für diese Währung, z. B. €",
A4,A4,
ALL,ALLE,
API,API,
API Access,API-Zugriff,
API Endpoint,API-Endpunkt,
API Endpoint Args,API-Endpunkt-Argumente,
API Key,API-Schlüssel,
API Method,API-Methode,
API Secret,API Geheimnis,
ASC,Aufsteigend,
About,Über,
About Us Settings,"Einstellungen zu ""Über uns""",
About Us Team Member,Informationen über die Teammitglieder,
Access Key ID,Zugriffsschlüssel-ID,
Access Key Secret,Zugriff auf das Schlüsselgeheimnis,
Access Log,Zugriffsprotokoll,
Access Token,Zugriffstoken,
Access Token URL,Zugriffstoken-URL,
Account,Konto,
Accounts Manager,Buchhalter,
Accounts User,Rechnungswesen Benutzer,
Action,Aktion,
Action / Route,Aktion / Route,
Action Timeout (Seconds),Aktionszeitüberschreitung (Sekunden),
Action Type,Aktionstyp,
Actions,Aktionen,
Active,Aktiv,
Active Domains,Aktive Domains,
Activity Log,Aktivitätsprotokoll,
Add Container,Container hinzufügen,
Add Custom Tags,Benutzerdefinierte Tags hinzufügen,
Add Gray Background,Fügen Sie grauen Hintergrund hinzu,
Add Signature,Signatur hinzufügen,
Add Total Row,Summenzeile hinzufügen,
Add Unsubscribe Link,Abmelde-Link hinzufügen,
"Added HTML in the &lt;head&gt; section of the web page, primarily used for website verification and SEO","HTML im ""head""-Abschnitt der Web-Seite hinzugefügt. Wird vor allem für Webseiten-Verifikation und SEO verwendet",
Additional Permissions,Zusätzliche Berechtigungen,
Address,Adresse,
Address And Contacts,Adresse und Kontakte,
Address Line 1,Adresse Zeile 1,
Address Line 2,Adresse Zeile 2,
Address Template,Adressvorlage,
Address Title,Adressen-Bezeichnung,
Address Type,Adresstyp,
Address and other legal information you may want to put in the footer.,"Adresse und andere rechtliche Informationen, die Sie in die Fußzeile setzen können.",
Addresses And Contacts,Adressen und Kontakte,
Adds a custom field to a DocType,Fügt einem DocType ein benutzerdefiniertes Feld hinzu,
Administrator,Administrator,
Advanced,Fortgeschritten,
Advanced Control,Erweiterte Kontrolle,
Advanced Settings,Erweiterte Einstellungen,
After Cancel,Nach Abbrechen,
After Delete,Nach dem Löschen,
After Save,Nach dem Speichern,
After Save (Submitted Document),Nach dem Speichern (Übermitteltes Dokument),
After Submit,Nach dem Absenden,
Aggregate Function Based On,Aggregatfunktion basierend auf,
Alert,Aufmerksam,
Align Labels to the Right,Etiketten rechts ausrichten,
Align Right,Rechts ausrichten,
All,Alle,
All Day,Ganzer Tag,
Allocated To,Zugewiesen zu,
Allot Points To Assigned Users,Zuweisen von Punkten zu zugewiesenen Benutzern,
Allow,Zulassen,
Allow Auto Repeat,Automatische Wiederholung zulassen,
Allow Bulk Edit,Massenbearbeitung zulassen,
Allow Comments,Kommentare zulassen,
Allow Consecutive Login Attempts ,Erlaube aufeinanderfolgende Login-Versuche,
Allow Delete,Löschvorgang zulassen,
Allow Dropbox Access,Dropbox-Zugang zulassen,
Allow Guest,Gast zulassen,
Allow Guest to View,Anzeige für Gast erlauben,
Allow Guests to Upload Files,Gäste dürfen Dateien hochladen,
Allow Import (via Data Import Tool),Import erlauben (mit Datenimport-Werkzeug),
Allow Incomplete Forms,Unvollständige Formulare zulassen,
Allow Login After Fail,Login nach Fehler zulassen,
Allow Login using Mobile Number,Login mit Mobilnummer zulassen,
Allow Login using User Name,Login mit Benutzernamen zulassen,
Allow Modules,Module zulassen,
Allow Print,Drucken erlauben,
Allow Print for Cancelled,Drucken im Zustand Abgebrochen erlauben,
Allow Print for Draft,Drucken von Entwürfen erlauben,
Allow Read On All Link Options,Lesen alle Verknüpfungsoptionen zulassen,
Allow Rename,Umbenennen zulassen,
Allow Roles,Rollen erlauben,
Allow Self Approval,Erlaube Selbstgenehmigung,
Allow approval for creator of the document,Genehmigung für den Ersteller des Dokuments zulassen,
Allow document creation via Email,Dokumenterstellung per E-Mail zulassen,
Allow events in timeline,Ereignisse in der Zeitleiste zulassen,
Allow in Quick Entry,In Schnelleingabe zulassen,
Allow on Submit,Änderungen zulassen wenn gebucht,
Allow only one session per user,Nur eine Sitzung pro Benutzer zulassen,
Allow page break inside tables,Seitenumbruch innerhalb von Tabellen erlauben,
Allow saving if mandatory fields are not filled,Speichern trotz leerer Pflichtfelder zulassen,
Allow user to login only after this hour (0-24),"Benutzer erlauben, sich erst nach dieser Stunde anzumelden (0-24)",
Allow user to login only before this hour (0-24),Benutzer darf sich nur vor dieser Stunde anmelden (0-24),
Allowed,Erlaubt,
Allowed In Mentions,In Erwähnungen erlaubt,
"Always add ""Draft"" Heading for printing draft documents",Entwürfe beim Drucken in der Kopfzeile kennzeichnen,
Amend,Abändern,
Amended From,Abgeändert von,
An icon file with .ico extension. Should be 16 x 16 px. Generated using a favicon generator. [favicon-generator.org],Eine Icon-Datei mit ICO-Erweiterung. Sie sollte 16 x 16 pixel groß sein. Wurde unter Verwendung eines Favicon-Generators erstellt. [favicon-generator.org],
Analytics,Analysetools,
Annual,Jährlich,
Anonymous,Anonym,
Any string-based printer languages can be used. Writing raw commands requires knowledge of the printer's native language provided by the printer manufacturer. Please refer to the developer manual provided by the printer manufacturer on how to write their native commands. These commands are rendered on the server side using the Jinja Templating Language.,"Beliebige stringbasierte Druckersprachen können verwendet werden. Für das Schreiben von Raw-Befehlen sind Kenntnisse der Muttersprache des Druckers erforderlich, die vom Druckerhersteller bereitgestellt werden. Informationen zum Schreiben der nativen Befehle finden Sie im Entwicklerhandbuch des Druckerherstellers. Diese Befehle werden serverseitig mit der Jinja Templating Language gerendert.",
App,App,
App Access Key,App Zugriffsschlüssel,
App Client ID,App Client-ID,
App Client Secret,App Client Geheimnis,
App Name,App-Name,
App Secret Key,App geheimer Schlüssel,
Append Emails to Sent Folder,E-Mails an gesendeten Ordner anhängen,
Append To,Anhängen an,
Applicable For,Anwenden für,
Application Logo,Anwendungslogo,
Application Name,Anwendungsname,
Application Version,Anwendungsversion,
Applied On,Aufgetragen auf,
Apply Document Permissions,Dokumentberechtigungen anwenden,
Apply Only Once,Nur einmal anwenden,
Apply Strict User Permissions,Strenge Benutzerberechtigungen anwenden,
Apply To All Document Types,Auf alle Dokumenttypen anwenden,
Apply this rule if the User is the Owner,"Diese Regel anwenden, wenn der Nutzer gleich dem Besitzer ist",
Apply this rule only once per document,Wenden Sie diese Regel nur einmal pro Dokument an,
Appreciation,Anerkennung,
Archived,Archiviert,
Arial,Arial,
Assign Condition,Bedingung zuweisen,
Assign To Users,Benutzern zuweisen,
Assigned,Zugewiesen,
Assigned By,Zugewiesen von,
Assigned By Full Name,Zugewiesen von Vollständiger Name,
Assignment,Zuordnung,
Assignment Completed,Auftrag abgeschlossen,
Assignment Days,Zuordnungstage,
Assignment Rule,Zuweisungsregel,
Assignment Rule Day,Tag der Zuweisungsregel,
Assignment Rule User,Zuweisungsregel Benutzer,
Assignment Rules,Zuweisungsregeln,
Assignments,Zuordnungen,
Attach,Anhängen,
Attach Image,Bild anhängen,
Attach Print,Ausdruck anhängen,
Attached File,Angehängte Datei,
Attached To DocType,Angehängt an DocType,
Attached To Field,An das Feld angehängt,
Attached To Name,Angehängt an Namen,
Attachment,Anhang,
Attachment Limit (MB),Beschränkung der Größe des Anhangs (MB),
Attachment Link,Anhang Link,
Attachment Removed,Anlage entfernt,
Attachments,Anhänge,
Auth URL Data,Authentifizierungs-URL-Daten,
Authentication,Authentifizierung,
Author,Autor,
Authorization Code,Autorisierungscode,
Authorize API Indexing  Access,API-Indizierungszugriff autorisieren,
Authorize Google Calendar Access,Autorisieren Sie den Zugriff auf Google Kalender,
Authorize Google Contacts Access,Autorisieren Sie den Zugriff auf Google Kontakte,
Authorize Google Drive Access,Autorisieren Sie Google Drive Access,
Authorize URL,URL autorisieren,
Authorized,Autorisiert,
Auto,Auto,
Auto Email Report,Auto Email-Bericht,
Auto Name,Automatische Benennung,
Auto Repeat,Automatische Wiederholung,
Auto Reply Message,Automatische Rückantwort,
Automatically Assign Documents to Users,Dokumente automatisch Benutzern zuweisen,
Automation,Automatisierung,
Avatar,Avatar,
Average,Durchschnittlich,
Awaiting Password,Warten auf Passwort,
Awaiting password,Warte auf Passwort,
BCC,BCC,
Background Color,Hintergrundfarbe,
Background Workers,Hintergrundaktivitäten,
Backup Details,Sicherungsdetails,
Backup Files,Sicherungs-Dateien,
Backup Folder ID,Sicherungsordner-ID,
Backup Folder Name,Name des Sicherungsordners,
Backup Frequency,Backup-Frequenz,
Backup public and private files along with the database.,Sichern Sie öffentliche und private Dateien zusammen mit der Datenbank.,
Backups,Backups,
Banner,Banner,
Banner HTML,Banner-HTML,
Banner Image,Banner-Bild,
Banner is above the Top Menu Bar.,Banner über der oberen Menüleiste.,
Bar,Bar,
Barcode,Barcode,
Base Distinguished Name (DN),kennzeichnender Name (DN),
Base URL,Basis-URL,
Based On,Basiert auf,
Based on Field,Basierend auf Feld,
Based on Permissions For User,Basierend auf Berechtigungen des Nutzers,
Basic,Basic,
Basic Info,Grundlegende Informationen,
Before Cancel,Vor dem Abbrechen,
Before Delete,Vor dem Löschen,
Before Insert,Vor dem Einfügen,
Before Save,Vor dem Speichern,
Before Save (Submitted Document),Vor dem Speichern (gesendetes Dokument),
Before Submit,Vor dem Absenden,
Beginner,Anfänger,
Beta,Beta,
Billing,Abrechnung,
Bio,Lebenslauf,
Birth Date,Geburtsdatum,
Block Module,Block-Modul,
Block Modules,Block-Module,
Blocked,Gesperrt,
Blog Category,Blog-Kategorie,
Blog Intro,Blog-Einleitung,
Blog Introduction,Blog-Einleitung,
Blog Post,Blog-Eintrag,
Blog Settings,Blog-Einstellungen,
Blog Title,Blog-Name,
Blogger,Blogger,
Blue,Blau,
Bold,Fett gedruckt,
Bot,Bot,
Bottom,Unterseite,
Bounced,Gesprungen,
Brand,Marke,
Brand HTML,Marke HTML,
Brand Image,Markenzeichen,
Breadcrumbs,Breadcrumbs,
Browser,Browser,
Browser Version,Browser-Version,
Brute Force Security,Brute-Force-Sicherheit,
Bucket Name,Eimername,
Bulk Update,Massen-Update,
Button,Schaltfläche,
Button Gradients,Schaltflächenverläufe,
Button Rounded Corners,Button Abgerundete Ecken,
Button Shadows,Knopf Schatten,
Bypass Restricted IP Address Check If Two Factor Auth Enabled,"Überprüfung der eingeschränkten IP-Adresse umgehen, wenn Zwei-Faktor-Authentifizierung aktiviert ist",
Bypass Two Factor Auth for users who login from restricted IP Address,Zwei Faktor Autorisierung für Benutzer aus eingeschränktem IP-Adressraum übergehen.,
Bypass restricted IP Address check If Two Factor Auth Enabled,"Eingeschränkte IP-Adressenprüfung umgehen, wenn Zwei-Faktor-Authentifizierung aktiviert ist",
CC,CC,
CSS,CSS,
CSS Class,CSS-Klasse,
CSV,CSV,
CTA Label,CTA-Label,
CTA URL,CTA-URL,
Calendar,Kalender,
Calendar Name,Kalendername,
Calendar View,Kalenderansicht,
Call,Anruf,
Call To Action,Aufruf zum Handeln,
Call To Action URL,Call-to-Action-URL,
Callback Message,Rückrufnachricht,
Callback Title,Rückruftitel,
Campaign,Kampagne,
Cancel,Abbrechen,
Cancelled,Abgesagt,
Card,Karte,
Cards,Karten,
Category,Kategorie,
Category Description,Kategoriebeschreibung,
Category Name,Kategoriename,
Center,Zentrieren,
Chaining Hash,Chaining Hash,
Change Label (via Custom Translation),Bezeichnung ändern (über Benutzerdefinierte Übersetzung),
Change Password,Kennwort ändern,
Channel,Kanal,
Chart,Diagramm,
Chart Configuration,Diagrammkonfiguration,
Chart Name,Diagrammname,
Chart Options,Diagrammoptionen,
Chart Source,Diagrammquelle,
Chart Type,Diagramm Typ,
Charts,Diagramme,
Chat,Unterhaltung,
Check,Prüfen,
Check this if you want to force the user to select a series before saving. There will be no default if you check this.,"Hier aktivieren, wenn der Benutzer gezwungen sein soll, vor dem Speichern eine Serie auszuwählen. Bei Aktivierung gibt es keine Standardvorgabe.",
Checking this will hide custom doctypes and reports cards in Links section,"Wenn Sie dies aktivieren, werden benutzerdefinierte Doctypes und Berichtskarten im Abschnitt &quot;Links&quot; ausgeblendet",
Checksum Version,Version Prüfsumme,
Child Tables are shown as a Grid in other DocTypes,Untergeordnete Tabellen werden in anderen DocTypes als Raster angezeigt,
Choose authentication method to be used by all users,"Wählen Sie die Authentifizierungsmethode, die von allen Benutzern verwendet werden soll",
City,Ort,
City/Town,Ort/ Wohnort,
Clicked,Angeklickt,
Client,Kunde,
Client Code,Kundencode,
Client Credentials,Kunden-Zugangsdaten,
Client ID,Kunden-ID,
Client Information,Kundeninformation,
Client Script,Clientskript,
Client Secret,Kundengeheimnis,
Client URLs,Kunden-URLs,
Close Condition,Zustand schließen,
Closed,Geschlossen,
Code,Code,
Collapsible,Faltbar,
Collapsible Depends On,"""Faltbar"" hängt ab von",
Color,Farbe,
Column Break,Spaltenumbruch,
Column Name,Spaltenname,
Columns,Spalten,
Columns / Fields,Spalten / Felder,
Comment,Kommentar,
Comment By,Kommentar von,
Comment Email,Kommentar E-Mail,
Comment Type,Kommentarart,
Comments and Communications will be associated with this linked document,Kommentare und Kommunikation werden diesem verknüpfte Dokument zugeordnet.,
Commit,Verpflichten,
Communication,Kommunikation,
Communication Link,Kommunikationsverbindung,
Communication Type,Kommunikationsart,
Compact Item Print,Artikel kompakt drucken,
Company History,Unternehmensgeschichte,
Company Introduction,Vorstellung des Unternehmens,
Company Name,Firma,
Complete,Komplett,
Completed,Abgeschlossen,
Component,Komponente,
Condition,Zustand,
Conditions,Bedingungen,
Configuration,Aufbau,
Confirmation Email Template,Bestätigungs-E-Mail-Vorlage,
Connections,Verknüpfungen,
Console,Konsole,
Console Log,Konsolenprotokoll,
Contact,Kontakt,
Contact Details,Kontakt-Details,
Contact Email,Kontakt-E-Mail,
Contact Numbers,Kontaktnummern,
Contact Phone,Kontakt-Telefon,
Contact Us Settings,Einstellungen zu „Kontaktieren Sie uns“,
"Contact options, like ""Sales Query, Support Query"" etc each on a new line or separated by commas.","Kontaktalternativen wie „Vertriebsanfrage"", ""Support-Anfrage“ usw., jede in einer neuen Zeile oder durch Kommas getrennt.",
Contacts,Kontakte,
Content,Inhalt,
Content (HTML),Inhalt (HTML),
Content (Markdown),Inhalt (Abschrift),
Content Hash,Inhalts-Hash,
Content Type,Inhaltstyp,
Context,Kontext,
Context Script,Kontextskript,
Contributed,Beigetragen,
Contribution Document Name,Name des Beitragsdokuments,
Contribution Status,Beitragsstatus,
Copyright,Copyright,
Core,Kern,
Count,Anzahl,
Count Filter,Filter zählen,
Counter,Zähler,
Country,Land,
Country Name,Ländername,
County,Landesbezirk/Gemeinde/Kreis,
Create,Erstellen,
Create Contacts from Incoming Emails,Erstellen Sie Kontakte aus eingehenden E-Mails,
Create Entry,Eintrag erstellen,
Create Log,Protokoll erstellen,
Create and Send Newsletters,Newsletter erstellen und senden,
Created,Erstellt,
Criticism,Kritik,
Cron,Cron,
Cron Format,Cron Format,
Currency,Währung,
Currency Name,Währungsbezeichnung,
Currency Precision,Währungsgenauigkeit,
Current,Laufend,
Custom,Benutzerdefiniert,
Custom Base URL,Benutzerdefinierte Basis-URL,
Custom CSS,Benutzerdefiniertes CSS,
Custom Configuration,Benutzerdefinierte Konfiguration,
Custom DocPerm,Benutzerdefinierte DocPerm,
Custom Field,Benutzerdefiniertes Feld,
Custom Format,Benutzerdefiniertes Format,
Custom HTML Help,Benutzerdefinierte HTML-Hilfe,
Custom Menu Items,Artikel Benutzermenü,
Custom Options,Benutzerdefinierte Optionen,
Custom Overrides,Benutzerdefinierte Überschreibungen,
Custom Report,Benutzerdefinierter Bericht,
Custom Role,benutzerdefinierte Rolle,
Custom SCSS,Benutzerdefiniertes SCSS,
Custom Sidebar Menu,Benutzerdefinierte Sidebar Menu,
Custom?,Benutzerdefiniert?,
Customization,Anpassung,
Customize Form,Formular anpassen,
Customize Form Field,Formularfeld anpassen,
DESC,Absteigend,
Daily,Täglich,
Daily Long,Täglich lang,
Danger,Achtung,
Dark Color,Dunkle Farbe,
Dashboard,Dashboard,
Dashboard Chart,Dashboard-Diagramm,
Dashboard Chart Field,Dashboard-Diagrammfeld,
Dashboard Chart Link,Dashboard-Diagramm-Link,
Dashboard Chart Source,Dashboard-Diagrammquelle,
Dashboard Manager,Dashboard Manager,
Dashboard Name,Name des Dashboards,
Dashboard Settings,Dashboard-Einstellungen,
Dashboards,Dashboards,
Data,Daten,
Data Export,Datenexport,
Data Import,Datenimport,
Database Engine,Datenbank-Engine,
Date,Datum,
Date Format,Datumsformat,
Date Range,Datumspanne,
Date and Number Format,Datums- und Zahlenformat,
Datetime,Datum und Uhrzeit,
Day,Tag,
Day of Week,Tag der Woche,
Days After,Tage nach,
Days Before,Tage vor,
Days Before or After,Tage vorher oder nachher,
Default,Standard,
Default Email Template,Standard E-Mailvorlage,
Default Incoming,Standard-Eingang,
Default Letter Head,Standardbriefkopf,
Default Outgoing,Standard-Ausgang,
Default Portal Home,Standardportal-Startseite,
Default Print Format,Standarddruckformat,
Default Print Language,Standarddrucksprache,
Default Redirect URI,Standard Weiterleitungs URI,
Default Role at Time of Signup,Standardrolle bei Neuanmeldungen,
Default Sort Field,Standard-Sortierfeld,
Default Sort Order,Standard-Sortierreihenfolge,
Default Value,Standardwert,
"Default: ""Contact Us""",Standardeinstellung: „Kontaktieren Sie uns“,
DefaultValue,Standardwert,
Defaults,Standardeinstellungen,
Defines actions on states and the next step and allowed roles.,"Definiert Maßnahmen bei bestimmten Zuständen, den nächsten Schritt und erlaubte Rollen.",
Defines workflow states and rules for a document.,Definiert Workflow-Stati und Regeln für ein Dokument.,
Delayed,Verzögert,
Delete,Löschen,
Deleted,Gelöscht,
Deleted DocType,Gelöschtes DocType,
Deleted Document,gelöschtes Dokument,
Deleted Name,Gelöschte Namen,
Delivery Status,Lieferstatus,
Department,Abteilung,
Dependencies,Abhängigkeiten,
Depends On,Hängt ab von,
Description,Beschreibung,
"Description for listing page, in plain text, only a couple of lines. (max 200 characters)","Beschreibung für Auflistungsseite, im Klartext, nur ein paar Zeilen. (max 200 Zeichen)",
Designation,Position,
Desk,Schreibtisch,
Desk Access,Schreibtisch-Zugang,
Desktop Icon,Desktopsymbol,
Details,Details,
"Different ""States"" this document can exist in. Like ""Open"", ""Pending Approval"" etc.","Unterschiedliche Zustände, in denen das Dokument existieren kann, wie zum Beispiel „Offen“, „Genehmigung ausstehend“ usw.",
Digits,Ziffern,
Disable Auto Refresh,Deaktivieren Sie die automatische Aktualisierung,
Disable Comments,Kommentare deaktivieren,
Disable Count,Zählung deaktivieren,
Disable SMTP server authentication,Deaktivieren Sie die SMTP-Serverauthentifizierung,
Disable Sidebar Stats,Deaktivieren Sie Sidebar Stats,
Disable Signup,Anmelden deaktivieren,
Disable Standard Email Footer,Standard-E-Mail-Fußzeile deaktivieren,
Disabled,Deaktiviert,
Display,anzeigen,
Display Depends On,Anzeige ist abhängig von,
Doc Event,Dokumentenereignis,
Doc Events,Dokumentenereignise,
Doc Status,Dokumentenstatus,
DocField,DocField,
DocPerm,DocPerm,
DocShare,DocShare,
DocType,DocType,
DocType Action,DocType-Aktion,
DocType Event,DocType-Ereignis,
DocType Link,DocType Link,
DocType View,DocType-Ansicht,
DocType is a Table / Form in the application.,DocType ist eine Tabelle oder ein Formular in der Anwendung.,
DocType on which this Workflow is applicable.,"DocType, auf den dieser Workflow anzuwenden ist.",
Doctype,DocType,
Document,Dokument,
Document Actions,Dokumentaktionen,
Document Follow,Dokument folgen,
Document Link,Dokumentverknüpfung,
Document Links,Dokumentverknüpfungen,
Document Name,Dokumentenname,
Document Naming Rule,Dokumentbenennungsregel,
Document Naming Rule Condition,Bedingung für die Benennungsregel für Dokumente,
Document Naming Settings,Dokumentenbenennungseinstellungen,
Document Share,Dokumentenfreigabe,
Document Share Report,Dokumentenfreigabebericht,
Document States,Dokumentenstati,
Document Tag,Dokument-Schlagwort,
Document Title,Dokumenttitel,
Document Type,Dokumententyp,
Document Type to Track,Dokumenttyp zu verfolgen,
Document Types,Dokumententypen,
Documentation,Dokumentation,
Documentation Link,Dokumentationslink,
Documentation URL,Dokumentations-URL,
Domain,Domäne,
Domain Settings,Domäneneinstellungen,
Domains HTML,Domänen HTML,
"Don't HTML Encode HTML tags like &lt;script&gt; or just characters like &lt; or &gt;, as they could be intentionally used in this field","Nicht HTML Encode HTML-Tags wie &lt;script&gt; oder einfach nur Zeichen wie &lt;oder&gt;, da sie absichtlich auf diesem Gebiet verwendet werden könnten,",
Don't Override Status,Status nicht überschreiben,
Don't Send Emails,Senden Sie keine E-Mails,
Donut,Donut,
Download Backups,Datensicherungen herunterladen,
Download Template,Vorlage herunterladen,
Dropbox Access Token,Dropbox-Zugriffs-Token,
Dropbox Settings,Dropbox-Einstellungen,
Dropdowns,Dropdowns,
Due Date,Fälligkeitsdatum,
Due Date Based On,Fälligkeitsdatum basiert auf,
Duration,Dauer,
Dynamic Filters,Dynamische Filter,
Dynamic Filters JSON,Dynamische Filter JSON,
Dynamic Filters Section,Abschnitt &quot;Dynamische Filter&quot;,
Dynamic Link,Dynamische Verknüpfung,
Dynamic Report Filters,Dynamische Berichtsfilter,
Dynamic Route,Dynamische Route,
Dynamic Template,Dynamische Vorlage,
Edit,Bearbeiten,
Edit Values,Werte bearbeiten,
Editable Grid,Editierbares Raster,
Eg. smsgateway.com/api/send_sms.cgi,z. B. smsgateway.com/api/send_sms.cgi,
Email,E-Mail,
Email Account,E-Mail-Konto,
Email Account Name,E-Mail-Konten-Name,
Email Address,E-Mail-Adresse,
Email Address whose Google Contacts are to be synced.,"E-Mail-Adresse, deren Google-Kontakte synchronisiert werden sollen.",
Email Addresses,E-Mail-Adressen,
Email Domain,E-Mail-Domain,
Email Flag Queue,E-Mail-Flag-Warteschlange,
Email Footer Address,Signatur in der E-Mail-Fußzeile,
Email Group,E-Mail-Gruppe,
Email Group Member,E-Mail-Gruppen-Mitglied,
Email ID,E-Mail-ID,
Email IDs,E-Mail-IDs,
Email Id,E-Mail-ID,
Email Inbox,E-Mail-Posteingang,
Email Queue,E-Mail-Queue,
Email Queue Recipient,E-Mail-Queue Empfänger,
Email Queue records.,E-Mail-Queue Aufzeichnungen.,
Email Reply Help,E-Mail Antwort Hilfe,
Email Rule,E-Mail-Regel,
Email Sent,E-Mail wurde versandt,
Email Settings,E-Mail-Einstellungen,
Email Signature,E-Mail-Signatur,
Email Status,E-Mail-Status,
Email Sync Option,E-Mail-Sync Option,
Email Template,E-Mail-Vorlage,
Email To,E-Mail an,
Email Unsubscribe,E-Mail abbestellen,
Emails will be sent with next possible workflow actions,E-Mails werden mit den nächsten möglichen Workflow-Aktionen gesendet,
Enable,ermöglichen,
Enable Auto Reply,Automatische Rückantwort aktivieren,
Enable Automatic Backup,Automatische Sicherung aktivieren,
Enable Automatic Linking in Documents,Aktivieren Sie die automatische Verknüpfung in Dokumenten,
Enable Comments,Kommentare aktivieren,
Enable Email Notifications,E-Mail-Benachrichtigungen aktivieren,
Enable Google Indexing,Aktivieren Sie die Google-Indizierung,
Enable In App Website Tracking,In App Website Tracking aktivieren,
Enable Incoming,Eingehend aktivieren,
Enable Onboarding,Onboarding aktivieren,
Enable Outgoing,Ausgehend aktivieren,
Enable Password Policy,Kennwortrichtlinie aktivieren,
Enable Print Server,Aktivieren Sie den Druckserver,
Enable Raw Printing,Aktivieren Sie den RAW-Druck,
Enable Scheduled Jobs,Geplante Arbeiten aktivieren,
Enable Security,Sicherheit aktivieren,
Enable Social Login,Aktivieren Sie Social Logins,
Enable Social Sharing,Aktivieren Sie Social Sharing,
Enable Two Factor Auth,Aktivieren Sie zwei Faktor Auth,
Enabled,Aktiviert,
End Date,Enddatum,
End Date Field,Enddatumsfeld,
Endpoint URL,Endpunkt-URL,
Endpoints,Endpunkte,
Ends on,Endet am,
Energy Point,Energiepunkt,
Energy Point Log,Energiepunktprotokoll,
Energy Point Rule,Energiepunkt-Regel,
Energy Point Settings,Energiepunkteinstellungen,
Energy Points,Energiepunkte,
Enter Form Type,Formulartyp eingeben,
"Enter default value fields (keys) and values. If you add multiple values for a field, the first one will be picked. These defaults are also used to set ""match"" permission rules. To see list of fields, go to ""Customize Form"".","Vorgabewertfelder (Schlüssel) und Werte eingeben. Wenn mehrere Werte für ein Feld hinzugefügt werden, wird der erste verwendet. Diese Standardwerte werden ebenfalls für die ""Übereinstimmung mit""-Berechtigungsregeln verwendet. Um eine Liste der Felder zu sehen, auf ""Formular anpassen"" gehen.",
"Enter static url parameters here (Eg. sender=ERPNext, username=ERPNext, password=1234 etc.)","Statische URL-Parameter hier eingeben (z. B. Absender=ERPNext, Benutzername=ERPNext, Passwort=1234 usw.)",
Enter url parameter for message,URL-Parameter für Nachricht eingeben,
Enter url parameter for receiver nos,URL-Parameter für Empfängernummern eingeben,
Error,Fehler,
Error Log,Fehlerprotokoll,
Error Message,Fehlermeldung,
Event,Ereignis,
Event Category,Ereigniskategorie,
Event Participants,Veranstaltungsteilnehmer,
Event Type,Ereignistyp,
Everyone,Jeder,
"Ex: ""colors"": [""#d1d8dd"", ""#ff5858""]","Beispiel: &quot;Farben&quot;: [&quot;# d1d8dd&quot;, &quot;# ff5858&quot;]",
Example,Beispiel,
"Example: ""/desk""",Beispiel: &quot;/ desktop&quot;,
Example: #Tree/Account,Beispiel: # Baum / Konto,
Example: 00001,Beispiel: 00001,
Example: {{ subject }},Beispiel: {{subject}},
Excel,Excel,
Exception,Ausnahme,
Execute,Ausführen,
Expert,Experte,
Expiration time,Ablaufzeit,
Expire Notification On,Ablaufen Mitteilung On,
Expired,Verfallen,
Expires In,Verfällt in,
Expires On,Verfällt am,
Expiry time of QR Code Image Page,Verfallzeit der QR Code Bildseite,
Export,Export,
Export From,Exportieren von,
Expose Recipients,Expose Empfänger,
"Expression, Optional","Ausdruck, Optional",
Facebook,Facebook,
Failed,Fehlgeschlagen,
FavIcon,FavIcon,
Fax,Telefax,
Featured,Vorgestellt,
Feedback,Rückmeldung,
Feedback Request,Feedback-Anfrage,
Fetch From,Abholen von,
Field,Feld,
Field Description,Feldbeschreibung,
Field Name,Feldname,
Field To Check,Zu überprüfendes Feld,
Field Type,Feldtyp,
"Field that represents the Workflow State of the transaction (if field is not present, a new hidden Custom Field will be created)","Feldc für den Workflow-Status der einzelnen Transaktionen (wenn das Feld nicht vorhanden ist, wird ein neues verstecktes, benutzerdefiniertes Feld erstellt)",
Field to Track,Zu verfolgendes Feld,
Fieldname,Feldname,
Fields,Felder,
Fields Multicheck,Felder Multicheck,
"Fields separated by comma (,) will be included in the ""Search By"" list of Search dialog box","Felder, die durch Komma (,) getrennt sind, sind in der ""Suchen nach""-Liste des Suche-Dialogfeldes enthalten.",
Fieldtype,Feldtyp,
File,Datei,
File Backup,Dateisicherung,
File Information,Dateiinformationen,
File Name,Dateiname,
File Size,Dateigröße,
File Type,Dateityp,
File URL,Datei-URL,
Files,Dateien,
Filter Data,Daten filtern,
Filter List,Liste filtern,
Filter Meta,Meta filtern,
Filter Name,Name des Filters,
Filter Values,Werte filtern,
Filters,Filter,
Filters Configuration,Filterkonfiguration,
Filters Display,Filter anzeigen,
Filters JSON,Filtert JSON,
Filters Section,Filterbereich,
"Filters will be accessible via <code>filters</code>. <br><br>Send output as <code>result = [result]</code>, or for old style <code>data = [columns], [result]</code>","Filter sind über <code>filters</code> zugänglich.<br><br> Ausgabe als <code>result = [result]</code> oder für <code>data = [columns], [result]</code> alten Stil <code>data = [columns], [result]</code> senden",
Finished,Fertig,
First Day of the Week,Erster Wochentag,
First Name,Vorname,
First Success Message,Erste Erfolgsmeldung,
Flag,Flagge,
Float,Gleitkommazahl,
Float Precision,Gleitkommazahl-Genauigkeit,
Fold,Falz,
Folder,Ordner,
Font,Schriftart,
Font Properties,Schrifteigenschaften,
Font Size,Schriftgröße,
Fonts,Schriftarten,
Footer,Fußzeile,
Footer HTML,Fußzeile HTML,
Footer Items,Fußzeilen-Objekte,
Footer Logo,Fußzeile Logo,
Footer Template,Fußzeilenvorlage,
Footer Template Values,Werte für Fußzeilenvorlagen,
Footer will display correctly only in PDF,Die Fußzeile wird nur in PDF korrekt angezeigt,
For DocType Link / DocType Action,Für DocType Link / DocType-Aktion,
For Document Event,Für Dokumentereignis,
For User,Für Benutzer,
For Value,Für Wert,
For example: {} Open,Zum Beispiel: {} Öffnen,
"For help see <a href=""https://frappeframework.com/docs/user/en/guides/portal-development/web-forms"" target=""_blank"">Client Script API and Examples</a>","Hilfe finden Sie unter <a href=""https://frappeframework.com/docs/user/en/guides/portal-development/web-forms"" target=""_blank"">Client-Skript-API und Beispiele</a>",
"For more information, <a class=""text-muted"" href=""https://erpnext.com/docs/user/manual/en/setting-up/email/linking-emails-to-document"">click here</a>.","Weitere Informationen finden <a class=""text-muted"" href=""https://erpnext.com/docs/user/manual/en/setting-up/email/linking-emails-to-document"">Sie hier</a> .",
Force,Erzwingen,
Force Show,Anzeige erzwingen,
Force User to Reset Password,Benutzer zum Zurücksetzen des Kennworts zwingen,
Form Settings,Formulareinstellungen,
Form URL-Encoded,Formular URL-verschlüsselt,
Format,Format,
Format Data,Daten formatieren,
Forward To Email Address,Weiterleiten an E-Mail-Adresse,
Fraction,Teil,
Fraction Units,Teileinheiten,
Frappe,Frappé,
Frequency,Häufigkeit,
Friday,Freitag,
From,Von,
From Date,Von-Datum,
From Date Field,Vom Datumsfeld,
From Full Name,Von Vor- und Nachname,
From User,Vom Benutzer,
Full,Voll,
Full Name,Vollständiger Name,
Full Width,Gesamtbreite,
Function,Funktion,
GMail,GMail,
Gantt,Gantt-Diagramm,
Gender,Geschlecht,
Generate Keys,Schlüssel generieren,
Geo,Geo,
Geolocation,Geolokalisierung,
Get Contacts,Kontakte erhalten,
Get your globally recognized avatar from Gravatar.com,Allgemein wiedererkennbaren Avatar von Gravatar.com abrufen,
Git Branch,Git Branch,
GitHub,GitHub,
Global Search DocType,Globale Suche DocType,
Global Search Settings,Globale Sucheinstellungen,
Global Unsubscribe,Global austragen,
Go to Page,Zur Seite gehen,
Google,Google,
Google Analytics Anonymize IP,Google Analytics IP anonymisieren,
Google Analytics ID,Google Analytics-ID,
Google Calendar,Google-Kalender,
Google Calendar Event ID,Google Kalender-Ereignis-ID,
Google Calendar ID,Google Kalender-ID,
Google Contacts,Google Kontakte,
Google Contacts Id,Google-Kontakt-ID,
Google Drive,Google Drive,
Google Font,Google Font,
Google Settings,Google-Einstellungen,
Google Snippet Preview,Google Snippet-Vorschau,
Grant Type,Grant Typ,
Green,Grün,
Group,Gruppe,
Group By,Gruppiere nach,
Group By Based On,Gruppieren nach basierend auf,
Group By Type,Nach Typ gruppieren,
Guest,Gast,
HH:mm,HH: mm,
HH:mm:ss,HH: mm: ss,
HTML,HTML,
HTML Editor,HTML-Editor,
HTML Page,HTML-Seite,
HTML for header section. Optional,HTML für Kopfzeilen-Bereich. Optional,
Half,Hälfte,
Half Yearly,Halbjährlich,
Half-yearly,Halbjährlich,
Has  Attachment,Hat Anhang,
Has Domain,Hat Domain,
Has Role,hat Rolle,
Has Web View,Hat Webansicht,
Header,Kopfzeile,
Header HTML,HTML-Header,
Header and Breadcrumbs,Header und Paniermehl,
Headers,Headers,
Heading,Überschrift,
Heatmap,Heatmap,
Help,Hilfe,
Help Article,Hilfe Artikel,
Help Articles,Artikel-Hilfe,
Help Category,Hilfekategorie,
Help Dropdown,Hilfe Dropdown,
Help HTML,HTML-Hilfe,
Helvetica,Helvetica,
Hidden,Versteckt,
Hide,Ausblenden,
Hide Block,Block ausblenden,
Hide Border,Rand ausblenden,
Hide CTA,CTA ausblenden,
Hide Copy,Kopie ausblenden,
Hide Custom DocTypes and Reports,Benutzerdefinierte Dokumenttypen und Berichte ausblenden,
Hide Days,Tage verstecken,
Hide Footer Signup,Fußzeilen-Anmeldung ausblenden,
Hide Login,Login ausblenden,
Hide Seconds,Sekunden ausblenden,
Hide Standard Menu,Standardmenü ausblenden,
Hide footer in auto email reports,Fußzeile in automatischen E-Mail-Berichten ausblenden,
High,Hoch,
Higher priority rule will be applied first,Die Regel mit der höheren Priorität wird zuerst angewendet,
Highlight,Hervorheben,
Home,Startseite,
Home Page,Startseite,
Home Settings,Starteinstellungen,
Hourly,Stündlich,
Hourly Long,Stündlich lang,
Hourly rate limit for generating password reset links,Stundensatzlimit zum Generieren von Links zum Zurücksetzen von Passwörtern,
"How should this currency be formatted? If not set, will use system defaults","Wie soll diese Währung formatiert werden? Wenn nichts festgelegt ist, werden die Standardeinstellungen  verwendet",
ID (name) of the entity whose property is to be set,"ID (Name) der Einheit, deren Eigenschaft festgelegt werden muss",
IP Address,IP Adresse,
Icon,Symbol,
Icon will appear on the button,Symbol wird auf der Schaltfläche angezeigt,
Identity Details,Identitätsdetails,
Idx,Idx,
"If Apply Strict User Permission is checked and User Permission is defined for a DocType for a User, then all the documents where value of the link is blank, will not be shown to that User","Wenn eine strikte Benutzerberechtigung aktiviert ist und die Benutzerberechtigung für einen DocType für einen Benutzer definiert ist, werden alle Dokumente, deren Wert der Link leer ist, diesem Benutzer nicht angezeigt",
If Checked workflow status will not override status in list view,"Falls diese Option aktiviert ist, wird der Workflow-Status nicht den Status in der Listenansicht überschreiben",
"If Icon is set, it will be shown instead of Label","Wenn das Symbol festgelegt ist, wird es anstelle von Beschriftung angezeigt",
"If checked, all other workflows become inactive.","Wenn aktiviert, werden alle anderen Workflows inaktiv.",
"If checked, users will not see the Confirm Access dialog.","Falls diese Option aktiviert ist, werden die Nutzer nicht den ""Zugriff bestätigen"" Dialog zu sehen.",
"If disabled, this role will be removed from all users.","Falls diese Option deaktiviert ist, wird diese Rolle von allen Benutzern entfernt.",
"If enabled,  user can login from any IP Address using Two Factor Auth, this can also be set for all users in System Settings","Wenn diese Option aktiviert ist, kann sich der Benutzer mit der Zwei-Faktor-Authentifizierung von jeder IP-Adresse aus anmelden. Dies kann auch für alle Benutzer in den Systemeinstellungen festgelegt werden",
"If enabled, all users can login from any IP Address using Two Factor Auth. This can also be set only for specific user(s) in User Page","Falls diese Option aktiviert ist, können sich alle Benutzer von jeder IP-Adresse aus mit der Zwei-Faktor-Authentifizierung anmelden. Dies kann auch nur für bestimmte Benutzer in der Benutzerseite festgelegt werden",
"If enabled, changes to the document are tracked and shown in timeline","Wenn diese Option aktiviert ist, werden Änderungen am Dokument nachverfolgt und in der Zeitleiste angezeigt",
"If enabled, document views are tracked, this can happen multiple times","Wenn diese Option aktiviert ist, werden Dokumentansichten nachverfolgt. Dies kann mehrmals vorkommen",
"If enabled, the document is marked as seen, the first time a user opens it","Wenn diese Option aktiviert ist, wird das Dokument beim ersten Öffnen durch einen Benutzer als gesehen markiert",
"If enabled, the notification will show up in the notifications dropdown on the top right corner of the navigation bar.","Wenn diese Option aktiviert ist, wird die Benachrichtigung in der Dropdown-Liste Benachrichtigungen in der oberen rechten Ecke der Navigationsleiste angezeigt.",
"If enabled, the password strength will be enforced based on the Minimum Password Score value. A value of 2 being medium strong and 4 being very strong.","Falls diese Option aktiviert ist, wird die Passwortstärke auf der Grundlage des Minimum Password Score Wertes erzwungen. Ein Wert von 2 ist mittelstark und 4 sehr stark.",
"If enabled, users who login from Restricted IP Address, won't be prompted for Two Factor Auth","Wenn diese Option aktiviert ist, werden Benutzer, die sich von der eingeschränkten IP-Adresse aus anmelden, nicht zur Zwei-Faktor-Authentifizierung aufgefordert",
"If enabled, users will be notified every time they login. If not enabled, users will only be notified once.","Wenn aktiviert, werden die Benutzer jedes Mal benachrichtigt, wenn sie sich anmelden. Wenn nicht aktiviert, werden die Benutzer nur einmal benachrichtigt.",
If non standard port (e.g. 587),Falls kein Standardport (z.B. 587) verwendet wird,
"If non standard port (e.g. 587). If on Google Cloud, try port 2525.",Wenn nicht Standard-Port (zB 587). Versuchen Sie in Google Cloud den Port 2525.,
"If non-standard port (e.g. POP3: 995/110, IMAP: 993/143)","Wenn nicht standardmäßiger Port (z. B. POP3: 995/110, IMAP: 993/143)",
"If not set, the currency precision will depend on number format","Wenn nicht gesetzt, hängt die Währungspräzision vom Zahlenformat ab",
"If the user has any role checked, then the user becomes a ""System User"". ""System User"" has access to the desktop","Wenn der Benutzer eine Rolle geprüft hat, wird er ein ""System User"". ""System User"" haben Zugriff auf den Desktop.",
If user is the owner,Wenn der Benutzer der Inhaber ist,
"If you set this, this Item will come in a drop-down under the selected parent.","Wenn diese Einstellung getroffen wird, erscheint ein Eintrag im Drop-Down-Menü des übergeordneten Vorgangs.",
"If your data is in HTML, please copy paste the exact HTML code with the tags.","Wenn Ihre Daten in HTML sind, fügen Sie bitte den genauen HTML-Code mit den Tags ein.",
Ignore User Permissions,Ignorieren von Benutzerberechtigungen,
Ignore XSS Filter,XSS-Filter ignorieren,
Ignore attachments over this size,Anhänge mit einer Größe über diesem Wert ignorieren,
Ignored Apps,Ignorierte Apps,
Image,Bild,
Image Field,Bildfeld,
Image Link,Bildverknüpfung,
Implicit,Implizit,
Import,Import,
Import File,Datei importieren,
Import File Errors and Warnings,Importieren Sie Dateifehler und Warnungen,
Import Log,Importprotokoll,
Import Log Preview,Protokollvorschau importieren,
Import Preview,Vorschau importieren,
Import Type,Importtyp,
Import Warnings,Warnungen importieren,
Import from Google Sheets,Import aus Google Sheets,
In Days,In Tagen,
In Filter,Im Filter,
In Global Search,In globaler Suche,
In List View,In der Listenansicht,
In Preview,In der Vorschau,
In Reply To,Als Antwort auf,
In Standard Filter,Im Standard-Filter,
In points. Default is 9.,In Punkten. Standard ist 9.,
In seconds,In Sekunden,
Inbox,Posteingang,
Inbox User,Posteingang Benutzer,
Include Search in Top Bar,Suchen In Top Bar,
Include Web View Link in Email,Dokument Web View Link per E-Mail senden,
Index,Index,
Index Web Pages for Search,Index Webseiten für die Suche,
Indexing Authorization Code,Indizierungsautorisierungscode,
Indexing Refresh Token,Indizierungs-Aktualisierungstoken,
Indicator,Indikator,
Indicator Color,Indikatorfarbe,
Info,Info,
Initial Sync Count,Anzahl bei der ersten Synchronisation,
InnoDB,InnoDB,
Insert After,Einfügen nach,
Insert New Records,Fügen Sie neue Datensätze ein,
Insert Style,Stil einfügen,
Installed Application,Installierte Anwendung,
Installed Applications,Installierte Anwendungen,
Int,Int,
Integration Request,Integration anfordern,
Integrations,Einbindungen,
Integrations can use this field to set email delivery status,"Eingendene Anwendungen können dieses Feld verwenden, um den Versandstatus von E-Mails anzugeben",
Interests,Interessen,
Intermediate,Mittlere,
Internal record of document shares,Interne Aufzeichnung von freigegebenen Dokumenten,
Introduce your company to the website visitor.,Vorstellung des Unternehmens für Besucher der Webseite.,
Introduction,Vorstellung,
Introductory information for the Contact Us Page,Einleitende Informationen für die Kontaktseite,
Invalid,Ungültig,
Inverse,Invertieren,
Is Active,Ist aktiv(iert),
Is Attachments Folder,Ist Ordner für Anhänge,
Is Billing Contact,Ist Abrechnungskontakt,
Is Calendar and Gantt,ist Kalender und Gantt,
Is Child Table,Ist Untertabelle,
Is Complete,Ist komplett,
Is Completed,Ist Abgeschlossen,
Is Custom,Ist benutzerdefiniert,
Is Custom Field,Ist benutzerdefiniertes Feld,
Is Default,Ist Standard,
Is Folder,Ist Ordner,
Is Home Folder,Ist Ordner für Startseite,
Is Mandatory Field,Ist Pflichtfeld,
Is Optional State,Ist optionaler Status,
Is Primary,Ist primär,
Is Primary Contact,Ist Hauptkontakt,
Is Primary Mobile,Ist primär mobil,
Is Primary Phone,Ist das Haupttelefon,
Is Private,Ist Privat,
Is Public,Ist öffentlich,
Is Published Field,Ist Veröffentlicht Feld,
Is Single,Ist einzeln,
Is Skipped,Wird übersprungen,
Is Spam,ist Spam,
Is Standard,Ist Standard,
Is Submittable,Ist übertragbar,
Is Table,ist eine Tabelle,
Is Tree,Ist Baum,
Is Unique,Ist einzigartig,
Is Your Company Address,Ist Ihre Unternehmensadresse,
Item Label,Artikeletikett,
Item Type,Gegenstandsart,
JS,JS,
JSON,JSON,
JSON Request Body,JSON-Anforderungshauptteil,
JavaScript,JavaScript,
JavaScript Format: frappe.query_reports['REPORTNAME'] = {},JavaScript- Format: frappe.query_reports [' REPORT '] = {},
Javascript,Javascript,
Jinja,Jinja,
Kanban,Kanban,
Kanban Board,Kanban-Tafel,
Kanban Board Column,Kanban-Tafel Spalte,
Kanban Board Name,Kanban-Tafel Name,
Keep track of all update feeds,Verfolgen Sie alle Update-Feeds,
Keeps track of all communications,Verfolgt alle Kommunikationen,
Key,Schlüssel,
Keyboard Shortcuts,Tastatürkürzel,
Knowledge Base Contributor,Wissensdatenbank Mitwirker/-in,
Knowledge Base Editor,Wissensdatenbank Bearbeiter/-in,
LDAP Email Field,LDAP-Feld E-Mail,
LDAP First Name Field,LDAP-Feld Vorname,
LDAP Group,LDAP-Gruppe,
LDAP Group Field,LDAP-Gruppenfeld,
LDAP Group Mapping,LDAP-Gruppenzuordnung,
LDAP Group Mappings,LDAP-Gruppenzuordnungen,
LDAP Last Name Field,LDAP-Nachname-Feld,
LDAP Middle Name Field,LDAP Middle Name-Feld,
LDAP Mobile Field,LDAP Mobile Field,
LDAP Phone Field,LDAP-Telefonfeld,
LDAP Search String,LDAP Suchstring,
LDAP Security,LDAP-Sicherheit,
LDAP Server Url,LDAP-Server URL,
LDAP Settings,LDAP-Einstellungen,
LDAP User Creation and Mapping,Erstellung und Zuordnung von LDAP-Benutzern,
LDAP Username Field,LDAP-Feld Benutzername,
Label,Bezeichnung,
Label Help,Bezeichnungshilfe,
Label and Type,Bezeichnung und Typ,
Landing Page,Zielseite,
Language,Sprache,
Language Code,Sprachcode,
Language Name,Sprache Name,
Last Active,Zuletzt aktiv,
Last Backup On,Letzte Sicherung ein,
Last Execution,Letzte Ausführung,
Last IP,Letzte IP,
Last Known Versions,Letzte bekannte Versionen,
Last Login,Letzte Anmeldung,
Last Month,Vergangener Monat,
Last Name,Familienname,
Last Password Reset Date,Datum der letzten Kennwortrücksetzung,
Last Point Allocation Date,Datum der letzten Punktzuweisung,
Last Quarter,Vergangenes Quartal,
Last Sync On,Letzte Synchronisierung an,
Last Synced On,Zuletzt synchronisiert am,
Last User,Letzter Benutzer,
Last Week,Vergangene Woche,
Last Year,Vergangenes Jahr,
Lead Conversion Time,Lead-Umwandlungszeit,
Leaderboard,Bestenliste,
Leave blank to repeat always,"Freilassen, um immer zu wiederholen",
Ledger,Hauptbuch,
Left,Links,
Legal,Rechtswesen,
Length,Länge,
Letter,Brief,
Letter Head,Briefkopf,
Letter Head Based On,Briefkopf basierend auf,
Letter Head Image,Briefkopf Bild,
Letter Head Name,Briefkopf Name,
Letter Head in HTML,Briefkopf in HTML,
Level,Ebene,
Level Name,Ebenenname,
License,Lizenz,
Light Color,Helle Farbe,
Like,Wie,
Likes,Likes,
Limit,Grenze,
Limit Number of DB Backups,Anzahl der DB-Sicherungen begrenzen,
Line,Linie,
Link,Verknüpfung,
Link Cards,Karten verknüpfen,
Link DocType,Verknüpfter DocType,
Link Document Type,Dokumenttyp verknüpfen,
Link Fieldname,Name des verknüpften Feldes,
Link Name,Link Name,
Link Title,Link-Titel,
Link To,Link zu,
Link to the page you want to open. Leave blank if you want to make it a group parent.,"Mit der Seite, die geöffnet werden soll, verknüpfen. Leer lassen, wenn eine übergeordnete Gruppe daraus gemacht werden soll.",
Linked,Verknüpft,
Linked Documents,Verknüpfte Dokumente,
Links,Verknüpfungen,
List,Liste,
List Filter,Listenfilter,
List Settings,Listeneinstellungen,
List View Settings,Einstellungen für die Listenansicht,
"List as [{""label"": _(""Jobs""), ""route"":""jobs""}]","Liste als [{ ""label"": _ ( ""Jobs""), ""route"": ""jobs""}]",
List of patches executed,Angewandte Patches,
Load Balancing,Lastverteilung,
Location,Ort,
Log,Log,
Log Data,Logdaten,
Log Setting User,Protokolleinstellungsbenutzer,
Log Settings,Protokolleinstellungen,
Login,Anmelden,
Login After,Anmelden nach,
Login Before,Anmelden vor,
Login Required,Anmeldung erforderlich,
Logo Width,Logo Breite,
Logout,Abmelden,
Logout All Sessions on Password Reset,Melden Sie sich beim Zurücksetzen des Kennworts von allen Sitzungen ab,
Logout From All Devices After Changing Password,Melden Sie sich nach dem Ändern des Kennworts von allen Geräten ab,
Long Text,Langer Text,
Low,Niedrig,
Main Section,Hauptbereich,
Main Section (HTML),Hauptteil (HTML),
Main Section (Markdown),Hauptabschnitt (Markdown),
Maintenance Manager,Leiter der Wartung,
Maintenance User,Nutzer Instandhaltung,
"Make ""name"" searchable in Global Search",Machen Sie &quot;name&quot; durchsuchbar in Global Search,
Make Attachments Public by Default,Anhänge im Standard als öffentlich markieren,
Mandatory,Zwingend notwendig,
Mandatory Depends On,Obligatorisch Hängt von ab,
Map route parameters into form variables. Example <code>/project/&lt;name&gt;</code>,Ordnen Sie Routenparameter Formularvariablen zu. Beispiel <code>/project/&lt;name&gt;</code>,
Markdown,Markdown-Format,
Markdown Editor,Markdown-Editor,
Marked As Spam,Als Spam markiert,
Max 500 records at a time,Maximal 500 Datensätze gleichzeitig,
Max Attachment Size (in MB),Maximale Größe des Anhangs (in MB),
Max Attachments,Maximale Anzahl an Anhängen,
Max Length,Maximale Länge,
Max Value,Max Value,
Maximum,Maximal,
Maximum Number of Fields,Maximale Anzahl von Feldern,
Maximum Points,Maximale Punkte,
Medium,Mittel,
Meeting,Treffen,
Mention,Erwähnen,
Mentions,Erwähnungen,
Message,Botschaft,
Message (HTML),Nachricht (HTML),
Message (Markdown),Nachricht (Markdown),
Message Examples,Mitteilungsbeispiele,
Message ID,Message-ID,
Message Parameter,Mitteilungsparameter,
Message-id,Nachrichten ID,
Meta Description,Meta Beschreibung,
Meta Image,Meta Image,
Meta Tags,Meta-Tags,
Meta Title,Meta-Titel,
Method,Methode,
Middle Name,Zweiter Vorname,
Milestone,Ecktermin,
Milestone Tracker,Meilenstein-Tracker,
Minimum,Minimum,
Minimum Password Score,Mindest-Passwort-Score,
Mobile No,Mobilfunknummer,
Module,Modul,
Module Def,Modul-Def,
Module Name,Modulname,
Module Onboarding,Modul-Onboarding,
Module Profile,Modulprofil,
Modules HTML,Modul-HTML,
Monday,Montag,
Monospace,Monospace,
Monthly,Monatlich,
Monthly Long,Monatlich lang,
More Information,Mehr Informationen,
More content for the bottom of the page.,Zusätzlicher Inhalt für den unteren Teil der Seite.,
Multiplier Field,Multiplikatorfeld,
Must be a publicly accessible Google Sheets URL,Muss eine öffentlich zugängliche Google Sheets-URL sein,
"Must be of type ""Attach Image""",Muss vom Typ sein &quot;Bild anhängen&quot;,
Mute Sounds,Tonausgabe still schalten,
My Profile,Mein Profil,
My Settings,Meine Einstellungen,
MyISAM,MyISAM,
Name,Name,
Naming,Bezeichnung,
Naming Rule,Benennungsregel,
Naming Series,Nummernkreis,
Navbar,Navbar,
Navbar Item,Navbar-Element,
Navbar Settings,Navbar-Einstellungen,
Navbar Template,Navbar-Vorlage,
Navbar Template Values,Navbar-Vorlagenwerte,
Navigation Settings,Navigationseinstellungen,
New,Neu,
New Name,Neuer Name,
New value to be set,Neuer Wert muss gesetzt werden,
Newsletter,Newsletter,
Newsletter Email Group,Rundbrief E-Mail-Gruppe,
Newsletter Manager,Newsletter-Manager,
Next Action Email Template,Nächste Aktion E-Mail-Vorlage,
Next Actions HTML,Nächste Aktionen HTML,
Next Schedule Date,Nächste Termine Datum,
Next State,Nächster Status,
Next Sync Token,Nächstes Sync-Token,
No,Nein,
No Copy,Keine Kopie,
No of Requested SMS,Anzahl angeforderter SMS,
No of Rows (Max 500),Keine der Zeilen (Max 500),
No of Sent SMS,Anzahl abgesendeter SMS,
Non Negative,Nicht negativ,
None,Keiner,
Not Sent,Nicht versendet,
Note,Anmerkung,
Note Seen By,Hinweis gelesen durch,
Note: By default emails for failed backups are sent.,Hinweis: Standardmäßig werden E-Mails für fehlgeschlagene Backups gesendet.,
"Note: For best results,  images must be of the same size and width must be greater than height.","Hinweis: Um optimale Ergebnisse zu erzielen, müssen die Bilder dieselbe Größe und Breite haben und größer als die Höhe sein.",
Note: Multiple sessions will be allowed in case of mobile device,Hinweis: Mehrere Sitzungen wird im Falle einer mobilen Gerät erlaubt sein,
Notification,Benachrichtigung,
Notification Log,Benachrichtigungsprotokoll,
Notification Recipient,Benachrichtigungsempfänger,
Notification Settings,Benachrichtigungseinstellungen,
Notification Subscribed Document,Benachrichtigungsdokument abonniert,
Notifications,Benachrichtigungen,
Notifications and bulk mails will be sent from this outgoing server.,Benachrichtigungen und Massen-E-Mails werden von diesem Postausgangsserver versendet.,
Notify Users On Every Login,Benutzer bei jeder Anmeldung benachrichtigen,
Notify by Email,Per E-Mail benachrichtigen,
Notify by email,Per E-Mail benachrichtigen,
Notify if unreplied,"Benachrichtigen, wenn unbeantwortet",
Notify if unreplied for (in mins),"Benachrichtigen, wenn unbeantwortet für (in Minuten)",
Notify users with a popup when they log in,"Benachrichtigen Sie die Benutzer mit einem Pop-up, wenn sie sich in",
Number Card,Zahlenkarte,
Number Card Link,Nummernkarten-Link,
Number Cards,Zahlenkarten,
Number Format,Zahlenformat,
Number of Backups,Anzahl der Backups,
Number of DB Backups,Anzahl der DB-Sicherungen,
Number of Groups,Anzahl der Gruppen,
Number of columns for a field in a Grid (Total Columns in a grid should be less than 11),Anzahl der Spalten für ein Feld in einem Raster (Total Spalten in einem Raster sollte weniger als 11),
Number of columns for a field in a List View or a Grid (Total Columns should be less than 11),Anzahl der Spalten für ein Feld in einer Listenansicht oder einem Gitter (Total Spalten sollte weniger als 11),
OAuth Authorization Code,OAuth-Autorisierungscode,
OAuth Bearer Token,OAuth Bearer Token,
OAuth Client,OAuth-Client,
OAuth Client ID,OAuth-Client-ID,
OAuth Provider Settings,OAuth-Provider-Einstellungen,
OTP App,OTP App,
OTP Issuer Name,Name des OTP-Emittenten,
Off,aus,
Office,Büro,
Office 365,Office 365,
Older backups will be automatically deleted,Ältere Backups werden automatisch gelöscht,
On Hold,Auf Eis gelegt,
Onboarding Permission,Onboarding-Erlaubnis,
Onboarding Step,Onboarding-Schritt,
Onboarding Step Map,Onboarding Step Map,
"Once submitted, submittable documents cannot be changed. They can only be Cancelled and Amended.",Einmal eingereichte Dokumente können nicht mehr geändert werden. Sie können nur storniert und geändert werden.,
Only Allow Edit For,Änderungen nur zulassen für,
Only Send Records Updated in Last X Hours,Nur Send Records aktualisiert in den letzten X Stunden,
Open,Offen,
Open Documents,Dokumente öffnen,
Open Reference Document,Referenzdokument öffnen,
Open URL in a New Tab,Öffnen Sie die URL in einem neuen Tab,
Open a dialog with mandatory fields to create a new record quickly,"Öffnen Sie ein Dialogfeld mit Pflichtfeldern, um schnell einen neuen Datensatz zu erstellen",
Opened,Geöffnet,
Operation,Arbeitsgang,
Optional: Always send to these ids. Each Email Address on a new row,Optional: Immer diese IDs senden. Jede E-Mail-Adresse in einer neuen Zeile,
Optional: The alert will be sent if this expression is true,"Optional: Der Alarm wird gesendet, wenn dieser Ausdruck wahr ist",
Options,Optionen,
Options Help,Hilfe zu Optionen,
Orange,Orange,
Order,Auftrag,
Org History,Unternehmensgeschichte,
Org History Heading,Überschrift zur Unternehmensgeschichte,
Other,Andere,
Outlook.com,Outlook.com,
Output,Ausgabe,
PDF Page Size,PDF-Seitengröße,
PDF Settings,PDF-Einstellungen,
Page,Seite,
Page Break,Seitenumbruch,
Page Builder,Page Builder,
Page Building Blocks,Seitenbausteine,
Page HTML,HTML-Seite,
Page Name,Seitenname,
Page Settings,Seiteneinstellungen,
Parameter,Parameter,
Parent Field (Tree),Elternfeld (Baum),
Parent Label,Übergeordnete Bezeichnung,
Partial Success,Teilerfolg,
Participants,Teilnehmer,
Passive,Passiv,
Password,Passwort,
Password Reset Link Generation Limit,Limit zum Generieren von Kennwort-Reset-Links,
Password for Base DN,Kennwort für Basis-DN,
Patch,Korrektur,
Patch Log,Korrektur-Protokoll,
Path,Pfad,
Path to CA Certs File,Pfad zur CA Certs-Datei,
Path to Server Certificate,Pfad zum Server-Zertifikat,
Path to private Key File,Pfad zur privaten Schlüsseldatei,
Pending,Ausstehend,
Pending Approval,Genehmigung ausstehend,
Pending Verification,Ausstehende Bestätigung,
Percent,Prozent,
Percentage,Prozentsatz,
Period,Periode,
Perm Level,Berechtigungsebene,
Permanent,Dauerhaft,
Permission Level,Berechtigungsebene,
Permission Rules,Berechtigungsregeln,
Permissions,Berechtigungen,
Permitted Documents For User,Zulässige Dokumente für Benutzer,
Personal,Persönlich,
Personal Data Deletion Request,Löschanfrage für persönliche Daten,
Personal Data Download Request,Download-Anfrage für personenbezogene Daten,
Phone,Telefon,
Phone No.,Telefonnr.,
Phone Number,Telefonnummer,
Pie,Kuchen,
Pincode,Postleitzahl,
Plant,Fabrik,
Point Allocation Periodicity,Punktzuordnungsperiodizität,
Points,Punkte,
Port,Anschluss,
Portal Menu,Portal-Menü,
Portal Menu Item,Portal Menüpunkt,
Portal Settings,Portaleinstellungen,
Position,Position,
Postal,Post,
Postal Code,Postleitzahl,
Precision,Genauigkeit,
Preferred Billing Address,Bevorzugte Rechnungsadresse,
Preferred Shipping Address,Bevorzugte Lieferadresse,
Prefix,Präfix,
Prepared Report,Vorbereiteter Bericht,
Prepared Report User,Vorbereiteter Berichtsbenutzer,
Preview,Vorschau,
Preview HTML,HTML-Vorschau,
Preview Message,Vorschau Nachricht,
Previous Hash,Vorheriger Hash,
Primary,Primär,
Primary Color,Primärfarbe,
Print,Drucken,
Print Format,Druckformat,
Print Format Builder,Programm zum Erstellen von Druckformaten,
Print Format Help,Hilfe zu Druckformaten,
Print Format Type,Druckformattyp,
Print Hide,Beim Drucken verbergen,
Print Hide If No Value,Druck verbergen wenn ohne Wert,
Print Server,Druck Server,
Print Settings,Druckeinstellungen,
Print Style,Druckstil,
Print Style Name,Druckstil,
Print Style Preview,Druckstil-Vorschau,
Print UOM after Quantity,UOM nach Menge drucken,
Print Width,Druckbreite,
"Print Width of the field, if the field is a column in a table","Druckbreite des Feldes, wenn das Feld eine Spalte aus einer Tabelle ist",
Print taxes with zero amount,Steuern mit null Betrag drucken,
Print with letterhead,Drucken mit Briefkopf,
Printer Name,Druckername,
Printing,Druck,
Priority,Priorität,
Private,Privat,
ProTip: Add <code>Reference: {{ reference_doctype }} {{ reference_name }}</code> to send document reference,Protip: In <code>Reference: {{ reference_doctype }} {{ reference_name }}</code> senden Dokumentverweis,
Property,Eigenschaft,
Property Depends On,Eigentum hängt von ab,
Property Setter,Einstellprogramm für Eigenschaften,
Property Setter overrides a standard DocType or Field property,Einstellprogramm für Eigenschaften überschreibt einen Standard-DocType oder eine Feldeigenschaft,
Property Type,Eigenschaftstyp,
Provider,Anbieter,
Provider Name,Anbietername,
Public,Öffentlich,
Publish,Veröffentlichen,
Published,Veröffentlicht,
Published On,Veröffentlicht am,
Pull from Google Calendar,Aus Google Kalender ziehen,
Pull from Google Contacts,Aus Google-Kontakten ziehen,
Pulled from Google Calendar,Aus Google Kalender gezogen,
Pulled from Google Contacts,Aus Google-Kontakten gezogen,
Purchase Manager,Einkaufsleiter,
Purchase Master Manager,Einkaufsstammdaten-Manager,
Purchase User,Nutzer Einkauf,
Purple,Lila,
Push to Google Calendar,Push to Google Kalender,
Push to Google Contacts,Zu Google-Kontakten verschieben,
Quarterly,Quartalsweise,
Query,Abfrage,
Query / Script,Abfrage / Skript,
Query Options,Abfrageoptionen,
Query Report,Abfragebericht,
Queued,Warteschlange,
Quick Entry,Schnelleingabe,
RAW Information Log,RAW-Informationsprotokoll,
Random,Zufällig,
Rating,Wertung,
Raw Commands,Raw-Befehle,
Raw Email,Raw E-Mail,
Raw Printing,Rohdruck,
Read,Lesen,
Read Only,Schreibgeschützt,
Read Only Depends On,Nur lesen hängt von ab,
Read Time,Lesezeit,
Read by Recipient,Nach Empfänger lesen,
Read by Recipient On,Gelesen von Empfänger On,
Reason,Grund,
Received,Empfangen,
Receiver By Document Field,Empfänger nach Dokumentfeld,
Receiver By Role,Empfänger nach Rolle,
Receiver Parameter,Empfängerparameter,
Recipient,Empfänger,
Recipient Unsubscribed,Empfänger Unsubscribed,
Recipients,Empfänger,
Recorder,Recorder,
Red,Rot,
Redirect URI Bound To Auth Code,Redirect URI Bound To Auth-Code,
Redirect URIs,Redirect URIs,
Redirect URL,Redirect-URL,
Ref DocType,Ref-DocType,
Reference,Referenz,
Reference Date,Referenzdatum,
Reference DocName,Referenz DocName,
Reference DocType,Referenz DocType,
Reference Docname,Referenz DocName,
Reference Doctype,Referenz-DocType,
Reference Document,Referenzdokument,
Reference Document Name,Name des Referenzdokuments,
Reference Document Type,Referenz-Dokumententyp,
Reference Name,Referenzname,
Reference Owner,Referenz Besitzer,
Reference Report,Referenzbericht,
Reference Type,Referenz-Typ,
Reference name,Referenzname,
Referrer,Referrer,
Refresh Google Sheet,Google Sheet aktualisieren,
Refresh Token,Aktualisieren Token,
Rejected,Abgelehnt,
Relinked,Relinked,
Reload,Neu laden,
Remember Last Selected Value,Zuletzt gewählten Wert merken,
Reminder,Erinnerung,
Repeat On,Wiederholen am,
Repeat Till,Wiederholen bis,
Repeat on Day,Wiederholen am Tag,
Repeat on Days,An Tagen wiederholen,
Repeat on Last Day of the Month,Wiederholen Sie dies am letzten Tag des Monats,
Repeat this Event,Dieses Ereignis wiederholen,
Replied,Beantwortet,
Reply,Antworten,
Report,Bericht,
Report Builder,Berichts-Generator,
Report Column,Berichtsspalte,
Report Description,Berichtsbeschreibung,
Report Filter,Berichtsfilter,
Report Filters,Berichtsfilter,
Report Hide,Bericht ausblenden,
Report Information,Informationen melden,
Report Manager,Berichts-Manager,
Report Name,Berichtsname,
Report Reference Doctype,Berichtsreferenz Doctype,
Report Type,Berichtstyp,
Report an Issue,Ein Problem melden,
Reports,Berichte,
Represents a User in the system.,Repräsentiert einen Nutzer im System,
Represents the states allowed in one document and role assigned to change the state.,Stellt die in einem Dokument erlaubten Zustände und die zugewiesene Rolle zum Ändern des Zustands dar.,
Request Data,Daten anfordern,
Request Structure,Struktur anfordern,
Request URL,URL anfordern,
Requested Numbers,Angeforderte Nummern,
Require Trusted Certificate,Vertrauenswürdiges Zertifikat anfordern,
Reset Password Key,Passwortschlüssel zurücksetzen,
Response,Antwort,
Response Type,Antworttyp,
Restored,Restauriert,
Restrict IP,IP beschränken,
Restrict To Domain,Auf Domain beschränken,
Restrict to Domain,Auf Domäne beschränken,
Restrict user from this IP address only. Multiple IP addresses can be added by separating with commas. Also accepts partial IP addresses like (111.111.111),"Nur Benutzer, die von dieser IP-Adresse aus zugreifen, beschränken. Mehrere IP-Adressen können durch Trennung mit Komma hinzugefügt werden. Übernimmt auch Teil-IP-Adressen wie (111.111.111)",
Retry,Wiederholen,
Reverse Icon Color,Reverse-Symbol Farbe,
Revert,Zurückkehren,
Revert Of,Zurück von,
Reverted,Zurückgesetzt,
Review,Rezension,
Review Level,Überprüfungsstufe,
Review Levels,Ebenen überprüfen,
Review Points,Punkte überprüfen,
Revoked,Gesperrte,
Rich Text,Rich Text,
Right,Rechts,
Robots.txt,Robots.txt,
Role,Rolle,
Role Name,Rollenname,
Role Permission for Page and Report,Rollengenehmigung Seite und Bericht,
Role Permissions,Rollenberechtigungen,
Role Permissions Manager,Rollenberechtigungen-Manager,
Role Profile,Rollenprofil,
Role and Level,Rolle und Ebene,
Roles,Rollen,
Roles Assigned,Zugewiesene Rollen,
Roles HTML,Rollen-HTML,
Roles Html,Rollen Html,
Round Robin,Round Robin,
Route,Route,
Route History,Verlauf der Route,
Route Redirects,Routenumleitungen,
"Route: Example ""/desk""",Route: Beispiel &quot;/ Schreibtisch&quot;,
Row Index,Zeilenindex,
Row Name,Zeilenname,
Rows Added,Zeilen hinzugefügt,
Rows Removed,Zeilen entfernt,
Rule,Regel,
Rule Conditions,Regelbedingungen,
Rule Name,Regelname,
Rules defining transition of state in the workflow.,"Regeln, die den Übergang des Zustands im Workflow definieren.",
"Rules for how states are transitions, like next state and which role is allowed to change state etc.","Regeln dafür, wann Zustände Übergänge sind (wie ""Nächster Zustand"") und welcher Rolle es erlaubt ist, einen Zustand zu ändern, usw.",
Rules with higher priority number will be applied first.,Regeln mit höherer Prioritätsnummer werden zuerst angewendet.,
Run Jobs only Daily if Inactive For (Days),"Jobs nur täglich ausführen, wenn inaktiv für (Tage)",
Run scheduled jobs only if checked,"Geplante Aufträge nur ausführen, wenn aktiviert",
S3 Backup Settings,S3-Sicherungseinstellungen,
S3 Bucket Details,S3 Bucket Details,
SMS,SMS,
SMS Gateway URL,SMS-Gateway-URL,
SMS Log,SMS-Protokoll,
SMS Parameter,SMS-Parameter,
SMS Settings,SMS-Einstellungen,
SMTP Settings for outgoing emails,SMTP-Einstellungen für ausgehende E-Mails,
"SQL Conditions. Example: status=""Open""",SQL Bedingungen. Beispiel: status = &quot;Öffnen&quot;,
SSL/TLS Mode,SSL / TLS-Modus,
Sales Manager,Vertriebsleiter,
Sales Master Manager,Hauptvertriebsleiter,
Sales User,Nutzer Vertrieb,
Salesforce,Salesforce,
Salutation,Anrede,
Sample,Beispiel,
Saturday,Samstag,
Save,speichern,
Scheduled,Geplant,
Scheduled Job,Geplanter Job,
Scheduled Job Log,Geplantes Jobprotokoll,
Scheduled Job Type,Geplanter Auftragstyp,
Scheduled To Send,in Sendewarteschlange,
Scheduler Event,Scheduler-Ereignis,
Scope,Umfang,
Scopes,Scopes,
Script,Skript,
Script Manager,Skript-Manager,
Script Report,Skriptbericht,
Script Type,Skripttyp,
Script to attach to all web pages.,"Skript, das allen Webseiten hinzugefügt wird.",
Search Fields,Suchfelder,
Search Priorities,Suchprioritäten,
Section,Sektion,
Section Break,Abschnittswechsel,
Security Settings,Sicherheitseinstellungen,
Seen,gelesen,
Seen By,gelesen von,
Seen By Table,Gesehen durch Tabelle,
Select,Auswählen,
Select Dashboard,Dashboard auswählen,
Select Date Range,Wählen Sie Datumsbereich,
Select DocType,DocType auswählen,
Select Doctype,Wählen Sie Doctype,
Select Transaction,Bitte Transaktionen auswählen,
Select an image of approx width 150px with a transparent background for best results.,Für beste Ergebnisse bitte ein Bild mit ca. 150 Pixeln Breite und transparentem Hintergrund auswählen.,
Select the label after which you want to insert new field.,"Bitte Element auswählen, nach dem ein neues Feld eingefügt werden soll.",
Send After,Versenden nach,
Send Alert On,Alarm senden bei,
Send Email Alert,E-Mail-Benachrichtigung senden,
Send Email Print Attachments as PDF (Recommended),Ausdrucke als E-Mail-Anhang im PDF-Format senden (empfohlen),
Send Email for Successful Backup,Senden Sie eine E-Mail für eine erfolgreiche Sicherung,
Send Email for Successful backup,Senden Sie eine E-Mail für eine erfolgreiche Sicherung,
Send Me A Copy of Outgoing Emails,Schick mir eine Kopie der ausgehenden E-Mails,
Send Notification To,Benachrichtigung senden an,
Send Notification to,Benachrichtigung senden an,
Send Notifications For Documents Followed By Me,Senden Sie Benachrichtigungen für von mir verfolgte Dokumente,
Send Notifications For Email Threads,Benachrichtigungen für E-Mail-Threads senden,
Send Notifications To,Benachrichtigungen senden an,
Send Print as PDF,Ausdruck als PDF senden,
Send System Notification,Systembenachrichtigung senden,
Send To All Assignees,An alle Beauftragten senden,
Send Unsubscribe Link,Abmelde-Link senden,
Send Welcome Email,Willkommens-E-Mail senden,
Send alert if date matches this field's value,"Benachrichtigung senden, wenn das Datum dem Wert dieses Feldes entspricht",
Send alert if this field's value changes,"Alarm senden, wenn sich der Wert dieses Feldes ändert",
Send an email reminder in the morning,Morgens eine Erinnerungsemail senden,
Send days before or after the reference date,Tage vor oder nach dem Stichtag senden,
Send enquiries to this email address,Anfragen an diese E-Mail-Adresse senden,
Send only if there is any data,"Nur dann senden, wenn Daten vorhanden sind",
Send unsubscribe message in email,Abmelde-Link in E-Mail-Nachrichten senden,
Sender,Absender,
Sender Email,Absender E-Mail,
Sender Name,Absendername,
Sendgrid,Sendgrid,
Sending,Versand,
Sent,Gesendet,
Sent On,Gesendet am,
Sent Read Receipt,Sent Lesebestätigung,
Sent To,Gesendet An,
Sent or Received,Gesendet oder empfangen,
Sent/Received Email,Gesendete / empfangene E-Mail,
Separator,Separator,
Sequence Id,Sequenz-ID,
Series List for this Transaction,Nummernkreise zu diesem Vorgang,
Server Action,Serveraktion,
Server IP,Server-IP,
Server Script,Serverskript,
Service,Service,
Session Default,Sitzungsstandard,
Session Default Settings,Sitzungsstandardeinstellungen,
Session Defaults,Sitzungsstandards,
Set Banner from Image,Banner aus Bild einrichten,
"Set Default Options for all charts on this Dashboard (Ex: ""colors"": [""#d1d8dd"", ""#ff5858""])","Legen Sie die Standardoptionen für alle Diagramme in diesem Dashboard fest (z.B.: ""colors"": [""#d1d8dd"", ""#ff5858""])",
Set New Password,Neues Passwort setzen,
Set Property After Alert,Setzen Sie die Eigenschaft nach Alert,
Set Role For,Rolle anwenden auf,
Set Value,Wert festlegen,
Set non-standard precision for a Float or Currency field,Keine Standard-Genauigkeit für ein Float- oder Währungsfeld einstellen,
Settings,Einstellungen,
Settings Dropdown,Dropdown-Liste Einstellungen,
Settings for Contact Us Page,Einstellungen Kontakt,
Settings for the About Us Page,"Einstellungen ""Über uns""",
Setup,Einstellungen,
Setup Complete,Einrichtung abgeschlossen,
Setup Wizard,Setup-Assistent,
Share,Freigeben,
Shared,gemeinsam genutzt,
Shipping,Versand,
Shop,Laden,
Short Name,Kürzel,
Shortcuts,Tastenkombinationen,
Show Absolute Values,Absolutwerte anzeigen,
Show Attachments,Anhänge anzeigen,
Show Dashboard,Dashboard anzeigen,
Show Document,Dokument anzeigen,
Show Failed Logs,Fehlgeschlagene Protokolle anzeigen,
Show Form Tour,Show Form Tour,
Show Full Error and Allow Reporting of Issues to the Developer,Vollständigen Fehler anzeigen und die Meldung des Problems an die Entwickler zulassen,
Show Full Form?,Vollständiges Formular anzeigen?,
Show Line Breaks after Sections,Zeige Zeilenumbrüche nach den Abschnitten,
Show Percentage Stats,Prozentwerte anzeigen,
Show Preview Popup,Vorschau-Popup anzeigen,
Show Report,Bericht zeigen,
Show Section Headings,Zeige Abschnittsüberschriften,
Show Sidebar,anzeigen Sidebar,
Show Title,Bezeichnung anzeigen,
Show Title in Link Fields,Bezeichnung in Verknüpfungsfeld anzeigen,
Show as cc,Stellen Sie als cc,
Show full form instead of a quick entry modal,Vollständige Form anstelle eines Modals für die schnelle Eingabe anzeigen,
Show in Module Section,Show in Modul Abschnitt,
Show in filter,Im Filter anzeigen,
Show percentage difference according to this time interval,Prozentuale Differenz gemäß diesem Zeitintervall anzeigen,
"Show title in browser window as ""Prefix - title""","Diesen Eintrag im Browser-Fenster als ""Präfix - Titel"" anzeigen",
Sidebar,Seitenleiste,
Sidebar Items,Elemente der Seitenleiste,
Sidebar Settings,Sidebar-Einstellungen,
Sidebar and Comments,Sidebar und Kommentare,
Signature,Signatur,
"Simple Python Expression, Example: Status in (""Closed"", ""Cancelled"")","Einfacher Python-Ausdruck, Beispiel: Status in (&quot;Geschlossen&quot;, &quot;Abgebrochen&quot;)",
"Simple Python Expression, Example: Status in (""Invalid"")","Einfacher Python-Ausdruck, Beispiel: Status in (&quot;Ungültig&quot;)",
"Simple Python Expression, Example: status == 'Open' and type == 'Bug'","Einfacher Python-Ausdruck, Beispiel: status == &#39;Open&#39; und type == &#39;Bug&#39;",
Simultaneous Sessions,Gleichzeitige Sessions,
Single Types have only one record no tables associated. Values are stored in tabSingles,"Einzelne Typen haben nur einen Datensatz, keine Tabellen zugeordnet. Die Werte werden in tabSingles gespeichert",
Skip Authorization,Autorisierung überspringen,
Skype,Skype,
Slack,Locker,
Slack Channel,Slack-Kanal,
Slack Webhook URL,Slack Webhook URL,
Slideshow,Diaschau,
Slideshow Items,Bestandteile der Diaschau,
Slideshow Name,Name der Diaschau,
Slideshow like display for the website,Diaschauähnliche Anzeige für die Webseite,
Small Text,Kleiner Text,
Smallest Currency Fraction Value,Kleinste Währungsanteilwert,
Smallest circulating fraction unit (coin). For e.g. 1 cent for USD and it should be entered as 0.01,"Kleinste zirkulierenden Brucheinheit (Münze). Für zB 1 Cent für USD und es sollte als 0,01 eingegeben werden",
Social,Sozial,
Social Link Settings,Einstellungen für soziale Links,
Social Link Type,Typ des sozialen Links,
Social Login Key,Social Login Key,
Social Login Provider,Social-Login-Anbieter,
Social Logins,Soziale Logins,
Soft-Bounced,Soft-Bounced,
Sort Field,Sortierfeld,
Sort Order,Sortierung,
Source,Quelle,
Source Name,Quellenname,
Source Text,Quellentext,
Spam,Spam,
SparkPost,SparkPost,
Standard,Standard,
Standard Sidebar Menu,Standard-Sidebar-Menü,
Start Date,Startdatum,
Start Date Field,Startdatum Feld,
Start Time,Startzeit,
StartTLS,StartTLS,
Started,Hat angefangen,
Starts on,Beginnt am,
State,Zustand,
State/Province,Staat / Provinz,
States,Zustände,
Static Parameters,Statische Parameter,
Stats,Statistiken,
Stats Time Interval,Statistik Zeitintervall,
Status,Status,
Step,Schritt,
Steps,Schritte,
Stopped,Angehalten,
Stores the JSON of last known versions of various installed apps. It is used to show release notes.,"Speichert die JSON (JavaScript Object Notation) der letzten bekannten Versionen von verschiedenen installierten Apps. Wird verwendet, um Veröffentlichungs-Informationen zu zeigen.",
Style,Stil,
Style Settings,Stileinstellungen,
"Style represents the button color: Success - Green, Danger - Red, Inverse - Black, Primary - Dark Blue, Info - Light Blue, Warning - Orange","Stil stellt die Farbe der Schaltfläche dar: Erfolg - Grün, Gefahr - Rot, Kehrwert - Schwarz, Primär - Dunkelblau, Info - Hellblau, Warnung - Orange",
Stylesheet,Stylesheet,
"Sub-currency. For e.g. ""Cent""","Unterwährung, z. B. ""Cent""",
Sub-domain provided by erpnext.com,"Unterdomäne, bereitgestellt von erpnext.com",
Subdomain,Unterdomäne,
Subject,Betreff,
Subject Field,Themenfeld,
Submit,Buchen,
Submit After Import,Nach dem Import buchen,
Submit on Creation,Nach Erstellung buchen,
Submitted,Gebucht,
Subsidiary,Tochtergesellschaft,
Subtitle,Untertitel,
Success,Erfolg,
Success Action,Erfolg Aktion,
Success Message,Erfolgsmeldung,
Success URL,Erfolgs-URL,
Sum,Summe,
Sunday,Sonntag,
Symbol,Symbol,
Sync,Synchronisieren,
Sync with Google Calendar,Mit Google Kalender synchronisieren,
Sync with Google Contacts,Mit Google-Kontakten synchronisieren,
System,System,
System Console,Systemkonsole,
System Manager,System-Manager,
System Notification,Systembenachrichtigung,
System Page,System Seite,
System Settings,Systemverwaltung,
System managers are allowed by default,Systemmanager sind standardmäßig zulässig,
Table,Tabelle,
Table Break,Tischpause,
Table Fieldname,Tabellenfeldname,
Table HTML,HTML-Tabelle,
Table MultiSelect,Tabelle MultiSelect,
Tag,Etikett,
Tag Link,Schlagwortverknüpfung,
Target,Ziel,
Tax Category,Steuerkategorie,
Team Members,Teammitglieder,
Team Members Heading,Überschrift zu den Teammitgliedern,
Template,Vorlage,
Template Options,Vorlagenoptionen,
Template Warnings,Vorlagenwarnungen,
Text,Text,
Text Align,Textausrichtung,
Text Color,Textfarbe,
Text Content,Text Inhalt,
Text Editor,Text Bearbeiter,
The name that will appear in Google Calendar,"Der Name, der in Google Kalender angezeigt wird",
The user from this field will be rewarded points,Der Benutzer aus diesem Feld erhält Punkte,
The webhook will be triggered if this expression is true,"Der Webhook wird ausgelöst, wenn dieser Ausdruck wahr ist",
Theme,Thema,
Theme Configuration,Themenkonfiguration,
Theme URL,Theme URL,
These values will be automatically updated in transactions and also will be useful to restrict permissions for this user on transactions containing these values.,"Diese Werte werden automatisch in Transaktionen aktualisiert. Außerdem sind sie nützlich, um die Berechtigungen dieses Benutzers bei Transaktionen mit diesen Werten zu beschränken.",
Third Party Authentication,Drittpartei-Authentifizierung,
This card will be available to all Users if this is set,"Diese Karte steht allen Benutzern zur Verfügung, wenn dies festgelegt ist",
This chart will be available to all Users if this is set,"Dieses Diagramm steht allen Benutzern zur Verfügung, wenn dies festgelegt ist",
This format is used if country specific format is not found,"Dieses Format wird verwendet, wenn ein länderspezifisches Format nicht gefunden werden kann",
This goes above the slideshow.,Dies erscheint oberhalb der Diaschau.,
This is an example Google SERP Preview.,Dies ist ein Beispiel für die Google SERP-Vorschau.,
This is the number of the last created transaction with this prefix,Dies ist die Nummer der letzten erstellten Transaktion mit diesem Präfix,
This will be shown in a modal after routing,Dies wird nach dem Routing modal angezeigt,
This will be shown to the user in a dialog after routing to the report,Dies wird dem Benutzer in einem Dialogfeld nach dem Weiterleiten an den Bericht angezeigt,
Thumbnail URL,Thumbnail-URL,
Thursday,Donnerstag,
Time,Zeit,
Time Format,Zeitformat,
Time Interval,Zeitintervall,
Time Series,Zeitfolgen,
Time Series Based On,Zeitreihen basierend auf,
Time Zone,Zeitzone,
Time Zones,Zeitzonen,
Time format,Zeitformat,
Time in seconds to retain QR code image on server. Min:<strong>240</strong>,"Zeit in Sekunden, um QR-Code-Bild auf dem Server zu behalten. Min: <strong>240</strong>",
Timeline,Zeitleiste,
Timeline DocType,Timeline DocType,
Timeline Field,Timeline-Feld,
Timeline Links,Timeline-Links,
Timeline Name,Timeline-Name,
Timeseries,Zeitfolgen,
Timespan,Zeitspanne,
Timestamp,Zeitstempel,
Title,Bezeichnung,
Title Field,Bezeichnungs-Feld,
Title Prefix,Titel-Präfix,
To,Zu,
To Date,Bis-Datum,
To Date Field,Bis Datumsfeld,
To and CC,An und CC,
"To use Slack Channel, add a <a href=""#List/Slack%20Webhook%20URL/List"">Slack Webhook URL</a>.","Um Slack Channel zu verwenden, fügen Sie eine <a href=""#List/Slack%20Webhook%20URL/List"">Slack Webhook-URL hinzu</a> .",
ToDo,Aufgabe,
Toggle Full Width,Breite wechseln,
Toggle Theme,Theme wechseln,
Token,Zeichen,
Top,oben,
Top Bar Item,Kopfleistensymbol,
Top Bar Items,Kopfleistensymbole,
Topic,Thema,
Total Subscribers,Gesamtanzahl der Abonnenten,
Total number of emails to sync in initial sync process ,Gesamtzahl der E-Mails im ersten Synchronisierung Prozess zu synchronisieren,
Traceback,Zurück verfolgen,
Track Changes,Änderungen verfolgen,
Track Email Status,E-Mail-Status verfolgen,
Track Field,Track Field,
Track Seen,Track gesehen,
Track Views,Ansichten verfolgen,
Track milestones for any document,Verfolgen Sie Meilensteine für jedes Dokument,
Transaction Hash,Transaktions-Hash,
Transaction Log,Transaktionsprotokoll,
Transaction Log Report,Transaktionsprotokollbericht,
Transition Rules,Übergangsbestimmungen,
Transitions,Übergänge,
Translatable,Übersetzbar,
Translate Link Fields,Verknünpfungsfelder übersetzen,
Translated Text,Übersetzter Text,
Translation,Übersetzung,
Trash,Müll,
Tree,Baum,
Tree structures are implemented using Nested Set,Baumstrukturen werden mit Nested Set implementiert,
Trigger Method,Trigger-Methode,
"Trigger on valid methods like ""before_insert"", ""after_update"", etc (will depend on the DocType selected)","Trigger auf gültige Methoden wie &quot;before_insert&quot;, &quot;after_update&quot; usw. (hängt von der DocType ausgewählt)",
Tuesday,Dienstag,
Two Factor Authentication,Zwei-Faktor-Authentifizierung,
Two Factor Authentication method,Zwei Faktor-Authentifizierungsmethode,
Type,Typ,
UID,Eindeutige Kennung,
UIDNEXT,Nächste eindeutige Kennung,
UIDVALIDITY,Gültigkeit der eindeutigen Kennung,
UNSEEN,UNGESEHEN,
URL,URL,
URL for documentation or help,URL für Dokumentation oder Hilfe,
URL to go to on clicking the slideshow image,URL zum Aufrufen des Diashow-Bildes,
Unassign Condition,Zuweisung der Bedingung aufheben,
Unhandled Email,Unbearbeitete E-Mail,
Unique,Einzigartig,
Unread,Ungelesen,
Unread Notification Sent,Ungelesene Benachrichtigung gesendet,
Unshared,Nicht geteilt,
Unsubscribe Method,Abmeldemethode,
Unsubscribe Param,Abmelden Param,
Unsubscribed,Abgemeldet,
Update,Aktualisieren,
Update Existing Records,Bestehende Datensätze aktualisieren,
Update Field,Feld aktualisieren,
Update Series Number,Nummernkreis-Wert aktualisieren,
Update Settings,Update Einstellungen,
Update Value,Wert aktualisieren,
Updated,Aktualisiert,
Uploaded To Dropbox,Auf Dropbox hochgeladen,
Uploaded To Google Drive,Auf Google Drive hochgeladen,
Use % for any non empty value.,Verwenden Sie% für jeden nicht leeren Wert.,
Use ASCII encoding for password,ASCII-Kodierung für das Kennwort verwenden,
Use HTML,HTML verwenden,
Use IMAP,IMAP verwenden,
Use POST,POST verwenden,
Use Report Chart,Berichtsdiagramm verwenden,
Use SSL,SSL verwenden,
Use TLS,TLS verwenden,
Use this fieldname to generate title,"Verwenden Sie diesen Feldnamen, um den Titel zu erzeugen",
User,Nutzer,
User ,Benutzer,
User Agent,User-Agent,
User Cannot Create,Kann nicht von einem Benutzer erstellt werden,
User Cannot Search,Benutzer kann nicht suchen,
User Defaults,Benutzer-Voreinstellungen,
User Details,Nutzerdetails,
User Email,Benutzer E-Mail,
User Emails,Benutzer E-Mails,
User Field,Benutzerfeld,
User Forum,Anwenderforum,
User ID,Benutzer-ID,
User ID Property,Benutzer-ID-Eigenschaft,
User ID of a Blogger,Benutzer-ID eines Bloggers,
User Id,Benutzeridentifikation,
User Image,Bild des Benutzers,
User Name,Nutzername,
User Permission,Benutzerberechtigung,
User Profile,Benutzerprofil,
User Social Login,Benutzer Social Login,
User Tags,Schlagworte zum Benutzer,
User Type,Benutzertyp,
User can login using Email id or Mobile number,Benutzer können sich entweder mit Email-Adresse oder Handynummer anmelden,
User can login using Email id or User Name,Benutzer können sich entweder mit E-Mail-Adresse oder Benutzername anmelden,
User must always select,Benutzer muss immer auswählen,
Username,Benutzername,
Users,Benutzer,
Users assigned to the reference document will get points.,"Benutzer, die dem Referenzdokument zugewiesen sind, erhalten Punkte.",
Valid,Gültig,
Validate Field,Feld validieren,
Validity,Gültigkeit,
Value,Wert,
Value Based On,Wert basierend auf,
Value Change,Wertänderung,
Value Changed,Wert geändert,
Value To Be Set,"Wert, der gesetzt werden soll",
Value from this field will be set as the due date in the ToDo,Der Wert aus diesem Feld wird im Fälligkeitsdatum als Fälligkeitsdatum festgelegt,
Value to Validate,Zu validierender Wert,
Verdana,Verdana,
Verified,Verifiziert,
Version,Version,
Video URL,Video-URL,
View,Anzeigen,
View Log,Protokoll anzeigen,
View Properties (via Customize Form),Eigenschaften anzeigen (über benutzerdefiniertes Formular),
View Report,Zeige Bericht,
View Settings,Einstellungen anzeigen,
View Website,Webseite anzeigen,
Viewed By,Angesehen von,
Visit,Besuch,
Warehouse,Lager,
Warning,Warnung,
Watch Video,Schau Video,
Web Form,Web-Formular,
Web Form Field,Web-Formularfeld,
Web Form Fields,Web-Formularfelder,
Web Page,Webseite,
Web Page Block,Webseitenblock,
Web Page View,Webseitenansicht,
Web Template,Webvorlage,
Web Template Field,Webvorlagenfeld,
Web Template Values,Webvorlagenwerte,
Web View,Webansicht,
Webhook,Webhook,
Webhook Data,Webhook Daten,
Webhook Header,Webhook Header,
Webhook Headers,Webhook Header,
Webhook Request,Webhook Anfrage,
Webhook Secret,Webhook-Geheimnis,
Webhook Security,Webhook-Sicherheit,
Webhook Trigger,Webhook-Auslöser,
Webhook URL,Webhook-URL,
Website,Webseite,
Website Analytics,Website Analytics,
Website Manager,Webseiten-Administrator,
Website Meta Tag,Website-Meta-Tag,
Website Route Meta,Website Route Meta,
Website Route Redirect,Website-Routenumleitung,
Website Script,Webseiten-Skript,
Website Settings,Webseiten-Einstellungen,
Website Sidebar,Webseite Sidebar,
Website Sidebar Item,Webseite Sidebar Artikel,
Website Slideshow,Webseiten-Diashow,
Website Slideshow Item,Webseiten-Diashow-Artikel,
Website Theme,Webseiten-Thema,
Website Theme Ignore App,Website-Thema App ignorieren,
Website Theme Image,Webseiten-Thema-Bild,
Website Theme Image Link,Webseite-Thema-Bildverknüpfung,
Wednesday,Mittwoch,
Weekdays,Wochentage,
Weekly,Wöchentlich,
Weekly Long,Wöchentlich lang,
Welcome Email Template,Willkommen E-Mail-Vorlage,
"When enabled this will allow guests to upload files to your application, You can enable this if you wish to collect files from user without having them to log in, for example in job applications web form.","Wenn diese Option aktiviert ist, können Gäste Dateien in Ihre Bewerbung hochladen. Sie können diese Option aktivieren, wenn Sie Dateien von Benutzern sammeln möchten, ohne dass diese sich anmelden müssen, z. B. in einem Webformular für Bewerbungen.",
Which view of the associated DocType should this shortcut take you to?,Zu welcher Ansicht des zugehörigen DocType sollte diese Verknüpfung führen?,
Width,Breite,
Wildcard Filter,Platzhalterfilter,
"Will add ""%"" before and after the query",Fügt vor und nach der Abfrage &quot;%&quot; hinzu,
Will be used in url (usually first name).,Wird in URL verwendet (in der Regel Vorname).,
Will run scheduled jobs only once a day for inactive sites. Default 4 days if set to 0.,"Führt geplante Jobs für inaktive Sites nur einmal täglich aus. Standard 4 Tage, wenn auf 0 gesetzt.",
Workflow,Workflow,
Workflow Action,Workflow-Aktion,
Workflow Action Master,Stammdaten zu Workflow-Aktionen,
Workflow Action Name,Workflow-Aktionsname,
Workflow Action is not created for optional states,Für optionale Status wird keine Workflow-Aktion erstellt,
Workflow Document State,Workflow-Dokumentenstatus,
Workflow Name,Workflow-Name,
Workflow State,Workflow-Status,
Workflow State Field,Workflow-Status-Feld,
Workflow Transition,Workflow-Übergang,
Workflow state represents the current state of a document.,Der Workflow-Status steht für den aktuellen Zustand eines Dokuments.,
Write,Schreiben,
X Field,X-Feld,
XLSX,XLSX,
Y Axis,Y-Achse,
Y Field,Y-Feld,
Yahoo Mail,Yahoo Mail,
Yandex.Mail,Yandex.Mail,
Year,Jahr,
Yearly,Jährlich,
Yellow,gelb,
Yes,Ja,
Your organization name and address for the email footer.,Name und Anschrift Ihrer Firma für die Fußzeile der E-Mail.,
Zero means send records updated at anytime,"Null bedeutet, dass Sendeaufzeichnungen jederzeit aktualisiert werden",
_doctype,_doctype,
_report,_Bericht,
adjust,Anpassen,
after_insert,nach_einfügen,
align-center,Zentrieren,
align-justify,Blocksatz,
align-left,linksbündig,
align-right,rechtsbündig,
arrow-down,Pfeil-nach-unten,
arrow-left,Pfeil-nach-links,
arrow-right,Pfeil-nach-rechts,
arrow-up,Pfeil-nach-oben,
asterisk,Sternchen,
backward,Zurück,
ban-circle,Bannkreis,
barcode,Barcode,
bell,Glocke,
blue,Blau,
bold,fett,
book,Buch,
bookmark,Lesezeichen,
briefcase,Aktenkoffer,
bullhorn,Megafon,
calendar,Kalender,
camera,Kamera,
certificate,Zertifikat,
check,Überprüfen,
chevron-down,Winkel nach unten,
chevron-left,Winkel nach links,
chevron-right,Winkel nach rechts,
chevron-up,Winkel nach oben,
circle-arrow-down,Kreis-Pfeil-nach-unten,
circle-arrow-left,Kreis-Pfeil-nach-links,
circle-arrow-right,Kreis-Pfeil-nach-rechts,
circle-arrow-up,Kreis-Pfeil-nach-oben,
cog,cog,
comment,Kommentar,
darkgrey,dunkelgrau,
dd-mm-yyyy,TT-MM-JJJJ,
dd.mm.yyyy,TT.MM.JJJJ,
dd/mm/yyyy,TT/MM/JJJJ,
download,herunterladen,
download-alt,download-alt,
"e.g. ""Support"", ""Sales"", ""Jerry Yang""","z. B. ""Support"", ""Vertrieb"", ""Jerry Yang""",
e.g. pop.gmail.com / imap.gmail.com,z.B. pop.gmail.com / imap.gmail.com,
e.g. replies@yourcomany.com. All replies will come to this inbox.,z. B. replies@yourcomany.com. Alle Antworten werden in dieses Postfach gelegt.,
e.g. smtp.gmail.com,z. B. smtp.gmail.com,
edit,bearbeiten,
eject,Auswerfen,
email,E-Mail,
envelope,Umschlag,
exclamation-sign,Ausrufezeichen,
eye-close,geschlossenen Auges,
eye-open,offenen Auges,
facebook,Facebook,
facetime-video,Apple FaceTime-Video,
fairlogin,Fairlogin,
fast-backward,Schnellrücklauf,
fast-forward,Schnellvorlauf,
file,Datei,
film,Film,
filter,Filter,
fire,feuern,
flag,Kennzeichnen,
folder-close,geschlossener Ordner,
folder-open,geöffneter Ordner,
font,Schriftart,
forward,Weiterleiten,
fullscreen,Vollbild,
gift,Geschenk,
glass,Glas,
globe,Globus,
green,Grün,
hand-down,Pfeil-nach-unten,
hand-left,Pfeil-nach-links,
hand-right,Pfeil-nach-rechts,
hand-up,Pfeil-nach-oben,
hdd,HDD,
headphones,Kopfhörer,
heart,Herz,
home,Zuhause,
icon,Symbol,
in minutes,in Minuten,
inbox,Posteingang,
indent-left,Einzug links,
indent-right,Einzug rechts,
info-sign,Info-Zeichen,
italic,kursiv,
leaf,Blatt,
link,Verknüpfung,
linkedin,Linkedin,
list,Liste,
list-alt,Liste-Alt,
lock,sperren,
magnet,Magnet,
map-marker,Plan-Markierer,
minus,Minus,
minus-sign,Minuszeichen,
mm-dd-yyyy,MM-TT-JJJJ,
mm/dd/yyyy,MM/TT/JJJJ,
module,Modul,
move,verschieben,
music,Musik,
no failed attempts,Keine Fehlversuche,
off,aus,
ok,OK,
ok-circle,Genehmigungs-Kreislauf,
ok-sign,OK-Zeichen,
old_parent,Altes übergeordnetes Element,
on_cancel,on_cancel,
on_change,on_change,
on_submit,on_submit,
on_trash,on_trash,
on_update,on_update,
on_update_after_submit,on_update_after_submit,
orange,Orange,
page,Seite,
pause,Pause,
pencil,Bleistift,
picture,Bild,
plane,eben,
play,spielen,
play-circle,Spielplatz,
plus,Plus,
plus-sign,Pluszeichen,
print,drucken,
purple,lila,
qrcode,QR-Code,
query-report,Abfrage-Bericht,
question-sign,Fragezeichen,
random,zufällig,
red,rot,
refresh,Aktualisierung,
remove,Löschen,
remove-circle,Entfernen-Kreis,
remove-sign,Entfernen-Zeichen,
repeat,wiederholen,
resize-full,anpassen-voll,
resize-horizontal,anpassen-horizontal,
resize-small,anpassen-klein,
resize-vertical,anpassen-vertikal,
response,Antwort,
retweet,Erneut tweeten,
road,Straße,
screenshot,Screenshot,
search,Suche,
share,Aktie,
share-alt,teilen-alt,
shopping-cart,Warenkorb,
signal,Signal,
star,Stern,
star-empty,sternenleer,
step-backward,Schritt zurück,
step-forward,Schritt nach vorn,
stop,halt,
tag,Schlagwort,
tags,Stichworte,
tasks,Aufgaben,
text-height,Texthöhe,
text-width,Textbreite,
th,th,
th-large,th-large,
th-list,th-list,
thumbs-down,Bild-nach-unten,
thumbs-up,Bild-nach-oben,
time,Zeit,
tint,Farbton,
trash,Ausschuss,
twitter,Twitter,
upload,hochladen,
user,Nutzer,
volume-down,Lautstärke verringern,
volume-off,Lautstärke aus,
volume-up,Lautstärke erhöhen,
warning-sign,Warnschild,
wrench,Schraubenschlüssel,
yellow,Gelb,
yyyy-mm-dd,JJJJ-MM-TT,
zoom-in,vergrößern,
zoom-out,verkleinern,
