"""Company History""","""Ιστορικό εταιρείας""",
"""Team Members"" or ""Management""","""Μέλη ομάδας"" ή ""διαχείριση""",
&lt;head&gt; HTML,&lt;head&gt; HTML,
**Currency** Master,Κύρια εγγραφή ** νομίσματος **,
0 - Draft; 1 - Submitted; 2 - Cancelled,0 - Προσχέδιο; 1 - υποβλήθηκε; 2 - ακυρώθηκε,
0 is highest,0 Είναι η υψηλότερη,
A list of resources which the Client App will have access to after the user allows it.<br> e.g. project,Ο κατάλογος των πόρων που θα έχει η εφαρμογή πελάτη πρόσβαση σε αφού ο χρήστης το επιτρέπει. <br> π.χ. έργου,
A symbol for this currency. For e.g. $,Ένα σύμβολο για το νόμισμα αυτό. Για παράδειγμα $,
A4,A4,
ALL,Όλα,
API,API,
API Access,Πρόσβαση API,
API Endpoint,API Endpoint,
API Endpoint Args,API Endpoint Args,
API Key,Κλειδί API,
API Method,Μέθοδος API,
API Secret,API Secret,
ASC,ASC,
About Us Settings,Ρυθμίσεις σχετικά με εμάς,
About Us Team Member,Μέλος της ομάδας σχετικά με εμάς,
Access Key ID,Αναγνωριστικό κλειδιού πρόσβασης,
Access Key Secret,Πρόσβαση στο κλειδί μυστικό,
Access Log,Αρχείο καταγραφής πρόσβασης,
Access Token,Η πρόσβαση παραχωρήθηκε,
Access Token URL,Διεύθυνση URL προορισμού πρόσβασης,
Account,λογαριασμός,
Accounts Manager,Διαχειριστής λογαριασμών,
Accounts User,Χρήστης λογαριασμών,
Action,Ενέργεια,
Action / Route,Δράση / Διαδρομή,
Action Timeout (Seconds),Χρονικό όριο ενέργειας (δευτερόλεπτα),
Action Type,Τύπος ενέργειας,
Actions,Ενέργειες,
Active,Ενεργός,
Active Domains,Ενεργοί τομείς,
Activity Log,Αρχείο καταγραφής δραστηριότητας,
Add Container,Προσθήκη κοντέινερ,
Add Custom Tags,Προσθήκη προσαρμοσμένων ετικετών,
Add Gray Background,Προσθήκη γκρι φόντου,
Add Signature,Προσθέστε υπογραφή,
Add Total Row,Προσθήκη γραμμής συνόλου,
Add Unsubscribe Link,Προσθήκη Διαγραφή Σύνδεσμος,
"Added HTML in the &lt;head&gt; section of the web page, primarily used for website verification and SEO","Προστέθηκε HTML στην ενότητα &lt;head&gt; της ιστοσελίδας, που χρησιμοποιούνται κυρίως για την επαλήθευση της ιστοσελίδας και SEO",
Additional Permissions,Πρόσθετα δικαιώματα,
Address,Διεύθυνση,
Address And Contacts,Διεύθυνση και επαφές,
Address Line 1,Γραμμή διεύθυνσης 1,
Address Line 2,Γραμμή διεύθυνσης 2,
Address Template,Πρότυπο διεύθυνσης,
Address Title,Τίτλος διεύθυνσης,
Address Type,Τύπος διεύθυνσης,
Address and other legal information you may want to put in the footer.,Η διεύθυνση και άλλα νομικά στοιχεία που μπορεί να θέλετε να βάλετε στο υποσέλιδο.,
Addresses And Contacts,Διευθύνσεις και τις επαφές,
Adds a custom field to a DocType,Προσθέτει ένα προσαρμοσμένο πεδίο σε έναν τύπο εγγράφου,
Administrator,Διαχειριστής,
Advanced,Για προχωρημένους,
Advanced Control,Προηγμένος έλεγχος,
Advanced Settings,Προηγμένες ρυθμίσεις,
After Cancel,Μετά την Άκυρο,
After Delete,Μετά τη διαγραφή,
After Save,Μετά την Αποθήκευση,
After Save (Submitted Document),Μετά την αποθήκευση (υποβληθέν έγγραφο),
After Submit,Μετά την Υποβολή,
Aggregate Function Based On,Η συνθετική λειτουργία βασίζεται σε,
Alert,Συναγερμός,
Align Labels to the Right,Ευθυγραμμίστε τις ετικέτες στα δεξιά,
Align Right,Ευθυγράμμιση δεξιά,
All,Ολα,
All Day,Ολοήμερο,
Allocated To,Που διατίθενται για,
Allot Points To Assigned Users,Allot Points στους Assigned Users,
Allow,Επιτρέπω,
Allow Auto Repeat,Να επιτρέπεται η αυτόματη επανάληψη,
Allow Bulk Edit,Να επιτρέπεται η μαζική επεξεργασία,
Allow Comments,Επιτρέψτε σχόλια,
Allow Consecutive Login Attempts ,Επιτρέψτε τις προσπάθειες συνεχούς σύνδεσης,
Allow Delete,Επιτρέψτε διαγραφή,
Allow Dropbox Access,Επίτρεψε πρόσβαση στο dropbox,
Allow Guest,Επιτρέψτε Guest,
Allow Guest to View,Αφήστε επισκεπτών για να δείτε,
Allow Guests to Upload Files,Επιτρέψτε στους επισκέπτες να μεταφέρουν αρχεία,
Allow Import (via Data Import Tool),Αφήστε Εισαγωγή (μέσω του εργαλείου εισαγωγής δεδομένων),
Allow Incomplete Forms,Επιτρέψτε Ελλιπής Έντυπα,
Allow Login After Fail,Να επιτρέπεται η σύνδεση μετά από αποτυχία,
Allow Login using Mobile Number,Να επιτρέπεται η σύνδεση χρησιμοποιώντας τον αριθμό κινητού τηλεφώνου,
Allow Login using User Name,Να επιτρέπεται η σύνδεση με το όνομα χρήστη,
Allow Modules,Αφήστε τις μονάδες,
Allow Print,Επιτρέψτε Εκτύπωση,
Allow Print for Cancelled,Επιτρέψτε εκτύπωσης για Ακυρώθηκε,
Allow Print for Draft,Επιτρέψτε εκτύπωσης για Σχέδιο,
Allow Read On All Link Options,Επιτρέψτε την ανάγνωση όλων των επιλογών σύνδεσης,
Allow Rename,Επιτρέπεται η μετονομασία,
Allow Roles,Αφήστε Ρόλοι,
Allow Self Approval,Να επιτρέπεται η αυτόνομη έγκριση,
Allow approval for creator of the document,Επιτρέψτε την έγκριση του δημιουργού του εγγράφου,
Allow document creation via Email,Επιτρέψτε τη δημιουργία εγγράφων μέσω email,
Allow events in timeline,Επιτρέψτε τα συμβάντα στη χρονολογική σειρά,
Allow in Quick Entry,Να επιτρέπεται στη Γρήγορη Καταχώρηση,
Allow on Submit,Επιτρέπεται κατά την υποβολή,
Allow only one session per user,Επιτρέπουν μόνο μια συνεδρία ανά χρήστη,
Allow page break inside tables,Επιτρέψτε αλλαγή σελίδας στο εσωτερικό πίνακες,
Allow saving if mandatory fields are not filled,Επιτρέπουν την εξοικονόμηση εάν υποχρεωτικά πεδία δεν έχουν συμπληρωθεί,
Allow user to login only after this hour (0-24),Επίτρεψε στο χρήστη να συνδεθεί μόνο μετά από αυτή την ώρα (0-24),
Allow user to login only before this hour (0-24),Επίτρεψε στο χρήστη να συνδεθεί μόνο πριν από αυτή την ώρα (0-24),
Allowed,Επιτρέπεται,
Allowed In Mentions,Επιτρέπονται στις αναφορές,
"Always add ""Draft"" Heading for printing draft documents",Πάντα προσθέστε &quot;Σχέδιο&quot; Τομέας για σχέδιο εκτύπωση εγγράφων,
Amend,Τροποποίηση,
Amended From,Τροποποίηση από,
An icon file with .ico extension. Should be 16 x 16 px. Generated using a favicon generator. [favicon-generator.org],Ένα αρχείο εικονίδιο με .ico επέκταση. Θα πρέπει να είναι 16 x 16 px. Παράγονται χρησιμοποιώντας μια γεννήτρια favicon. [favicon-generator.org],
Analytics,Analytics,
Annual,Ετήσιος,
Anonymous,Ανώνυμος,
Any string-based printer languages can be used. Writing raw commands requires knowledge of the printer's native language provided by the printer manufacturer. Please refer to the developer manual provided by the printer manufacturer on how to write their native commands. These commands are rendered on the server side using the Jinja Templating Language.,Μπορούν να χρησιμοποιηθούν τυχόν γλώσσες εκτυπωτή που βασίζονται σε συμβολοσειρές Η σύνταξη πρωτογενών εντολών απαιτεί γνώση της μητρικής γλώσσας του εκτυπωτή που παρέχεται από τον κατασκευαστή του εκτυπωτή. Ανατρέξτε στο εγχειρίδιο προγραμματιστή που παρέχεται από τον κατασκευαστή του εκτυπωτή σχετικά με τον τρόπο σύνταξης των εγγενών εντολών. Αυτές οι εντολές εμφανίζονται στην πλευρά του διακομιστή με τη γλώσσα του Jinja Templating Language.,
App,App,
App Access Key,App Κλειδί Πρόσβασης,
App Client ID,App ID πελάτη,
App Client Secret,App μυστικό πελάτη,
App Name,Όνομα εφαρμογής,
App Secret Key,App μυστικό κλειδί,
Append Emails to Sent Folder,Προσθέστε τα μηνύματα ηλεκτρονικού ταχυδρομείου στον φάκελο &quot;Απεσταλμένα&quot;,
Append To,Προσάρτηση σε,
Applicable For,Εφαρμοστέο για,
Application Logo,Λογότυπο εφαρμογής,
Application Name,Όνομα εφαρμογής,
Application Version,Έκδοση εφαρμογής,
Applied On,Εφαρμόστηκε στις,
Apply Document Permissions,Εφαρμογή δικαιωμάτων εγγράφου,
Apply Only Once,Εφαρμόστε μόνο μία φορά,
Apply Strict User Permissions,Εφαρμόστε αυστηρά δικαιώματα χρήστη,
Apply To All Document Types,Εφαρμόστε σε όλους τους τύπους εγγράφων,
Apply this rule if the User is the Owner,"Εφαρμόστε τον κανόνα αυτό, αν ο χρήστης είναι ο ιδιοκτήτης",
Apply this rule only once per document,Εφαρμόστε αυτόν τον κανόνα μόνο μία φορά ανά έγγραφο,
Appreciation,Εκτίμηση,
Archived,Αρχειοθετήθηκε,
Arial,Arial,
Assign Condition,Αναθέστε την κατάσταση,
Assign To Users,Αναθέστε στους χρήστες,
Assigned,ανατεθεί,
Assigned By,Ανατέθηκε από,
Assigned By Full Name,Ανατεθεί Με Ονοματεπώνυμο,
Assignment,Εκχώρηση,
Assignment Completed,εκχώρηση Ολοκληρώθηκε,
Assignment Days,Ημέρες εκχώρησης,
Assignment Rule,Κανόνας εκχώρησης,
Assignment Rule Day,Ημέρα εντολής εκχώρησης,
Assignment Rule User,Χρήστη κανόνα εκχώρησης,
Assignment Rules,Κανόνες αντιστοίχισης,
Assignments,Αναθέσεις,
Attach,Επισυνάψτε,
Attach Image,Επισύναψη εικόνας,
Attach Print,Συνδέστε Εκτύπωση,
Attached File,Συνημμένο αρχείο,
Attached To DocType,Συνδεδεμένο με τον τύπο εγγράφου,
Attached To Field,Επισυνάπτεται στο πεδίο,
Attached To Name,Συνδεδεμένο με το όνομα,
Attachment,Κατάσχεση,
Attachment Limit (MB),Όριο συνημμένο (mb),
Attachment Link,Σύνδεσμος συνημμένου,
Attachment Removed,το συνημμένο καταργήθηκε,
Attachments,Συνημμένα,
Auth URL Data,Auth URL URLs,
Authentication,Αυθεντικοποίηση,
Author,Συγγραφέας,
Authorization Code,Κωδικός Εξουσιοδότησης,
Authorize API Indexing  Access,Εξουσιοδότηση πρόσβασης ευρετηρίου API,
Authorize Google Calendar Access,Εξουσιοδοτήστε την πρόσβαση στο Ημερολόγιο Google,
Authorize Google Contacts Access,Εξουσιοδοτήστε την πρόσβαση στις Επαφές Google,
Authorize Google Drive Access,Εξουσιοδοτήστε την πρόσβαση στο Google Drive,
Authorize URL,Εξουσιοδότηση διεύθυνσης URL,
Authorized,εξουσιοδοτημένος,
Auto,Αυτο,
Auto Email Report,Auto Email Έκθεση,
Auto Name,Αυτόματο όνομα,
Auto Repeat,Αυτόματη επανάληψη,
Auto Reply Message,Μήνυμα αυτόματης απάντησης,
Automatically Assign Documents to Users,Αυτόματη εκχώρηση εγγράφων σε χρήστες,
Automation,Αυτοματοποίηση,
Avatar,Avatar,
Average,Μέση τιμή,
Awaiting Password,Αναμονή κωδικού πρόσβασης,
Awaiting password,Εν αναμονή Κωδικός,
BCC,BCC,
Background Color,Χρώμα φόντου,
Background Workers,Οι εργαζόμενοι φόντο,
Backup Details,Λεπτομέρειες αντιγράφων ασφαλείας,
Backup Files,Αρχεία αντιγράφων ασφαλείας,
Backup Folder ID,Αναγνωριστικό φακέλου αντιγράφων ασφαλείας,
Backup Folder Name,Όνομα φακέλου αντιγράφων ασφαλείας,
Backup Frequency,Συχνότητα Αντιγράφων ασφαλείας,
Backup public and private files along with the database.,Δημιουργήστε αντίγραφα ασφαλείας δημόσιων και ιδιωτικών αρχείων μαζί με τη βάση δεδομένων.,
Backups,αντίγραφα ασφαλείας,
Banner,Banner,
Banner HTML,Html banner,
Banner Image,Εικόνα banner,
Banner is above the Top Menu Bar.,Το banner είναι πάνω από το top menu bar.,
Bar,Μπαρ,
Barcode,Barcode,
Base Distinguished Name (DN),Βάση διακεκριμένο όνομα (DN),
Base URL,Βασική διεύθυνση URL,
Based On,Με βάση την,
Based on Field,Με βάση το πεδίο,
Based on Permissions For User,Με βάση τις Άδειες για το χρήστη,
Basic,Βασικός,
Before Cancel,Πριν Ακύρωση,
Before Delete,Πριν διαγράψετε,
Before Insert,Πριν την εισαγωγή,
Before Save,Πριν αποθηκεύσετε,
Before Save (Submitted Document),Πριν αποθηκεύσετε (υποβληθέν έγγραφο),
Before Submit,Πριν από την Υποβολή,
Beginner,Αρχάριος,
Beta,Βήτα,
Billing,Χρέωση,
Bio,Βιογραφικό,
Birth Date,Ημερομηνία γέννησης,
Block Module,Block Ενότητα,
Block Modules,Αποκλεισμός Ενότητες,
Blocked,Αποκλεισμένοι,
Blog Category,Κατηγορία blog,
Blog Intro,Εισαγωγή blog,
Blog Introduction,Εισαγωγή blog,
Blog Post,Δημοσίευση blog,
Blog Settings,Ρυθμίσεις blog,
Blog Title,Τίτλος blog,
Blogger,Blogger,
Blue,Μπλε,
Bold,Τολμηρός,
Bot,bot,
Bottom,Κάτω μέρος,
Bounced,Ακάλυπτες,
Brand,Εμπορικό σήμα,
Brand HTML,Html εμπορικού σήματος,
Brand Image,brand Εικόνα,
Breadcrumbs,Διαδρομή,
Browser,Πρόγραμμα περιήγησης,
Browser Version,Έκδοση προγράμματος περιήγησης,
Brute Force Security,Ασφάλεια βίαιης βίας,
Bucket Name,Όνομα κάδου,
Bulk Update,Μαζική Ενημέρωση,
Button,Κουμπί,
Button Gradients,Κλίσεις κουμπιών,
Button Rounded Corners,Κουμπί στρογγυλεμένες γωνίες,
Button Shadows,Σκιές κουμπιών,
Bypass Restricted IP Address Check If Two Factor Auth Enabled,Παράκαμψη Διευθύνσεων IP Περιορισμένη Έλεγχος εάν έχει ενεργοποιηθεί η ταυτότητα δύο παραγόντων,
Bypass Two Factor Auth for users who login from restricted IP Address,Παράκαμψη Δύο Παράγοντες Auth για χρήστες που συνδέονται από περιορισμένη διεύθυνση IP,
Bypass restricted IP Address check If Two Factor Auth Enabled,Παράκαμψη περιορισμένης διεύθυνσης IP Ελέγξτε εάν είναι ενεργοποιημένη η επιλογή Two Factor Auth,
CC,CC,
CSS,CSS,
CSS Class,Κατηγορία CSS,
CSV,CSV,
CTA Label,Ετικέτα CTA,
CTA URL,URL CTA,
Calendar,Ημερολόγιο,
Calendar Name,Όνομα ημερολογίου,
Calendar View,Προβολή Ημερολογίου,
Call,Κλήση,
Call To Action,Πρόσκληση σε δράση,
Call To Action URL,URL παρότρυνσης για δράση,
Callback Message,Μήνυμα επιστροφής κλήσης,
Callback Title,Τίτλος επιστροφής κλήσης,
Campaign,Εκστρατεία,
Cancel,Ακύρωση,
Cancelled,Ακυρώθηκε,
Card,Κάρτα,
Cards,Καρτέλλες,
Category,Κατηγορία,
Category Description,Κατηγορία Περιγραφή,
Category Name,Όνομα κατηγορίας,
Center,Κέντρο,
Chaining Hash,Αλυσίδα με αλυσίδα,
Change Label (via Custom Translation),Αλλαγή Label (μέσω Προσαρμοσμένη μετάφραση),
Change Password,Άλλαξε κωδικό,
Channel,Κανάλι,
Chart,Διάγραμμα,
Chart Configuration,Διαμόρφωση γραφήματος,
Chart Name,Όνομα χάρτη,
Chart Options,Επιλογές γραφήματος,
Chart Source,Πηγή διάγραμμα,
Chart Type,Τύπος γραφήματος,
Charts,Διαγράμματα,
Chat,Κουβέντα,
Check,Ελεγχος,
Check this if you want to force the user to select a series before saving. There will be no default if you check this.,"Ελέγξτε αυτό, αν θέλετε να αναγκάσει τον χρήστη να επιλέξει μια σειρά πριν από την αποθήκευση. Δεν θα υπάρξει καμία προεπιλογή αν επιλέξετε αυτό.",
Checking this will hide custom doctypes and reports cards in Links section,"Εάν το ελέγξετε αυτό, θα αποκρύψετε προσαρμοσμένες κάρτες τύπων και αναφορών στην ενότητα Σύνδεσμοι",
Checksum Version,Έκδοση ελέγχου αθροίσματος,
Child Tables are shown as a Grid in other DocTypes,Οι πίνακες για παιδιά εμφανίζονται ως πλέγμα σε άλλα πρότυπα DocTypes,
Choose authentication method to be used by all users,Επιλέξτε τη μέθοδο ελέγχου ταυτότητας που θα χρησιμοποιηθεί από όλους τους χρήστες,
City,Πόλη,
City/Town,Πόλη / χωριό,
Clicked,Έγινε κλικ,
Client,Πελάτης,
Client Code,Κωδικός πελάτη,
Client Credentials,Διαπιστευτήρια πελάτη,
Client ID,Αναγνωριστικό πελάτη,
Client Information,Πληροφορίες Πελάτη,
Client Script,Σενάριο πελάτη,
Client Secret,Πελάτη μυστικό,
Client URLs,Διευθύνσεις URL πελατών,
Close Condition,Κλείστε την κατάσταση,
Closed,Κλειστό,
Code,Κωδικός,
Collapsible,Αναδιπλούμενο,
Collapsible Depends On,Πτυσσόμενα Εξαρτάται από,
Color,Χρώμα,
Column Break,Αλλαγή στήλης,
Column Name,Όνομα στήλης,
Columns,Στήλες,
Columns / Fields,Στήλες / Πεδία,
Comment,Σχόλιο,
Comment By,Σχόλιο από,
Comment Email,Email Σχόλιο,
Comment Type,Τύπος σχολίου,
Comments and Communications will be associated with this linked document,Σχόλια και Επικοινωνιών θα σχετίζονται με αυτό το συνδεδεμένο έγγραφο,
Commit,Διαπράττω,
Communication,Επικοινωνία,
Communication Link,Σύνδεσμος επικοινωνίας,
Communication Type,Τύπος επικοινωνίας,
Compact Item Print,Compact Στοιχείο Εκτύπωση,
Company History,Ιστορικό εταιρείας,
Company Introduction,Εισαγωγή εταιρείας,
Company Name,Όνομα εταιρείας,
Complete,Πλήρης,
Completed,Ολοκληρώθηκε,
Component,Συστατικό,
Condition,Συνθήκη,
Conditions,Συνθήκες,
Configuration,Διαμόρφωση,
Confirmation Email Template,Πρότυπο ηλεκτρονικού ταχυδρομείου επιβεβαίωσης,
Console,Κονσόλα,
Console Log,Αρχείο καταγραφής κονσόλας,
Contact,Επαφή,
Contact Details,Στοιχεία επικοινωνίας επαφής,
Contact Email,Email επαφής,
Contact Numbers,Επικοινωνία με αριθμούς,
Contact Phone,τηλέφωνο επικοινωνίας,
Contact Us Settings,Ρυθμίσεις επικοινωνίας,
"Contact options, like ""Sales Query, Support Query"" etc each on a new line or separated by commas.","Επιλογές επικοινωνίας, όπως ""ερώτημα πωλήσεων, ερώτημα υποστήριξης"" κτλ το καθένα σε καινούρια γραμμή ή διαχωρισμένα με κόμματα.",
Contacts,Επαφές,
Content,Περιεχόμενο,
Content (HTML),Περιεχόμενο (HTML),
Content (Markdown),Περιεχόμενο (Markdown),
Content Hash,Hash περιεχομένου,
Content Type,Τύπος περιεχομένου,
Context,Συμφραζόμενα,
Context Script,Σενάριο περιβάλλοντος,
Contributed,Συνεισφορά,
Contribution Document Name,Όνομα εγγράφου συνεισφοράς,
Contribution Status,Κατάσταση συνεισφοράς,
Copyright,Πνευματική ιδιοκτησία,
Core,Πυρήνας,
Count,μετρώ,
Count Filter,Καταμέτρηση φίλτρου,
Counter,Μετρητής,
Country,Χώρα,
Country Name,Όνομα χώρας,
County,Κομητεία,
Create,Δημιουργία,
Create Contacts from Incoming Emails,Δημιουργία επαφών από εισερχόμενα email,
Create Entry,Δημιουργία καταχώρησης,
Create Log,Δημιουργία αρχείου καταγραφής,
Create and Send Newsletters,Δημιουργήστε και στείλτε τα ενημερωτικά δελτία,
Created,Δημιουργήθηκε,
Criticism,Κριτική,
Cron,Cron,
Cron Format,Cron Format,
Currency,Νόμισμα,
Currency Name,Όνομα νομίσματος,
Currency Precision,Νόμισμα ακρίβειας,
Current,Ρεύμα,
Custom,Προσαρμοσμένο,
Custom Base URL,Προσαρμοσμένη διεύθυνση URL βάσης,
Custom CSS,Προσαρμοσμένο css,
Custom Configuration,Προσαρμοσμένη διαμόρφωση,
Custom DocPerm,Προσαρμοσμένη DocPerm,
Custom Field,Προσαρμοσμένο πεδίο,
Custom Format,Προσαρμοσμένη μορφή,
Custom HTML Help,Προσαρμοσμένη Βοήθεια HTML,
Custom Menu Items,Είδη Προσαρμοσμένο Μενού,
Custom Options,Προσαρμοσμένες επιλογές,
Custom Overrides,Προσαρμοσμένες παρακάμψεις,
Custom Report,Προσαρμοσμένη αναφορά,
Custom Role,Προσαρμοσμένη ρόλος,
Custom SCSS,Προσαρμοσμένο SCSS,
Custom Sidebar Menu,Προσαρμοσμένη Sidebar Μενού,
Custom?,Προσαρμοσμένο;,
Customization,Προσαρμογή,
Customize Form,Προσαρμογή φόρμας,
Customize Form Field,Προσαρμογή πεδίου φόρμας,
DESC,DESC,
Daily,Καθημερινά,
Daily Long,Καθημερινά,
Danger,Κίνδυνος,
Dark Color,Σκοτεινό χρώμα,
Dashboard,Ταμπλό,
Dashboard Chart,Πίνακας ταμπλό,
Dashboard Chart Field,Πλαίσιο πίνακα πίνακα ελέγχου,
Dashboard Chart Link,Σύνδεσμος διαγραμμάτων πίνακα ελέγχου,
Dashboard Chart Source,Πηγή πίνακα διάταξης πίνακα,
Dashboard Manager,Διαχείριση ταμπλό,
Dashboard Name,Όνομα πίνακα ελέγχου,
Dashboard Settings,Ρυθμίσεις πίνακα ελέγχου,
Dashboards,Πίνακες ελέγχου,
Data,Δεδομένα,
Data Export,Εξαγωγή δεδομένων,
Data Import,Εισαγωγή δεδομένων,
Database Engine,Μηχανισμός διαχείρισης βάσης δεδομένων,
Date,Ημερομηνία,
Date Format,Μορφή ημερομηνίας,
Date Range,Εύρος ημερομηνιών,
Date and Number Format,Ημερομηνία και μορφή αριθμών,
Datetime,Datetime,
Day,Ημέρα,
Day of Week,Μερα της ΕΒΔΟΜΑΔΑΣ,
Days After,Ημέρες Μετά,
Days Before,Ημέρες Πριν,
Days Before or After,Ημέρες πριν ή μετά,
Default,Προεπιλεγμένο,
Default Incoming,Προεπιλεγμένα εισερχόμενα,
Default Letter Head,Προεπιλογή κεφαλίδα επιστολόχαρτου,
Default Outgoing,Προεπιλογμένα εξερχόμενα,
Default Portal Home,Προεπιλεγμένη αρχική πύλη,
Default Print Format,Προεπιλογμένη μορφή εκτύπωσης,
Default Print Language,Προεπιλεγμένη γλώσσα εκτύπωσης,
Default Redirect URI,Προεπιλογή Ανακατεύθυνση URI,
Default Role at Time of Signup,Προεπιλογή ρόλος κατά την Ώρα των Εγγραφή,
Default Sort Field,Προεπιλεγμένο πεδίο ταξινόμησης,
Default Sort Order,Προεπιλεγμένη σειρά ταξινόμησης,
Default Value,Προεπιλεγμένη τιμή,
"Default: ""Contact Us""","Προεπιλογή: ""επικοινωνήστε μαζί μας""",
DefaultValue,Προεπιλεγμένη τιμή,
Defaults,Προεπιλογές,
Defines actions on states and the next step and allowed roles.,"Καθορίζει τις ενέργειες για τις καταστάσεις, το επόμενο βήμα και τους ρόλους που επιτρέπονται.",
Defines workflow states and rules for a document.,Καθορίζει τις καταστάσεις ροής εργασίας και τους κανόνες για ένα έγγραφο.,
Delayed,Καθυστερημένη,
Delete,Διαγραφή,
Deleted,Διεγραμμένο,
Deleted DocType,διαγράφεται DocType,
Deleted Document,Διαγράφηκε έγγραφο,
Deleted Name,διαγράφεται Όνομα,
Delivery Status,Κατάσταση παράδοσης,
Department,Τμήμα,
Dependencies,Εξαρτήσεις,
Depends On,Εξαρτάται από,
Description,Περιγραφή,
"Description for listing page, in plain text, only a couple of lines. (max 200 characters)","Περιγραφή για σελίδα καταχώρισης, σε απλό κείμενο, μόνο μερικές γραμμές. (έως 200 χαρακτήρες)",
Designation,Ονομασία,
Desk,Γραφείο,
Desk Access,Επιφάνεια Access,
Desktop Icon,Εικονίδιο επιφάνειας εργασίας,
Details,Λεπτομέρειες,
"Different ""States"" this document can exist in. Like ""Open"", ""Pending Approval"" etc.","Διαφορετικές ""καταστάσεις"" που αυτό το έγγραφο μπορεί να υπάρχει ως ""ανοιχτό"", ""σε εκκρεμότητα έγκρισης"", κλπ.",
Digits,Ψηφία,
Disable Auto Refresh,Απενεργοποίηση αυτόματης ανανέωσης,
Disable Comments,Απενεργοποίηση σχολίων,
Disable Count,Απενεργοποίηση καταμέτρησης,
Disable SMTP server authentication,Απενεργοποιήστε τον έλεγχο ταυτότητας διακομιστή SMTP,
Disable Sidebar Stats,Απενεργοποιήστε τα στατιστικά στοιχεία της πλευρικής γραμμής,
Disable Signup,Απενεργοποίηση εγγραφής,
Disable Standard Email Footer,Απενεργοποίηση Πρότυπο Τελικοί Email,
Disabled,Απενεργοποιημένο,
Display,Εμφάνιση,
Display Depends On,Εμφάνισης εξαρτάται από,
Doc Event,Εγγράφου Doc,
Doc Events,Συμβάντα εγγράφων,
Doc Status,Κατάσταση εγγράφου,
DocField,Πεδίο εγγράφου,
DocPerm,Άδεια εγγράφου,
DocShare,DocShare,
DocType,DocType,
DocType Action,Δράση DocType,
DocType Event,Εκδήλωση DocType,
DocType Link,Σύνδεσμος DocType,
DocType View,Προβολή τύπου DocType,
DocType is a Table / Form in the application.,Ο τύπος εγγράφου είναι ένας πίνακας / μια φόρμα στην αίτηση,
DocType on which this Workflow is applicable.,Τύπος εγγράφου για τον οποίο η παρούσα ροή εργασιών ισχύει.,
Doctype,DocType,
Document,Έγγραφο,
Document Actions,Ενέργειες εγγράφων,
Document Follow,Έγγραφο ακολουθήστε,
Document Link,Σύνδεσμος εγγράφου,
Document Links,Σύνδεσμοι εγγράφων,
Document Name,Όνομα εγγράφου,
Document Naming Rule,Κανόνας ονομασίας εγγράφου,
Document Naming Rule Condition,Κατάσταση κανόνα ονομασίας εγγράφου,
Document Share,Κοινή χρήση εγγράφου,
Document Share Report,Αναφορά κοινοποίησης εγγράφου,
Document States,Καταστάσεις εγγράφου,
Document Tag,Ετικέτα εγγράφου,
Document Title,Τίτλος εγγράφου,
Document Type,Τύπος εγγράφου,
Document Type to Track,Τύπος εγγράφου για παρακολούθηση,
Document Types,Τύποι εγγράφων,
Documentation Link,Σύνδεσμος τεκμηρίωσης,
Documentation URL,URL τεκμηρίωσης,
Domain,Τομέας,
Domain Settings,Ρυθμίσεις τομέα,
Domains HTML,Domains HTML,
"Don't HTML Encode HTML tags like &lt;script&gt; or just characters like &lt; or &gt;, as they could be intentionally used in this field","Μην ετικέτες HTML Encode HTML όπως &lt;script&gt; ή απλά χαρακτήρες όπως &lt;ή&gt;, καθώς θα μπορούσαν να χρησιμοποιούνται σκόπιμα σε αυτό το πεδίο",
Don't Override Status,Μην Παράκαμψη Κατάσταση,
Don't Send Emails,Μην στείλετε μηνύματα ηλεκτρονικού ταχυδρομείου,
Donut,Ντόνατ,
Download Backups,Λήψη αντιγράφων ασφαλείας,
Download Template,Κατεβάστε πρότυπο,
Dropbox Access Token,Dockbox Access Token,
Dropbox Settings,Ρυθμίσεις Dropbox,
Dropdowns,Πτώσεις,
Due Date,Ημερομηνία λήξης προθεσμίας,
Due Date Based On,Η ημερομηνία λήξης βασίζεται σε,
Duration,Διάρκεια,
Dynamic Filters,Δυναμικά φίλτρα,
Dynamic Filters JSON,Δυναμικά φίλτρα JSON,
Dynamic Filters Section,Ενότητα δυναμικών φίλτρων,
Dynamic Link,Δυναμικός σύνδεσμος,
Dynamic Report Filters,Φίλτρα δυναμικής αναφοράς,
Dynamic Route,Δυναμική διαδρομή,
Dynamic Template,Δυναμικό πρότυπο,
Edit,Επεξεργασία,
Edit Values,Επεξεργασία τιμών,
Editable Grid,Επεξεργάσιμη Grid,
Eg. smsgateway.com/api/send_sms.cgi,Π.Χ. SMSgateway.Com / api / send_SMS.Cgi,
Email,ΗΛΕΚΤΡΟΝΙΚΗ ΔΙΕΥΘΥΝΣΗ,
Email Account,Ο λογαριασμός ηλεκτρονικού ταχυδρομείου,
Email Account Name,Όνομα λογαριασμού ηλεκτρονικού ταχυδρομείου,
Email Address,Διεύθυνση ηλεκτρονικού ταχυδρομείου,
Email Address whose Google Contacts are to be synced.,"Διεύθυνση ηλεκτρονικού ταχυδρομείου, των οποίων οι επαφές Google πρόκειται να συγχρονιστούν.",
Email Addresses,Διευθύνσεις ηλεκτρονικού ταχυδρομείου,
Email Domain,τομέα email,
Email Flag Queue,Email Ουρά Σημαία,
Email Footer Address,Email Τελικοί Διεύθυνση,
Email Group,email Ομάδα,
Email Group Member,Στείλτε e-mail Μέλος του Ομίλου,
Email ID,Ταυτότητα ηλεκτρονικού ταχυδρομείου,
Email IDs,Email ταυτότητες,
Email Id,Email ID,
Email Inbox,Εισερχόμενα ηλεκτρονικού ταχυδρομείου,
Email Queue,Ουρά e-mail,
Email Queue Recipient,Email Ουρά Παραλήπτη,
Email Queue records.,αρχεία ηλεκτρονικού ταχυδρομείου ουρά.,
Email Reply Help,Βοήθεια ηλεκτρονικού ταχυδρομείου απάντησης,
Email Rule,Κανόνας email,
Email Sent,Το email απεστάλη,
Email Settings,Ρυθμίσεις email,
Email Signature,Υπογραφή email,
Email Status,Κατάσταση email,
Email Sync Option,Email επιλογή Sync,
Email Template,Πρότυπο ηλεκτρονικού ταχυδρομείου,
Email To,E-mail Για να,
Email Unsubscribe,Email Διαγραφή,
Emails will be sent with next possible workflow actions,Τα μηνύματα ηλεκτρονικού ταχυδρομείου θα αποστέλλονται με τις επόμενες δυνατές ενέργειες ροής εργασίας,
Enable,Ενεργοποίηση,
Enable Auto Reply,Ενεργοποίηση αυτόματης απάντησης,
Enable Automatic Backup,Ενεργοποιήστε την Αυτόματη δημιουργία αντιγράφων ασφαλείας,
Enable Automatic Linking in Documents,Ενεργοποιήστε την Αυτόματη σύνδεση σε Έγγραφα,
Enable Comments,Ενεργοποίηση σχολίων,
Enable Email Notifications,Ενεργοποίηση ειδοποιήσεων ηλεκτρονικού ταχυδρομείου,
Enable Google Indexing,Ενεργοποίηση ευρετηρίου Google,
Enable In App Website Tracking,Ενεργοποίηση στην παρακολούθηση ιστότοπων εφαρμογών,
Enable Incoming,Ενεργοποίηση εισερχομένων,
Enable Onboarding,Ενεργοποίηση ενσωμάτωσης,
Enable Outgoing,Ενεργοποίηση εξερχομένων,
Enable Password Policy,Ενεργοποίηση της πολιτικής κωδικών πρόσβασης,
Enable Print Server,Ενεργοποιήστε τον διακομιστή εκτύπωσης,
Enable Raw Printing,Ενεργοποίηση ασπρόμαυρης εκτύπωσης,
Enable Scheduled Jobs,Ενεργοποίηση χρονοπρογραμματισμένων εργασιών,
Enable Security,Ενεργοποιήστε την ασφάλεια,
Enable Social Login,Ενεργοποίηση της κοινωνικής σύνδεσης,
Enable Social Sharing,Ενεργοποίηση Κοινωνικής κοινής χρήσης,
Enable Two Factor Auth,Ενεργοποιήστε την εξαίρεση δύο παραγόντων,
Enabled,Ενεργοποιημένο,
End Date,Ημερομηνία λήξης,
End Date Field,Πεδίο λήξης ημερομηνίας,
Endpoint URL,Διεύθυνση URL τελικού σημείου,
Endpoints,Τελικά σημεία,
Ends on,Λήγει στις,
Energy Point,Ενεργειακό σημείο,
Energy Point Log,Εγγραφή ενεργειακών σημείων,
Energy Point Rule,Κανόνας ενεργειακού σημείου,
Energy Point Settings,Ρυθμίσεις ενεργειακού σημείου,
Energy Points,Ενεργειακά σημεία,
Enter Form Type,Εισάγετε τύπο φόρμας,
"Enter default value fields (keys) and values. If you add multiple values for a field, the first one will be picked. These defaults are also used to set ""match"" permission rules. To see list of fields, go to ""Customize Form"".","Εισάγετε πεδία προκαθορισμένη τιμή (πλήκτρα) και αξίες. Εάν προσθέσετε πολλές τιμές για έναν τομέα, ο πρώτος θα πάρει. Αυτές οι προεπιλογές χρησιμοποιούνται επίσης για να ρυθμίσετε το &quot;παιχνίδι&quot; κανόνες άδεια. Για να δείτε τη λίστα των πεδίων, πηγαίνετε στο &quot;Προσαρμογή Μορφή&quot;.",
"Enter static url parameters here (Eg. sender=ERPNext, username=ERPNext, password=1234 etc.)","Εισάγετε στατικές παραμέτρους url εδώ (π.Χ. Αποστολέα = erpnext, όνομα = erpnext, password = 1234 κλπ.)",
Enter url parameter for message,Εισάγετε παράμετρο url για το μήνυμα,
Enter url parameter for receiver nos,Εισάγετε παράμετρο url για αριθμούς παραλήπτη,
Error,Σφάλμα,
Error Log,Αρχείο καταγραφής σφαλμάτων,
Error Message,Μήνυμα λάθους,
Event,Συμβάν,
Event Category,Κατηγορία εκδηλώσεων,
Event Participants,Συμμετέχοντες στην εκδήλωση,
Event Type,Τύπος συμβάντος,
Everyone,Όλοι,
"Ex: ""colors"": [""#d1d8dd"", ""#ff5858""]","Π.χ .: &quot;χρώματα&quot;: [&quot;# d1d8dd&quot;, &quot;# ff5858&quot;]",
Example,Παράδειγμα,
"Example: ""/desk""",Παράδειγμα: &quot;/ γραφείο&quot;,
Example: #Tree/Account,Παράδειγμα: # Δέντρο / Λογαριασμός,
Example: 00001,Παράδειγμα: 00001,
Example: {{ subject }},Παράδειγμα: {{θέμα}},
Excel,Προέχω,
Exception,Εξαίρεση,
Execute,Εκτέλεση,
Expert,Ειδικός,
Expiration time,ώρα λήξης,
Expire Notification On,Λήγουν ειδοποίηση στην,
Expired,Έληξε,
Expires In,Λήγει σε,
Expires On,Λήγει στις,
Expiry time of QR Code Image Page,Χρόνος λήξης της σελίδας QR Code Image,
Export,Εξαγωγή,
Export From,Εξαγωγή από,
Expose Recipients,εκθέτουν Παραλήπτες,
"Expression, Optional","Έκφραση, προαιρετικά",
Facebook,Facebook,
Failed,Αποτυχία,
FavIcon,Favicon,
Fax,Φαξ,
Featured,Επιλεγμένο,
Feedback,Ανατροφοδότηση,
Feedback Request,feedback Αίτηση,
Fetch From,Λήψη από,
Field,Πεδίο,
Field Description,Περιγραφή πεδίου,
Field Name,Όνομα πεδίου,
Field To Check,Πεδίο για έλεγχο,
Field Type,Τύπος πεδίου,
"Field that represents the Workflow State of the transaction (if field is not present, a new hidden Custom Field will be created)","Πεδίο που αντιπροσωπεύει την κατάσταση ροής εργασίας της συναλλαγής (εάν το πεδίο δεν υπάρχει, ένα νέο κρυφό προσαρμοσμένο πεδίο θα δημιουργηθεί)",
Field to Track,Πεδίο για παρακολούθηση,
Fieldname,Όνομα πεδίου,
Fields,Πεδία,
Fields Multicheck,Πεδία Multilack,
"Fields separated by comma (,) will be included in the ""Search By"" list of Search dialog box","Τα πεδία που χωρίζονται με κόμμα (,) θα περιληφθούν στο πρόγραμμα &quot;Αναζήτηση Με&quot; λίστα παράθυρο διαλόγου Αναζήτηση",
Fieldtype,Τύπος πεδίου,
File,Αρχείο,
File Backup,Αρχείο αντιγράφων ασφαλείας,
File Information,Πληροφορίες αρχείου,
File Name,Όνομα αρχείου,
File Size,Μέγεθος αρχείου,
File Type,Τύπος αρχείου,
File URL,Url αρχείου,
Files,αρχεία,
Filter Data,Φιλτράρετε δεδομένα,
Filter List,Λίστα φίλτρων,
Filter Meta,Φίλτρο Meta,
Filter Name,Όνομα φίλτρου,
Filter Values,Τιμές φίλτρου,
Filters,Φίλτρα,
Filters Configuration,Διαμόρφωση φίλτρων,
Filters Display,φίλτρα οθόνης,
Filters JSON,Φίλτρα JSON,
Filters Section,Ενότητα φίλτρων,
"Filters will be accessible via <code>filters</code>. <br><br>Send output as <code>result = [result]</code>, or for old style <code>data = [columns], [result]</code>","Τα φίλτρα θα είναι προσβάσιμα μέσω <code>filters</code> .<br><br> Αποστολή εξόδου ως <code>result = [result]</code> ή για παλιά <code>data = [columns], [result]</code> στυλ <code>data = [columns], [result]</code>",
Finished,Τετελεσμένος,
First Name,Όνομα,
First Success Message,Πρώτο μήνυμα επιτυχίας,
Flag,Σημαία,
Float,Κινητής υποδιαστολής,
Float Precision,Ακρίβεια αριθμού κινητής υποδιαστολής,
Fold,Αναδίπλωση,
Folder,Φάκελος,
Font,Γραμματοσειρά,
Font Properties,Ιδιότητες γραμματοσειράς,
Font Size,Μέγεθος γραμματοσειράς,
Fonts,Γραμματοσειρές,
Footer,Υποσέλιδο,
Footer HTML,Υποσέλιδο HTML,
Footer Items,Αντικείμενα υποσέλιδου,
Footer Logo,Λογότυπο υποσέλιδου,
Footer Template,Πρότυπο υποσέλιδου,
Footer Template Values,Τιμές προτύπου υποσέλιδου,
Footer will display correctly only in PDF,Το υποσέλιδο θα εμφανίζεται σωστά μόνο σε PDF,
For DocType Link / DocType Action,Για ενέργεια DocType Link / DocType,
For Document Event,Για το συμβάν εγγράφων,
For User,για χρήστη,
For Value,Για την τιμή,
For example: {} Open,Για παράδειγμα: {} Άνοιγμα,
"For help see <a href=""https://frappeframework.com/docs/user/en/guides/portal-development/web-forms"" target=""_blank"">Client Script API and Examples</a>","Για βοήθεια, δείτε το <a href=""https://frappeframework.com/docs/user/en/guides/portal-development/web-forms"" target=""_blank"">Client Script API και τα παραδείγματα</a>",
"For more information, <a class=""text-muted"" href=""https://erpnext.com/docs/user/manual/en/setting-up/email/linking-emails-to-document"">click here</a>.","Για περισσότερες πληροφορίες, <a class=""text-muted"" href=""https://erpnext.com/docs/user/manual/en/setting-up/email/linking-emails-to-document"">κάντε κλικ εδώ</a> .",
Force,Δύναμη,
Force Show,δύναμη Εμφάνιση,
Force User to Reset Password,Αναγκάστε τον χρήστη να επαναφέρει τον κωδικό πρόσβασης,
Form Settings,Ρυθμίσεις φόρμας,
Form URL-Encoded,Μορφή URL κωδικοποιημένη,
Format,Μορφή,
Format Data,Μορφοποίηση δεδομένων,
Forward To Email Address,Προώθηση στις διευθύνσεις ηλεκτρονικού ταχυδρομείου,
Fraction,Κλάσμα,
Fraction Units,Μονάδες κλάσματος,
Frappe,Φραπέ,
Frequency,Συχνότητα,
Friday,Παρασκευή,
From,Από,
From Date,Από ημερομηνία,
From Date Field,Από το πεδίο ημερομηνίας,
From Full Name,Από Ονοματεπώνυμο,
From User,Από τον χρήστη,
Full,Γεμάτος,
Full Name,Ονοματεπώνυμο,
Full Width,Πλήρες πλάτος,
Function,Λειτουργία,
GMail,Gmail,
Gantt,Gantt,
Gender,Φύλο,
Generate Keys,Δημιουργία κλειδιών,
Geo,Γεωγραφία,
Geolocation,Γεωγραφική θέση,
Get Contacts,Λήψη επαφών,
Get your globally recognized avatar from Gravatar.com,Πάρτε παγκοσμίως αναγνωρισμένο avatar σας από Gravatar.com,
Git Branch,Git Branch,
GitHub,Github,
Global Search DocType,Παγκόσμια αναζήτηση DocType,
Global Search Settings,Ρυθμίσεις παγκόσμιας αναζήτησης,
Global Unsubscribe,Παγκόσμια Διαγραφή,
Go to Page,Πήγαινε στην σελίδα,
Google,Google,
Google Analytics Anonymize IP,Google Analytics ανώνυμο IP,
Google Analytics ID,Google analytics ID,
Google Calendar,Το Ημερολόγιο Google,
Google Calendar Event ID,Αναγνωριστικό συμβάντος Google Calendar,
Google Calendar ID,Αναγνωριστικό Ημερολογίου Google,
Google Contacts,Επαφές Google,
Google Contacts Id,Αναγνωριστικό επαφών Google,
Google Drive,Google drive,
Google Font,Γραμματοσειρά Google,
Google Settings,Ρυθμίσεις Google,
Google Snippet Preview,Προεπισκόπηση αποσπάσματος Google,
Grant Type,Είδος επιδότησης,
Green,Πράσινος,
Group,Ομάδα,
Group By,Ομάδα με,
Group By Based On,Ομάδα βάσει βάση,
Group By Type,Ομάδα κατά τύπο,
Guest,Επισκέπτης,
HH:mm,HH: mm,
HH:mm:ss,HH: mm: ss,
HTML,HTML,
HTML Editor,HTML Editor,
HTML Page,Σελίδα HTML,
HTML for header section. Optional,Html για την ενότητα της κεφαλίδας. Προαιρετικός,
Half,Ήμισυ,
Half Yearly,Εξαμηνιαία,
Half-yearly,Εξαμηνιαία,
Has  Attachment,έχει Συνημμένο,
Has Domain,Έχει τομέα,
Has Role,έχει ρόλος,
Has Web View,Έχει Web Προβολή,
Header,Κεφαλίδα,
Header HTML,Header HTML,
Header and Breadcrumbs,Κεφαλίδα και ψωμιά,
Headers,Κεφαλίδες,
Heading,Επικεφαλίδα,
Heatmap,Χάρτης θερμότητας,
Help,Βοήθεια,
Help Article,Βοήθεια άρθρο,
Help Articles,άρθρα Βοήθειας,
Help Category,Βοήθεια Κατηγορία,
Help Dropdown,Βοήθεια αναπτυσσόμενο μενού,
Help HTML,Βοήθεια ΗΤΜΛ,
Helvetica,Helvetica,
Hidden,κεκρυμμένος,
Hide,Κρύβω,
Hide Block,Απόκρυψη αποκλεισμού,
Hide Border,Απόκρυψη περιγράμματος,
Hide CTA,Απόκρυψη CTA,
Hide Copy,Απόκρυψη αντιγράφου,
Hide Custom DocTypes and Reports,Απόκρυψη προσαρμοσμένων τύπων εγγράφων και αναφορών,
Hide Days,Απόκρυψη ημερών,
Hide Footer Signup,Απόκρυψη Υποσέλιδο Εγγραφή,
Hide Login,Απόκρυψη σύνδεσης,
Hide Seconds,Απόκρυψη δευτερολέπτων,
Hide Standard Menu,Απόκρυψη Πρότυπο Μενού,
Hide footer in auto email reports,Απόκρυψη υποσέλιδου στις αναφορές μηνυμάτων ηλεκτρονικού ταχυδρομείου,
High,Υψηλός,
Higher priority rule will be applied first,Ο κανόνας υψηλότερης προτεραιότητας θα εφαρμοστεί πρώτα,
Highlight,Επισήμανση,
Home,Αρχική,
Home Page,Αρχική σελίδα,
Home Settings,Αρχική Ρυθμίσεις,
Hourly,Ωριαίος,
Hourly Long,Ωριαία,
Hourly rate limit for generating password reset links,Όριο ωριαίας τιμής για τη δημιουργία συνδέσμων επαναφοράς κωδικού πρόσβασης,
"How should this currency be formatted? If not set, will use system defaults","Πώς θα πρέπει αυτό το νόμισμα να μορφοποιηθεί; Αν δεν έχει οριστεί, θα χρησιμοποιήσει τις προεπιλογές του συστήματος",
ID (name) of the entity whose property is to be set,Id (όνομα) της οντότητας της οποίας η ιδιότητα είναι να καθοριστεί,
IP Address,Διεύθυνση IP,
Icon,Εικόνισμα,
Icon will appear on the button,Το εικονίδιο θα εμφανιστεί στο κουμπί,
Identity Details,Στοιχεία ταυτότητας,
Idx,idx,
"If Apply Strict User Permission is checked and User Permission is defined for a DocType for a User, then all the documents where value of the link is blank, will not be shown to that User","Εάν επιλεγεί η άδεια χρήσης αυστηρού χρήστη και η άδεια χρήστη είναι ορισμένη για ένα έγγραφο τύπου DocType για έναν χρήστη, τότε όλα τα έγγραφα όπου η τιμή του συνδέσμου είναι κενή, δεν θα εμφανίζονται στον εν λόγω χρήστη",
If Checked workflow status will not override status in list view,"Αν είναι ελεγμένο για την κατάσταση της ροής εργασίας, δεν θα αντικαταστήσει την κατάσταση στην προβολή λίστας",
"If Icon is set, it will be shown instead of Label","Εάν έχει οριστεί το εικονίδιο, θα εμφανίζεται αντί για ετικέτα",
"If checked, all other workflows become inactive.","Εάν είναι επιλεγμένο, όλες οι άλλες ροές εργασίας γίνονται ανενεργές.",
"If checked, users will not see the Confirm Access dialog.","Αν επιλεγεί, οι χρήστες δεν θα δείτε το παράθυρο διαλόγου Επιβεβαίωση πρόσβασης.",
"If disabled, this role will be removed from all users.","Αν απενεργοποιηθεί, ο ρόλος αυτός θα πρέπει να αφαιρεθεί από όλους τους χρήστες.",
"If enabled,  user can login from any IP Address using Two Factor Auth, this can also be set for all users in System Settings","Εάν είναι ενεργοποιημένη, ο χρήστης μπορεί να συνδεθεί από οποιαδήποτε διεύθυνση IP χρησιμοποιώντας το στοιχείο Two Factor Auth, αυτό μπορεί επίσης να οριστεί για όλους τους χρήστες στις Ρυθμίσεις συστήματος",
"If enabled, all users can login from any IP Address using Two Factor Auth. This can also be set only for specific user(s) in User Page","Εάν είναι ενεργοποιημένη, όλοι οι χρήστες μπορούν να συνδεθούν από οποιαδήποτε διεύθυνση IP χρησιμοποιώντας την επιλογή Two Factor Auth. Αυτό μπορεί επίσης να οριστεί μόνο για συγκεκριμένους χρήστες στη σελίδα χρήστη",
"If enabled, changes to the document are tracked and shown in timeline","Αν είναι ενεργοποιημένη, οι αλλαγές στο έγγραφο παρακολουθούνται και εμφανίζονται στη χρονολογική σειρά",
"If enabled, document views are tracked, this can happen multiple times","Εάν είναι ενεργοποιημένη, οι προβολές εγγράφων παρακολουθούνται, αυτό μπορεί να συμβεί πολλές φορές",
"If enabled, the document is marked as seen, the first time a user opens it","Εάν είναι ενεργοποιημένο, το έγγραφο επισημαίνεται όπως φαίνεται, την πρώτη φορά που το ανοίγει ένας χρήστης",
"If enabled, the notification will show up in the notifications dropdown on the top right corner of the navigation bar.","Εάν είναι ενεργοποιημένη, η ειδοποίηση θα εμφανίζεται στο αναπτυσσόμενο μενού ειδοποιήσεων στην επάνω δεξιά γωνία της γραμμής πλοήγησης.",
"If enabled, the password strength will be enforced based on the Minimum Password Score value. A value of 2 being medium strong and 4 being very strong.","Αν είναι ενεργοποιημένη, η ισχύς του κωδικού θα επιβληθεί με βάση την τιμή του ελάχιστου αριθμού κωδικού πρόσβασης. Μια τιμή 2 είναι μέτρια ισχυρή και 4 είναι πολύ ισχυρή.",
"If enabled, users who login from Restricted IP Address, won't be prompted for Two Factor Auth","Εάν είναι ενεργοποιημένη, οι χρήστες που εισέρχονται από την Περιορισμένη διεύθυνση IP, δεν θα σας ζητηθεί η επιλογή Two Factor Auth",
"If enabled, users will be notified every time they login. If not enabled, users will only be notified once.","Εάν είναι ενεργοποιημένη, οι χρήστες θα ενημερώνονται κάθε φορά που θα συνδεθούν. Εάν δεν είναι ενεργοποιημένη, οι χρήστες θα ειδοποιηθούν μόνο μία φορά.",
If non standard port (e.g. 587),Αν μη τυπική θύρα (π.Χ. 587),
"If non standard port (e.g. 587). If on Google Cloud, try port 2525.","Εάν δεν είναι τυποποιημένη θύρα (π.χ. 587). Εάν στο Google Cloud, δοκιμάστε τη θύρα 2525.",
"If non-standard port (e.g. POP3: 995/110, IMAP: 993/143)","Εάν η μη τυπική θύρα (π.χ. POP3: 995/110, IMAP: 993/143)",
"If not set, the currency precision will depend on number format","Εάν δεν έχει οριστεί, η ακρίβεια νομίσματος θα εξαρτηθεί από τη μορφή αριθμού",
"If the user has any role checked, then the user becomes a ""System User"". ""System User"" has access to the desktop","Εάν ο χρήστης δεν έχει κανένα ρόλο ελεγχθεί, τότε ο χρήστης γίνεται ένα &quot;Χρήστης Συστήματος». &quot;Ο χρήστης του συστήματος&quot; έχει πρόσβαση στην επιφάνεια εργασίας",
If user is the owner,Εάν ο χρήστης είναι ο ιδιοκτήτης,
"If you set this, this Item will come in a drop-down under the selected parent.","Αν ορίσετε αυτό, αυτό το είδος θα έρθει σε ένα πεδίο drop-down κάτω από τον επιλεγμένο γονέα.",
"If your data is in HTML, please copy paste the exact HTML code with the tags.","Εάν τα δεδομένα σας είναι σε μορφή HTML, παρακαλούμε αντιγράψτε επικολλήστε την ακριβή κώδικα HTML με τις ετικέτες.",
Ignore User Permissions,Αγνοήστε τα δικαιώματα χρήστη,
Ignore XSS Filter,Αγνοήστε XSS φίλτρο,
Ignore attachments over this size,Αγνοήστε τα συνημμένα πάνω από αυτό το μέγεθος,
Ignored Apps,Εφαρμογές που αγνοήθηκαν,
Image,Εικόνα,
Image Field,Το πεδίο εικόνα,
Image Link,Σύνδεσμος εικόνας,
Implicit,Σιωπηρή,
Import,Εισαγωγή,
Import File,Εισαγωγή αρχείου,
Import File Errors and Warnings,Εισαγωγή σφαλμάτων και προειδοποιήσεων αρχείων,
Import Log,Αρχείο καταγραφής εισαγωγής,
Import Log Preview,Εισαγωγή προεπισκόπησης πρωτοκόλλου,
Import Preview,Προεπισκόπηση προεπισκόπησης,
Import Type,Τύπος εισαγωγής,
Import Warnings,Προειδοποιήσεις εισαγωγής,
Import from Google Sheets,Εισαγωγή από τα Υπολογιστικά φύλλα Google,
In Days,Στις Ημέρες,
In Filter,Στο φίλτρο,
In Global Search,Στην Σφαιρική Αναζήτηση,
In List View,Στην προβολή λίστας,
In Preview,Στην προεπισκόπηση,
In Reply To,Σε απάντηση της,
In Standard Filter,Στο Πρότυπο Φίλτρο,
In points. Default is 9.,Στα σημεία. Η προεπιλογή είναι 9.,
In seconds,Σε δευτερόλεπτα,
Inbox,Inbox,
Inbox User,Χρήστης εισερχομένων,
Include Search in Top Bar,Συμπεριλάβετε Αναζήτηση στο Top Bar,
Include Web View Link in Email,Αποστολή εγγράφου Σύνδεσμος προβολής ιστού σε email,
Index,Δείκτης,
Index Web Pages for Search,Ευρετήριο ιστοσελίδων για αναζήτηση,
Indexing Authorization Code,Κωδικός εξουσιοδότησης ευρετηρίου,
Indexing Refresh Token,Ευρετήριο ανανέωσης κουπονιού,
Indicator,Δείκτης,
Indicator Color,Χρώμα δείκτη,
Info,Πληροφορίες,
Initial Sync Count,Αρχική Sync Καταμέτρηση,
InnoDB,InnoDB,
Insert After,Εισαγωγή μετά την,
Insert New Records,Εισάγετε νέες εγγραφές,
Insert Style,Εισαγωγή style,
Installed Application,Εγκατεστημένη εφαρμογή,
Installed Applications,Εγκατεστημένες εφαρμογές,
Int,Ακέραιος,
Integration Request,Αίτηση ολοκλήρωσης,
Integrations,Ενσωματώσεις,
Integrations can use this field to set email delivery status,Εντάξεις να χρησιμοποιήσετε αυτό το πεδίο για να ορίσετε την κατάσταση παράδοσης e-mail,
Interests,Ενδιαφέροντα,
Intermediate,Ενδιάμεσος,
Internal record of document shares,Εσωτερική εγγραφή των κοινοποιήσεων εγγράφου,
Introduce your company to the website visitor.,Συστήστε την εταιρεία σας στον επισκέπτη της ιστοσελίδας,
Introduction,Εισαγωγή,
Introductory information for the Contact Us Page,Εισαγωγικές πληροφορίες για την σελίδα επικοινωνίας,
Invalid,Άκυρος,
Inverse,Αντίστροφος,
Is Active,Είναι ενεργό,
Is Attachments Folder,Είναι Συνημμένα Φάκελος,
Is Billing Contact,Είναι επαφή χρέωσης,
Is Child Table,Είναι θυγατρικός πίνακας,
Is Complete,Ειναι ΟΛΟΚΛΗΡΩΜΕΝΟ,
Is Completed,έχει ολοκληρωθεί,
Is Custom Field,Είναι Προσαρμοσμένο πεδίο,
Is Default,Είναι προεπιλογή,
Is Folder,Είναι Φάκελος,
Is Home Folder,Είναι Προσωπικόςφάκελος,
Is Mandatory Field,Είναι υποχρεωτικό πεδίο,
Is Optional State,Είναι προαιρετική κατάσταση,
Is Primary,Είναι πρωτογενής,
Is Primary Contact,Είναι η κύρια επαφή,
Is Primary Mobile,Είναι πρωτεύον κινητό,
Is Primary Phone,Είναι το πρωτεύον τηλέφωνο,
Is Private,Είναι ιδιωτικό,
Is Public,Είναι δημόσιο,
Is Published Field,Δημοσιεύεται πεδίο,
Is Single,Είναι μονό,
Is Skipped,Έχει παραλειφθεί,
Is Spam,είναι Spam,
Is Standard,Είναι πρότυπο,
Is Submittable,Είναι υποβλητέο,
Is Table,είναι πίνακας,
Is Tree,Είναι δέντρο,
Is Unique,Είναι μοναδικό,
Is Your Company Address,Η εταιρεία σας Διεύθυνση,
Item Label,Ετικέτα στοιχείου,
Item Type,Τύπος αντικειμένου,
JS,JS,
JSON,JSON,
JSON Request Body,Οργανισμός αιτήματος JSON,
JavaScript,JavaScript,
JavaScript Format: frappe.query_reports['REPORTNAME'] = {},JavaScript Format: frappe.query_reports['REPORTNAME'] = {},
Javascript,Javascript,
Jinja,Jinja,
Kanban,Kanban,
Kanban Board,Kanban Διοικητικό συμβούλιο,
Kanban Board Column,Kanban Διοικητικό Στήλη,
Kanban Board Name,Όνομα Kanban Διοικητικό Συμβούλιο,
Keep track of all update feeds,Παρακολουθήστε όλες τις ροές ενημέρωσης,
Keeps track of all communications,Παρακολουθεί όλες τις επικοινωνίες,
Key,Κλειδί,
Keyboard Shortcuts,Συντομεύσεις πληκτρολογίου,
Knowledge Base Contributor,Knowledge Base Συντελεστής,
Knowledge Base Editor,Γνώση Επεξεργαστής Βάσης,
LDAP Email Field,LDAP Email πεδίο,
LDAP First Name Field,LDAP Όνομα πεδίο,
LDAP Group,Ομάδα LDAP,
LDAP Group Field,Πεδίο ομάδας LDAP,
LDAP Group Mapping,Ομαδοποίηση ομάδας LDAP,
LDAP Group Mappings,Ομαδοποιήσεις ομάδας LDAP,
LDAP Last Name Field,Πεδίο ονομάτων LDAP,
LDAP Middle Name Field,Πεδίο μεσαίου ονόματος LDAP,
LDAP Mobile Field,LDAP Mobile Field,
LDAP Phone Field,Πεδίο τηλεφώνου LDAP,
LDAP Search String,LDAP Αναζήτηση String,
LDAP Security,Ασφάλεια LDAP,
LDAP Server Url,LDAP URL διεύθυνση του διακομιστή,
LDAP Settings,Ρυθμίσεις LDAP,
LDAP User Creation and Mapping,Δημιουργία και χαρτογράφηση του χρήστη LDAP,
LDAP Username Field,LDAP Όνομα Χρήστη πεδίο,
Label,Ετικέτα,
Label Help,Βοήθεια ετικέτας,
Label and Type,Ετικέτα και τύπος,
Landing Page,Σελίδα προσέλευσης,
Language,Γλώσσα,
Language Code,Κωδικός γλώσσας,
Language Name,γλώσσα Όνομα,
Last Active,Τελευταία σύνδεση,
Last Backup On,Τελευταία δημιουργία αντιγράφων ασφαλείας,
Last Execution,Τελευταία εκτέλεση,
Last IP,Τελευταία IP,
Last Known Versions,Τελευταία Γνωστές εκδόσεις,
Last Login,Τελευταία είσοδος,
Last Month,Τον προηγούμενο μήνα,
Last Name,Επώνυμο,
Last Password Reset Date,Τελευταία ημερομηνία επαναφοράς κωδικού πρόσβασης,
Last Point Allocation Date,Ημερομηνία Κατανομής Τελευταίου Σημείου,
Last Quarter,Τελευταίο τέταρτο,
Last Sync On,Ο τελευταίος συγχρονισμός είναι ενεργοποιημένος,
Last Synced On,Τελευταία συγχρονισμένη φορά,
Last User,Τελευταίος χρήστης,
Last Week,Την προηγούμενη εβδομάδα,
Last Year,Πέρυσι,
Lead Conversion Time,Χρόνος μετατροπής μολύβδου,
Leaderboard,Leaderboard,
Leave blank to repeat always,Αφήστε το κενό για να επαναλαμβάνεται πάντα,
Ledger,Καθολικό,
Left,Αριστερά,
Legal,Νομικός,
Length,Μήκος,
Letter,Επιστολή,
Letter Head,Επικεφαλίδα επιστολόχαρτου,
Letter Head Based On,Επιστολή Head Based On,
Letter Head Image,Εικόνα επικεφαλής επιστολής,
Letter Head Name,Όνομα κεφαλίδας επιστολόχαρτου,
Letter Head in HTML,Κεφαλίδα επιστολόχαρτου σε html,
Level,Επίπεδο,
Level Name,Όνομα επιπέδου,
License,Αδεια,
Light Color,Ανοιχτό χρώμα,
Like,Αρέσει,
Likes,Μου αρέσουν,
Limit,Όριο,
Limit Number of DB Backups,Περιορίστε τον αριθμό των αντιγράφων ασφαλείας DB,
Line,Γραμμή,
Link,Σύνδεσμος,
Link Cards,Κάρτες συνδέσμων,
Link DocType,DocType σύνδεσμο,
Link Document Type,Τύπος εγγράφου συνδέσμου,
Link Fieldname,Link Όνομα πεδίου,
Link Name,Όνομα σύνδεσμο,
Link Title,Τίτλος Σύνδεσμος,
Link To,Συνδέω με,
Link to the page you want to open. Leave blank if you want to make it a group parent.,Σύνδεσμο προς τη σελίδα που θέλετε να ανοίξετε. Αφήστε κενό αν θέλετε να γίνει μια ομάδα γονέων κάνουν.,
Linked,Συνδέεται,
Linked Documents,Linked Documents,
Links,Σύνδεσμοι,
List,Λίστα,
List Filter,Λίστα φίλτρου,
List Settings,Ρυθμίσεις λίστας,
List View Settings,Ρυθμίσεις προβολής λίστας,
"List as [{""label"": _(""Jobs""), ""route"":""jobs""}]","Λίστα σαν [{ &quot;label&quot;: _ &quot;διαδρομή&quot; ( &quot;Jobs&quot;), &quot;θέσεις εργασίας&quot;}]",
List of patches executed,Λίστα των δημοσιεύσεων του φόρουμ της ιστοσελίδας.,
Load Balancing,Εξισορρόπηση φορτίου,
Location,Τοποθεσία,
Log,Κούτσουρο,
Log Data,Δεδομένα καταγραφής,
Log Setting User,Χρήστης ρύθμισης καταγραφής,
Log Settings,Ρυθμίσεις καταγραφής,
Login,Σύνδεση,
Login After,Είσοδος μετά,
Login Before,Είσοδος πριν από,
Login Required,Απαιτείται σύνδεση,
Logo Width,Πλάτος λογότυπου,
Logout,Αποσύνδεση,
Logout All Sessions on Password Reset,Αποσύνδεση όλων των περιόδων σύνδεσης με επαναφορά κωδικού πρόσβασης,
Logout From All Devices After Changing Password,Αποσύνδεση από όλες τις συσκευές μετά την αλλαγή κωδικού πρόσβασης,
Long Text,Μεγάλο κείμενο,
Low,Χαμηλός,
Main Section,Κύριο τμήμα,
Main Section (HTML),Κύρια ενότητα (HTML),
Main Section (Markdown),Κύρια ενότητα (Markdown),
Maintenance Manager,Υπεύθυνος συντήρησης,
Maintenance User,Χρήστης συντήρησης,
"Make ""name"" searchable in Global Search",Κάντε &quot;όνομα&quot; αναζήτηση σε Σφαιρική Αναζήτηση,
Mandatory,Υποχρεωτικό,
Mandatory Depends On,Υποχρεωτική εξαρτάται από,
Map route parameters into form variables. Example <code>/project/&lt;name&gt;</code>,Χάρτης παραμέτρων διαδρομής σε μεταβλητές φόρμας. Παράδειγμα <code>/project/&lt;name&gt;</code>,
Markdown,Κώδικας σελίδας,
Markdown Editor,Markdown Editor,
Marked As Spam,Επισημανθεί ως ανεπιθύμητο,
Max 500 records at a time,Max 500 αρχεία σε έναν χρόνο,
Max Attachment Size (in MB),Max Συνημμένο Μέγεθος (σε MB),
Max Attachments,Μέγιστα συνημμένα,
Max Length,Μέγιστο μήκος,
Max Value,Μέγιστη τιμή,
Maximum,Το μέγιστο,
Maximum Number of Fields,Μέγιστος αριθμός πεδίων,
Maximum Points,Μέγιστοι βαθμοί,
Medium,Μέσο,
Meeting,Συνάντηση,
Mention,Αναφέρω,
Mentions,Αναφέρει,
Message,Μήνυμα,
Message (HTML),Μήνυμα (HTML),
Message (Markdown),Μήνυμα (Markdown),
Message Examples,Παραδείγματα μηνύματος,
Message ID,μήνυμα ID,
Message Parameter,Παράμετρος στο μήνυμα,
Message-id,Μήνυμα-id,
Meta Description,Μετα-περιγραφή,
Meta Image,Μετα-εικόνα,
Meta Tags,Meta Tags,
Meta Title,Μετα τίτλος,
Method,Μέθοδος,
Middle Name,Μεσαίο όνομα,
Milestone,Ορόσημο,
Milestone Tracker,Παρακολούθηση ορόσημων,
Minimum,Ελάχιστο,
Minimum Password Score,Ελάχιστη βαθμολογία κωδικού πρόσβασης,
Mobile No,Αρ. Κινητού,
Module,Μονάδα μέτρησης,
Module Def,Ορισμός λειτουργικής μονάδας,
Module Name,Όνομα λειτουργικής μονάδας,
Module Onboarding,Ενότητα Ενσωμάτωση,
Modules HTML,Ενότητες HTML,
Monday,Δευτέρα,
Monospace,Monospace,
Monthly,Μηνιαίος,
Monthly Long,Μηνιαία μακρά,
More Information,Περισσότερες πληροφορίες,
More content for the bottom of the page.,Περισσότερο περιεχόμενο για το κάτω μέρος της σελίδας.,
Multiplier Field,Πολλαπλασιαστικό πεδίο,
Must be a publicly accessible Google Sheets URL,Πρέπει να είναι μια δημόσια προσβάσιμη διεύθυνση URL των Φύλλων Google,
"Must be of type ""Attach Image""",Πρέπει να είναι του τύπου &quot;Επισύναψη εικόνας&quot;,
Mute Sounds,Σίγαση Ήχοι,
MyISAM,MyISAM,
Name,Όνομα,
Naming,Ονομασία,
Naming Series,Σειρά ονομασίας,
Navbar,Navbar,
Navbar Item,Στοιχείο Navbar,
Navbar Settings,Ρυθμίσεις Navbar,
Navbar Template,Πρότυπο Navbar,
Navbar Template Values,Τιμές προτύπου Navbar,
New,Νέος,
New Name,Νέο Όνομα,
New value to be set,Νέα τιμή που θα καθοριστεί,
Newsletter,Ενημερωτικό δελτίο,
Newsletter Email Group,Ενημερωτικό Δελτίο Email Ομάδα,
Newsletter Manager,Ενημερωτικό Δελτίο Διευθυντής,
Next Action Email Template,Επόμενο πρότυπο ηλεκτρονικού ταχυδρομείου δράσης,
Next Actions HTML,Επόμενες ενέργειες HTML,
Next Schedule Date,Επόμενη ημερομηνία προγραμματισμού,
Next State,Επόμενη κατάσταση,
Next Sync Token,Επόμενο στοίχημα συγχρονισμού,
No,Οχι,
No Copy,Δεν υπάρχει αντίγραφο,
No of Requested SMS,Αρ. SMS που ζητήθηκαν,
No of Rows (Max 500),Αριθμός σειρών (Max 500),
No of Sent SMS,Αρ. Απεσταλμένων SMS,
Non Negative,Μη αρνητικό,
None,Κανένας,
Not Sent,Δεν απεστάλη,
Note,Σημείωση,
Note Seen By,Σημείωση φαίνεται από το,
Note: By default emails for failed backups are sent.,"Σημείωση: Από προεπιλογή, στέλνονται μηνύματα ηλεκτρονικού ταχυδρομείου για αποτυχημένα αντίγραφα ασφαλείας.",
"Note: For best results,  images must be of the same size and width must be greater than height.","Σημείωση: Για καλύτερα αποτελέσματα, οι εικόνες πρέπει να έχουν το ίδιο μέγεθος και το πλάτος πρέπει να είναι μεγαλύτερο από το ύψος.",
Note: Multiple sessions will be allowed in case of mobile device,Σημείωση: Πολλαπλές συνεδρίες θα επιτρέπεται στην περίπτωση της κινητής συσκευής,
Notification,Κοινοποίηση,
Notification Log,Μητρώο ειδοποιήσεων,
Notification Recipient,Παραλήπτης ειδοποίησης,
Notification Settings,Ρυθμίσεις ειδοποιήσεων,
Notification Subscribed Document,Εγγραφή εγγράφου,
Notifications,Ειδοποιήσεις,
Notifications and bulk mails will be sent from this outgoing server.,Οι ειδοποιήσεις και τα μαζικά email θα πρέπει να στέλνονται από αυτόν τον διακομιστή εξερχόμενης αλληλογραφίας.,
Notify Users On Every Login,Ειδοποιήστε τους χρήστες σε κάθε σύνδεση,
Notify by Email,Ειδοποίηση μέσω ηλεκτρονικού ταχυδρομείου,
Notify by email,Ειδοποίηση με e-mail,
Notify if unreplied,Ειδοποίηση αν μη απαντημένα,
Notify if unreplied for (in mins),Ειδοποίηση αν μη απαντημένα για (σε λεπτά),
Notify users with a popup when they log in,Ειδοποίηση για τους χρήστες με ένα popup όταν συνδεθείτε,
Number Card,Κάρτα αριθμού,
Number Card Link,Αριθμός κάρτας,
Number Cards,Αριθμός καρτών,
Number Format,Μορφοποίηση αριθμών,
Number of Backups,Αριθμός αντιγράφων ασφαλείας,
Number of DB Backups,Αριθμός αντιγράφων ασφαλείας DB,
Number of Groups,Αριθμός ομάδων,
Number of columns for a field in a Grid (Total Columns in a grid should be less than 11),Αριθμό των στηλών για ένα πεδίο σε ένα πλέγμα (Σύνολο Στήλες σε ένα πλέγμα πρέπει να είναι μικρότερο από 11),
Number of columns for a field in a List View or a Grid (Total Columns should be less than 11),Αριθμός στήλες για ένα πεδίο σε μια προβολή λίστας ή πλέγματος (Σύνολο στηλών θα πρέπει να είναι μικρότερο από 11),
OAuth Authorization Code,OAuth Κωδικός Εξουσιοδότησης,
OAuth Bearer Token,OAuth Φορέας Token,
OAuth Client,πελάτη OAuth,
OAuth Client ID,Αναγνωριστικό πελάτη OAuth,
OAuth Provider Settings,Ρυθμίσεις Provider OAuth,
OTP App,OTP App,
OTP Issuer Name,Όνομα Εκδότη OTP,
Off,Μακριά από,
Office,Γραφείο,
Office 365,Γραφείο 365,
Older backups will be automatically deleted,Παλαιότερα αντίγραφα ασφαλείας θα διαγραφούν αυτόματα,
On Hold,Σε κράτηση,
Onboarding Permission,Άδεια επιβίβασης,
Onboarding Step,Βήμα επιβίβασης,
Onboarding Step Map,Χάρτης βημάτων επιβίβασης,
"Once submitted, submittable documents cannot be changed. They can only be Cancelled and Amended.","Μόλις υποβληθούν, τα υποβληθέντα έγγραφα δεν μπορούν να τροποποιηθούν. Μπορούν μόνο να ακυρωθούν και να τροποποιηθούν.",
Only Allow Edit For,Επίτρεψε επεξεργασία μόνο για,
Only Send Records Updated in Last X Hours,Μόνο Αποστολή αρχείων ενημερώθηκε στις τελευταίες Χ ώρες,
Open,Ανοιχτό,
Open Documents,Άνοιγμα εγγράφων,
Open Reference Document,Ανοίξτε το έγγραφο αναφοράς,
Open URL in a New Tab,Άνοιγμα διεύθυνσης URL σε νέα καρτέλα,
Open a dialog with mandatory fields to create a new record quickly,Ανοίξτε ένα παράθυρο διαλόγου με υποχρεωτικά πεδία για να δημιουργήσετε γρήγορα μια νέα εγγραφή,
Opened,Άνοιξε,
Operation,Λειτουργία,
Optional: Always send to these ids. Each Email Address on a new row,Προαιρετικά: Πάντα στείλετε σε αυτές τις ταυτότητες. Κάθε διεύθυνση ηλεκτρονικού ταχυδρομείου σε μια νέα σειρά,
Optional: The alert will be sent if this expression is true,Προαιρετικά: η ειδοποίηση θα σταλεί εάν αυτή η έκφραση είναι αληθής,
Options,Επιλογές,
Options Help,Βοήθεια επιλογών,
Orange,Πορτοκάλι,
Order,Σειρά,
Org History,Ιστορικό οργανισμού,
Org History Heading,Κεφαλίδα ιστορικού οργανισμού,
Other,Άλλος,
Outlook.com,Outlook.com,
Output,Παραγωγή,
PDF Page Size,Μέγεθος σελίδας pdf,
PDF Settings,Ρυθμίσεις pdf,
Page,Σελίδα,
Page Break,Αλλαγή σελίδας,
Page Builder,Δημιουργία σελίδων,
Page Building Blocks,Σελίδες δομικών στοιχείων,
Page HTML,Html σελίδας,
Page Name,Όνομα σελίδας,
Page Settings,Ρυθμίσεις σελίδας,
Parameter,Παράμετρος,
Parent Field (Tree),Μητρικό πεδίο (δέντρο),
Parent Label,Γονική ετικέτα,
Partial Success,Μερική επιτυχία,
Participants,Οι συμμετέχοντες,
Passive,Αδρανής,
Password,Κωδικός,
Password Reset Link Generation Limit,Όριο δημιουργίας συνδέσμου επαναφοράς κωδικού πρόσβασης,
Password for Base DN,Κωδικό πρόσβασης για το DN Βάσης,
Patch,Patch,
Patch Log,Αρχείο καταγραφής patch,
Path,Μονοπάτι,
Path to CA Certs File,Διαδρομή προς το αρχείο πιστοποιητικών της CA,
Path to Server Certificate,Πιστοποιητικό διαδρομής προς διακομιστή,
Path to private Key File,Διαδρομή σε ιδιωτικό αρχείο κλειδιού,
Pending,εκκρεμής,
Pending Approval,Εκκρεμεί έγκριση,
Pending Verification,Εκκρεμεί Επαλήθευση,
Percent,Τοις εκατό,
Percentage,Τοις εκατό,
Period,Περίοδος,
Perm Level,Επίπεδο πρόσβασης,
Permanent,Μόνιμος,
Permission Level,Επίπεδο δικαιωμάτων,
Permission Rules,Κανόνες άδειας,
Permissions,Δικαιώματα,
Permitted Documents For User,Επιτρεπόμενα έγγραφα για το χρήστη,
Personal,Προσωπικός,
Personal Data Deletion Request,Αίτηση διαγραφής προσωπικών δεδομένων,
Personal Data Download Request,Αίτηση λήψης προσωπικών δεδομένων,
Phone,Τηλέφωνο,
Phone No.,Αριθμός τηλεφώνου,
Phone Number,Τηλεφωνικό νούμερο,
Pie,Πίτα,
Pincode,Κωδικός pin,
Plant,Βιομηχανικός εξοπλισμός,
Point Allocation Periodicity,Περιοδικότητα Κατανομής Σημείων,
Points,Σημεία,
Port,Θύρα,
Portal Menu,Μενού portal,
Portal Menu Item,Portal Στοιχείο Μενού,
Portal Settings,portal Ρυθμίσεις,
Position,Θέση,
Postal,Ταχυδρομικός,
Postal Code,Ταχυδρομικός Κώδικας,
Precision,Ακρίβεια,
Preferred Billing Address,Προτιμώμενη διεύθυνση χρέωσης,
Preferred Shipping Address,Προτιμώμενη διεύθυνση αποστολής,
Prefix,Πρόθεμα,
Prepared Report,Προετοιμασμένη αναφορά,
Prepared Report User,Προετοιμασμένος χρήστης αναφοράς,
Preview,Προεπισκόπηση,
Preview HTML,Preview HTML,
Preview Message,Προεπισκόπηση μηνύματος,
Previous Hash,Προηγούμενη διαγραφή,
Primary,Πρωταρχικός,
Primary Color,Πρωτογενές χρώμα,
Print,Τυπώνω,
Print Format,Μορφοποίηση εκτύπωσης,
Print Format Builder,Εργαλείο δημιουργίας μορφοποίησης εκτύπωσης,
Print Format Help,Βοήθεια για την μορφοποίηση εκτύπωσης,
Print Format Type,Τύπος μορφοποίησης εκτύπωσης,
Print Hide,Απόκρυψη εκτύπωσης,
Print Hide If No Value,Εκτύπωση Απόκρυψη Αν Όχι Αξία,
Print Server,Print Server,
Print Settings,Ρυθμίσεις εκτύπωσης,
Print Style,Στυλ εκτύπωσης,
Print Style Name,Όνομα στυλ εκτύπωσης,
Print Style Preview,Προεπισκόπηση στυλ εκτύπωσης,
Print UOM after Quantity,Εκτύπωση UOM μετά την ποσότητα,
Print Width,Πλάτος εκτύπωσης,
"Print Width of the field, if the field is a column in a table","Πλάτος εκτύπωσης του πεδίου, εάν το πεδίο είναι μια στήλη σε έναν πίνακα",
Print taxes with zero amount,Εκτυπώστε φόρους με μηδενικό ποσό,
Print with letterhead,Εκτύπωση με επιστολόχαρτο,
Printer Name,Όνομα εκτυπωτή,
Printing,Εκτύπωση,
Priority,Προτεραιότητα,
Private,Ιδιωτικός,
ProTip: Add <code>Reference: {{ reference_doctype }} {{ reference_name }}</code> to send document reference,PROTIP: Προσθέστε <code>Reference: {{ reference_doctype }} {{ reference_name }}</code> για να στείλει έγγραφο αναφοράς,
Property,Ιδιότητα,
Property Depends On,Η ιδιοκτησία εξαρτάται από,
Property Setter,Ρυθμιστής ιδιότητας,
Property Setter overrides a standard DocType or Field property,Ο ρυθμιστής ιδιότητας παρακάμπτει έναν πρότυπο τύπο εγγράφου ή μια ιδιότητα πεδίου,
Property Type,Τύπος ιδιότητας,
Provider,Προμηθευτής,
Provider Name,Ονομα πάροχου,
Public,Δημόσιο,
Publish,Δημοσιεύω,
Published,Δημοσιευμένο,
Published On,Δημοσιεύθηκε στις,
Pull from Google Calendar,Τραβήξτε από το Ημερολόγιο Google,
Pull from Google Contacts,Τραβήξτε από τις Επαφές Google,
Pulled from Google Calendar,Προέρχεται από το Ημερολόγιο Google,
Pulled from Google Contacts,Προέρχεται από τις Επαφές Google,
Purchase Manager,¥πεύθυνος αγορών,
Purchase Master Manager,Κύρια εγγραφή υπευθύνου αγορών,
Purchase User,Χρήστης αγορών,
Purple,Μωβ,
Push to Google Calendar,Πιέστε στο Ημερολόγιο Google,
Push to Google Contacts,Πατήστε στις Επαφές Google,
Quarterly,Τριμηνιαίος,
Query,Ερώτημα,
Query / Script,Ερώτημα / σενάριο,
Query Options,Επιλογές ερωτημάτων,
Query Report,Έκθεση ερωτήματος,
Queued,Στην ουρά,
Quick Entry,Γρήγορη Έναρξη,
RAW Information Log,Αρχείο καταγραφής πληροφοριών RAW,
Random,Τυχαίος,
Rating,Εκτίμηση,
Raw Commands,Αρχικές εντολές,
Raw Email,πρώτες Email,
Raw Printing,Ακατέργαστη εκτύπωση,
Read,Ανάγνωση,
Read Only,Μόνο για ανάγνωση,
Read Only Depends On,Μόνο ανάγνωση εξαρτάται από,
Read Time,Διαβάστε την ώρα,
Read by Recipient,Διαβάστε από τον παραλήπτη,
Read by Recipient On,Διαβάστε από τον παραλήπτη στις,
Reason,Αιτιολογία,
Received,Λήψη,
Receiver By Document Field,Παραλήπτης ανά πεδίο εγγράφου,
Receiver By Role,Παραλήπτης ανά ρόλο,
Receiver Parameter,Παράμετρος παραλήπτη,
Recipient,Παραλήπτης,
Recipient Unsubscribed,Παραλήπτης Αδιάθετων,
Recipients,Παραλήπτες,
Recorder,Μηχάνημα εγγραφής,
Red,Κόκκινος,
Redirect URI Bound To Auth Code,Ανακατεύθυνση URI αναγκασμένοι να Auth Code,
Redirect URIs,ανακατεύθυνση URIs,
Redirect URL,Redirect URL,
Ref DocType,Ref doctype,
Reference,Αναφορά,
Reference Date,Ημερομηνία αναφοράς,
Reference DocName,Αρχείο αναφοράς αρχείου,
Reference DocType,DocType αναφοράς,
Reference Docname,Αρχείο αναφοράς αρχείου,
Reference Doctype,Τύπος εγγράφου αναφοράς,
Reference Document,έγγραφο αναφοράς,
Reference Document Name,Όνομα εγγράφου αναφοράς,
Reference Document Type,Αναφορά Τύπος εγγράφου,
Reference Name,όνομα αναφοράς,
Reference Owner,αναφορά Ιδιοκτήτης,
Reference Report,Αναφορά αναφοράς,
Reference Type,Τύπος αναφοράς,
Reference name,Όνομα αναφοράς,
Referrer,Αναφέρων,
Refresh Google Sheet,Ανανέωση φύλλου Google,
Refresh Token,Ανανέωση Token,
Rejected,Απορρίφθηκε,
Relinked,Relinked,
Reload,Επαναφόρτωση,
Remember Last Selected Value,Θυμηθείτε Τελευταία επιλεγμένη τιμή,
Reminder,Υπενθύμιση,
Repeat On,Επανάληψη την,
Repeat Till,Επανάληψη εως,
Repeat on Day,Επαναλάβετε την Ημέρα,
Repeat on Last Day of the Month,Επαναλάβετε την τελευταία ημέρα του μήνα,
Repeat this Event,Επανάληψη αυτού του συμβάντος,
Replied,Απαντήθηκε,
Reply,Απάντηση,
Report,Έκθεση,
Report Builder,Δημιουργός εκθέσεων,
Report Column,Αναφορά στήλης,
Report Description,Περιγραφή αναφοράς,
Report Filter,Φίλτρο αναφοράς,
Report Filters,Φίλτρα έκθεση,
Report Hide,Απόκρυψη έκθεσης,
Report Information,Αναφορά πληροφοριών,
Report Manager,Διαχειριστής εκθέσεων,
Report Name,Όνομα έκθεσης,
Report Reference Doctype,Αναφορά Δείκτης αναφοράς,
Report Type,Τύπος έκθεσης,
Reports,αναφορές,
Represents a User in the system.,Αντιπροσωπεύει ένα χρήστη στο σύστημα.,
Represents the states allowed in one document and role assigned to change the state.,Αντιπροσωπεύει τις καταστάσεις που επιτρέπονται σε ένα έγγραφο και τον ρόλος που ανατίθεται να αλλάξει την κατάσταση.,
Request Data,Ζητήστε δεδομένα,
Request Structure,Δομή αιτήματος,
Request URL,Αίτημα URL,
Requested Numbers,Αιτήματα Αριθμοί,
Require Trusted Certificate,Απαιτείται αξιόπιστο πιστοποιητικό,
Reset Password Key,Επαναφορά κωδικού,
Response,Απάντηση,
Response Type,Τύπος απάντηση,
Restored,Ανακαινισμένο,
Restrict IP,Περιορισμός IP,
Restrict To Domain,Περιορισμός σε τομέα,
Restrict to Domain,Περιορίστε στον τομέα,
Restrict user from this IP address only. Multiple IP addresses can be added by separating with commas. Also accepts partial IP addresses like (111.111.111),"Περιορισμός χρηστών μόνο από αυτην τη διεύθυνση ip. Pολλαπλές διευθύνσεις ip μπορούν να προστεθούν διαχωρiσμένες με κόμμα. Eπίσης γίνονται δεκτές και μερικές διευθύνσεις ip, όπως (111.111.111)",
Retry,Ξαναδοκιμάσετε,
Reverse Icon Color,Αντίστροφη Icon Χρώμα,
Revert,Επαναστρέφω,
Revert Of,Επαναφορά του,
Reverted,Επανήλθε,
Review,Ανασκόπηση,
Review Level,Επίπεδο αναθεώρησης,
Review Levels,Επίπεδα αναθεώρησης,
Review Points,Σημεία αναθεώρησης,
Revoked,ανακλήθηκε,
Rich Text,Εμπλουτισμένο κείμενο,
Right,Δεξιά,
Robots.txt,robots.txt,
Role,Ρόλος,
Role Name,Όνομα ρόλου,
Role Permission for Page and Report,Άδεια ρόλο για την σελίδα και Έκθεση,
Role Permissions,Δικαιώματα ρόλου,
Role Permissions Manager,Διαχειριστής δικαιωμάτων ρόλου,
Role Profile,Προφίλ ρόλων,
Role and Level,Ρόλος και επίπεδο,
Roles,Ρόλοι,
Roles Assigned,Ανάθεση ρόλων,
Roles HTML,Html ρόλων,
Roles Html,Ρόλοι Html,
Round Robin,Γύρος Robin,
Route,Διαδρομή,
Route History,Ιστορικό διαδρομής,
Route Redirects,Ανακατευθύνσεις διαδρομής,
"Route: Example ""/desk""",Διαδρομή: Παράδειγμα &quot;/ γραφείο&quot;,
Row Index,Δείκτης σειράς,
Row Name,Όνομα σειράς,
Rows Added,σειρές Προστέθηκε,
Rows Removed,σειρές Αφαιρέθηκε,
Rule,Κανόνας,
Rule Conditions,Όροι κανόνα,
Rule Name,Όνομα κανόνα,
Rules defining transition of state in the workflow.,Κανόνες που καθορίζουν τη μετάβαση της κατάστασης στη ροή εργασίας.,
"Rules for how states are transitions, like next state and which role is allowed to change state etc.","Κανόνες για τη μετάβαση μεταξύ καταστάσεων, για παραάδειγμα η επόμενη και κατάσταση και ποιος ρόλος μπορεί να αλλάξει την κατάσταση, κλπ.",
Rules with higher priority number will be applied first.,Οι κανόνες με υψηλότερο αριθμό προτεραιότητας θα εφαρμοστούν πρώτα.,
Run Jobs only Daily if Inactive For (Days),Εκτέλεση εργασιών μόνο καθημερινά εάν είναι ανενεργό για (ημέρες),
Run scheduled jobs only if checked,Εκτέλεση χρονοπρογραμματισμένων εργασιών μόνο αν είναι επιλεγμένο,
S3 Backup Settings,S3 Ρυθμίσεις δημιουργίας αντιγράφων ασφαλείας,
S3 Bucket Details,Λεπτομέρειες κάδου S3,
SMS,γραπτό μήνυμα,
SMS Gateway URL,SMS gateway URL,
SMS Log,Αρχείο καταγραφής SMS,
SMS Parameter,Παράμετροι SMS,
SMS Settings,Ρυθμίσεις SMS,
SMTP Settings for outgoing emails,Ρυθμίσεις smtp για εξερχόμενα μηνύματα ηλεκτρονικού ταχυδρομείου,
"SQL Conditions. Example: status=""Open""",Όροι SQL. Παράδειγμα: κατάσταση = &quot;Άνοιγμα&quot;,
SSL/TLS Mode,Λειτουργία SSL / TLS,
Sales Manager,Διευθυντής πωλήσεων,
Sales Master Manager,Διαχειριστής κύριων εγγραφών πωλήσεων,
Sales User,Χρήστης πωλήσεων,
Salesforce,Salesforce,
Salutation,Χαιρετισμός,
Sample,Δείγμα,
Saturday,Σάββατο,
Save,Αποθήκευση,
Scheduled,Προγραμματισμένη,
Scheduled Job,Προγραμματισμένη εργασία,
Scheduled Job Log,Προγραμματισμένο αρχείο καταγραφής εργασιών,
Scheduled Job Type,Προγραμματισμένος τύπος εργασίας,
Scheduled To Send,Προγραμματισμένη για να στείλετε,
Scheduler Event,Εκδήλωση προγραμματιστή,
Scope,Πεδίο εφαρμογής,
Scopes,τηλεσκόπια,
Script,Script,
Script Manager,Διαχειριστής δέσμης ενεργειών,
Script Report,Script έκθεσης,
Script Type,Τύπος script,
Script to attach to all web pages.,Script για να επισυνάψετε σε όλες τις ιστοσελίδες.,
Search Fields,Πεδία αναζήτησης,
Search Priorities,Προτεραιότητες αναζήτησης,
Section,Ενότητα,
Section Break,Αλλαγή τμήματος,
Security Settings,Ρυθμίσεις ασφαλείας,
Seen,Επίσκεψη,
Seen By,Θεάθηκε από,
Seen By Table,Φαίνεται από τον πίνακα,
Select,Επιλογή,
Select Dashboard,Επιλέξτε Πίνακα ελέγχου,
Select Date Range,Επιλέξτε Εύρος ημερομηνιών,
Select DocType,Επιλέξτε τύπο εγγράφου,
Select Doctype,Επιλέξτε Doctype,
Select Transaction,Επιλέξτε συναλλαγή,
Select an image of approx width 150px with a transparent background for best results.,Επιλέξτε μια εικόνα πλάτους 150px περ. Με ένα διαφανές φόντο για καλύτερα αποτελέσματα.,
Select the label after which you want to insert new field.,Επιλέξτε την ετικέτα μετά την οποία θέλετε να εισαγάγετε νέο πεδίο.,
Send After,Αποστολή Μετά,
Send Alert On,Αποστολή ειδοποίησης στις,
Send Email Alert,Αποστολή ειδοποίησης μέσω ηλεκτρονικού ταχυδρομείου,
Send Email Print Attachments as PDF (Recommended),Αποστολή των συννημένων εκτυπώσεων του email ως pdf (συνιστάται),
Send Email for Successful Backup,Αποστολή ηλεκτρονικού ταχυδρομείου για επιτυχημένη δημιουργία αντιγράφων ασφαλείας,
Send Email for Successful backup,Αποστολή ηλεκτρονικού ταχυδρομείου για επιτυχημένη δημιουργία αντιγράφων ασφαλείας,
Send Me A Copy of Outgoing Emails,Στείλτε μου ένα αντίγραφο των εξερχόμενων μηνυμάτων ηλεκτρονικού ταχυδρομείου,
Send Notification To,Αποστολή ειδοποίησης σε,
Send Notification to,Στείλτε ειδοποίηση στο,
Send Notifications For Documents Followed By Me,Αποστολή ειδοποιήσεων για έγγραφα που ακολουθούν από εμένα,
Send Notifications For Email Threads,Αποστολή ειδοποιήσεων για νήματα email,
Send Notifications To,Αποστολή ενημερώσεων σε,
Send Print as PDF,Αποστολή εκτύπωσης ως pdf,
Send System Notification,Αποστολή ειδοποίησης συστήματος,
Send To All Assignees,Αποστολή σε όλους τους παραχωρούμενους,
Send Unsubscribe Link,Αποστολή Διαγραφή Σύνδεσμος,
Send Welcome Email,Αποστολή Καλώς Email,
Send alert if date matches this field's value,Αποστολή ειδοποίησης σε περίπτωση που η ημερομηνία ταιριάζει με την τιμή αυτού του πεδίου,
Send alert if this field's value changes,Αποστολή ειδοποίησης σε περίπτωση αλλαγής της τιμής αυτού του πεδίου,
Send an email reminder in the morning,Στείλτε ένα email υπενθύμισης το πρωί,
Send days before or after the reference date,Αποστολή ημερών πριν ή μετά την ημερομηνία αναφοράς,
Send enquiries to this email address,Στείλτε ερωτήματα σε αυτή τη διεύθυνση ηλεκτρονικού ταχυδρομείου,
Send only if there is any data,Αποστολή μόνο αν υπάρχει κάποια δεδομένα,
Send unsubscribe message in email,Αποστολή unsubscribe μήνυμα ηλεκτρονικού ταχυδρομείου,
Sender,Αποστολέας,
Sender Email,Email αποστολέα,
Sender Name,Όνομα αποστολέα,
Sendgrid,Sendgrid,
Sending,Αποστολή,
Sent,Εστάλη,
Sent On,Εστάλη στις,
Sent Read Receipt,Αποστέλλονται Διαβάστε Παραλαβή,
Sent To,Αποστέλλονται,
Sent or Received,Απεσταλμένα ή ληφθέντα,
Sent/Received Email,Αποστολή / λήψη μηνύματος ηλεκτρονικού ταχυδρομείου,
Separator,Διαχωριστής,
Sequence Id,Αναγνωριστικό ακολουθίας,
Series List for this Transaction,Λίστα σειράς για αυτή τη συναλλαγή,
Server Action,Δράση διακομιστή,
Server IP,IP διακομιστή,
Server Script,Σενάριο διακομιστή,
Service,Υπηρεσία,
Session Default,Προεπιλεγμένη περίοδος σύνδεσης,
Session Default Settings,Ρυθμίσεις προεπιλεγμένης συνόδου,
Session Defaults,Προεπιλογές περιόδου σύνδεσης,
Set Banner from Image,Ορισμός banner από την εικόνα,
"Set Default Options for all charts on this Dashboard (Ex: ""colors"": [""#d1d8dd"", ""#ff5858""])","Ορισμός προεπιλεγμένων επιλογών για όλα τα γραφήματα σε αυτόν τον πίνακα ελέγχου (π.χ. &quot;χρώματα&quot;: [&quot;# d1d8dd&quot;, &quot;# ff5858&quot;]",
Set New Password,Ορισμός νέου κωδικού πρόσβασης,
Set Property After Alert,Ορισμός ιδιότητας μετά την ειδοποίηση,
Set Role For,Ορισμός του ρόλου,
Set Value,Ορίστε τιμή,
Set non-standard precision for a Float or Currency field,Ορισμός μη τυπικής ακριβείας για ένα πεδίο κινητής υποδιαστολής ή νόμισμα,
Settings,Ρυθμίσεις,
Settings Dropdown,Αναπτυσσόμενο μενού ρυθμίσεων,
Settings for Contact Us Page,Ρυθμίσεις για τη σελίδα επικοινωνίας.,
Settings for the About Us Page,Ρυθμίσεις για τη σελίδα προφίλ.,
Setup,Εγκατάσταση,
Setup Complete,Η εγκατάσταση ολοκληρώθηκε,
Setup Wizard,Οδηγός εγκατάστασης,
Share,Μερίδιο,
Shared,κοινόχρηστο,
Shipping,Αποστολή,
Shop,Κατάστημα,
Short Name,Σύντομη ονομασία,
Shortcuts,Συντομεύσεις,
Show Attachments,Εμφάνιση συνημμένων,
Show Dashboard,Εμφάνιση πίνακα ελέγχου,
Show Document,Εμφάνιση εγγράφου,
Show Failed Logs,Εμφάνιση αποτυχημένων αρχείων καταγραφής,
Show Form Tour,Εμφάνιση φόρμας περιοδείας,
Show Full Error and Allow Reporting of Issues to the Developer,Εμφάνιση πλήρους σφάλματος και Να επιτρέπεται η αναφορά θεμάτων στον προγραμματιστή,
Show Full Form?,Εμφάνιση πλήρους φόρμας;,
Show Line Breaks after Sections,Εμφάνιση αλλαγές γραμμής μετά Ενότητες,
Show Percentage Stats,Εμφάνιση στατιστικών ποσοστών,
Show Preview Popup,Εμφάνιση αναδυόμενου προεπισκόπησης,
Show Report,Εμφάνιση αναφοράς,
Show Section Headings,Εμφάνιση Επικεφαλίδες Ενότητας,
Show Sidebar,Εμφάνιση Sidebar,
Show Title,Εμφάνιση τίτλου,
Show as cc,Εμφάνιση ως cc,
Show full form instead of a quick entry modal,Εμφάνιση πλήρους φόρμας αντί για γρήγορη είσοδο,
Show in Module Section,Εμφάνιση στο τμήμα Module,
Show in filter,Εμφάνιση στο φίλτρο,
Show percentage difference according to this time interval,Εμφάνιση ποσοστιαίας διαφοράς σύμφωνα με αυτό το χρονικό διάστημα,
"Show title in browser window as ""Prefix - title""",Εμφάνιση τίτλου στο παράθυρο του browser ως &quot;πρόθεμα - τίτλος&quot;,
Sidebar Items,Αντικείμενα της sidebar,
Sidebar Settings,sidebar Ρυθμίσεις,
Sidebar and Comments,Sidebar και Σχόλια,
Signature,Υπογραφή,
"Simple Python Expression, Example: Status in (""Closed"", ""Cancelled"")","Απλή έκφραση Python, Παράδειγμα: Κατάσταση σε (&quot;Κλειστό&quot;, &quot;Ακυρώθηκε&quot;)",
"Simple Python Expression, Example: Status in (""Invalid"")","Απλή έκφραση Python, Παράδειγμα: Κατάσταση στο (&quot;Μη έγκυρο&quot;)",
"Simple Python Expression, Example: status == 'Open' and type == 'Bug'","Απλή έκφραση Python, Παράδειγμα: status == &#39;Άνοιγμα&#39; και πληκτρολογήστε == &#39;Bug&#39;",
Simultaneous Sessions,ταυτόχρονη Συνεδρίες,
Single Types have only one record no tables associated. Values are stored in tabSingles,Οι μοναδιαίοι τύποι έχουν μόνο μία εγγραφή και καθόλου πίνακες που συσχετίζονται. Οι τιμές τους αποθηκεύονται σε tabsingles,
Skip Authorization,Μετάβαση Εξουσιοδότηση,
Skype,Skype,
Slack,Χαλαρότητα,
Slack Channel,Χωρίς κανάλι,
Slack Webhook URL,Slack URL Webhook,
Slideshow,Παρουσίαση,
Slideshow Items,Παρουσίαση ειδών,
Slideshow Name,Όνομα παρουσίασης,
Slideshow like display for the website,Προβολή παρουσίασης διαφανειών για την ιστοσελίδα,
Small Text,Μικρό κείμενο,
Smallest Currency Fraction Value,Ο μικρότερος Νόμισμα κλάσμα Αξία,
Smallest circulating fraction unit (coin). For e.g. 1 cent for USD and it should be entered as 0.01,"Μικρότερη μονάδα που κυκλοφορούν κλάσμα (κέρμα). Για παράδειγμα 1 σεντ για USD και θα πρέπει να εισαχθεί ως 0,01",
Social,Κοινωνικός,
Social Link Settings,Ρυθμίσεις κοινωνικού συνδέσμου,
Social Link Type,Τύπος κοινωνικού συνδέσμου,
Social Login Key,Κλειδί κοινωνικής σύνδεσης,
Social Login Provider,Παροχέας κοινωνικής σύνδεσης,
Social Logins,Κοινωνικές συνδέσεις,
Soft-Bounced,Soft-Ακάλυπτες,
Sort Field,Πεδίο ταξινόμησης,
Sort Order,Σειρά ταξινόμησης,
Source,Πηγή,
Source Name,Όνομα πηγή,
Source Text,πηγή κειμένου,
Spam,Ανεπιθυμητη αλληλογραφια,
SparkPost,SparkPost,
Standard,Πρότυπο,
Standard Sidebar Menu,Πρότυπο μενού Sidebar,
Start Date,Ημερομηνία έναρξης,
Start Date Field,Πεδίο Έναρξης Ημερομηνία,
Start Time,Ώρα έναρξης,
StartTLS,StartTLS,
Started,Ξεκίνησε,
Starts on,Ξεκινά στις,
State,κατάσταση,
State/Province,Πολιτεία / Επαρχία,
States,Καταστάσεις,
Static Parameters,Στατικές παράμετροι,
Stats,Στατιστικά,
Stats Time Interval,Χρονικό διάστημα στατιστικών,
Status,Κατάσταση,
Step,Βήμα,
Steps,Βήματα,
Stopped,Σταματημένη,
Stores the JSON of last known versions of various installed apps. It is used to show release notes.,Αποθηκεύει το JSON του τελευταίου γνωστού εκδόσεις των διαφόρων εγκατεστημένων εφαρμογών. Χρησιμοποιείται για να δείξει τις σημειώσεις έκδοσης.,
Style,Στυλ,
Style Settings,Ρυθμίσεις στυλ,
"Style represents the button color: Success - Green, Danger - Red, Inverse - Black, Primary - Dark Blue, Info - Light Blue, Warning - Orange","Το στυλ αντιπροσωπεύει το χρώμα του κουμπιού: επιτυχία - πράσινο, κίνδυνος - κόκκινο, αντίστροφη - μαύρο, πρωτεύουσα - σκούρο μπλε, πληροφορία - γαλάζιο, προσοχή - πορτοκαλί",
Stylesheet,Φύλλο στυλ,
"Sub-currency. For e.g. ""Cent""",Υπο-νόμισμα. Για παράδειγμα &quot;cent&quot;,
Sub-domain provided by erpnext.com,Sub-domain που παρέχεται από την erpnext.com,
Subdomain,Subdomain,
Subject,Θέμα,
Subject Field,Θέμα Πεδίο,
Submit,Υποβολή,
Submit After Import,Υποβολή μετά την εισαγωγή,
Submitted,Υποβλήθηκε,
Subsidiary,Θυγατρική,
Subtitle,Υπότιτλος,
Success,Επιτυχία,
Success Action,Δράση επιτυχίας,
Success Message,Μήνυμα επιτυχίας,
Success URL,URL επιτυχίας,
Sum,Αθροισμα,
Sunday,Κυριακή,
Symbol,Σύμβολο,
Sync,Συγχρονισμός,
Sync with Google Calendar,Συγχρονισμός με το Ημερολόγιο Google,
Sync with Google Contacts,Συγχρονισμός με τις Επαφές Google,
System,Σύστημα,
System Console,Κονσόλα συστήματος,
System Manager,Διαχειριστής συστήματος,
System Notification,Ειδοποίηση συστήματος,
System Page,Σελίδα συστήματος,
System Settings,Ρυθμίσεις συστήματος,
System managers are allowed by default,Οι διαχειριστές συστήματος επιτρέπονται από προεπιλογή,
Table,Πίνακας,
Table Break,Διάλειμμα τραπεζιού,
Table HTML,Πίνακας HTML,
Table MultiSelect,Πίνακας MultiSelect,
Tag,Ετικέτα,
Tag Link,Σύνδεσμος ετικετών,
Target,Στόχος,
Tax Category,Φορολογική κατηγορία,
Team Members,Μέλη της ομάδας,
Team Members Heading,Κεφαλίδα των μελών της ομάδας,
Template,Πρότυπο,
Template Options,Επιλογές προτύπου,
Template Warnings,Προειδοποιήσεις προτύπων,
Text,Κείμενο,
Text Align,Στίχοιση κειμένου,
Text Color,Χρώμα κειμένου,
Text Content,Περιεχόμενο κειμένου,
Text Editor,Επεξεργαστής κειμένου,
The name that will appear in Google Calendar,Το όνομα που θα εμφανιστεί στο Ημερολόγιο Google,
The user from this field will be rewarded points,Ο χρήστης από αυτό το πεδίο θα ανταμείβεται πόντους,
The webhook will be triggered if this expression is true,Το webhook θα ενεργοποιηθεί εάν αυτή η έκφραση είναι αληθής,
Theme,Θέμα,
Theme Configuration,Διαμόρφωση θέματος,
Theme URL,Θέμα URL,
These values will be automatically updated in transactions and also will be useful to restrict permissions for this user on transactions containing these values.,"Οι τιμές αυτές θα πρέπει να ενημερώνονται αυτόματα σε συναλλαγές και, επίσης, θα ήταν χρήσιμο να περιορίσετε τα δικαιώματα για το χρήστη για τις συναλλαγές που περιέχουν αυτές τις αξίες.",
Third Party Authentication,Ταυτοποίηση μέσω τρίτου,
This card will be available to all Users if this is set,Αυτή η κάρτα θα είναι διαθέσιμη σε όλους τους χρήστες εάν έχει ρυθμιστεί,
This chart will be available to all Users if this is set,Αυτό το γράφημα θα είναι διαθέσιμο σε όλους τους χρήστες εάν έχει ρυθμιστεί,
This format is used if country specific format is not found,Αυτή η μορφοποίηση χρησιμοποιείται εάν δεν βρεθεί ειδική μορφοποίηση χώρας,
This goes above the slideshow.,Αυτό πηγαίνει πάνω από το προβολή παρουσίασης.,
This is an example Google SERP Preview.,Αυτό είναι ένα παράδειγμα Google SERP Preview.,
This is the number of the last created transaction with this prefix,Αυτός είναι ο αριθμός της τελευταίας συναλλαγής που δημιουργήθηκε με αυτό το πρόθεμα,
This will be shown in a modal after routing,Αυτό θα εμφανιστεί με τρόπο μετά τη δρομολόγηση,
This will be shown to the user in a dialog after routing to the report,Αυτό θα εμφανίζεται στον χρήστη σε ένα διάλογο μετά τη δρομολόγηση στην αναφορά,
Thumbnail URL,Μικρογραφία URL,
Thursday,Πέμπτη,
Time,χρόνος,
Time Format,Μορφή ώρας,
Time Interval,Χρονικό διάστημα,
Time Series,Χρονική σειρά,
Time Series Based On,Βασισμένη στη χρονοσειρά,
Time Zone,Ζώνη ώρας,
Time Zones,Ζώνες ώρας,
Time format,Μορφή ώρας,
Time in seconds to retain QR code image on server. Min:<strong>240</strong>,Χρόνος σε δευτερόλεπτα για να διατηρηθεί η εικόνα κώδικα QR στον διακομιστή. Ελάχιστη: <strong>240</strong>,
Timeline,Χρονοδιάγραμμα,
Timeline DocType,Χρονοδιάγραμμα DocType,
Timeline Field,Χρονοδιάγραμμα πεδίο,
Timeline Links,Σύνδεσμοι χρονοδιαγράμματος,
Timeline Name,Timeline Όνομα,
Timeseries,Χρονική σειρά,
Timespan,Χρονικό διάστημα,
Timestamp,Χρονοθέτηση,
Title,Τίτλος,
Title Field,Πεδίο τίτλου,
Title Prefix,Πρόθεμα τίτλου,
To,Προς το,
To Date,Έως ημερομηνία,
To Date Field,Πεδίο ημερομηνίας,
To and CC,Για να και CC,
"To use Slack Channel, add a <a href=""#List/Slack%20Webhook%20URL/List"">Slack Webhook URL</a>.","Για να χρησιμοποιήσετε το Slack Channel, προσθέστε ένα <a href=""#List/Slack%20Webhook%20URL/List"">URL Slack Webhook</a> .",
ToDo,Εκκρεμότητες,
Token,Ένδειξη,
Top,Μπλουζα,
Top Bar Item,Αντικείμενο top bar,
Top Bar Items,Αντικείμενα top bar,
Topic,Θέμα,
Total Subscribers,Σύνολο Συνδρομητές,
Total number of emails to sync in initial sync process ,Συνολικός αριθμός των μηνυμάτων ηλεκτρονικού ταχυδρομείου προς συγχρονισμό κατά την αρχική διαδικασία συγχρονισμού,
Traceback,Ανατρέχω,
Track Changes,Παρακολούθηση αλλαγών,
Track Email Status,Παρακολούθηση Κατάστασης Email,
Track Field,Στίβος,
Track Seen,Track Seen,
Track Views,Προβολές παρακολούθησης,
Track milestones for any document,Παρακολουθήστε ορόσημα για οποιοδήποτε έγγραφο,
Transaction Hash,Χάσμα συναλλαγών,
Transaction Log,Μητρώο συναλλαγών,
Transaction Log Report,Αναφορά αρχείου καταγραφής συναλλαγών,
Transition Rules,Κανόνες μετάβασης,
Transitions,Μεταβάσεις,
Translatable,Μεταφράσιμος,
Translated Text,μεταφρασμένο κείμενο,
Translation,Μετάφραση,
Trash,Σκουπίδια,
Tree,Δέντρο,
Tree structures are implemented using Nested Set,Οι δομές των δέντρων υλοποιούνται χρησιμοποιώντας το Nested Set,
Trigger Method,Μέθοδος σκανδάλη,
"Trigger on valid methods like ""before_insert"", ""after_update"", etc (will depend on the DocType selected)","Έναυσμα για την έγκυρη μεθόδους όπως &quot;before_insert&quot;, &quot;after_update», κλπ (θα εξαρτηθεί από την DocType επιλεγμένο)",
Tuesday,Τρίτη,
Two Factor Authentication,Έλεγχος ταυτότητας δύο παραγόντων,
Two Factor Authentication method,Μέθοδος ελέγχου ταυτότητας δύο παραγόντων,
Type,Τύπος,
UID,UID,
UIDNEXT,UIDNEXT,
UIDVALIDITY,UIDVALIDITY,
UNSEEN,ΑΟΡΑΤΟΣ,
URL,URL,
URL for documentation or help,Διεύθυνση URL για τεκμηρίωση ή βοήθεια,
URL to go to on clicking the slideshow image,Διεύθυνση URL για να κάνετε κλικ στην εικόνα παρουσίασης,
Unassign Condition,Κατάργηση της Κατάστασης,
Unhandled Email,δεν επιλύεται Email,
Unique,Μοναδικός,
Unread,Αδιάβαστος,
Unread Notification Sent,Μη αναγνωσμένα γνωστοποίησης που της απέστειλε,
Unshared,επιμερισμένα,
Unsubscribe Method,Μέθοδος Διαγραφή,
Unsubscribe Param,Διαγραφή Param,
Unsubscribed,Χωρίς συνδρομή,
Update,Ενημέρωση,
Update Existing Records,Ενημέρωση υφιστάμενων αρχείων,
Update Field,Ενημέρωση πεδίου,
Update Series Number,Ενημέρωση αριθμού σειράς,
Update Settings,Ρυθμίσεις ενημέρωσης,
Update Value,Ενημέρωση τιμής,
Updated,Ενημέρωση,
Uploaded To Dropbox,Μεταφορτώθηκε στο Dropbox,
Uploaded To Google Drive,Μεταφορτώθηκε στο Google Drive,
Use % for any non empty value.,Χρησιμοποιήστε το% για οποιαδήποτε μη κενή τιμή.,
Use ASCII encoding for password,Χρησιμοποιήστε την κωδικοποίηση ASCII για τον κωδικό πρόσβασης,
Use IMAP,Χρήση IMAP,
Use POST,Χρησιμοποιήστε POST,
Use Report Chart,Χρήση γραφήματος αναφοράς,
Use SSL,Χρήση ssl,
Use TLS,Χρήση tls,
Use this fieldname to generate title,Χρησιμοποιήστε αυτό το πεδίο με όνομα για τη δημιουργία του τίτλου,
User,Χρήστης,
User ,Χρήστης,
User Agent,Πράκτορας χρήστη,
User Cannot Create,Ο χρήστης δεν μπορεί να δημιουργήσει,
User Cannot Search,Ο χρήστης δεν μπορεί να αναζητήσει,
User Defaults,Προεπιλογές προφίλ χρήστη,
User Details,Λεπτομέρειες χρήστη,
User Email,Ο χρήστης E-mail,
User Emails,Emails χρήστη,
User Field,Πεδίο χρήστη,
User ID,ID χρήστη,
User ID Property,Ιδιότητα αναγνωριστικού χρήστη,
User ID of a Blogger,Αναγνωριστικό χρήστη του blogger,
User Id,Ταυτότητα χρήστη,
User Image,Εικόνα εικόνα,
User Name,Ονομα χρήστη,
User Permission,Δικαίωμα χρήστη,
User Profile,Προφίλ χρήστη,
User Social Login,Κοινωνική σύνδεση χρήστη,
User Tags,Ετικέτες χρηστών,
User Type,Τύπος χρήστη,
User can login using Email id or Mobile number,Ο χρήστης μπορεί να συνδεθεί χρησιμοποιώντας id ή αριθμό κινητού τηλεφώνου,
User can login using Email id or User Name,Ο χρήστης μπορεί να συνδεθεί χρησιμοποιώντας το αναγνωριστικό email ή το όνομα χρήστη,
User must always select,Ο χρήστης πρέπει πάντα να επιλέγει,
Username,Όνομα χρήστη,
Users,Χρήστες,
Users assigned to the reference document will get points.,Οι χρήστες που έχουν αντιστοιχιστεί στο έγγραφο αναφοράς θα λάβουν βαθμούς.,
Valid,Έγκυρος,
Validate Field,Επικύρωση πεδίου,
Validity,Εγκυρότητα,
Value,αξία,
Value Based On,Βασισμένο στην τιμή,
Value Change,Αλλαγή τιμής,
Value Changed,Η τιμή άλλαξε,
Value To Be Set,Τιμή που πρέπει να οριστεί,
Value from this field will be set as the due date in the ToDo,Η τιμή από αυτό το πεδίο θα οριστεί ως ημερομηνία λήξης στο ToDo,
Value to Validate,Τιμή προς επικύρωση,
Verdana,Verdana,
Verified,Επαληθεύτηκε,
Version,Έκδοση,
Video URL,Διεύθυνση URL βίντεο,
View,Προβολή,
View Log,Προβολή αρχείου καταγραφής,
View Properties (via Customize Form),Δείτε τα ακίνητα (μέσω Προσαρμογή έντυπο),
View Report,Προβολή αναφοράς,
View Settings,Ρυθμίσεις προβολής,
View Website,Δείτε την ιστοσελίδα,
Viewed By,Προβολή από,
Visit,Επίσκεψη,
Warehouse,Αποθήκη,
Warning,Προειδοποίηση,
Watch Video,Δες το βίντεο,
Web Form,Φόρμα ιστοσελίδας,
Web Form Field,Πεδίο φόρμας ιστοσελίδας,
Web Form Fields,Πεδία φόρμας ιστοσελίδας,
Web Page,Ιστοσελίδα,
Web Page Block,Αποκλεισμός ιστοσελίδας,
Web Page View,Προβολή ιστοσελίδας,
Web Template,Πρότυπο Ιστού,
Web Template Field,Πεδίο προτύπου ιστού,
Web Template Values,Τιμές προτύπου Ιστού,
Web View,Web Προβολή,
Webhook,Webhook,
Webhook Data,Webhook Data,
Webhook Header,Επικεφαλίδα Webhook,
Webhook Headers,Κεφαλίδες Webhook,
Webhook Request,Αίτημα Webhook,
Webhook Secret,Webhook Secret,
Webhook Security,Webhook Ασφάλεια,
Webhook Trigger,Webhook Trigger,
Webhook URL,Webhook URL,
Website,Δικτυακός τόπος,
Website Analytics,Ανάλυση ιστότοπου,
Website Manager,Διαχειριστής ιστοσελίδας,
Website Meta Tag,Ιστοσελίδα Meta Tag,
Website Route Meta,Ιστοσελίδα Meta,
Website Route Redirect,Ανακατεύθυνση διαδρομής ιστότοπου,
Website Script,Script ιστοτόπου,
Website Settings,Ρυθμίσεις δικτυακού τόπου,
Website Sidebar,ιστοσελίδα Sidebar,
Website Sidebar Item,Ιστοσελίδα Sidebar Στοιχείο,
Website Slideshow,Παρουσίαση ιστοσελίδας,
Website Slideshow Item,Αντικείμενο παρουσίασης ιστοτόπου,
Website Theme,Ιστοσελίδα Θέμα,
Website Theme Ignore App,Θέμα ιστότοπου Αγνοήστε την εφαρμογή,
Website Theme Image,Ιστοσελίδα Εικόνα Θέμα,
Website Theme Image Link,Ιστοσελίδα Σύνδεσμος Θέμα Εικόνα,
Wednesday,Τετάρτη,
Weekdays,Εργάσιμες,
Weekly,Εβδομαδιαίος,
Weekly Long,Εβδομαδιαία μακρά,
Welcome Email Template,Πρότυπο ηλεκτρονικού ταχυδρομείου καλωσορίσματος,
"When enabled this will allow guests to upload files to your application, You can enable this if you wish to collect files from user without having them to log in, for example in job applications web form.","Όταν ενεργοποιηθεί, αυτό θα επιτρέψει στους επισκέπτες να φορτώσουν αρχεία στην αίτησή σας. Μπορείτε να το ενεργοποιήσετε αν θέλετε να συλλέγετε αρχεία από τον χρήστη χωρίς να χρειάζεται να συνδεθείτε, για παράδειγμα στη φόρμα web εφαρμογών εργασίας.",
Which view of the associated DocType should this shortcut take you to?,Σε ποια προβολή του σχετικού DocType πρέπει να σας οδηγήσει αυτή η συντόμευση;,
Width,Πλάτος,
Wildcard Filter,Φίλτρο μπαλαντέρ,
"Will add ""%"" before and after the query",Θα προσθέσει το &quot;%&quot; πριν και μετά το ερώτημα,
Will be used in url (usually first name).,Θα χρησιμοποιηθεί στο url (συνήθως το πρώτο όνομα).,
Will run scheduled jobs only once a day for inactive sites. Default 4 days if set to 0.,Θα εκτελέσει προγραμματισμένες εργασίες μόνο μία φορά την ημέρα για ανενεργούς ιστότοπους. Προεπιλεγμένες 4 ημέρες αν είναι ρυθμισμένη στο 0.,
Workflow,Ροή εργασίας,
Workflow Action,Ενέργεια ροής εργασίας,
Workflow Action Master,Κύρια εγγραφή ενέργειας ροής εργασίας,
Workflow Action Name,Όνομα ενέργειας ροής εργασιών,
Workflow Action is not created for optional states,Η ενέργεια ροής εργασίας δεν δημιουργείται για προαιρετικές καταστάσεις,
Workflow Document State,Κατάσταση εγγράφου ροής εργασίας,
Workflow Name,Όνομα ροής εργασιών,
Workflow State,Κατάσταση ροής εργασίας,
Workflow State Field,Πεδίο κατάστασης ροής εργασίας,
Workflow Transition,Μετάβαση ροής εργασίας,
Workflow state represents the current state of a document.,Η κατάσταση ροής εργασίας αντιπροσωπεύει την τρέχουσα κατάσταση ενός εγγράφου.,
Write,Γράφω,
X Field,Χ πεδίο,
XLSX,XLSX,
Y Axis,Άξονας Υ,
Y Field,Y Πεδίο,
Yahoo Mail,Yahoo mail,
Yandex.Mail,Yandex.Mail,
Year,Έτος,
Yearly,Ετήσια,
Yellow,Κίτρινος,
Yes,Ναί,
Your organization name and address for the email footer.,Το όνομα του οργανισμού σας και τη διεύθυνση για την ηλεκτρονική υποσέλιδο.,
Zero means send records updated at anytime,Το μηδέν σημαίνει αποστολή ενημερωμένων εκδόσεων ανά πάσα στιγμή,
_doctype,_doctype,
_report,_ΑΝΑΦΟΡΑ,
adjust,Προσαρμογή,
after_insert,after_insert,
align-center,Ευθυγράμμιση στο κέντρο,
align-justify,Ευθυγράμμιση σε όλη τη γραμμή,
align-left,Ευθυγράμμιση αριστερά,
align-right,Ευθυγράμμιση δεξιά,
arrow-down,Βέλος προς τα κάτω,
arrow-left,Βέλος αριστερά,
arrow-right,Βέλος δεξιά,
arrow-up,Βέλος πάνω,
asterisk,Αστερίσκος,
backward,Πίσω,
ban-circle,Ban-circle,
barcode,barcode,
bell,Κουδούνι,
blue,μπλε,
bold,Έντονη γραφή,
book,Βιβλίο,
bookmark,Σελιδοδείκτης,
briefcase,Χαρτοφύλακας,
bullhorn,Τηλεβόας,
calendar,Ημερολόγιο,
camera,Κάμερα,
certificate,πιστοποιητικό,
check,Έλεγχος,
chevron-down,Chevron-down,
chevron-left,Chevron-αριστερά,
chevron-right,Chevron-δεξιά,
chevron-up,Chevron-up,
circle-arrow-down,Circle-arrow-down,
circle-arrow-left,Circle-arrow-left,
circle-arrow-right,Circle-arrow-right,
circle-arrow-up,Circle-arrow-up,
cog,Δόντι γραναζιού,
comment,σχόλιο,
darkgrey,σκούρο γκρι,
dd-mm-yyyy,Ηη/μμ/εεεε,
dd.mm.yyyy,Ηη.Μμ.Εεεε,
dd/mm/yyyy,Ηη/μμ/εεεε,
download,Λήψη,
download-alt,Download-alt,
"e.g. ""Support"", ""Sales"", ""Jerry Yang""","Π.Χ. ""Υποστήριξη "","" Πωλήσεις "","" jerry yang """,
e.g. pop.gmail.com / imap.gmail.com,π.χ. pop.gmail.com / imap.gmail.com,
e.g. replies@yourcomany.com. All replies will come to this inbox.,Π.Χ. replies@yourcomany.Com. Όλες οι απαντήσεις θα έρθουν σε αυτόν τον φάκελο εισερχομένων.,
e.g. smtp.gmail.com,π.χ. smtp.gmail.com,
edit,επεξεργασία,
eject,Αποβολή,
email,ΗΛΕΚΤΡΟΝΙΚΗ ΔΙΕΥΘΥΝΣΗ,
envelope,φάκελος,
exclamation-sign,exclamation-sign,
eye-close,Eye-close,
eye-open,Eye-open,
facebook,Facebook,
facetime-video,Facetime-video,
fairlogin,fairlogin,
fast-backward,Fast-backward,
fast-forward,Fast-forward,
file,αρχείο,
film,Ταινία,
filter,φίλτρο,
fire,Φωτιά,
flag,σημαία,
folder-close,Folder-close,
folder-open,Folder-open,
font,γραμματοσειρά,
forward,Εμπρός,
fullscreen,Πλήρης οθόνη,
gift,Δώρο,
glass,Ποτήρι,
globe,Σφαίρα,
green,πράσινος,
hand-down,Hand-down,
hand-left,Hand-left,
hand-right,Hand-right,
hand-up,Hand-up,
hdd,hdd,
headphones,Ακουστικά,
heart,Καρδιά,
home,Σπίτι,
icon,Εικονίδιο,
in minutes,σε λίγα λεπτά,
inbox,Εισερχόμενα,
indent-left,Εσοχή-αριστερά,
indent-right,Εσοχή-δεξιά,
info-sign,Info-sign,
italic,Πλάγια γραφή,
leaf,Φύλλο,
link,Σύνδεσμος,
linkedin,συνδεδεμένος,
list,λίστα,
list-alt,List-alt,
lock,κλειδαριά,
magnet,Μαγνήτης,
map-marker,Σήμανση χάρτη,
minus,Πλην,
minus-sign,Minus-sign,
mm-dd-yyyy,μμ/ηη/εεεε,
mm/dd/yyyy,μμ/ηη/εεεε,
module,Λειτουργική μονάδα,
move,κίνηση,
music,ΜΟΥΣΙΚΗ,
no failed attempts,Δεν αποτυχημένες προσπάθειες,
off,μακριά από,
ok,Εντάξει,
ok-circle,Ok-circle,
ok-sign,Ok-sign,
old_parent,Παλαιός γονέας,
on_cancel,on_cancel,
on_change,on_change,
on_submit,on_submit,
on_trash,on_trash,
on_update,on_update,
on_update_after_submit,on_update_after_submit,
orange,πορτοκάλι,
page,σελίδα,
pause,παύση,
pencil,Μολύβι,
picture,εικόνα,
plane,Αεροπλάνο,
play,Παιχνίδι,
play-circle,Play-circle,
plus,Συν,
plus-sign,Plus-sign,
print,Εκτύπωση,
purple,μωβ,
qrcode,Qrcode,
query-report,query-έκθεση,
question-sign,Question-sign,
random,τυχαίος,
red,το κόκκινο,
refresh,φρεσκάρω,
remove,αφαιρώ,
remove-circle,Remove-circle,
remove-sign,Remove-sign,
repeat,επαναλαμβάνω,
resize-full,Resize-full,
resize-horizontal,Resize-horizontal,
resize-small,Resize-small,
resize-vertical,Resize-vertical,
response,απάντηση,
retweet,Retweet,
road,Δρόμος,
screenshot,Screenshot,
search,Ψάξιμο,
share,Κοινοποίηση,
share-alt,Share-alt,
shopping-cart,Καλάθι-αγορών,
signal,Σήμα,
star,Αστέρι,
star-empty,Star-empty,
step-backward,Βήμα προς τα πίσω,
step-forward,Βήμα προς τα εμπρός,
stop,να σταματήσει,
tag,ετικέτα,
tags,ετικέτες,
tasks,καθήκοντα,
text-height,Text-height,
text-width,Text-width,
th,Th,
th-large,Th-large,
th-list,Th-list,
thumbs-down,Thumbs-down,
thumbs-up,Thumbs-up,
time,Χρόνος,
tint,Απόχρωση,
trash,Σκουπίδια,
twitter,κελάδημα,
upload,Ανεβάστε,
user,χρήστης,
volume-down,Volume-down,
volume-off,Volume-off,
volume-up,Volume-up,
warning-sign,Warning-sign,
wrench,Wrench,
yellow,κίτρινο,
yyyy-mm-dd,Εεεε-μμ-ηη,
zoom-in,Zoom-in,
zoom-out,Zoom-out,
