"""Company History""","""Historia de la Compañía""",
"""Team Members"" or ""Management""",'Miembros del equipo' o 'Administración',
&lt;head&gt; HTML,HTML,
**Currency** Master,**Divisa/Moneda** Principal,
0 - Draft; 1 - Submitted; 2 - Cancelled,0 - Borrador; 1 - Enviado; 2 - Cancelado,
0 is highest,0 es más alto,
"<h4>Default Template</h4>
<p>Uses <a href=""http://jinja.pocoo.org/docs/templates/"">Jinja Templating</a> and all the fields of Address (including Custom Fields if any) will be available</p>
<pre><code>{{ address_line1 }}&lt;br&gt;
{% if address_line2 %}{{ address_line2 }}&lt;br&gt;{% endif -%}
{{ city }}&lt;br&gt;
{% if state %}{{ state }}&lt;br&gt;{% endif -%}
{% if pincode %} PIN:  {{ pincode }}&lt;br&gt;{% endif -%}
{{ country }}&lt;br&gt;
{% if phone %}Phone: {{ phone }}&lt;br&gt;{% endif -%}
{% if fax %}Fax: {{ fax }}&lt;br&gt;{% endif -%}
{% if email_id %}Email: {{ email_id }}&lt;br&gt;{% endif -%}
</code></pre>","<h4> Por defecto la plantilla <!-- h4--> 
 <p> <a href=""http://jinja.pocoo.org/docs/templates/""> Jinja Templating </a> y todos los campos de la Dirección ( incluyendo campos personalizados en su caso) estará disponible <!-- p--> 
 </p><pre> <code> {{address_line1}} &amp; lt; br &amp; gt; 
 {% if address_line2%} {{address_line2}} &amp; lt; br &amp; gt; { endif% -%} 
 {{ciudad}} &amp; lt; br &amp; gt; 
 {% if%} Estado {{Estado}} &amp; lt; br &amp; gt; {% endif -%} {% if 
 código PIN%} PIN: {{código PIN}} &amp; lt; br &amp; gt; {% endif -%} 
 {{país}} &amp; lt; br &amp; gt; 
 {% if teléfono%} Teléfono: {{teléfono}} &amp; lt; br &amp; gt; { % endif -%} 
 {% if fax%} Fax: {{fax}} &amp; lt; br &amp; gt; {% endif -%} 
 {% if email_ID%} Email: {{email_ID}} &amp; lt; br &amp; gt ; {% endif -%} 
 <!-- code--> <!-- pre--></code></pre></h4>",
A list of resources which the Client App will have access to after the user allows it.<br> e.g. project,"Una lista de los recursos que el cliente de aplicación tendrá acceso a la vez que el usuario lo permite. <br> por ejemplo, el proyecto",
A symbol for this currency. For e.g. $,"Un símbolo para esta moneda. Por ejemplo, $",
A4,A4,
ALL,TODOS,
API,API,
API Access,Acceso API,
API Endpoint,API Endpoint,
API Endpoint Args,API Endpoint Args,
API Key,Clave de API,
API Method,Método API,
API Secret,Clave Secreta de API,
ASC,ASC,
About Us Settings,Configuración de información de la compañía,
About Us Team Member,Miembro del Equipo Acerca de Nosotros,
Access Key ID,ID de Clave de Acceso,
Access Key Secret,Secreto de clave de acceso,
Access Log,Registro de acceso,
Access Token,Token de Acceso,
Access Token URL,URL de Token de Acceso,
Account,Cuenta,
Accounts Manager,Gerente de Cuentas,
Accounts User,Cuentas de Usuario,
Action,Acción,
Action / Route,Acción / Ruta,
Action Timeout (Seconds),Tiempo de espera de acción (segundos),
Action Type,tipo de acción,
Actions,Acciones,
Active,Activo,
Active Domains,Dominios activos,
Activity Log,Registro de Actividad,
Add Container,Agregar Contenedor,
Add Custom Tags,Agregar etiquetas personalizadas,
Add Gray Background,Agregar fondo gris,
Add Signature,Agregar Firma,
Add Total Row,Añadir Fila Total,
Add Unsubscribe Link,Añadir Enlace Darse de baja,
"Added HTML in the &lt;head&gt; section of the web page, primarily used for website verification and SEO","HTML añadido en la sección &lt;head&gt; de la página web, utiliza sobre todo para la verificación de la web y SEO",
Additional Permissions,Permisos Adicionales,
Address,Dirección,
Address And Contacts,Dirección y contactos,
Address Line 1,Dirección línea 1,
Address Line 2,Dirección línea 2,
Address Template,Plantillas de direcciones,
Address Title,Dirección,
Address Type,Tipo de dirección,
Address and other legal information you may want to put in the footer.,Dirección y otra información legal que desee poner en el pie de página.,
Addresses And Contacts,Direcciones y contactos,
Adds a custom field to a DocType,Añade un campo personalizado para el 'DocType',
Administrator,Administrador,
Advanced,Anticipado,
Advanced Control,Control Avanzado,
Advanced Settings,Ajustes avanzados,
After Cancel,Después de cancelar,
After Delete,Después de borrar,
After Save,Después de guardar,
After Save (Submitted Document),Después de guardar (documento enviado),
After Submit,Después de enviar,
Aggregate Function Based On,Función agregada basada en,
Alert,Alerta,
Align Labels to the Right,Alinee las etiquetas a la derecha,
Align Right,Alinear a la derecha,
All,Todos,
All Day,Todo el Día,
Allocated To,Asignado a,
Allot Points To Assigned Users,Asigne puntos a usuarios asignados,
Allow,Permitir,
Allow Auto Repeat,Permitir repetición automática,
Allow Bulk Edit,Permitir edición masiva,
Allow Comments,Permitir Comentarios,
Allow Consecutive Login Attempts ,Permitir intentos de inicio de sesión consecutivos,
Allow Delete,Permitir Borrar,
Allow Dropbox Access,Permitir Acceso a Dropbox,
Allow Guest,Permitir invitado,
Allow Guest to View,Permitir ver al invitado,
Allow Guests to Upload Files,Permitir a los invitados cargar archivos,
Allow Import (via Data Import Tool),Permitir la importación (a través de la herramienta de importación de datos),
Allow Incomplete Forms,Permitir formularios incompletos,
Allow Login After Fail,Permitir inicio de sesión después de error,
Allow Login using Mobile Number,Permitir inicio de sesión con número de teléfono móvil,
Allow Login using User Name,Permitir inicio de sesión con Nombre de Usuario,
Allow Modules,Permitir módulos,
Allow Print,Permitir Imprimir,
Allow Print for Cancelled,Permitir impresión para Cancelado,
Allow Print for Draft,Permitir Impresión para Borrador,
Allow Read On All Link Options,Permitir leer en todas las opciones de enlace,
Allow Rename,Permitir Renombrar,
Allow Roles,Permitir Roles,
Allow Self Approval,Permitir la Auto Aprobación,
Allow approval for creator of the document,Permitir aprobación para el creador del documento,
Allow document creation via Email,Permitir la creación de documentos por correo electrónico,
Allow events in timeline,Permitir eventos en la línea de tiempo,
Allow in Quick Entry,Permitir Entrada Rápida,
Allow on Submit,Permitir en 'validar',
Allow only one session per user,Permitir sólo una sesión por usuario,
Allow page break inside tables,Permitir salto de página dentro de las tablas,
Allow saving if mandatory fields are not filled,Permitir guardar si los campos obligatorios no están ingresados,
Allow user to login only after this hour (0-24),Permitir que el usuario ingrese sólo después de esta hora ( 0-24),
Allow user to login only before this hour (0-24),Permitir que el usuario ingrese sólo antes de esta hora ( 0-24),
Allowed,Permitido,
Allowed In Mentions,Permitido en Menciones,
"Always add ""Draft"" Heading for printing draft documents","Agregar siempre ""Borrador"" al imprimir borradores de documentos",
Amend,Corregir,
Amended From,Modificado Desde,
An icon file with .ico extension. Should be 16 x 16 px. Generated using a favicon generator. [favicon-generator.org],Un archivo de icono con .ico extensión. Debería ser de 16 x 16 píxeles. Generado usando un generador de favicon. [favicon-generator.org],
Analytics,Analítica,
Annual,Anual,
Anonymous,Anónimo,
Any string-based printer languages can be used. Writing raw commands requires knowledge of the printer's native language provided by the printer manufacturer. Please refer to the developer manual provided by the printer manufacturer on how to write their native commands. These commands are rendered on the server side using the Jinja Templating Language.,Se puede usar cualquier lenguaje de impresora basado en cadenas. Escribir comandos sin formato requiere el conocimiento del idioma nativo de la impresora proporcionado por el fabricante de la impresora. Consulte el manual del desarrollador proporcionado por el fabricante de la impresora sobre cómo escribir sus comandos nativos. Estos comandos se representan en el lado del servidor utilizando el lenguaje de plantillas Jinja.,
App,App,
App Access Key,Clave de Acceso de Aplicación,
App Client ID,ID de Cliente de Aplicación,
App Client Secret,Clave Secreta de Aplicación,
App Name,Nombre de la Aplicación,
App Secret Key,Clave Secreta de Aplicación,
Append Emails to Sent Folder,Agregar correos electrónicos a la carpeta enviada,
Append To,Anexar a,
Applicable For,Aplicable para.,
Application Logo,Logotipo de la aplicación,
Application Name,Nombre de la aplicación,
Application Version,Versión de la aplicación,
Applied On,Aplicado en,
Apply Document Permissions,Aplicar permisos de documentos,
Apply Only Once,Aplicar solo una vez,
Apply Strict User Permissions,Aplicar Permisos Estrictos de Usuario,
Apply To All Document Types,Aplicar a todos los tipos de documentos,
Apply this rule if the User is the Owner,"Aplicar esta regla, si el usuario es el propietario",
Apply this rule only once per document,Aplique esta regla solo una vez por documento,
Appreciation,Apreciación,
Archived,Archivado,
Arial,Arial,
Assign Condition,Asignar condición,
Assign To Users,Asignar a usuarios,
Assigned,Asignado,
Assigned By,Asignado por,
Assigned By Full Name,Asignado por Nombre Completo,
Assignment,Asignación,
Assignment Completed,Asignación Completa,
Assignment Days,Días de asignacion,
Assignment Rule,Regla de asignación,
Assignment Rule Day,Día de la regla de asignación,
Assignment Rule User,Usuario de regla de asignación,
Assignment Rules,Reglas de asignación,
Assignments,Asignaciones,
Attach,Adjuntar,
Attach Image,Adjuntar Imagen,
Attach Print,Adjuntar Impresión,
Attached File,Archivo adjunto,
Attached To DocType,Asociado a 'DocType',
Attached To Field,Adjuntar al Campo,
Attached To Name,Asociado A Nombre,
Attachment,Adjunto,
Attachment Limit (MB),Límite Adjunto (MB),
Attachment Link,Enlace adjunto,
Attachment Removed,Adjunto Eliminado,
Attachments,Adjuntos,
Auth URL Data,Auth URL Data,
Authentication,Autenticación,
Author,Autor,
Authorization Code,Código de Autorización,
Authorize API Indexing  Access,Autorizar el acceso a la indexación de API,
Authorize Google Calendar Access,Autorizar acceso a Google Calendar,
Authorize Google Contacts Access,Autorizar acceso a contactos de Google,
Authorize Google Drive Access,Autorizar acceso a Google Drive,
Authorize URL,Autorizar URL,
Authorized,Autorizado,
Auto,Auto,
Auto Email Report,Reporte de Correo Electrónico Automático,
Auto Name,Nombre Automático,
Auto Repeat,Repetición Automática,
Auto Reply Message,Mensaje de Repuesta Automática,
Automatically Assign Documents to Users,Asignar documentos automáticamente a los usuarios,
Automation,Automatización,
Avatar,Avatar,
Average,Promedio,
Awaiting Password,Esperando contraseña,
Awaiting password,Esperando Contraseña,
BCC,BCC,
Background Color,Color de Fondo,
Background Workers,Procesos en segundo plano,
Backup Details,Detalles de la copia de seguridad,
Backup Files,Archivos de respaldo,
Backup Folder ID,ID de carpeta de respaldo,
Backup Folder Name,Nombre de la carpeta de respaldo,
Backup Frequency,Frecuencia de copia de seguridad,
Backup public and private files along with the database.,Copia de seguridad de archivos públicos y privados junto con la base de datos.,
Backups,Copias de seguridad,
Banner,Banner,
Banner HTML,Banner HTML,
Banner Image,Imagen de banner,
Banner is above the Top Menu Bar.,El banner está sobre la barra de menú superior.,
Bar,Bar,
Barcode,Código de barras,
Base Distinguished Name (DN),Nombre distinguido base (DN),
Base URL,URL Base,
Based On,Basado en,
Based on Field,Basado en el campo,
Based on Permissions For User,Sobre la base de permisos para el usuario,
Basic,Base,
Before Cancel,Antes de cancelar,
Before Delete,Antes de borrar,
Before Insert,Antes de insertar,
Before Save,Antes de guardar,
Before Save (Submitted Document),Antes de guardar (documento enviado),
Before Submit,Antes de enviar,
Beginner,Principiante,
Beta,Beta,
Billing,Facturación,
Bio,Biografía,
Birth Date,Fecha de nacimiento,
Block Module,Módulo de bloque,
Block Modules,Módulos de Bloque,
Blocked,Obstruido,
Blog Category,Categoría de Blog,
Blog Intro,Intro. del Blog,
Blog Introduction,Introducción del Blog,
Blog Post,Entrada en el Blog,
Blog Settings,Configuración del Blog,
Blog Title,Título del Blog,
Blogger,Blogger,
Blue,Azul,
Bold,Negrita,
Bot,Robot,
Bottom,Fondo,
Bounced,Rebotados,
Brand,Marca,
Brand HTML,Marca HTML,
Brand Image,Imagen de marca,
Breadcrumbs,Migas,
Browser,Navegador,
Browser Version,Versión del Navegador,
Brute Force Security,Fuerza Bruta de Seguridad,
Bucket Name,Nombre del depósito,
Bulk Update,Actualización masiva,
Button,Botón,
Button Gradients,Gradientes de botones,
Button Rounded Corners,Esquinas redondeadas con botones,
Button Shadows,Sombras de botones,
Bypass Restricted IP Address Check If Two Factor Auth Enabled,Omitir dirección IP restringida Verificar si la autenticación de dos factores está habilitada,
Bypass Two Factor Auth for users who login from restricted IP Address,Saltear Two Factor Auth para usuarios que inician sesión desde una dirección IP restringida,
Bypass restricted IP Address check If Two Factor Auth Enabled,Evite la verificación de la dirección IP restringida si la autenticación de dos factores está habilitada,
CC,CC,
CSS,CSS,
CSS Class,Clase CSS,
CSV,CSV,
CTA Label,Etiqueta de CTA,
CTA URL,URL de CTA,
Calendar,Calendario,
Calendar Name,Nombre del Calendario,
Calendar View,Vista de Calendario,
Call,Llamada,
Call To Action,Llamada a la acción,
Call To Action URL,URL de llamada a la acción,
Callback Message,Mensaje de devolución de llamada,
Callback Title,Título de devolución de llamada,
Campaign,Campaña,
Cancel,Cancelar,
Cancelled,Cancelado,
Card,Tarjeta,
Cards,Tarjetas,
Category,Categoría,
Category Description,Descripción de categoría,
Category Name,Nombre Categoría,
Center,Centro,
Chaining Hash,Chaining Hash,
Change Label (via Custom Translation),Cambiar Etiqueta (a través de Traducción Personalizada),
Change Password,Cambiar contraseña,
Channel,Canal,
Chart,Gráfico,
Chart Configuration,Configuración de gráfico,
Chart Name,Nombre de la carta,
Chart Options,Opciones de gráfico,
Chart Source,Fuente del gráfico,
Chart Type,Tipo de Gráfico,
Charts,Gráficos,
Chat,Chat,
Check,Marcar,
Check this if you want to force the user to select a series before saving. There will be no default if you check this.,Seleccione esta opción si desea obligar al usuario a seleccionar una serie antes de guardar. No habrá ninguna por defecto si marca ésta casilla.,
Checking this will hide custom doctypes and reports cards in Links section,"Al marcar esto, se ocultarán los tipos de documentos personalizados y las tarjetas de informes en la sección Enlaces",
Checksum Version,Versión Checksum,
Child Tables are shown as a Grid in other DocTypes,Las tablas secundarias se muestran como una cuadrícula en otros DocTypes,
Choose authentication method to be used by all users,Elegir el método de autenticación que deben utilizar todos los usuarios,
City,Ciudad,
City/Town,Ciudad / Provincia,
Clicked,Teclear,
Client,Cliente,
Client Code,Codigo del cliente,
Client Credentials,Credenciales del Cliente,
Client ID,Client ID,
Client Information,Información del Cliente,
Client Script,Client Script,
Client Secret,Client Secret,
Client URLs,URL de Cliente,
Close Condition,Condición cerrada,
Closed,Cerrado,
Code,Código,
Collapsible,Plegable,
Collapsible Depends On,Plegado depende de,
Color,Color,
Column Break,Salto de Columna,
Column Name,Nombre de columna,
Columns,columnas,
Columns / Fields,Columnas / Campos,
Comment,Comentario,
Comment By,Comentado por,
Comment Email,Comentario de correo electrónico,
Comment Type,Comentario tipo,
Comments and Communications will be associated with this linked document,Comentarios y Comunicaciones estarán asociados con este documento vinculado,
Commit,Cometer,
Communication,Comunicaciones,
Communication Link,Enlace de comunicación,
Communication Type,Tipo de comunicación,
Compact Item Print,Impresión Compacta de Artículo,
Company History,Historia de la compañía,
Company Introduction,Presentación de la compañía,
Company Name,Nombre de compañía,
Complete,Completar,
Completed,Completado,
Component,Componente,
Condition,Condición,
Conditions,Condiciones,
Configuration,Configuración,
Confirmation Email Template,Plantilla de correo electrónico de confirmación,
Console,Consola,
Console Log,Registro de la consola,
Contact,Contacto,
Contact Details,Detalles de contacto,
Contact Email,Correo electrónico de contacto,
Contact Numbers,Números de contacto,
Contact Phone,teléfono de contacto,
Contact Us Settings,Configuración de contácto,
"Contact options, like ""Sales Query, Support Query"" etc each on a new line or separated by commas.","Opciones de contacto, como 'Consultas de Ventas, Consultas de soporte, etc' cada una en una nueva línea o separados por comas.",
Contacts,Contactos,
Content,Contenido,
Content (HTML),Contenido (HTML),
Content (Markdown),Contenido (descuento),
Content Hash,Contenido Hash,
Content Type,Tipo de contenido,
Context,Contexto,
Context Script,Guión de contexto,
Contributed,Contribuido,
Contribution Document Name,Nombre del documento de contribución,
Contribution Status,Estado de contribución,
Copyright,Derechos de Autor,
Core,Núcleo,
Count,Contar,
Count Filter,Filtro de recuento,
Counter,Mostrador,
Country,País,
Country Name,Nombre del País,
County,País,
Create,Crear,
Create Contacts from Incoming Emails,Crear contactos a partir de correos electrónicos entrantes,
Create Entry,Crear entrada,
Create Log,Crear registro,
Create and Send Newsletters,Crear y enviar boletines de noticias,
Created,Creado,
Criticism,Crítica,
Cron,Cron,
Cron Format,Formato Cron,
Currency,Divisa / Moneda,
Currency Name,Nombre de la divisa,
Currency Precision,Precisión de monedas,
Current,Corriente,
Custom,Personalizar,
Custom Base URL,URL Base Personalizada,
Custom CSS,CSS personalizado,
Custom Configuration,Configuración personalizada,
Custom DocPerm,DocPerm Personalizado,
Custom Field,Campo Personalizado,
Custom Format,Formato Personalizado,
Custom HTML Help,Ayuda HTML personalizada,
Custom Menu Items,Menú Items Personalizados,
Custom Options,Opciones personalizadas,
Custom Overrides,Anulaciones personalizadas,
Custom Report,Informe personalizado,
Custom Role,Rol Personalizado,
Custom SCSS,SCSS personalizado,
Custom Sidebar Menu,Menú Lateral Personalizado,
Custom?,¿Personalizado?,
Customization,Personalización,
Customize Form,Personalizar Formulario,
Customize Form Field,Personalizar campos de formulario,
DESC,DESC,
Daily,Diario,
Daily Long,Largo diario,
Danger,Peligro,
Dark Color,Color oscuro,
Dashboard,Tablero,
Dashboard Chart,Cuadro de mandos,
Dashboard Chart Field,Campo del cuadro de mandos,
Dashboard Chart Link,Enlace del cuadro de mandos,
Dashboard Chart Source,Fuente del cuadro de mandos,
Dashboard Manager,Administrador de tablero,
Dashboard Name,Nombre del tablero,
Dashboard Settings,Configuración del panel,
Dashboards,Tableros,
Data,Datos,
Data Export,Exportación de Datos,
Data Import,Importación de Datos,
Database Engine,Motor de base de datos,
Date,Fecha,
Date Format,Formato de Fecha,
Date Range,Rango de Fechas,
Date and Number Format,Formato de Fecha y Número,
Datetime,Fecha y Hora,
Day,Día,
Day of Week,Día de la semana,
Days After,Dias despues,
Days Before,Días anteriores,
Days Before or After,Días antes o despues,
Default,Predeterminado,
Default Incoming,Por defecto entrante,
Default Letter Head,Encabezado Predeterminado,
Default Outgoing,Predeterminar Saliente,
Default Portal Home,Inicio del portal predeterminado,
Default Print Format,Formato de impresión por defecto,
Default Print Language,Lenguaje de impresión predeterminado,
Default Redirect URI,Predeterminado URI de redireccionamiento,
Default Role at Time of Signup,El papel predeterminado en el momento de la Inscripción,
Default Sort Field,Campo de clasificación predeterminado,
Default Sort Order,Orden de clasificación predeterminado,
Default Value,Valor predeterminado,
"Default: ""Contact Us""","Por defecto: ""Contáctenos""",
DefaultValue,Valor predeterminado,
Defaults,Predeterminados,
Defines actions on states and the next step and allowed roles.,"Define las acciones en los estados, el siguiente paso y los roles permitidos.",
Defines workflow states and rules for a document.,Define los estados de flujo de trabajo y reglas para un documento.,
Delayed,Retrasado,
Delete,Eliminar,
Deleted,Eliminado,
Deleted DocType,DocType eliminado,
Deleted Document,documento eliminado,
Deleted Name,Nombre borrado,
Delivery Status,Estado del envío,
Department,Departamento,
Dependencies,Dependencias,
Depends On,Depende de,
Description,Descripción,
"Description for listing page, in plain text, only a couple of lines. (max 200 characters)","Descripción de la página de listado, en texto plano, solo un par de líneas. (máximo 200 caracteres)",
Designation,Puesto,
Desk,Escritorio,
Desk Access,Acceso a Escritorio,
Desktop Icon,Icono de escritorio,
Details,Detalles,
"Different ""States"" this document can exist in. Like ""Open"", ""Pending Approval"" etc.","Pueden existir diferentes estados para este documento: 'Abierto', 'Pendiente de Aprobación', etc.",
Digits,Dígitos,
Disable Auto Refresh,Desactivar actualización automática,
Disable Comments,Deshabilitar comentarios,
Disable Count,Desactivar recuento,
Disable SMTP server authentication,Deshabilitar la autenticación del servidor SMTP,
Disable Sidebar Stats,Deshabilitar estadísticas de barra lateral,
Disable Signup,Deshabilitar registro,
Disable Standard Email Footer,Desactivar pie de página estándar en los correos electrónicos,
Disabled,Deshabilitado,
Display,Visualización,
Display Depends On,Mostrar Depende de,
Doc Event,Evento de Documento,
Doc Events,Eventos de Documento,
Doc Status,Estado de Doc.,
DocField,DocField,
DocPerm,DocPerm,
DocShare,DocShare,
DocType,DocType,
DocType Action,DocType Action,
DocType Event,DocType Event,
DocType Link,DocType Link,
DocType View,Vista DocType,
DocType is a Table / Form in the application.,Un 'DocType' es una tabla o un formulario en la aplicación.,
DocType on which this Workflow is applicable.,El flujo de trabajo será aplicable en el documento seleccionado.,
Doctype,Doctype,
Document,Documento,
Document Actions,Acciones de documento,
Document Follow,Seguir documento,
Document Link,Enlace de documento,
Document Links,Enlaces de documentos,
Document Name,Nombre de Documento,
Document Naming Rule,Regla de denominación de documentos,
Document Naming Rule Condition,Condición de la regla de nomenclatura de documentos,
Document Share,Compartir documento,
Document Share Report,Reporte de documentos compartidos,
Document States,Estados del Documento,
Document Tag,Etiqueta de documento,
Document Title,Titulo del documento,
Document Type,Tipo de Documento,
Document Type to Track,Tipo de documento a seguir,
Document Types,Tipos de documentos,
Documentation Link,Enlace de documentación,
Documentation URL,URL de documentación,
Domain,Dominio,
Domain Settings,Configuraciones de Dominio,
Domains HTML,Dominios HTML,
"Don't HTML Encode HTML tags like &lt;script&gt; or just characters like &lt; or &gt;, as they could be intentionally used in this field","No etiquetas HTML Codificar HTML, como &lt;script&gt; o simplemente caracteres como &lt;u&gt;, ya que podrían ser utilizados intencionadamente en este campo",
Don't Override Status,No sobreescriba el estado,
Don't Send Emails,No envíe correos electrónicos,
Donut,Dona,
Download Backups,Descargar Backups,
Download Template,Descargar plantilla,
Dropbox Access Token,Dropbox Access Token,
Dropbox Settings,Ajustes de Dropbox,
Dropdowns,Listas deplegables,
Due Date,Fecha de vencimiento,
Due Date Based On,Fecha de Vencimiento basada en,
Duration,Duración,
Dynamic Filters,Filtros dinámicos,
Dynamic Filters JSON,JSON de filtros dinámicos,
Dynamic Filters Section,Sección de filtros dinámicos,
Dynamic Link,Enlace dinámico,
Dynamic Report Filters,Filtros de informes dinámicos,
Dynamic Route,Ruta Dinámica,
Dynamic Template,Plantilla dinámica,
Edit,Editar,
Edit Values,Editar Valores,
Editable Grid,Cruadicula Editable,
Eg. smsgateway.com/api/send_sms.cgi,Eg . smsgateway.com / api / send_sms.cgi,
Email,Correo electrónico,
Email Account,Cuentas de correo electrónico,
Email Account Name,Cuenta de correo electrónico,
Email Address,Dirección de correo electrónico,
Email Address whose Google Contacts are to be synced.,Dirección de correo electrónico cuyos contactos de Google se deben sincronizar.,
Email Addresses,Correos electrónicos,
Email Domain,Dominio de Correo Electrónico,
Email Flag Queue,Señal de la bandera del correo electrónico,
Email Footer Address,Adjuntar dirección en pie de pagina.,
Email Group,Grupo de Correo Electrónico,
Email Group Member,Miembro de Grupo de Correo Electrónico,
Email ID,Identificación de correo,
Email IDs,IDs de Correo Electrónico,
Email Id,ID de Correo Electrónico,
Email Inbox,Bandeja de entrada de email,
Email Queue,Cola de correo electrónico,
Email Queue Recipient,Cola de correo electrónico de destinatarios,
Email Queue records.,Registros de Email en cola.,
Email Reply Help,Correo Electrónico Responder Ayuda,
Email Rule,Regla de correo electrónico,
Email Sent,Correo Electrónico Enviado,
Email Settings,Configuración de Correo Electrónico,
Email Signature,Firma de Correo Electrónico,
Email Status,Estado de Correo Electrónico,
Email Sync Option,Opción de Sincronizar Correo Electrónico,
Email Template,Plantilla de Correo Electrónico,
Email To,Email para,
Email Unsubscribe,Cancelar suscripción por correo electrónico,
Emails will be sent with next possible workflow actions,Los Correos Electrónicos se enviarán con las próximas acciones de flujo de trabajo posibles,
Enable,Habilitar,
Enable Auto Reply,Habilitar Respuesta Automática,
Enable Automatic Backup,Activar Copia de Seguridad Automática,
Enable Automatic Linking in Documents,Habilitar la vinculación automática en documentos,
Enable Comments,Habilitar Comentarios,
Enable Email Notifications,Habilitar notificaciones por correo electrónico,
Enable Google Indexing,Habilitar la indexación de Google,
Enable In App Website Tracking,Habilitar el seguimiento de sitios web en la aplicación,
Enable Incoming,Habilitar correos entrantes,
Enable Onboarding,Habilitar la incorporación,
Enable Outgoing,Habilitar correos salientes,
Enable Password Policy,Activar directiva de contraseñas,
Enable Print Server,Habilitar Servidor de Impresión,
Enable Raw Printing,Habilitar impresión sin formato,
Enable Scheduled Jobs,Habilitar Tareas Programadas,
Enable Security,Habilitar seguridad,
Enable Social Login,Habilitar Sesión Social,
Enable Social Sharing,Habilitar compartir en redes sociales,
Enable Two Factor Auth,Habilitar Autenticación de dos Factores,
Enabled,Habilitado,
End Date,Fecha Final,
End Date Field,Campo de Fecha de Finalización,
Endpoint URL,Endpoint URL,
Endpoints,Endpoints,
Ends on,Finaliza el,
Energy Point,Punto de energía,
Energy Point Log,Registro de puntos de energía,
Energy Point Rule,Regla de puntos de energía,
Energy Point Settings,Configuraciones de puntos de energía,
Energy Points,Puntos de energía,
Enter Form Type,Seleccione el Tipo de Formulario,
"Enter default value fields (keys) and values. If you add multiple values for a field, the first one will be picked. These defaults are also used to set ""match"" permission rules. To see list of fields, go to ""Customize Form"".","Ingrese campos del valor por defecto (claves) y valores. Si agrega varios valores para un campo, el primero de será elegido. Estos valores predeterminados se utilizan también para ""emparejar"" reglas de permisos. Para ver la lista de campos, vaya a ""Personalizar Formulario"".",
"Enter static url parameters here (Eg. sender=ERPNext, username=ERPNext, password=1234 etc.)","Introduzca los parámetros de URL aquí (Ej. sender = ERPNext , nombre de usuario = ERPNext , contraseña = 1234 etc )",
Enter url parameter for message,Introduzca el parámetro url para el mensaje,
Enter url parameter for receiver nos,Introduzca el parámetro url para los números de los receptores,
Error,Error,
Error Log,Registro de Errores,
Error Message,Mensaje de error,
Event,Evento,
Event Category,Categoría de Evento,
Event Participants,Participantes del Evento,
Event Type,Tipo de Evento,
Everyone,Todos,
"Ex: ""colors"": [""#d1d8dd"", ""#ff5858""]","Por ejemplo: &quot;colores&quot;: [&quot;# d1d8dd&quot;, &quot;# ff5858&quot;]",
Example,Ejemplo,
"Example: ""/desk""",Ejemplo: &quot;/desk&quot;,
Example: #Tree/Account,Ejemplo: #Tree/Account,
Example: 00001,Ejemplo: 00001,
Example: {{ subject }},Ejemplo: {{subject}},
Excel,Excel,
Exception,Excepción,
Execute,Ejecutar,
Expert,Experto,
Expiration time,Tiempo de expiración,
Expire Notification On,Notificación Expirará en,
Expired,Expirado,
Expires In,Expira en,
Expires On,Expira el,
Expiry time of QR Code Image Page,Tiempo de expiración de Pagina de Código QR,
Export,Exportar,
Export From,Exportar desde,
Expose Recipients,Exponer Destinatarios,
"Expression, Optional","Expresión, opcional",
Facebook,Facebook,
Failed,Falló,
FavIcon,Favicon,
Fax,Fax,
Featured,Destacados,
Feedback,Retroalimentación,
Feedback Request,Solicitud de retroalimentación,
Fetch From,Obtener De,
Field,Campo,
Field Description,Descripción de Campo,
Field Name,Nombre de Campo,
Field To Check,Campo para verificar,
Field Type,Tipo de campo,
"Field that represents the Workflow State of the transaction (if field is not present, a new hidden Custom Field will be created)","El campo que representa al estado del flujo de trabajo de la transacción (Si el campo no está presente, un nuevo campo personalizado oculto se creará )",
Field to Track,Campo a seguir,
Fieldname,Nombre del campo,
Fields,Campos,
Fields Multicheck,Campos Multicheck,
"Fields separated by comma (,) will be included in the ""Search By"" list of Search dialog box","Los campos separados por coma (,) se incluirán en el area ""Buscar por"" en el cuadro de búsqueda",
Fieldtype,FieldType,
File,Archivo,
File Backup,Archivo de Respaldo,
File Information,Información del archivo,
File Name,Nombre del Archivo,
File Size,Tamaño de archivo,
File Type,Tipo de Archivo,
File URL,URL del archivo,
Files,Archivos,
Filter Data,Filtrar datos,
Filter List,Lista de Filtros,
Filter Meta,Filtro Meta,
Filter Name,Nombre del Filtro,
Filter Values,Valores del Filtro,
Filters,Filtros,
Filters Configuration,Configuración de filtros,
Filters Display,Visualización de Filtros,
Filters JSON,Filtros JSON,
Filters Section,Sección de filtros,
"Filters will be accessible via <code>filters</code>. <br><br>Send output as <code>result = [result]</code>, or for old style <code>data = [columns], [result]</code>","Se podrá acceder a los <code>filters</code> mediante <code>filters</code> .<br><br> Enviar salida como <code>result = [result]</code> , o para <code>data = [columns], [result]</code> estilo antiguo <code>data = [columns], [result]</code>",
Finished,Terminado,
First Name,Primer Nombre,
First Success Message,Primer Mensaje de Éxito,
Flag,Bandera,
Float,Coma Flotante,
Float Precision,Factor de Redondeo,
Fold,Plegar,
Folder,Carpeta,
Font,Fuente,
Font Properties,Propiedades de fuente,
Font Size,Tamaño de la fuente,
Fonts,Fuentes,
Footer,Pie de página,
Footer HTML,HTML de pie de página,
Footer Items,Elementos de pie de página,
Footer Logo,Logotipo de pie de página,
Footer Template,Plantilla de pie de página,
Footer Template Values,Valores de plantilla de pie de página,
Footer will display correctly only in PDF,El pie de página se mostrará correctamente solo en PDF,
For DocType Link / DocType Action,Para DocType Link / DocType Action,
For Document Event,Para evento de documento,
For User,Por Usuario,
For Value,Por valor,
For example: {} Open,Por ejemplo: {} Abrir,
"For help see <a href=""https://frappeframework.com/docs/user/en/guides/portal-development/web-forms"" target=""_blank"">Client Script API and Examples</a>","Para obtener ayuda, consulte <a href=""https://frappeframework.com/docs/user/en/guides/portal-development/web-forms"" target=""_blank"">Ejemplos y API de script de cliente</a>",
"For more information, <a class=""text-muted"" href=""https://erpnext.com/docs/user/manual/en/setting-up/email/linking-emails-to-document"">click here</a>.","Para más información, <a class=""text-muted"" href=""https://erpnext.com/docs/user/manual/en/setting-up/email/linking-emails-to-document"">haga clic aquí</a> .",
Force,Fuerza,
Force Show,Forzar a Mostrar,
Force User to Reset Password,Forzar al usuario a restablecer la contraseña,
Form Settings,Configuraciones de formulario,
Form URL-Encoded,Formulario codificado en URL,
Format,Formato,
Format Data,Formato de datos,
Forward To Email Address,Reenviar a la dirección de correo electrónico,
Fraction,Fracción,
Fraction Units,Fracción de unidades,
Frappe,Frapé,
Frequency,Frecuencia,
Friday,Viernes,
From,Desde,
From Date,Desde la fecha,
From Date Field,Desde campo de fecha,
From Full Name,Desde Nombre Completo,
From User,Del usuario,
Full,Completo,
Full Name,Nombre completo,
Full Width,Ancho completo,
Function,Función,
GMail,GMail,
Gantt,Gantt,
Gender,Género,
Generate Keys,Generar Llaves,
Geo,Geo,
Geolocation,Geolocalización,
Get Contacts,Obtener Contactos,
Get your globally recognized avatar from Gravatar.com,Obtenga su avatar reconocido globalmente desde Gravatar.com,
Git Branch,Rama de Git,
GitHub,GitHub,
Global Search DocType,Búsqueda global DocType,
Global Search Settings,Configuración de búsqueda global,
Global Unsubscribe,Darse de baja globalmente,
Go to Page,Ir a la pagina,
Google,Google,
Google Analytics Anonymize IP,Google Analytics anonimiza IP,
Google Analytics ID,Google Analytics ID,
Google Calendar,Calendario de Google,
Google Calendar Event ID,ID de evento de Google Calendar,
Google Calendar ID,ID de Google Calendar,
Google Contacts,Contactos de Google,
Google Contacts Id,ID de contactos de Google,
Google Drive,Google Drive,
Google Font,Fuente de Google,
Google Settings,Configuraciones de Google,
Google Snippet Preview,Vista previa de fragmentos de Google,
Grant Type,Tipo de Subvención,
Green,Verde,
Group,Grupo,
Group By,Agrupar por,
Group By Based On,Agrupar por según,
Group By Type,Agrupar por tipo,
Guest,Invitado,
HH:mm,HH: mm,
HH:mm:ss,HH: mm: ss,
HTML,HTML,
HTML Editor,Editor de HTML,
HTML Page,Página HTML,
HTML for header section. Optional,HTML para la sección de encabezado. opcional,
Half,Mitad,
Half Yearly,Semestral,
Half-yearly,Medio año,
Has  Attachment,Tiene Adjunto,
Has Domain,Tiene Dominio,
Has Role,Tiene Rol,
Has Web View,Tiene vista Web,
Header,Encabezado,
Header HTML,HTML de encabezado,
Header and Breadcrumbs,Encabezado y migas de pan,
Headers,Encabezados,
Heading,Encabezado,
Heatmap,Mapa de calor,
Help,Ayuda,
Help Article,Artículo de Ayuda,
Help Articles,Artículos de Ayuda,
Help Category,Categoría de Ayuda,
Help Dropdown,Menú desplegable de ayuda,
Help HTML,Ayuda 'HTML',
Helvetica,Helvetica,
Hidden,Oculto,
Hide,Esconder,
Hide Block,Ocultar bloque,
Hide Border,Ocultar borde,
Hide CTA,Ocultar CTA,
Hide Copy,Ocultar copia,
Hide Custom DocTypes and Reports,Ocultar tipos de documentos e informes personalizados,
Hide Days,Ocultar días,
Hide Footer Signup,Ocultar inscripción en el pie de pagina,
Hide Login,Ocultar inicio de sesión,
Hide Seconds,Ocultar segundos,
Hide Standard Menu,Ocultar Menú Estándar,
Hide footer in auto email reports,Ocultar pie de página en informes de correo electrónico automático,
High,Alto,
Higher priority rule will be applied first,La regla de mayor prioridad se aplicará primero,
Highlight,Resaltar,
Home,Inicio,
Home Page,Página de inicio,
Home Settings,Configuraciones de inicio,
Hourly,Cada Hora,
Hourly Long,Cada hora,
Hourly rate limit for generating password reset links,Límite de tarifa por hora para generar enlaces de restablecimiento de contraseña,
"How should this currency be formatted? If not set, will use system defaults","¿Cómo se debe formatear esta moneda? Si no se establece, el sistema utilizará los valores por defecto",
ID (name) of the entity whose property is to be set,Identificación ( nombre) de la entidad cuya propiedad va a establecerse,
IP Address,Dirección IP,
Icon,Icono,
Icon will appear on the button,El icono aparecerá en el botón,
Identity Details,Detalles de Identidad,
Idx,indice,
"If Apply Strict User Permission is checked and User Permission is defined for a DocType for a User, then all the documents where value of the link is blank, will not be shown to that User","Si Aplicar Permisos de Usuario Estricto esta seleccionado y se ha definido Permiso de Usuario para un DocType para un Usuario, todos los documentos en los que el valor del enlace esté en blanco no se mostrarán a ese Usuario",
If Checked workflow status will not override status in list view,Si el estado de flujo de trabajo facturado no anulará el estado en la vista de lista,
"If Icon is set, it will be shown instead of Label","Si se establece el icono, se mostrará en lugar de la etiqueta",
"If checked, all other workflows become inactive.","Si se selecciona, los otros flujos de trabajo serán desactivados.",
"If checked, users will not see the Confirm Access dialog.","Si se selecciona, los usuarios no podrán ver el cuadro de diálogo de confirmación de acceso.",
"If disabled, this role will be removed from all users.","Si está desactivado, este rol será eliminado de todos los usuarios.",
"If enabled,  user can login from any IP Address using Two Factor Auth, this can also be set for all users in System Settings","Si está habilitado, el usuario puede iniciar sesión desde cualquier dirección IP utilizando la autenticación de dos factores, esto también se puede configurar para todos los usuarios en la configuración del sistema",
"If enabled, all users can login from any IP Address using Two Factor Auth. This can also be set only for specific user(s) in User Page","Si está habilitado, todos los usuarios pueden iniciar sesión desde cualquier dirección IP utilizando la autenticación de dos factores. Esto también se puede configurar solo para usuarios específicos en la página de usuario",
"If enabled, changes to the document are tracked and shown in timeline","Si está habilitado, los cambios en el documento se rastrean y se muestran en la línea de tiempo",
"If enabled, document views are tracked, this can happen multiple times","Si está habilitado, se realiza un seguimiento de las vistas de documentos, esto puede suceder varias veces",
"If enabled, the document is marked as seen, the first time a user opens it","Si está habilitado, el documento se marca como visto, la primera vez que un usuario lo abre",
"If enabled, the notification will show up in the notifications dropdown on the top right corner of the navigation bar.","Si está habilitado, la notificación se mostrará en el menú desplegable de notificaciones en la esquina superior derecha de la barra de navegación.",
"If enabled, the password strength will be enforced based on the Minimum Password Score value. A value of 2 being medium strong and 4 being very strong.","Si está activada, la fuerza de la contraseña se aplicará en función del valor de Puntuación mínima de contraseña. Un valor de 2 siendo fuerte medio y 4 siendo muy fuerte.",
"If enabled, users who login from Restricted IP Address, won't be prompted for Two Factor Auth","Si está habilitado, a los usuarios que inicien sesión desde la Dirección IP Restringida, no se les solicitará la autenticación de dos factores.",
"If enabled, users will be notified every time they login. If not enabled, users will only be notified once.","Si está activado, los usuarios serán notificados cada vez que inicien sesión. Si no está habilitado, los usuarios solo serán notificados una vez.",
If non standard port (e.g. 587),Si el puerto no es estándar (por ejemplo 587 ),
"If non standard port (e.g. 587). If on Google Cloud, try port 2525.","Si el puerto no es estándar (p. Ej. 587). Si está en Google Cloud, intente con el puerto 2525.",
"If non-standard port (e.g. POP3: 995/110, IMAP: 993/143)","Si no es un puerto estándar (por ejemplo, POP3: 995/110, IMAP: 993/143)",
"If not set, the currency precision will depend on number format","Si no se establece, la precisión de la moneda dependerá del formato de número",
"If the user has any role checked, then the user becomes a ""System User"". ""System User"" has access to the desktop","Si el usuario tiene algún rol asignado, entonces el usuario se convierte en un ""Usuario del Sistema"". Los ""Usuarios del sistema"" tienen acceso al escritorio",
If user is the owner,Si el usuario es el propietario,
"If you set this, this Item will come in a drop-down under the selected parent.","Si usted habilita esto, el elemento creará un menú desplegable",
"If your data is in HTML, please copy paste the exact HTML code with the tags.","Si los datos están en formato HTML, por favor copiar y pegar el código HTML exacto con las etiquetas.",
Ignore User Permissions,Ignorar los permisos de usuario,
Ignore XSS Filter,Ignorar filtro XSS,
Ignore attachments over this size,Ignorar los adjuntos mayores que este tamaño,
Ignored Apps,Aplicaciones ignoradas,
Image,Imagen,
Image Field,campo de imagen,
Image Link,Enlace a la Imagen,
Implicit,Implícito,
Import,Importar / Exportar,
Import File,Importar archivo,
Import File Errors and Warnings,Importar errores y advertencias de archivos,
Import Log,Importar registro,
Import Log Preview,Vista previa de registro de importación,
Import Preview,Vista previa de importación,
Import Type,Tipo de importación,
Import Warnings,Advertencias de importación,
Import from Google Sheets,Importar desde Google Sheets,
In Days,En días,
In Filter,En filtro,
In Global Search,En Búsqueda Global,
In List View,En vista de lista,
In Preview,En vista previa,
In Reply To,En respuesta a,
In Standard Filter,En Filtro predeterminado,
In points. Default is 9.,En puntos. el valor por defecto es 9.,
In seconds,En segundos,
Inbox,Bandeja de entrada,
Inbox User,Usuario de la bandeja de entrada,
Include Search in Top Bar,Incluir Buscar en Barra Superior,
Include Web View Link in Email,Enviar el enlace de la vista web del documento por correo electrónico,
Index,Índice,
Index Web Pages for Search,Índice de páginas web para búsqueda,
Indexing Authorization Code,Código de autorización de indexación,
Indexing Refresh Token,Token de actualización de indexación,
Indicator,Indicador,
Indicator Color,Color del Indicador,
Info,Información,
Initial Sync Count,Conde de sincronización inicial,
InnoDB,InnoDB,
Insert After,insertar Después,
Insert New Records,Insertar nuevos registros,
Insert Style,Insertar estilo,
Installed Application,Aplicación instalada,
Installed Applications,Aplicaciones instaladas,
Int,Int,
Integration Request,Solicitud de integración,
Integrations,Integraciones,
Integrations can use this field to set email delivery status,Integraciones pueden utilizar este campo para establecer el estado de entrega de correo electrónico,
Interests,Intereses,
Intermediate,Intermedio,
Internal record of document shares,Registro interno de documentos compartidos,
Introduce your company to the website visitor.,Dar a conocer su empresa al visitante del sitio Web.,
Introduction,Introducción,
Introductory information for the Contact Us Page,Información preliminar de la página de contacto,
Invalid,Inválido,
Inverse,inverso,
Is Active,Está activo,
Is Attachments Folder,Es carpeta Archivos adjuntos,
Is Billing Contact,Es contacto de facturación,
Is Child Table,Es una tabla secundaria,
Is Complete,Esta completo,
Is Completed,Está completado,
Is Custom Field,Es un campo personalizado,
Is Default,Es por defecto,
Is Folder,Es Carpeta,
Is Home Folder,Es Carpeta,
Is Mandatory Field,Es un campo obligatorio,
Is Optional State,Es un estado opcional,
Is Primary,Es primaria,
Is Primary Contact,Es el contacto principal,
Is Primary Mobile,Es el móvil principal,
Is Primary Phone,Es el teléfono principal,
Is Private,Es privado,
Is Public,Es público,
Is Published Field,Es campo publicable,
Is Single,Es individual,
Is Skipped,Se omite,
Is Spam,es spam,
Is Standard,Es estándar,
Is Submittable,Se puede validar,
Is Table,es Tabla,
Is Tree,Es árbol,
Is Unique,Es único,
Is Your Company Address,Es la Dirección de su Compañia,
Item Label,Etiqueta de artículo,
Item Type,Tipo de artículo,
JS,JS,
JSON,JSON,
JSON Request Body,Cuerpo de solicitud JSON,
JavaScript,JavaScript,
JavaScript Format: frappe.query_reports['REPORTNAME'] = {},Formato de JavaScript: : frappe.query_reports['REPORTNAME'] = {},
Javascript,Javascript,
Jinja,Jinja,
Kanban,Kanban,
Kanban Board,Tablero Kanban,
Kanban Board Column,Columna de Tablero Kanban,
Kanban Board Name,Nombre del Tablero Kanban,
Keep track of all update feeds,Mantenga un registro de todos los feeds de actualización,
Keeps track of all communications,Realiza un seguimiento de todas las comunicaciones.,
Key,Clave,
Keyboard Shortcuts,Atajos de teclado,
Knowledge Base Contributor,Contribudor de la Base de Conocimiento,
Knowledge Base Editor,Editor de la Base de Conocimiento,
LDAP Email Field,Campo de correo electrónico de LDAP,
LDAP First Name Field,Campo de Primer Nombre LDAP,
LDAP Group,Grupo LDAP,
LDAP Group Field,Campo de grupo LDAP,
LDAP Group Mapping,Mapeo de grupo LDAP,
LDAP Group Mappings,Asignaciones de grupo LDAP,
LDAP Last Name Field,Campo de apellido LDAP,
LDAP Middle Name Field,Campo de segundo nombre de LDAP,
LDAP Mobile Field,Campo móvil LDAP,
LDAP Phone Field,Campo de teléfono LDAP,
LDAP Search String,Cadena de búsqueda LDAP,
LDAP Security,Seguridad LDAP,
LDAP Server Url,Url del servidor LDAP,
LDAP Settings,Configuraciones LDAP,
LDAP User Creation and Mapping,Creación y mapeo de usuarios LDAP,
LDAP Username Field,Campo nombre de usuario de LDAP,
Label,Etiqueta,
Label Help,Ayuda de 'Etiquetas',
Label and Type,Etiqueta y Tipo,
Landing Page,Pagina de inicio,
Language,Idioma,
Language Code,Código de lenguaje,
Language Name,Nombre del lenguaje,
Last Active,Último Activo,
Last Backup On,Última copia de seguridad activada,
Last Execution,Última ejecución,
Last IP,Última IP,
Last Known Versions,Últimas versiones conocidas,
Last Login,Último ingreso,
Last Month,El mes pasado,
Last Name,Apellido,
Last Password Reset Date,Fecha de restablecimiento de la última contraseña,
Last Point Allocation Date,Fecha de asignación del último punto,
Last Quarter,Último cuarto,
Last Sync On,Última Sincronización Activada,
Last Synced On,Última sincronización en,
Last User,Último usuario,
Last Week,La semana pasada,
Last Year,El año pasado,
Lead Conversion Time,Tiempo de Conversión de Iniciativas,
Leaderboard,Tabla de líderes,
Leave blank to repeat always,Dejar en blanco para repetir siempre,
Ledger,Libro mayor,
Left,Inactivo/Fuera,
Legal,Legal,
Length,Largo,
Letter,Carta,
Letter Head,Membrete,
Letter Head Based On,Cabecera de carta basada en,
Letter Head Image,Imagen de encabezado de carta,
Letter Head Name,Nombre del Encabezado,
Letter Head in HTML,Membrete en HTML,
Level,Nivel,
Level Name,Nombre de nivel,
License,Licencia,
Light Color,Color claro,
Like,Me gusta,
Likes,Me Gustas,
Limit,Límite,
Limit Number of DB Backups,Número límite de copias de seguridad de base de datos,
Line,Línea,
Link,Enlace,
Link Cards,Tarjetas de enlace,
Link DocType,Enlace DocType,
Link Document Type,Tipo de documento de enlace,
Link Fieldname,Nombre del campo de enlace,
Link Name,Nombre del enlace,
Link Title,Título del Enlace,
Link To,Enlace a,
Link to the page you want to open. Leave blank if you want to make it a group parent.,Enlace a la página que desea abrir. Dejar en blanco si desea que sea un grupo principal.,
Linked,Vinculado,
Linked Documents,Documentos vinculados,
Links,Enlaces,
List,Lista,
List Filter,Filtro de Lista,
List Settings,Configuración de lista,
List View Settings,Configuración de vista de lista,
"List as [{""label"": _(""Jobs""), ""route"":""jobs""}]","Lista como [{ ""etiqueta"": _( ""trabajos""), ""ruta"": ""trabajos""}]",
List of patches executed,Lista de parches aplicados,
Load Balancing,Balanceo de carga,
Location,Ubicación,
Log,Log,
Log Data,Dato de registro,
Log Setting User,Usuario de configuración de registro,
Log Settings,Configuración de registro,
Login,Iniciar sesión,
Login After,Iniciar después,
Login Before,Iniciar antes,
Login Required,Inicio de sesión obligatorio,
Logo Width,Ancho del logotipo,
Logout,Salir,
Logout All Sessions on Password Reset,Cerrar sesión en todas las sesiones al restablecer la contraseña,
Logout From All Devices After Changing Password,Cerrar sesión en todos los dispositivos después de cambiar la contraseña,
Long Text,Texto largo,
Low,Bajo,
Main Section,Sección Principal,
Main Section (HTML),Sección principal (HTML),
Main Section (Markdown),Sección principal (Markdown),
Maintenance Manager,Gerente de Mantenimiento,
Maintenance User,Mantenimiento por usuario,
"Make ""name"" searchable in Global Search","Hacer el ""nombre"" buscable en la búsqueda global",
Mandatory,Obligatorio,
Mandatory Depends On,Obligatorio depende de,
Map route parameters into form variables. Example <code>/project/&lt;name&gt;</code>,Asigne parámetros de ruta a variables de formulario. Ejemplo <code>/project/&lt;name&gt;</code>,
Markdown,recorte,
Markdown Editor,Editor Markdown,
Marked As Spam,Marcado como Spam,
Max 500 records at a time,Máximo 500 registros a la vez,
Max Attachment Size (in MB),Tamaño máximo de Adjunto (en MB),
Max Attachments,Máximo de adjuntos,
Max Length,Longitud Máxima,
Max Value,Valor Máximo,
Maximum,Máximo,
Maximum Number of Fields,Número máximo de campos,
Maximum Points,Puntos máximos,
Medium,Medio,
Meeting,Reunión,
Mention,Mencionar,
Mentions,Menciones,
Message,Mensaje,
Message (HTML),Mensaje (HTML),
Message (Markdown),Mensaje (Markdown),
Message Examples,Ejemplos de Mensaje,
Message ID,ID de mensaje,
Message Parameter,Parámetro del mensaje,
Message-id,Mensaje-id,
Meta Description,Metadescripción,
Meta Image,Meta imagen,
Meta Tags,Metaetiquetas,
Meta Title,Meta título,
Method,Método,
Middle Name,Segundo Nombre,
Milestone,Evento importante,
Milestone Tracker,Rastreador de Hitos,
Minimum,Mínimo,
Minimum Password Score,Puntuación mínima de contraseña,
Mobile No,Nº Móvil,
Module,Módulo,
Module Def,Módulo Def,
Module Name,Nombre del módulo,
Module Onboarding,Incorporación del módulo,
Modules HTML,Módulos HTML,
Monday,Lunes,
Monospace,Monoespaciado,
Monthly,Mensual,
Monthly Long,Largo mensual,
More Information,Mas información,
More content for the bottom of the page.,Más contenido de la parte inferior de la página.,
Multiplier Field,Campo multiplicador,
Must be a publicly accessible Google Sheets URL,Debe ser una URL de Google Sheets de acceso público.,
"Must be of type ""Attach Image""","Debe ser del tipo ""Adjuntar Imagen""",
Mute Sounds,Sonidos Silenciados,
My Profile,Mi Perfil,
My Settings,Mis ajustes,
MyISAM,MyISAM,
Name,Nombre,
Naming,Nombrando,
Naming Series,Secuencias e identificadores,
Navbar,Barra de navegación,
Navbar Item,Elemento de la barra de navegación,
Navbar Settings,Configuración de la barra de navegación,
Navbar Template,Plantilla de barra de navegación,
Navbar Template Values,Valores de la plantilla de la barra de navegación,
New,Nuevo,
New Name,Nuevo Nombre,
New value to be set,Nuevo valor a establecer,
Newsletter,Boletín de noticias,
Newsletter Email Group,Boletín Grupo de correo electrónico,
Newsletter Manager,Administrador de boletínes,
Next Action Email Template,Plantilla de Correo Electrónico de próxima acción,
Next Actions HTML,Acciones Siguientes HTML,
Next Schedule Date,Siguiente Fecha Programada,
Next State,Siguiente estado,
Next Sync Token,Siguiente token de sincronización,
No,No,
No Copy,No copiar,
No of Requested SMS,Número de SMS solicitados,
No of Rows (Max 500),No se de filas (máx 500),
No of Sent SMS,Número de SMS enviados,
Non Negative,No negativo,
None,Ninguna,
Not Sent,No enviado,
Note,Nota,
Note Seen By,Nota vista por,
Note: By default emails for failed backups are sent.,Nota: Por correo electrónico predeterminado se envían copias de seguridad fallidas.,
"Note: For best results,  images must be of the same size and width must be greater than height.","Nota: Para obtener mejores resultados, las imágenes deben ser del mismo tamaño y el ancho debe ser mayor que la altura.",
Note: Multiple sessions will be allowed in case of mobile device,Nota:  Varias sesiones serán permitidas en el caso de los dispositivos móviles,
Notification,Notificación,
Notification Log,Registro de notificaciones,
Notification Recipient,Receptor de Notificaciones,
Notification Settings,Configuración de las notificaciones,
Notification Subscribed Document,Notificación de documento suscrito,
Notifications,Notificaciones,
Notifications and bulk mails will be sent from this outgoing server.,Las notificaciones y los Emails masivos serán enviados desde este servidor saliente.,
Notify Users On Every Login,Notificar a los usuarios en cada inicio de sesión,
Notify by Email,Notificar por correo electrónico,
Notify by email,Notificar por Email,
Notify if unreplied,Notificarme si no tiene respuesta,
Notify if unreplied for (in mins),Notificarme si no tiene respuesta durante (en minutos),
Notify users with a popup when they log in,Notificar a los usuarios con un mensaje emergente cuando se conectan,
Number Card,Tarjeta de número,
Number Card Link,Enlace de tarjeta numérica,
Number Cards,Tarjetas de números,
Number Format,Formato de Número,
Number of Backups,Número de copias de seguridad,
Number of DB Backups,Número de copias de seguridad de base de datos,
Number of Groups,Numero de grupos,
Number of columns for a field in a Grid (Total Columns in a grid should be less than 11),Número de columnas para un campo en una cuadrícula (Total de columnas en una cuadrícula debe ser inferior a 11),
Number of columns for a field in a List View or a Grid (Total Columns should be less than 11),Número de columnas para un campo en Vista de Lista o Cuadricula (El total de Columnas debe ser inferior a 11),
OAuth Authorization Code,Código de autorización OAuth,
OAuth Bearer Token,OAuth Bearer Token,
OAuth Client,Cliente OAuth,
OAuth Client ID,ID de cliente de OAuth,
OAuth Provider Settings,Configuración del Proveedor OAuth,
OTP App,Aplicación OTP,
OTP Issuer Name,Nombre del Emisor de OTP,
Off,Apagado,
Office,Oficina,
Office 365,Office 365,
Older backups will be automatically deleted,Copias de seguridad anteriores se eliminarán de forma automática,
On Hold,En espera,
Onboarding Permission,Permiso de incorporación,
Onboarding Step,Paso de incorporación,
Onboarding Step Map,Mapa de pasos de incorporación,
"Once submitted, submittable documents cannot be changed. They can only be Cancelled and Amended.","Una vez enviados, los documentos que se pueden enviar no se pueden cambiar. Solo pueden cancelarse y modificarse.",
Only Allow Edit For,Permitir editar para,
Only Send Records Updated in Last X Hours,Sólo enviar registros actualizados en las últimas X horas,
Open,Abrir/Abierto,
Open Documents,Documentos abiertos,
Open Reference Document,Abrir documento de referencia,
Open URL in a New Tab,Abrir URL en una pestaña nueva,
Open a dialog with mandatory fields to create a new record quickly,Abra un cuadro de diálogo con campos obligatorios para crear un nuevo registro rápidamente,
Opened,Abierto,
Operation,Operación,
Optional: Always send to these ids. Each Email Address on a new row,Opcional: Enviar siempre a estos identificadores. Cada dirección de correo electrónico en una nueva fila,
Optional: The alert will be sent if this expression is true,Opcional: La alerta será enviada si esta expresión es verdadera,
Options,Opciones,
Options Help,Opciones de ayuda,
Orange,naranja,
Order,Orden,
Org History,Historia de la organización,
Org History Heading,Encabezado de la historia de la organización,
Other,Otro,
Outlook.com,Outlook.com,
Output,Salida,
PDF Page Size,Tamaño de página PDF,
PDF Settings,Configuración de paginas PDF,
Page,Página,
Page Break,Salto de Página,
Page Builder,Creador de páginas,
Page Building Blocks,Bloques de creación de páginas,
Page HTML,Página HTML,
Page Name,Nombre de la página,
Page Settings,Configuración de Página,
Parameter,Parámetro,
Parent Field (Tree),Campo principal (árbol),
Parent Label,Etiqueta Principal,
Partial Success,Éxito Parcial,
Participants,Participantes,
Passive,Pasivo,
Password,Contraseña,
Password Reset Link Generation Limit,Límite de generación de enlaces de restablecimiento de contraseña,
Password for Base DN,Contraseña para la base DN,
Patch,Parche,
Patch Log,Bitácora de parches,
Path,Camino,
Path to CA Certs File,Ruta al archivo de certificados de CA,
Path to Server Certificate,Ruta al certificado del servidor,
Path to private Key File,Ruta al archivo de clave privada,
Pending,Pendiente,
Pending Approval,Aprobación pendiente,
Pending Verification,verificación pendiente,
Percent,Por ciento,
Percentage,Porcentaje,
Period,Período,
Perm Level,Nivel permitido,
Permanent,Permanente,
Permission Level,Nivel de permisos,
Permission Rules,Reglas de permisos,
Permissions,Permisos,
Permitted Documents For User,Documentos permitidos a los usuarios,
Personal,Personal,
Personal Data Deletion Request,Solicitud de eliminación de datos personales,
Personal Data Download Request,Solicitud de descarga de datos personales,
Phone,Teléfono,
Phone No.,No. de teléfono,
Phone Number,Número de teléfono,
Pie,Tarta,
Pincode,Código PIN,
Plant,Planta,
Point Allocation Periodicity,Periodicidad de asignación de puntos,
Points,Puntos,
Port,Puerto,
Portal Menu,Menú del Portal,
Portal Menu Item,Elemento del Menú del Portal,
Portal Settings,Configuración del portal,
Position,Posición,
Postal,Postal,
Postal Code,Codigo postal,
Precision,Precisión,
Preferred Billing Address,Dirección de facturación preferida,
Preferred Shipping Address,Dirección de envío preferida,
Prefix,Prefijo,
Prepared Report,Informe Preparado,
Prepared Report User,Usuario de informe preparado,
Preview,Vista Previa,
Preview HTML,Vista Previa HTML,
Preview Message,Mensaje de Vista Previa,
Previous Hash,Hash Anterior,
Primary,Primario,
Primary Color,Color primario,
Print,Impresión,
Print Format,Formatos de Impresión,
Print Format Builder,Diseñador de formatos de impresión,
Print Format Help,Ayuda de formato de impresión,
Print Format Type,Tipo de formato de impresión,
Print Hide,Ocultar en impresión,
Print Hide If No Value,Impresión Oculta si no hay Valor,
Print Server,Servidor de Impresión,
Print Settings,Ajustes de Impresión,
Print Style,Estilo de Impresión,
Print Style Name,Nombre del Estilo de Impresión,
Print Style Preview,Vista previa de estilo,
Print UOM after Quantity,Imprimir UOM después de Cantidad,
Print Width,Ancho de Impresión,
"Print Width of the field, if the field is a column in a table","Imprimir el ancho del campo, si el campo es una columna en una tabla",
Print taxes with zero amount,Imprimir impuestos con importe nulo,
Print with letterhead,Imprimir con membrete,
Printer Name,Nombre de la Impresora,
Printing,Impresión,
Priority,Prioridad,
Private,Privado,
ProTip: Add <code>Reference: {{ reference_doctype }} {{ reference_name }}</code> to send document reference,Protip: Agregar <code>Reference: {{ reference_doctype }} {{ reference_name }}</code> enviar referencia del documento,
Property,Propiedad,
Property Depends On,La propiedad depende de,
Property Setter,Property Setter,
Property Setter overrides a standard DocType or Field property,Property Setter overrides a standard DocType or Field property,
Property Type,Tipo de Inmueble,
Provider,Proveedor,
Provider Name,Nombre del Proveedor,
Public,Público,
Publish,Publicar,
Published,Publicado,
Published On,Publicado el,
Pull from Google Calendar,Tire de Google Calendar,
Pull from Google Contacts,Tire de los contactos de Google,
Pulled from Google Calendar,Extraído de Google Calendar,
Pulled from Google Contacts,Extraído de los contactos de Google,
Purchase Manager,Gerente de compras,
Purchase Master Manager,Director de compras,
Purchase User,Usuario de compras,
Purple,Púrpura,
Push to Google Calendar,Empuje a Google Calendar,
Push to Google Contacts,Empuje a Contactos de Google,
Quarterly,Trimestral,
Query,Consulta,
Query / Script,Consulta / Script,
Query Options,Opciones de Consulta,
Query Report,Informe de Consultas,
Queued,En cola,
Quick Entry,Entrada Rápida,
RAW Information Log,Registro de información RAW,
Random,Aleatorio,
Rating,Clasificación,
Raw Commands,Comandos sin formato,
Raw Email,Correo electrónico sin procesar,
Raw Printing,Impresión en bruto,
Read,Leer,
Read Only,Sólo lectura,
Read Only Depends On,Solo lectura depende de,
Read Time,Tiempo de lectura,
Read by Recipient,Leído por el Destinatario,
Read by Recipient On,Leído por el Destinatario en,
Reason,Razón,
Received,Recibido,
Receiver By Document Field,Receptor por campo de documento,
Receiver By Role,Receptor por función,
Receiver Parameter,Configuración de receptor(es),
Recipient,Beneficiario,
Recipient Unsubscribed,Receptor no suscrito,
Recipients,Destinatarios,
Recorder,Grabadora,
Red,Rojo,
Redirect URI Bound To Auth Code,URI de redireccionamiento obligado a Auth Code,
Redirect URIs,URIs de Redireccionamiento,
Redirect URL,Redireccionar URL,
Ref DocType,Ref. DocType,
Reference,Referencia,
Reference Date,Fecha de referencia,
Reference DocName,DocName de referencia,
Reference DocType,DocType de referencia,
Reference Docname,Referencia DocName,
Reference Doctype,Referencia a 'DocType',
Reference Document,Documento de referencia,
Reference Document Name,Nombre del Documento de Referencia,
Reference Document Type,Tipo de Documento de Referencia,
Reference Name,nombre de referencia,
Reference Owner,Propietario de Referencia,
Reference Report,Informe de referencia,
Reference Type,Tipo de referencia,
Reference name,Nombre de referencia,
Referrer,Referente,
Refresh Google Sheet,Actualizar hoja de Google,
Refresh Token,Actualizar Token,
Rejected,Rechazado,
Relinked,Re-enlazado,
Reload,Recargar,
Remember Last Selected Value,Recordar el último valor seleccionado,
Reminder,Recordatorio,
Repeat On,Repetir en,
Repeat Till,Repitir hasta,
Repeat on Day,Repita el Día,
Repeat on Last Day of the Month,Repita el último día del mes,
Repeat this Event,Repetir este evento,
Replied,Respondido,
Reply,Responder,
Report,Reporte,
Report Builder,Generador de reportes,
Report Column,Columna de informe,
Report Description,Descripción del reporte,
Report Filter,Filtro de informe,
Report Filters,Filtros de informe,
Report Hide,Ocultar reporte,
Report Information,Informar información,
Report Manager,Administrador de reportes,
Report Name,Nombre del reporte,
Report Reference Doctype,Tipo de documento de referencia del informe,
Report Type,Tipo de reporte,
Reports,Informes,
Represents a User in the system.,Listado de usuarios en el sistema.,
Represents the states allowed in one document and role assigned to change the state.,Representa los estados permitidos en un solo documento y el rol asignado para el cambio del estado,
Request Data,Datos de Solicitud,
Request Structure,Estructura de solicitud,
Request URL,URL de Solicitud,
Requested Numbers,Números solicitados,
Require Trusted Certificate,Requerir certificado de confianza,
Reset Password Key,Restablecer contraseña/clave,
Response,Respuesta,
Response Type,Tipo de respuesta,
Restored,Restaurado,
Restrict IP,Restringir IP,
Restrict To Domain,Restringir al dominio,
Restrict to Domain,Restringir a Domiñio,
Restrict user from this IP address only. Multiple IP addresses can be added by separating with commas. Also accepts partial IP addresses like (111.111.111),"Restringir el usuario a esta dirección IP. Todas las direcciones IP se pueden agregar separadas con comas, también se aceptan direcciones IP parciales como ( 111.111.111 )",
Retry,Reintentar,
Reverse Icon Color,Revertir Color de Icono,
Revert,Revertir,
Revert Of,Revertir de,
Reverted,Revertido,
Review,revisión,
Review Level,Nivel de revisión,
Review Levels,Niveles de revisión,
Review Points,Puntos de revisión,
Revoked,Revocado,
Rich Text,Texto Enriquecido,
Right,derecho,
Robots.txt,Robots.txt,
Role,Rol,
Role Name,Nombre del rol,
Role Permission for Page and Report,Permiso para la función Página e Informe,
Role Permissions,Permisos de Rol,
Role Permissions Manager,Administrar permisos,
Role Profile,Perfil de Rol,
Role and Level,Rol y nivel,
Roles,Roles,
Roles Assigned,Roles Asignados,
Roles HTML,Roles HTML,
Roles Html,Roles HTML,
Round Robin,Round Robin,
Route,Ruta,
Route History,Historia de la Ruta,
Route Redirects,Redirecciones de ruta,
"Route: Example ""/desk""",Ruta: ejemplo &quot;/ escritorio&quot;,
Row Index,Índice de Fila,
Row Name,Nombre de fila,
Rows Added,Filas Añadidas,
Rows Removed,Filas Eliminadas,
Rule,Regla,
Rule Conditions,Condiciones de la regla,
Rule Name,Nombre de la regla,
Rules defining transition of state in the workflow.,Reglas que definen la transición del estado en el flujo de trabajo.,
"Rules for how states are transitions, like next state and which role is allowed to change state etc.","Reglas para transición entre estados y la función  que permite cambiar entre ellos, etc.",
Rules with higher priority number will be applied first.,Las reglas con un número de prioridad más alto se aplicarán primero.,
Run Jobs only Daily if Inactive For (Days),Ejecutar trabajos solo diariamente si está inactivo durante (días),
Run scheduled jobs only if checked,Ejecutar las tareas programadas solamente si están comprobadas,
S3 Backup Settings,Configuración de Copia de Seguridad S3,
S3 Bucket Details,Detalles del cucharón S3,
SMS,SMS,
SMS Gateway URL,URL de pasarela SMS,
SMS Log,Registros SMS,
SMS Parameter,Parámetros SMS,
SMS Settings,Ajustes de SMS,
SMTP Settings for outgoing emails,Configuración SMTP para los correos salientes,
"SQL Conditions. Example: status=""Open""",Condiciones de SQL. Ejemplo: estado = &quot;abierto&quot;,
SSL/TLS Mode,Modo SSL / TLS,
Sales Manager,Gerente de ventas,
Sales Master Manager,Gerente principal de ventas,
Sales User,Usuario de ventas,
Salesforce,Fuerza de Ventas,
Salutation,Saludo.,
Sample,Muestra.,
Saturday,Sábado,
Save,Guardar,
Scheduled,Programado.,
Scheduled Job,Trabajo programado,
Scheduled Job Log,Registro de trabajos programados,
Scheduled Job Type,Tipo de trabajo programado,
Scheduled To Send,Programado para enviar,
Scheduler Event,Evento del programador,
Scope,Alcance,
Scopes,Alcances,
Script,Script,
Script Manager,Administrador de guiones,
Script Report,Informe de secuencias de comandos (Scripts),
Script Type,Tipo de script,
Script to attach to all web pages.,Script para unir a todas las páginas web.,
Search Fields,Buscar campos,
Search Priorities,Prioridades de búsqueda,
Section,Sección,
Section Break,Salto de sección.,
Security Settings,Configuración de seguridad,
Seen,Visto,
Seen By,Visto por,
Seen By Table,Visto por la tabla,
Select,Seleccionar,
Select Dashboard,Seleccionar panel de control,
Select Date Range,Seleccionar rango de fechas,
Select DocType,Seleccione un 'DocType',
Select Doctype,Seleccione Doctype,
Select Transaction,Seleccione el tipo de transacción,
Select an image of approx width 150px with a transparent background for best results.,Seleccione una imagen de ancho aprox 150px con fondo transparente para obtener mejores resultados.,
Select the label after which you want to insert new field.,Seleccione la etiqueta con la cual desea insertar el nuevo campo.,
Send After,Enviar después,
Send Alert On,Enviar alerta en,
Send Email Alert,Enviar Alerta de Correo Electrónico,
Send Email Print Attachments as PDF (Recommended),Enviar correo electrónico con adjuntos en formato PDF (recomendado),
Send Email for Successful Backup,Enviar correo electrónico para una copia de seguridad exitosa,
Send Email for Successful backup,Enviar correo electrónico para una Copia de Seguridad exitosa,
Send Me A Copy of Outgoing Emails,Envíame una copia de los correos electrónicos salientes,
Send Notification To,Enviar notificación a,
Send Notification to,Enviar notificación a,
Send Notifications For Documents Followed By Me,Enviar notificaciones de documentos seguidos por mí,
Send Notifications For Email Threads,Enviar notificaciones para hilos de correo electrónico,
Send Notifications To,Enviar notificaciones a,
Send Print as PDF,Enviar Impresión como 'PDF',
Send System Notification,Enviar notificación del sistema,
Send To All Assignees,Enviar a todos los cesionarios,
Send Unsubscribe Link,Enviar Enlace de cancelar suscripción,
Send Welcome Email,Enviar Email de bienvenida,
Send alert if date matches this field's value,Enviar una alarma si la fecha coincide con el valor de este campo,
Send alert if this field's value changes,Enviar alerta si este campo cambia de valor,
Send an email reminder in the morning,Enviar un recordatorio por correo electrónico en la mañana.,
Send days before or after the reference date,Enviar días antes o después de la fecha de referencia,
Send enquiries to this email address,Enviar solicitudes a esta dirección de correo electrónico,
Send only if there is any data,Enviar sólo si hay algún dato,
Send unsubscribe message in email,Enviar mensaje de correo electrónico para darse de baja,
Sender,Remitente,
Sender Email,Correo electrónico del Remitente,
Sender Name,Nombre del remitente,
Sendgrid,SendGrid,
Sending,Enviando,
Sent,Enviado,
Sent On,Enviado por,
Sent Read Receipt,Confirmación de lectura enviada,
Sent To,Enviado a,
Sent or Received,Enviado o Recibido,
Sent/Received Email,Correo electrónico Enviado / Recibido,
Separator,Separador,
Sequence Id,ID de secuencia,
Series List for this Transaction,Lista de secuencias para esta transacción,
Server Action,Acción del servidor,
Server IP,Servidor IP,
Server Script,Script del servidor,
Service,Servicios,
Session Default,Predeterminado de sesión,
Session Default Settings,Configuración predeterminada de sesión,
Session Defaults,Valores predeterminados de sesión,
Set Banner from Image,Establecer banner desde imagen,
"Set Default Options for all charts on this Dashboard (Ex: ""colors"": [""#d1d8dd"", ""#ff5858""])","Establecer opciones predeterminadas para todos los gráficos en este panel (por ejemplo: &quot;colores&quot;: [&quot;# d1d8dd&quot;, &quot;# ff5858&quot;])",
Set New Password,Establecer nueva contraseña,
Set Property After Alert,Establecer propiedad después de la Alerta,
Set Role For,Establecer Rol Para,
Set Value,Valor seleccionado.,
Set non-standard precision for a Float or Currency field,Ajuste de precisión no-estándar para los decimales o las monedas,
Settings,Configuración,
Settings Dropdown,Menú desplegable de configuración,
Settings for Contact Us Page,Ajustes para pagina de contacto,
Settings for the About Us Page,Ajustes de página 'quiénes somos',
Setup,Configuración,
Setup Complete,Configuración Completa.,
Setup Wizard,Asistente de configuración.,
Share,Compartir,
Shared,Compartido,
Shipping,Envío.,
Shop,Tienda.,
Short Name,Nombre corto,
Shortcuts,Atajos,
Show Attachments,Mostrar Archivos Adjuntos,
Show Dashboard,Mostrar panel de control,
Show Document,Mostrar documento,
Show Failed Logs,Mostrar registros fallidos,
Show Form Tour,Mostrar recorrido de formulario,
Show Full Error and Allow Reporting of Issues to the Developer,Mostrar el Error Completo y Permitir Reportes de Errores al Desarrollador.,
Show Full Form?,¿Mostrar formulario completo?,
Show Line Breaks after Sections,Mostrar saltos de línea después de las Secciones,
Show Percentage Stats,Mostrar estadísticas de porcentaje,
Show Preview Popup,Mostrar ventana emergente de vista previa,
Show Report,Mostrar Reporte,
Show Section Headings,Mostrar títulos de las secciones,
Show Sidebar,Mostrar barra lateral,
Show Title,Mostrar título,
Show as cc,Mostrar como cc,
Show full form instead of a quick entry modal,Mostrar formulario completo en lugar de un modal de entrada rápida,
Show in Module Section,Mostrar en la sección Módulo,
Show in filter,Mostrar en Filtro,
Show percentage difference according to this time interval,Mostrar diferencia porcentual de acuerdo con este intervalo de tiempo,
"Show title in browser window as ""Prefix - title""","Mostrar título en la ventana del navegador como ""Prefijo - título""",
Sidebar Items,Elementos de barra lateral,
Sidebar Settings,Configuración de la barra lateral,
Sidebar and Comments,Barra lateral y Comentarios,
Signature,Firma,
"Simple Python Expression, Example: Status in (""Closed"", ""Cancelled"")","Expresión simple de Python, ejemplo: estado en (&quot;Cerrado&quot;, &quot;Cancelado&quot;)",
"Simple Python Expression, Example: Status in (""Invalid"")","Expresión simple de Python, ejemplo: estado en (&quot;no válido&quot;)",
"Simple Python Expression, Example: status == 'Open' and type == 'Bug'","Expresión simple de Python, ejemplo: estado == &#39;Abrir&#39; y tipo == &#39;Error&#39;",
Simultaneous Sessions,Sesiones simultáneas,
Single Types have only one record no tables associated. Values are stored in tabSingles,"Los campos únicos, solo tienen un registro y no tienen tablas asociadas, los valores serán guardados en una columna aislada.",
Skip Authorization,Saltar Autorización,
Skype,Skype,
Slack,Slack,
Slack Channel,Canal de Slack,
Slack Webhook URL,Slack Webhook URL,
Slideshow,Presentación,
Slideshow Items,Presentación de productos,
Slideshow Name,Nombre de presentación,
Slideshow like display for the website,Presentar tipo 'pantalla' en el sitio web,
Small Text,Texto pequeño,
Smallest Currency Fraction Value,Valor de Fracción de Moneda mas pequeño,
Smallest circulating fraction unit (coin). For e.g. 1 cent for USD and it should be entered as 0.01,"Unidad más pequeña fracción de circulación (moneda). Por ejemplo, 1 centavo por USD y debe ser ingresado como 0.01",
Social,Social,
Social Link Settings,Configuración de enlaces sociales,
Social Link Type,Tipo de enlace social,
Social Login Key,Clave de Acceso Social,
Social Login Provider,Proveedor de Inicio de Sesión Social,
Social Logins,Inicios Sociales,
Soft-Bounced,Rebotes livianos,
Sort Field,Ordenar por campo,
Sort Order,Ordenar por,
Source,Referencia,
Source Name,Nombre de la Fuente,
Source Text,Texto de origen,
Spam,Correo no deseado,
SparkPost,SparkPost,
Standard,Estándar,
Standard Sidebar Menu,Menú Lateral Estándar,
Start Date,Fecha de inicio,
Start Date Field,Campo de Fecha de Inicio,
Start Time,Hora de inicio,
StartTLS,StartTLS,
Started,Empezado,
Starts on,Iniciar el,
State,Estado,
State/Province,Provincia del estado,
States,Estados,
Static Parameters,Parámetros estáticos,
Stats,Estadísticas,
Stats Time Interval,Intervalo de tiempo de estadísticas,
Status,Estado,
Step,Paso,
Steps,Pasos,
Stopped,Detenido.,
Stores the JSON of last known versions of various installed apps. It is used to show release notes.,Almacena el JSON de las últimas versiones conocidas de las aplicaciones instaladas. Se utiliza para mostrar notas de la versión.,
Style,Estilo.,
Style Settings,Ajustes de Estilo,
"Style represents the button color: Success - Green, Danger - Red, Inverse - Black, Primary - Dark Blue, Info - Light Blue, Warning - Orange","Estilo representa el color del botón: (Éxito-verde), (Peligro-rojo), (Inverso-negro), (Primario-azul oscuro), (Informativo-azul claro), (Advertencia-Naranja)",
Stylesheet,Hoja de estilo,
"Sub-currency. For e.g. ""Cent""","Sub-moneda. Por ejemplo ""céntimo""",
Sub-domain provided by erpnext.com,Sub-dominio proporcionado por erpnext.com,
Subdomain,Sub-dominio,
Subject,Asunto,
Subject Field,Campo de Asunto,
Submit,Validar,
Submit After Import,Enviar después de la importación,
Submitted,Validado,
Subsidiary,Subsidiaria,
Subtitle,Subtitular,
Success,Éxito,
Success Action,Acción de Éxito,
Success Message,Mensaje exitoso,
Success URL,URL exitoso,
Sum,Suma,
Sunday,Domingo,
Symbol,Símbolo.,
Sync,Sincronización,
Sync with Google Calendar,Sincronizar con Google Calendar,
Sync with Google Contacts,Sincronizar con los contactos de Google,
System,Sistema,
System Console,Consola del sistema,
System Manager,Administrador del sistema,
System Notification,Notificación del sistema,
System Page,Página del Sistema,
System Settings,Configuración del Sistema,
System managers are allowed by default,Los administradores del sistema están permitidos de forma predeterminada,
Table,Tabla,
Table Break,Salto de Tabla,
Table HTML,Tabla HTML,
Table MultiSelect,Tabla Multi-selección,
Tag,Etiqueta,
Tag Link,Enlace de etiqueta,
Target,Objetivo,
Tax Category,Categoría de impuestos,
Team Members,Miembros del Equipo,
Team Members Heading,Líderes de equipo,
Template,Plantilla,
Template Options,Opciones de plantilla,
Template Warnings,Advertencias de plantilla,
Text,Texto,
Text Align,Alinear texto,
Text Color,Color de texto,
Text Content,Contenido del texto,
Text Editor,Editor de texto,
The name that will appear in Google Calendar,El nombre que aparecerá en Google Calendar,
The user from this field will be rewarded points,El usuario de este campo recibirá puntos recompensados.,
The webhook will be triggered if this expression is true,El webhook se activará si esta expresión es verdadera,
Theme,Tema,
Theme Configuration,Configuración del tema,
Theme URL,URL del tema,
These values will be automatically updated in transactions and also will be useful to restrict permissions for this user on transactions containing these values.,Estos valores se actualizan automáticamente en las transacciones y también serán útiles para restringir los permisos para este usuario en transacciones que contienen estos valores.,
Third Party Authentication,Autenticación por otros medios,
This card will be available to all Users if this is set,Esta tarjeta estará disponible para todos los usuarios si está configurado,
This chart will be available to all Users if this is set,Este gráfico estará disponible para todos los usuarios si está configurado,
This format is used if country specific format is not found,Este formato será utilizado para todos los documentos si no se encuentra un formato específico para el país.,
This goes above the slideshow.,Esto va encima de la presentación de diapositivas.,
This is an example Google SERP Preview.,Este es un ejemplo de vista previa de SERP de Google.,
This is the number of the last created transaction with this prefix,Este es el número de la última transacción creada con este prefijo,
This will be shown in a modal after routing,Esto se mostrará en un modal después del enrutamiento.,
This will be shown to the user in a dialog after routing to the report,Esto se mostrará al usuario en un cuadro de diálogo después de enviarlo al informe.,
Thumbnail URL,URL en miniatura,
Thursday,Jueves,
Time,Hora,
Time Format,Formato de tiempo,
Time Interval,Intervalo de tiempo,
Time Series,Series de tiempo,
Time Series Based On,Series temporales basadas en,
Time Zone,Zona Horaria,
Time Zones,Zonas horarias,
Time format,Formato de tiempo,
Time in seconds to retain QR code image on server. Min:<strong>240</strong>,Tiempo en segundos para retener la imagen del código QR en el servidor. Min: <strong>240</strong>,
Timeline,Cronograma,
Timeline DocType,DocType de Línea de Tiempo,
Timeline Field,Campo de Línea de Tiempo,
Timeline Links,Enlaces de línea de tiempo,
Timeline Name,Nombre de la línea de tiempo,
Timeseries,Series de tiempo,
Timespan,Espacio de tiempo,
Timestamp,Marca de tiempo,
Title,Nombre,
Title Field,Campo de título,
Title Prefix,Prefijo de título,
To,A,
To Date,Hasta la fecha,
To Date Field,Hasta el campo de fecha,
To and CC,Para y CC,
"To use Slack Channel, add a <a href=""#List/Slack%20Webhook%20URL/List"">Slack Webhook URL</a>.","Para usar Slack Channel, agregue una <a href=""#List/Slack%20Webhook%20URL/List"">URL de Webhook de Slack</a> .",
ToDo,Tareas,
Toggle Full Width,Cambiar a ancho completo,
Toggle Theme,Cambiar tema,
Token,Token,
Top,Parte superior,
Top Bar Item,Elemento de la Barra Superior,
Top Bar Items,Elementos de la Barra Superior,
Topic,Tema,
Total Subscribers,Suscriptores Totales,
Total number of emails to sync in initial sync process ,Número total de mensajes de correo electrónico para sincronizar en el proceso de sincronización inicial,
Traceback,Rastrear,
Track Changes,Rastrear Cambios,
Track Email Status,Seguir el Estado del Correo Electrónico,
Track Field,Campo de la pista,
Track Seen,Seguimiento de vistas,
Track Views,Seguir Vistas,
Track milestones for any document,Seguimiento de hitos para cualquier documento,
Transaction Hash,Hash de Transacción,
Transaction Log,Registro de Transacciones,
Transaction Log Report,Informe de Registro de Transacciones,
Transition Rules,Reglas de Transición,
Transitions,Transiciones,
Translatable,Traducible,
Translated Text,Texto traducido,
Translation,Traducción,
Trash,Basura,
Tree,Árbol,
Tree structures are implemented using Nested Set,Las estructuras de árbol se implementan usando el conjunto anidado,
Trigger Method,Método de Disparador,
"Trigger on valid methods like ""before_insert"", ""after_update"", etc (will depend on the DocType selected)","Disparo en métodos válidos como &quot;before_insert&quot;, &quot;after_update&quot;, etc (dependerá del tipo de documento seleccionado)",
Tuesday,Martes,
Two Factor Authentication,Autenticación de dos factores,
Two Factor Authentication method,Método de autenticación de dos factores,
Type,Tipo,
UID,UID,
UIDNEXT,UIDNEXT,
UIDVALIDITY,UIDVALIDITY,
UNSEEN,NO VISTO,
URL,URL,
URL for documentation or help,URL para documentación o ayuda,
URL to go to on clicking the slideshow image,URL para ir al hacer clic en la imagen de la presentación de diapositivas,
Unassign Condition,Desasignar condición,
Unhandled Email,Cuenta de Correo Electrónico no Manejado,
Unique,Único,
Unread,No leído,
Unread Notification Sent,Envíar una notificación al no ser leído,
Unshared,Incompartible,
Unsubscribe Method,Método para darse de baja,
Unsubscribe Param,Parámetro de Desuscripción,
Unsubscribed,No suscrito,
Update,Actualizar,
Update Existing Records,Actualizar registros existentes,
Update Field,Actualizar Campo,
Update Series Number,Actualizar número de serie,
Update Settings,Ajustes de actualización,
Update Value,Actualizar Valor,
Updated,Actualizado,
Uploaded To Dropbox,Subido a Dropbox,
Uploaded To Google Drive,Subido a Google Drive,
Use % for any non empty value.,Utilice% para cualquier valor que no esté vacío.,
Use ASCII encoding for password,Use la codificación ASCII para la contraseña,
Use IMAP,El uso de IMAP,
Use POST,Usar POST,
Use Report Chart,Usar gráfico de informe,
Use SSL,Utilizar SSL,
Use TLS,Utilizar TLS,
Use this fieldname to generate title,Utilice este nombre de campo para generar título,
User,Usuario,
User ,Usuario,
User Agent,Agente de usuario,
User Cannot Create,El usuario no puede crear,
User Cannot Search,El usuario no puede buscar,
User Defaults,Parámetros de Usuario,
User Details,Detalles de usuario,
User Email,Correo electrónico del Usuario,
User Emails,Correos electrónicos del Usuario,
User Field,Campo de usuario,
User ID,ID de usuario,
User ID Property,Propiedad de ID de usuario,
User ID of a Blogger,ID de usuario de un Blogger,
User Id,ID de usuario,
User Image,Imagen de Usuario,
User Name,Nombre de usuario,
User Permission,Permiso de Usuario,
User Profile,Perfil del usuario,
User Social Login,Inicio de Sesión Social del Usuario,
User Tags,Etiquetas de usuario,
User Type,Tipo de usuario,
User can login using Email id or Mobile number,El usuario puede iniciar sesión con ID de correo electrónico o número de móvil,
User can login using Email id or User Name,El Usuario puede iniciar sesión con ID de correo electrónico o nombre de usuario,
User must always select,El usuario deberá elegir siempre,
Username,Nombre de usuario,
Users,Usuarios,
Users assigned to the reference document will get points.,Los usuarios asignados al documento de referencia obtendrán puntos.,
Valid,Válido,
Validate Field,Validar campo,
Validity,Validez,
Value,Valor,
Value Based On,Valor basado en,
Value Change,Cambio de Valor,
Value Changed,Valor Cambiado,
Value To Be Set,Valor a Establecer,
Value from this field will be set as the due date in the ToDo,El valor de este campo se establecerá como la fecha de vencimiento en la Tarea,
Value to Validate,Valor para validar,
Verdana,Verdana,
Verified,Verificado,
Version,Versión,
Video URL,URL del vídeo,
View,Ver,
View Log,Ver registro,
View Properties (via Customize Form),Ver propiedades (vía personalizar formulario),
View Report,Vista del informe,
View Settings,Ver Configuraciones,
View Website,Ver Sitio Web,
Viewed By,Visto Por,
Visit,Visita,
Warehouse,Almacén,
Warning,Advertencia,
Watch Video,Ver video,
Web Form,Formulario Web,
Web Form Field,Campo de Formulario Web,
Web Form Fields,Campos de Formulario Web,
Web Page,Página Web,
Web Page Block,Bloque de página web,
Web Page View,Vista de página web,
Web Template,Plantilla Web,
Web Template Field,Campo de plantilla web,
Web Template Values,Valores de plantilla web,
Web View,Vista Web,
Webhook,Webhook,
Webhook Data,Datos del Webhook,
Webhook Header,Encabezado del Webhook,
Webhook Headers,Encabezados del Webhook,
Webhook Request,Solicitud de Webhook,
Webhook Secret,Webhook Secret,
Webhook Security,Webhook Security,
Webhook Trigger,Disparador Webhook,
Webhook URL,Webhook URL,
Website,Sitio Web,
Website Analytics,Análisis de sitios web,
Website Manager,Administrar Página Web,
Website Meta Tag,Metaetiqueta del sitio web,
Website Route Meta,Ruta del sitio web Meta,
Website Route Redirect,Redirección de ruta del sitio web,
Website Script,Script del Sitio Web,
Website Settings,Configuración del Sitio Web,
Website Sidebar,Barra Lateral página web,
Website Sidebar Item,Artículo de barra lateral del Sitio web,
Website Slideshow,Presentación de la Página Web,
Website Slideshow Item,Elemento de la Presentación de la Página Web,
Website Theme,Tema del Sitio Web,
Website Theme Ignore App,Aplicación de ignorar tema del sitio web,
Website Theme Image,Imagen de tema de sitio web,
Website Theme Image Link,Enlace de imagen de sitio web,
Wednesday,Miércoles,
Weekdays,Días de la Semana,
Weekly,Semanal,
Weekly Long,Semanal largo,
Welcome Email Template,Plantilla de correo electrónico de bienvenida,
"When enabled this will allow guests to upload files to your application, You can enable this if you wish to collect files from user without having them to log in, for example in job applications web form.","Cuando está habilitado, esto permitirá a los invitados cargar archivos a su aplicación. Puede habilitar esto si desea recopilar archivos del usuario sin tener que iniciar sesión, por ejemplo, en el formulario web de solicitudes de empleo.",
Which view of the associated DocType should this shortcut take you to?,¿A qué vista del DocType asociado debería llevarle este acceso directo?,
Width,Ancho,
Wildcard Filter,Filtro comodín,
"Will add ""%"" before and after the query",Agregará &quot;%&quot; antes y después de la consulta,
Will be used in url (usually first name).,Se utilizará en la url (generalmente el primer nombre).,
Will run scheduled jobs only once a day for inactive sites. Default 4 days if set to 0.,Ejecutará trabajos programados solo una vez al día para sitios inactivos. Predeterminado 4 días si se establece en 0.,
Workflow,Flujos de Trabajo,
Workflow Action,Acciones de flujos de trabajo,
Workflow Action Master,Flujo de trabajo de Acción Maestro,
Workflow Action Name,Nombre de la Acción del Grupo de Trabajo,
Workflow Action is not created for optional states,La acción de flujo de trabajo no se crea para estados opcionales,
Workflow Document State,Estado de los Documentos del Flujo de Trabajo,
Workflow Name,Nombre de flujo de trabajo,
Workflow State,Estados de flujos de trabajo,
Workflow State Field,Campo del Estado del Flujo de Trabajo,
Workflow Transition,La transición del Flujo de Trabajo,
Workflow state represents the current state of a document.,Estado del Flujo de Trabajo representa el estado actual de un documento.,
Write,Escribir,
X Field,Campo X,
XLSX,XLSX,
Y Axis,Eje Y,
Y Field,Campo Y,
Yahoo Mail,Correo de Yahoo,
Yandex.Mail,Yandex.Mail,
Year,Año,
Yearly,Anual,
Yellow,Amarillo,
Yes,si,
Your organization name and address for the email footer.,El nombre de la organización y dirección para el pie de página del correo electrónico.,
Zero means send records updated at anytime,Cero significa enviar registros actualizados en cualquier momento,
_doctype,_doctype,
_report,_informe,
adjust,Ajustar,
after_insert,after_insert,
align-center,align - centrado,
align-justify,alinear-justificar,
align-left,alinear-izquierda,
align-right,alinear-derecha,
arrow-down,flecha hacia abajo,
arrow-left,flecha -izquierda,
arrow-right,arrow-right,
arrow-up,flecha hacia arriba,
asterisk,asterisco,
backward,hacia atrás,
ban-circle,Área de Prohibición,
barcode,código de barras,
bell,campana,
blue,azul,
bold,negrita,
book,libro,
bookmark,marcador,
briefcase,Cartera,
bullhorn,Megáfono,
calendar,calendario,
camera,cámara,
certificate,certificado,
check,Marcar,
chevron-down,chevron -down,
chevron-left,izquierda chevron,
chevron-right,chevron - derecha,
chevron-up,chevron -up,
circle-arrow-down,circle-arrow -down,
circle-arrow-left,izquierda - circle-arrow,
circle-arrow-right,circle- arrow-right,
circle-arrow-up,circle-arrow -up,
cog,engranaje,
comment,comentario,
darkgrey,gris oscuro,
dd-mm-yyyy,dd-mm-aaaa,
dd.mm.yyyy,dd.mm.aaaa,
dd/mm/yyyy,dd/mm/aaaa,
download,descargar,
download-alt,download-alt,
"e.g. ""Support"", ""Sales"", ""Jerry Yang""","por ejemplo ""Soporte"", ""Ventas"", ""Jerry Yang""",
e.g. pop.gmail.com / imap.gmail.com,por ejemplo pop.gmail.com / imap.gmail.com,
e.g. replies@yourcomany.com. All replies will come to this inbox.,por ejemplo replies@yourcomany.com. Todas las respuestas vendrán a esta bandeja de entrada.,
e.g. smtp.gmail.com,por ejemplo smtp.gmail.com,
edit,editar,
eject,expulsar,
email,correo electrónico,
envelope,Sobre,
exclamation-sign,exclamation-sign,
eye-close,eye-close,
eye-open,eye-open,
facebook,Facebook,
facetime-video,Vídeo FaceTime,
fairlogin,fairlogin,
fast-backward,Retroceso rápido,
fast-forward,Avance rápido,
file,archivo,
film,Película,
filter,Filtro,
fire,fuego,
flag,bandera,
folder-close,Cerrar carpeta,
folder-open,Abrir carpeta,
font,Fuente.,
forward,adelante,
fullscreen,Pantalla completa,
gift,regalo,
glass,vidrio,
globe,globo,
green,verde,
hand-down,mano-abajo,
hand-left,mano-izquierda,
hand-right,mano-derecha,
hand-up,mano-arriba,
hdd,hdd,
headphones,Auriculares,
heart,corazón,
home,Inicio,
icon,icono,
in minutes,en minutos,
inbox,Bandeja de Entrada,
indent-left,Guión - izquierda,
indent-right,Guión - derecha,
info-sign,Info-Firma,
italic,itálica,
leaf,hoja,
link,Vinculo,
linkedin,linkedin,
list,lista,
list-alt,Listado,
lock,bloquear,
magnet,imán,
map-marker,mapa del marcador,
minus,menos,
minus-sign,signo-menos,
mm-dd-yyyy,mm-dd-aaaa,
mm/dd/yyyy,mm/dd/aaaa,
module,módulo,
move,Movimiento,
music,música,
no failed attempts,Número de intentos fallidos,
off,apagado,
ok,Bueno,
ok-circle,ok- círculo,
ok-sign,ok- signo,
old_parent,old_parent,
on_cancel,on_cancel,
on_change,on_change,
on_submit,on_submit,
on_trash,on_trash,
on_update,on_update,
on_update_after_submit,on_update_after_submit,
orange,naranja,
page,página,
pause,pausa,
pencil,Lápiz,
picture,imagen,
plane,Plano,
play,Iniciar,
play-circle,play-circle,
plus,más,
plus-sign,signo-más,
print,Imprimir,
purple,púrpura,
qrcode,Código QR,
query-report,consulta de informe,
question-sign,Requiere firma,
random,aleatorio,
red,rojo,
refresh,actualizar,
remove,retirar,
remove-circle,remove-circle,
remove-sign,remove-sign,
repeat,repetir,
resize-full,resize-full,
resize-horizontal,resize-horizontal,
resize-small,resize-small,
resize-vertical,resize-vertical,
response,respuesta,
retweet,Retweet,
road,ruta,
screenshot,Captuta de pantalla,
search,buscar,
share,cuota,
share-alt,share-alt,
shopping-cart,carrito de compras,
signal,señal,
star,estrella.,
star-empty,star-empty,
step-backward,retroceder,
step-forward,adelantar,
stop,detener,
tag,Etiqueta.,
tags,etiquetas,
tasks,Tareas,
text-height,text-height,
text-width,text-width,
th,th,
th-large,th-large,
th-list,th-list,
thumbs-down,pulgar-abajo,
thumbs-up,pulgar-arriba,
time,Tiempo,
tint,tinte,
trash,basura,
twitter,gorjeo,
upload,subir,
user,usuario,
volume-down,volume-down,
volume-off,volume-off,
volume-up,volume-up,
warning-sign,Icono de advertencia,
wrench,llave inglesa,
yellow,amarillo,
yyyy-mm-dd,aaaa-mm-dd,
zoom-in,Acercar,
zoom-out,Alejar,
