"""Company History""",&quot;تاریخچه شرکت&quot;,
"""Team Members"" or ""Management""",&quot;اعضای تیم&quot; یا &quot;مدیریت&quot;,
&lt;head&gt; HTML,HTML,
**Currency** Master,** ** استاد ارز,
0 - Draft; 1 - Submitted; 2 - Cancelled,0 - پیش نویس. 1 - ارائه شده. 2 - لغو شده,
0 is highest,0 بالاترین است,
A list of resources which the Client App will have access to after the user allows it.<br> e.g. project,فهرستی از منابع که برنامه سرویس گیرنده دسترسی به پس از کاربر اجازه می دهد تا داشته باشد. <br> به عنوان مثال پروژه,
A symbol for this currency. For e.g. $,نماد برای این ارز. برای مثال $,
A4,A4,
ALL,همه,
API,API,
API Access,دسترسی به API,
API Endpoint,نقطه پایانی API,
API Endpoint Args,API Endpoint Args,
API Key,کلید API,
API Method,روش API,
API Secret,API راز,
ASC,ASC,
About Us Settings,درباره ما تنظیمات,
About Us Team Member,درباره ما تیم کاربران,
Access Key ID,شناسه دسترسی,
Access Key Secret,راز کلید دسترسی,
Access Log,ورود به سیستم,
Access Token,نشانه دسترسی,
Access Token URL,URL توالی دسترسی,
Account,حساب,
Accounts Manager,مدیر حساب ها,
Accounts User,کاربر حسابها,
Action,اقدام,
Action / Route,اقدام / مسیر,
Action Timeout (Seconds),مدت زمان فعالیت (ثانیه),
Action Type,نوع عمل,
Actions,عملیات,
Active,فعال,
Active Domains,دامنه فعال,
Activity Log,گزارش فعالیت,
Add Container,کانتینر را اضافه کنید,
Add Custom Tags,برچسب های سفارشی را اضافه کنید,
Add Gray Background,پس زمینه خاکستری را اضافه کنید,
Add Signature,اضافه کردن امضاء,
Add Total Row,اضافه کردن مجموع ردیف,
Add Unsubscribe Link,اضافه کردن پیوند لغو اشتراک,
"Added HTML in the &lt;head&gt; section of the web page, primarily used for website verification and SEO",اضافه شده در HTML قسمت &lt;head&gt; بخش از صفحه وب، در درجه اول برای تأیید وب سایت و بهینه سازی سایت استفاده,
Additional Permissions,مجوزهای تکمیلی,
Address,نشانی,
Address And Contacts,آدرس و مخاطبین,
Address Line 1,خط 1 آدرس,
Address Line 2,خط 2 آدرس,
Address Template,آدرس الگو,
Address Title,عنوان نشانی,
Address Type,نوع نشانی,
Address and other legal information you may want to put in the footer.,نشانی و دیگر اطلاعات حقوقی شما ممکن است بخواهید در پایین صفحه قرار داده است.,
Addresses And Contacts,آدرس و اطلاعات تماس,
Adds a custom field to a DocType,می افزاید: درست سفارشی را به یک DOCTYPE,
Administrator,مدیر,
Advanced,پیشرفته,
Advanced Control,کنترل پیشرفته,
Advanced Settings,تنظیمات پیشرفته,
After Cancel,بعد از لغو,
After Delete,بعد از حذف,
After Save,بعد از ذخیره,
After Save (Submitted Document),پس از ذخیره (سند ارائه شده),
After Submit,بعد از ارسال,
Aggregate Function Based On,عملکرد کل بر اساس,
Alert,هشدار,
Align Labels to the Right,برچسب ها را به سمت راست تقسیم کنید,
Align Right,تراز راست,
All,همه,
All Day,تمام روز,
Allocated To,اختصاص داده شده به,
Allot Points To Assigned Users,اختصاص امتیاز به کاربران اختصاص داده شده,
Allow,اجازه دادن,
Allow Auto Repeat,مجاز به تکرار خودکار,
Allow Bulk Edit,اجازه ویرایش انبوه,
Allow Comments,اجازه ارسال نظر,
Allow Consecutive Login Attempts ,اجازه ورود تلاشهای پی در پی,
Allow Delete,اجازه حذف,
Allow Dropbox Access,اجازه دسترسی Dropbox به,
Allow Guest,مجاز بودن مهمان,
Allow Guest to View,اجازه مهمان نمایش,
Allow Guests to Upload Files,به مهمانها اجازه دهید پرونده ها را بارگذاری کنند,
Allow Import (via Data Import Tool),اجازه واردات (از طریق وارد کردن داده ها ابزار),
Allow Incomplete Forms,اجازه می دهد فرم های ناقص,
Allow Login After Fail,اجازه ورود پس از شکست,
Allow Login using Mobile Number,اجازه ورود به سیستم با استفاده از شماره موبایل,
Allow Login using User Name,مجاز به ورود به سیستم با استفاده از نام کاربری,
Allow Modules,مجاز بودن ماژول ها,
Allow Print,اجازه چاپ,
Allow Print for Cancelled,اجازه چاپ برای لغو,
Allow Print for Draft,اجازه چاپ برای پیش نویس,
Allow Read On All Link Options,اجازه خواندن در تمام گزینه های لینک,
Allow Rename,اجازه تغییر نام,
Allow Roles,اجازه نقش,
Allow Self Approval,اجازه تصویب خود را,
Allow approval for creator of the document,برای تایید سند اجازه دهید اجازه دهید,
Allow document creation via Email,ایجاد سند از طریق ایمیل مجاز است,
Allow events in timeline,اجازه وقایع در جدول زمانی,
Allow in Quick Entry,اجازه ورود سریع,
Allow on Submit,اجازه می دهد در ارسال,
Allow only one session per user,اجازه می دهد تنها یک جلسه در هر کاربر,
Allow page break inside tables,اجازه قطع صفحه در داخل جداول,
Allow saving if mandatory fields are not filled,اجازه می دهد صرفه جویی اگر زمینه های اجباری است نه,
Allow user to login only after this hour (0-24),اجازه می دهد تا کاربر را به تنها پس از این ساعت ورود (0-24),
Allow user to login only before this hour (0-24),کاربر مجاز به ورود فقط قبل از این ساعت (0-24),
Allowed,مجاز,
Allowed In Mentions,مجاز در ذکر,
"Always add ""Draft"" Heading for printing draft documents",همیشه &quot;پیش نویس&quot; افزودن عنوان برای چاپ اسناد پیش نویس,
Amend,اصلاح کردن,
Amended From,اصلاح از,
An icon file with .ico extension. Should be 16 x 16 px. Generated using a favicon generator. [favicon-generator.org],یک فایل آیکون با .ICO فرمت. باید 16 × 16 پیکسل. تولید شده با استفاده از یک ژنراتور فاویکون. [favicon-generator.org],
Analytics,تجزیه و تحلیل ترافیک,
Annual,سالیانه,
Anonymous,ناشناس,
Any string-based printer languages can be used. Writing raw commands requires knowledge of the printer's native language provided by the printer manufacturer. Please refer to the developer manual provided by the printer manufacturer on how to write their native commands. These commands are rendered on the server side using the Jinja Templating Language.,از هر زبان چاپگر مبتنی بر رشته استفاده می شود. نوشتن دستورات خام نیاز به دانش زبان مادری چاپگر دارد که توسط سازنده چاپگر ارائه شده است. لطفاً در مورد چگونگی نوشتن دستورات بومی خود به راهنمای توسعه دهنده ارائه شده توسط سازنده چاپگر مراجعه کنید. این دستورات با استفاده از زبان Templating Language در سمت سرور ارائه می شوند.,
App,برنامه,
App Access Key,برنامه کلید دسترسی,
App Client ID,برنامه سرویس گیرنده ID,
App Client Secret,برنامه سرویس گیرنده راز,
App Name,نام برنامه,
App Secret Key,برنامه راز های کلیدی,
Append Emails to Sent Folder,ایمیل را به پوشه ارسال شده اضافه کنید,
Append To,اضافه به,
Applicable For,قابل استفاده برای,
Application Logo,آرم برنامه,
Application Name,نام نرم افزار,
Application Version,نسخه برنامه,
Applied On,اعمال شده,
Apply Document Permissions,اعمال مجوزهای سند,
Apply Only Once,فقط یک بار درخواست کنید,
Apply Strict User Permissions,درخواست ویرایش کاربر اکید,
Apply To All Document Types,به تمام انواع اسناد اعمال شود,
Apply this rule if the User is the Owner,درخواست این قانون در صورتی که کاربر مالک است,
Apply this rule only once per document,این قانون را فقط یک بار در هر سند اعمال کنید,
Appreciation,قدردانی,
Archived,بایگانی شد,
Arial,با Arial,
Assign Condition,اختصاص شرط,
Assign To Users,اختصاص به کاربران,
Assigned,اختصاص داده,
Assigned By,تعیین شده توسط,
Assigned By Full Name,اختصاص داده شده توسط نام و نام خانوادگی,
Assignment,وظیفه,
Assignment Completed,واگذاری های انجام شده,
Assignment Days,روزهای اختصاص,
Assignment Rule,قانون واگذاری,
Assignment Rule Day,روز قانون تعیین تکلیف,
Assignment Rule User,کاربر قانون انتساب,
Assignment Rules,قوانین واگذاری,
Assignments,تکالیف,
Attach,ضمیمه کردن,
Attach Image,ضمیمه تصویر,
Attach Print,ضمیمه چاپ,
Attached File,فایل ضمیمه شده,
Attached To DocType,متصل به DOCTYPE,
Attached To Field,پیوست به میدان,
Attached To Name,فایل های پیوست شده به نام,
Attachment,دلبستگی,
Attachment Limit (MB),مجاز برای پیوست (MB),
Attachment Link,پیوست پیوند,
Attachment Removed,فایل پیوست حذف,
Attachments,فایل های پیوست,
Auth URL Data,اطلاعات URL Auth,
Authentication,احراز هویت,
Author,نویسنده,
Authorization Code,کد مجوز,
Authorize API Indexing  Access,دسترسی نمایه سازی API را مجاز کنید,
Authorize Google Calendar Access,دسترسی به تقویم Google را مجاز کنید,
Authorize Google Contacts Access,دسترسی مخاطبین Google را مجاز کنید,
Authorize Google Drive Access,دسترسی Google Drive را مجاز کنید,
Authorize URL,مجاز URL,
Authorized,مجاز,
Auto,خودکار,
Auto Email Report,خودرو گزارش ایمیل,
Auto Name,نام خودرو,
Auto Repeat,خودکار تکرار,
Auto Reply Message,خودکار پاسخ پیام,
Automatically Assign Documents to Users,اختصاص اسناد به صورت خودکار به کاربران,
Automation,اتوماسیون,
Avatar,آواتار,
Average,میانگین,
Awaiting Password,در انتظار رمز عبور,
Awaiting password,در انتظار رمز عبور,
BCC,BCC,
Background Color,رنگ پس زمینه,
Background Workers,کارگران پس زمینه,
Backup Details,جزئیات پشتیبان,
Backup Files,فایلهای پشتیبان,
Backup Folder ID,شناسه پوشه پشتیبان,
Backup Folder Name,نام پوشه پشتیبان,
Backup Frequency,فرکانس پشتیبان گیری,
Backup public and private files along with the database.,از پرونده های عمومی و خصوصی به همراه پایگاه داده پشتیبان تهیه کنید.,
Backups,پشتیبان گیری,
Banner,پرچم,
Banner HTML,بنر HTML,
Banner Image,بنر تصویر,
Banner is above the Top Menu Bar.,بنر بالای منوی نوار بالا.,
Bar,بار,
Barcode,بارکد,
Base Distinguished Name (DN),پایه نام برجسته (DN),
Base URL,URL پایه,
Based On,بر اساس,
Based on Field,بر اساس فیلد,
Based on Permissions For User,بر اساس مجوز برای کاربر,
Basic,پایه,
Before Cancel,قبل از لغو,
Before Delete,قبل از حذف,
Before Insert,قبل از درج,
Before Save,قبل از ذخیره,
Before Save (Submitted Document),قبل از ذخیره (سند ارائه شده),
Before Submit,قبل از ارسال,
Beginner,مبتدی,
Beta,بتا,
Billing,صدور صورت حساب,
Bio,بیوگرافی,
Birth Date,تاریخ تولد,
Block Module,بلوک ماژول,
Block Modules,ماژول بلوک,
Blocked,مسدود,
Blog Category,بلاگ مطالب مجموعه,
Blog Intro,وبلاگ معرفی,
Blog Introduction,وبلاگ مقدمه,
Blog Post,وبلاگ پست,
Blog Settings,تنظیمات وبلاگ,
Blog Title,وبلاگ عنوان,
Blogger,وبلاگ نویس,
Blue,ابی,
Bold,جسورانه,
Bot,ربات,
Bottom,پایین,
Bounced,منعکس,
Brand,مارک,
Brand HTML,نام تجاری HTML,
Brand Image,تصویر نام تجاری,
Breadcrumbs,پودرهای سوخاری,
Browser,مرورگر,
Browser Version,نسخه مرورگر,
Brute Force Security,امنیت نیروی بیرحمانه,
Bucket Name,نام سطل,
Bulk Update,به روز رسانی فله,
Button,دکمه,
Button Gradients,شیب های دکمه ای,
Button Rounded Corners,گوشه های گرد دکمه ای,
Button Shadows,سایه های دکمه ای,
Bypass Restricted IP Address Check If Two Factor Auth Enabled,بایپس آدرس IP محدود شده را بررسی کنید که آیا دو فاکتور فعال هستند,
Bypass Two Factor Auth for users who login from restricted IP Address,دور زدن دو فاکتور Auth برای کاربرانی که از آدرس IP محدود شده وارد می شوند,
Bypass restricted IP Address check If Two Factor Auth Enabled,دور زدن کنترل IP آدرس محدود اگر Two Factor Auth فعال باشد,
CC,CC,
CSS,CSS,
CSS Class,کلاس CSS,
CSV,CSV,
CTA Label,برچسب CTA,
CTA URL,URL CTA,
Calendar,تقویم,
Calendar Name,نام تقویم,
Calendar View,نمایش تقویم,
Call,دعوت,
Call To Action,فراخوانی برای اقدام,
Call To Action URL,آدرس تماس با اقدام,
Callback Message,پیام تماس,
Callback Title,عنوان پاسخ به تماس,
Campaign,کمپین,
Cancel,لغو کردن,
Cancelled,لغو شد,
Card,کارت,
Cards,کارت,
Category,دسته,
Category Description,رده توضیحات,
Category Name,نام بخش,
Center,مرکز,
Chaining Hash,هش چینی,
Change Label (via Custom Translation),تغییر برچسب (از طریق سفارشی ترجمه),
Change Password,تغییر رمز عبور,
Channel,کانال,
Chart,چارت سازمانی,
Chart Configuration,پیکربندی نمودار,
Chart Name,نام نمودار,
Chart Options,گزینه های نمودار,
Chart Source,منبع نمودار,
Chart Type,نوع نمودار,
Charts,نمودار,
Chat,گپ زدن,
Check,بررسی,
Check this if you want to force the user to select a series before saving. There will be no default if you check this.,بررسی این اگر شما می خواهید به زور کاربر برای انتخاب یک سری قبل از ذخیره. خواهد شد وجود ندارد به طور پیش فرض اگر شما این تیک بزنید.,
Checking this will hide custom doctypes and reports cards in Links section,با بررسی این موارد ، انواع Doctypes و گزارش های سفارشی در بخش پیوندها پنهان می شوند,
Checksum Version,نسخه Checksum,
Child Tables are shown as a Grid in other DocTypes,جداول کودک در DocTypes های دیگر به عنوان یک شبکه نشان داده شده است,
Choose authentication method to be used by all users,روش احراز هویت را انتخاب کنید که توسط تمام کاربران مورد استفاده قرار گیرد,
City,شهرستان,
City/Town,شهرستان / شهر,
Clicked,کلیک,
Client,مشتری,
Client Code,کد مشتری,
Client Credentials,مدارک مشتری,
Client ID,شناسه مشتری,
Client Information,اطلاعات مشتری,
Client Script,اسکریپت مشتری,
Client Secret,مشتری راز,
Client URLs,URL های مشتری,
Close Condition,شرایط نزدیک,
Closed,بسته,
Code,کد,
Collapsible,پیش ساخته,
Collapsible Depends On,پیش ساخته بستگی به,
Color,رنگ,
Column Break,فرار از ستون,
Column Name,نام ستون,
Columns,ستون ها,
Columns / Fields,ستون ها / زمینه ها,
Comment,اظهار نظر,
Comment By,نظر توسط,
Comment Email,نظر دادن به ایمیل,
Comment Type,نظر نوع,
Comments and Communications will be associated with this linked document,نظرات و ارتباطات خواهد شد با این سند مرتبط مرتبط,
Commit,مرتکب شدن,
Communication,ارتباط,
Communication Link,پیوند ارتباطی,
Communication Type,نوع ارتباطات,
Compact Item Print,مورد جمع و جور چاپ,
Company History,تاریخچه شرکت,
Company Introduction,معرفی شرکت,
Company Name,نام شرکت,
Complete,تکمیل,
Completed,تکمیل شده,
Component,مولفه,
Condition,شرط,
Conditions,شرایط,
Configuration,پیکربندی,
Confirmation Email Template,الگوی ایمیل تأیید,
Console,کنسول,
Console Log,ورود به سیستم کنسول,
Contact,تماس,
Contact Details,اطلاعات تماس,
Contact Email,تماس با ایمیل,
Contact Numbers,شماره تماس,
Contact Phone,تماس با تلفن,
Contact Us Settings,تماس با ما تنظیمات,
"Contact options, like ""Sales Query, Support Query"" etc each on a new line or separated by commas.",گزینه های تماس، مانند &quot;فروش پرس و جو، پشتیبانی پرس و جو&quot; و غیره که هر کدام در یک خط جدید و یا از هم جدا شده توسط کاما.,
Contacts,اطلاعات تماس,
Content,مقدار,
Content (HTML),محتوا (HTML),
Content (Markdown),محتوا (Markdown),
Content Hash,هش محتوا,
Content Type,نوع محتوا,
Context,متن نوشته,
Context Script,متن متن,
Contributed,مشارکت کرد,
Contribution Document Name,نام سند کمک,
Contribution Status,وضعیت مشارکت,
Copyright,حق طبع و نشر,
Core,هسته,
Count,شمردن,
Count Filter,تعداد فیلترها,
Counter,پیشخوان,
Country,کشور,
Country Name,نام کشور,
County,شهرستان,
Create,ساختن,
Create Contacts from Incoming Emails,از طریق ایمیل های ورودی مخاطب ایجاد کنید,
Create Entry,ورودی ایجاد کنید,
Create Log,ورود به سیستم,
Create and Send Newsletters,ایجاد و ارسال خبرنامه,
Created,ایجاد شده,
Criticism,نقد,
Cron,کرون,
Cron Format,قالب کرون,
Currency,پول,
Currency Name,نام ارز,
Currency Precision,دقت ارز,
Current,جاری,
Custom,رسم,
Custom Base URL,URL اصلی سفارشی,
Custom CSS,CSS سفارشی,
Custom Configuration,پیکربندی سفارشی,
Custom DocPerm,DocPerm سفارشی,
Custom Field,درست سفارشی,
Custom Format,قالب های سفارشی,
Custom HTML Help,سفارشی HTML راهنما,
Custom Menu Items,آیتم های منو سفارشی,
Custom Options,گزینه های سفارشی,
Custom Overrides,لغو سفارشی,
Custom Report,گزارش سفارشی,
Custom Role,نقش سفارشی,
Custom SCSS,SCSS سفارشی,
Custom Sidebar Menu,منو سفارشی نوار,
Custom?,سفارشی؟,
Customization,سفارشی سازی,
Customize Form,سفارشی کردن فرم,
Customize Form Field,سفارشی کردن فرم درست,
DESC,نزولی,
Daily,روزانه,
Daily Long,روزانه طولانی,
Danger,خطر,
Dark Color,رنگ تیره,
Dashboard,داشبورد,
Dashboard Chart,نمودار داشبورد,
Dashboard Chart Field,زمینه نمودار داشبورد,
Dashboard Chart Link,پیوند نمودار نمودار داشبورد,
Dashboard Chart Source,منبع نمودار داشبورد,
Dashboard Manager,مدیر داشبورد,
Dashboard Name,نام داشبورد,
Dashboard Settings,تنظیمات داشبورد,
Dashboards,داشبورد,
Data,داده,
Data Export,صادرات داده,
Data Import,واردات داده,
Database Engine,موتور پایگاه داده,
Date,تاریخ,
Date Format,قالب تاریخ,
Date Range,محدوده زمانی,
Date and Number Format,تاریخ و شماره فرمت,
Datetime,زمان قرار,
Day,روز,
Day of Week,روز هفته,
Days After,روز پس از,
Days Before,روز قبل از,
Days Before or After,روز قبل و یا بعد از,
Default,پیش فرض,
Default Incoming,به طور پیش فرض ورودی,
Default Letter Head,پیش فرض سر نامه,
Default Outgoing,به طور پیش فرض خروجی,
Default Portal Home,صفحه اصلی پیش فرض پورتال,
Default Print Format,به طور پیش فرض فرمت چاپ,
Default Print Language,زبان چاپ پیش فرض,
Default Redirect URI,به طور پیش فرض تغییر مسیر URI,
Default Role at Time of Signup,نقش پیش فرض در زمان ثبت نام,
Default Sort Field,زمینه مرتب سازی پیش فرض,
Default Sort Order,ترتیب مرتب سازی پیش فرض,
Default Value,مقدار پیش فرض,
"Default: ""Contact Us""",به طور پیش فرض: &quot;تماس با ما&quot;,
DefaultValue,مقدار پیش فرض,
Defaults,پیش فرض,
Defines actions on states and the next step and allowed roles.,را معرفی می کند اقدامات در ایالات و گام بعدی و نقش مجاز می باشد.,
Defines workflow states and rules for a document.,تعریف وضعیت های گردش کار و قوانین برای یک سند,
Delayed,به تاخیر افتاده,
Delete,حذف کردن,
Deleted,حذف,
Deleted DocType,DOCTYPE حذف,
Deleted Document,سند حذف,
Deleted Name,نام حذف,
Delivery Status,تحویل وضعیت,
Department,بخش,
Dependencies,وابستگی ها,
Depends On,بستگی دارد به,
Description,شرح,
"Description for listing page, in plain text, only a couple of lines. (max 200 characters)",توضیحات مربوط به صفحه لیست ، فقط چند خط در متن ساده. (حداکثر 200 حرف),
Designation,تعیین,
Desk,میز,
Desk Access,میز دسترسی,
Desktop Icon,آیکون دسکتاپ,
Details,جزئیات,
"Different ""States"" this document can exist in. Like ""Open"", ""Pending Approval"" etc.",متفاوت &quot;ایالات&quot; این سند در تواند وجود داشته باشد. مانند &quot;باز کردن&quot;، &quot;در انتظار تأیید&quot; و غیره,
Digits,رقم,
Disable Auto Refresh,تازه کردن خودکار را غیرفعال کنید,
Disable Comments,نظرات را غیرفعال کنید,
Disable Count,تعداد را غیرفعال کنید,
Disable SMTP server authentication,تأیید هویت سرور SMTP را غیرفعال کنید,
Disable Sidebar Stats,غیرفعال کردن آمار ستون کناری,
Disable Signup,غیر فعال کردن ثبت نام,
Disable Standard Email Footer,غیر فعال کردن استاندارد پاورقی ایمیل,
Disabled,غیر فعال,
Display,نمایش,
Display Depends On,ها بستگی به,
Doc Event,رویداد Doc,
Doc Events,رویدادهای مدارک,
Doc Status,توضیحات وضعیت,
DocField,DocField,
DocPerm,DocPerm,
DocShare,DocShare,
DocType,DocType,
DocType Action,اقدام DocType,
DocType Event,رویداد DocType,
DocType Link,پیوند DocType,
DocType View,نمایش DocType,
DocType is a Table / Form in the application.,DOCTYPE جدول / فرم در برنامه است.,
DocType on which this Workflow is applicable.,DocType که این گردش کار برای آن مناسب است,
Doctype,DOCTYPE,
Document,سند,
Document Actions,اقدامات سند,
Document Follow,دنبال کردن سند,
Document Link,پیوند سند,
Document Links,پیوندهای سند,
Document Name,نام سند,
Document Naming Rule,قانون نامگذاری سند,
Document Naming Rule Condition,شرایط نامگذاری سند,
Document Share,اشتراک اسناد,
Document Share Report,سند اشتراک گزارش,
Document States,ایالات سند,
Document Tag,برچسب اسناد,
Document Title,عنوان اسناد,
Document Type,نوع سند,
Document Type to Track,نوع سند برای ردیابی,
Document Types,انواع سند,
Documentation Link,پیوند اسناد,
Documentation URL,URL اسناد,
Domain,دامنه,
Domain Settings,تنظیمات دامنه,
Domains HTML,دامنه HTML,
"Don't HTML Encode HTML tags like &lt;script&gt; or just characters like &lt; or &gt;, as they could be intentionally used in this field",آیا دستورات HTML رمز HTML مانند &lt;script&gt; به و یا فقط شخصیت های مانند &lt;یا&gt;، به عنوان آنها می تواند به عمد در این زمینه استفاده می شود,
Don't Override Status,هنوز وضعیت باطل نیست,
Don't Send Emails,ایمیل ارسال نکنید,
Donut,دونات,
Download Backups,دانلود پشتیبان گیری,
Download Template,دانلود الگو,
Dropbox Access Token,Dropbox به دسترسی به رمز,
Dropbox Settings,تنظیمات Dropbox به,
Dropdowns,کرکره ای,
Due Date,تاریخ,
Due Date Based On,تاریخ بر اساس تاریخ,
Duration,مدت زمان,
Dynamic Filters,فیلترهای پویا,
Dynamic Filters JSON,فیلترهای دینامیکی JSON,
Dynamic Filters Section,بخش فیلترهای پویا,
Dynamic Link,پیوند پویا,
Dynamic Report Filters,فیلترهای گزارش پویا,
Dynamic Route,مسیر پویا,
Dynamic Template,الگوی پویا,
Edit,ویرایش کنید,
Edit Values,ویرایش مقادیر,
Editable Grid,قابل ویرایش شبکه,
Eg. smsgateway.com/api/send_sms.cgi,به عنوان مثال. smsgateway.com/api/send_sms.cgi,
Email,پست الکترونیک,
Email Account,حساب کاربری ایمیل,
Email Account Name,ایمیل نام حساب,
Email Address,آدرس ایمیل,
Email Address whose Google Contacts are to be synced.,آدرس ایمیلی که مخاطبین Google آنها باید همگام شوند.,
Email Addresses,آدرس ایمیل,
Email Domain,دامنه ایمیل,
Email Flag Queue,ایمیل صف پرچم,
Email Footer Address,ایمیل پاورقی آدرس,
Email Group,ایمیل گروه,
Email Group Member,ایمیل گروه کاربران,
Email ID,آدرس ایمیل,
Email IDs,ایمیل شناسه,
Email Id,آدرس ایمیل,
Email Inbox,صندوق ورودی ایمیل,
Email Queue,صف ایمیل,
Email Queue Recipient,ایمیل گیرنده صف,
Email Queue records.,سوابق ایمیل صف.,
Email Reply Help,ایمیل پاسخ کمک,
Email Rule,قانون ایمیل,
Email Sent,ایمیل ارسال,
Email Settings,تنظیمات ایمیل,
Email Signature,ایمیل امضاء,
Email Status,وضعیت ایمیل,
Email Sync Option,ایمیل همگام سازی گزینه,
Email Template,قالب ایمیل,
Email To,ارسال ایمیل به,
Email Unsubscribe,ایمیل لغو,
Emails will be sent with next possible workflow actions,ایمیل ها با اقدامات عملی ممکن در آینده ارسال می شوند,
Enable,قادر ساختن,
Enable Auto Reply,خودکار را فعال پاسخ,
Enable Automatic Backup,فعال کردن پشتیبان گیری خودکار,
Enable Automatic Linking in Documents,پیوند خودکار را در اسناد فعال کنید,
Enable Comments,فعال نظرات,
Enable Email Notifications,اعلان های ایمیل را فعال کنید,
Enable Google Indexing,نمایه سازی Google را فعال کنید,
Enable In App Website Tracking,در برنامه ردیابی وب سایت فعال کنید,
Enable Incoming,فعال ورودی,
Enable Onboarding,Onboard را فعال کنید,
Enable Outgoing,فعال خروجی,
Enable Password Policy,فعال کردن سیاست رمز عبور,
Enable Print Server,سرور چاپ را فعال کنید,
Enable Raw Printing,چاپ خام را فعال کنید,
Enable Scheduled Jobs,فعال کردن شغل برنامه ریزی,
Enable Security,امنیت را فعال کنید,
Enable Social Login,فعال کردن ورود به سیستم اجتماعی,
Enable Social Sharing,اشتراک گذاری اجتماعی را فعال کنید,
Enable Two Factor Auth,فعال کردن دو فاکتور Auth,
Enabled,فعال,
End Date,تاریخ پایان,
End Date Field,فیلد تاریخ پایان,
Endpoint URL,آدرس پایانی URL,
Endpoints,نقطه پایانی,
Ends on,به پایان می رسد در,
Energy Point,نقطه انرژی,
Energy Point Log,ورود به سیستم نقطه انرژی,
Energy Point Rule,قانون نقطه انرژی,
Energy Point Settings,تنظیمات نقطه انرژی,
Energy Points,نقاط انرژی,
Enter Form Type,را وارد کنید فرم نوع,
"Enter default value fields (keys) and values. If you add multiple values for a field, the first one will be picked. These defaults are also used to set ""match"" permission rules. To see list of fields, go to ""Customize Form"".",زمینه مقدار پیش فرض (کلید) و ارزش های را وارد کنید. اگر شما اضافه چندین مقدار را برای یک میدان، یکی از اولین برداشت خواهد شد. این پیش فرض نیز استفاده می شود را به مجموعه &quot;مسابقه&quot; قوانین اجازه. برای دیدن لیستی از زمینه ها، به &quot;فرم سفارشی&quot; بروید.,
"Enter static url parameters here (Eg. sender=ERPNext, username=ERPNext, password=1234 etc.)",پارامترهای URL شخص را اینجا وارد کنید (به عنوان مثال فرستنده = ERPNext، نام کاربری = ERPNext و رمز = 1234 و غیره),
Enter url parameter for message,پارامتر URL برای پیام را وارد کنید,
Enter url parameter for receiver nos,پارامتر آدرس را وارد کنید برای گیرنده NOS,
Error,خطا,
Error Log,ورود به خطا,
Error Message,پیغام خطا,
Event,واقعه,
Event Category,دسته رویداد,
Event Participants,شرکت کنندگان رویداد,
Event Type,نوع رویداد,
Everyone,هر کس,
"Ex: ""colors"": [""#d1d8dd"", ""#ff5858""]",مثال: &quot;رنگها&quot;: [&quot;# d1d8dd&quot; ، &quot;# ff5858&quot;],
Example,مثال,
"Example: ""/desk""",مثال: &quot;/ میز&quot;,
Example: #Tree/Account,مثال: # درخت / حساب,
Example: 00001,مثال: 00001,
Example: {{ subject }},مثال: {{موضوع}},
Excel,اکسل,
Exception,استثناء,
Execute,اجرا کردن,
Expert,کارشناس,
Expiration time,زمان انقضا,
Expire Notification On,منقضی اطلاع رسانی در,
Expired,تمام شده,
Expires In,منقضی می شود در,
Expires On,منقضی در,
Expiry time of QR Code Image Page,زمان انقضای کد QR صفحه کد,
Export,صادرات,
Export From,صادرات از,
Expose Recipients,افشای دریافت کنندگان,
"Expression, Optional",بیان، اختیاری,
Facebook,فیس بوک,
Failed,شکست خورد,
FavIcon,موارد دلخواه,
Fax,فکس,
Featured,ویژه,
Feedback,باز خورد,
Feedback Request,درخواست پاسخ به بازخورد,
Fetch From,واکشی از,
Field,رشته,
Field Description,درست شرح,
Field Name,نام درست,
Field To Check,زمینه برای بررسی,
Field Type,نوع درست,
"Field that represents the Workflow State of the transaction (if field is not present, a new hidden Custom Field will be created)",درست است که نشان دهنده دولت گردش کار از معامله (در صورت درست وجود ندارد، پنهان یک میدان جدید سفارشی ایجاد خواهد شد),
Field to Track,زمینه برای پیگیری,
Fieldname,Fieldname,
Fields,زمینه,
Fields Multicheck,زمینه های چندگانه,
"Fields separated by comma (,) will be included in the ""Search By"" list of Search dialog box",زمینه های از هم جدا شده با کاما (،) خواهد شد در شامل &quot;جستجو بر اساس&quot; لیستی از جعبه محاوره جستجو,
Fieldtype,Fieldtype,
File,فایل,
File Backup,پشتیبان فایل,
File Information,اطلاعات پرونده,
File Name,نام پرونده,
File Size,حجم فایل,
File Type,نوع فایل,
File URL,URL فایل,
Files,فایل ها,
Filter Data,فیلتر داده,
Filter List,فیلتر لیست,
Filter Meta,فیلتر متا,
Filter Name,نام فیلتر,
Filter Values,ارزشهای فیلتر,
Filters,فیلترها,
Filters Configuration,پیکربندی فیلترها,
Filters Display,فیلتر ها,
Filters JSON,فیلترهای JSON,
Filters Section,بخش فیلترها,
"Filters will be accessible via <code>filters</code>. <br><br>Send output as <code>result = [result]</code>, or for old style <code>data = [columns], [result]</code>","فیلترها از طریق <code>filters</code> قابل دسترسی خواهند بود.<br><br> ارسال خروجی به عنوان <code>result = [result]</code> ، یا برای <code>data = [columns], [result]</code> سبک قدیمی <code>data = [columns], [result]</code>",
Finished,تمام شده,
First Name,نام,
First Success Message,پیام موفقیت اول,
Flag,پرچم,
Float,شناور,
Float Precision,دقت شناور,
Fold,تاه,
Folder,پوشه,
Font,فونت,
Font Properties,خصوصیات قلم,
Font Size,اندازه فونت,
Fonts,فونت ها,
Footer,پاورقی,
Footer HTML,پاورقی HTML,
Footer Items,آیتم ها بالا و پایین صفحه,
Footer Logo,نشانگر پاورقی,
Footer Template,پاورقی,
Footer Template Values,مقادیر الگو پاورقی,
Footer will display correctly only in PDF,پاورقی درست به صورت PDF نمایش داده می شود,
For DocType Link / DocType Action,برای پیوند DocType / اقدام DocType,
For Document Event,برای رویداد اسناد,
For User,برای کاربر,
For Value,برای ارزش,
For example: {} Open,به عنوان مثال: {} باز کنید,
"For help see <a href=""https://frappeframework.com/docs/user/en/guides/portal-development/web-forms"" target=""_blank"">Client Script API and Examples</a>","برای دریافت راهنما ، به <a href=""https://frappeframework.com/docs/user/en/guides/portal-development/web-forms"" target=""_blank"">Client Script API و مثالها مراجعه کنید</a>",
"For more information, <a class=""text-muted"" href=""https://erpnext.com/docs/user/manual/en/setting-up/email/linking-emails-to-document"">click here</a>.","برای اطلاعات بیشتر ، <a class=""text-muted"" href=""https://erpnext.com/docs/user/manual/en/setting-up/email/linking-emails-to-document"">اینجا را کلیک کنید</a>",
Force,زور,
Force Show,نیروی نمایش,
Force User to Reset Password,کاربر را مجدداً مجدداً رمزعبور را تنظیم کنید,
Form Settings,تنظیمات فرم,
Form URL-Encoded,فرم رمزگذاری شده URL,
Format,قالب,
Format Data,فرمت داده ها,
Forward To Email Address,به جلو به آدرس پست الکترونیک,
Fraction,کسر,
Fraction Units,واحد کسر,
Frappe,یخ در بهشت,
Frequency,فرکانس,
Friday,جمعه,
From,از,
From Date,از تاریخ,
From Date Field,از قسمت Field,
From Full Name,از نام و نام خانوادگی,
From User,از کاربر,
Full,پر شده,
Full Name,نام و نام خانوادگی,
Full Width,تمام عرض,
Function,تابع,
GMail,جی میل,
Gantt,گانت,
Gender,جنس,
Generate Keys,ایجاد کلید,
Geo,ژئو,
Geolocation,موقعیت جغرافیایی,
Get Contacts,دریافت تماس ها,
Get your globally recognized avatar from Gravatar.com,دریافت نماد جهانی به رسمیت شناخته خود را از Gravatar.com,
Git Branch,شعبه گیت,
GitHub,گیتهاب,
Global Search DocType,DocType جستجوی جهانی,
Global Search Settings,تنظیمات جستجوی جهانی,
Global Unsubscribe,جهانی لغو عضویت,
Go to Page,به صفحه بروید,
Google,گوگل,
Google Analytics Anonymize IP,Google Analytics IP را ناشناس می کند,
Google Analytics ID,شناسه Google Analytics,
Google Calendar,تقویم Google,
Google Calendar Event ID,شناسه رویداد تقویم Google,
Google Calendar ID,شناسه تقویم گوگل,
Google Contacts,مخاطبین Google,
Google Contacts Id,شناسه مخاطبین Google,
Google Drive,درایو گوگل,
Google Font,قلم گوگل,
Google Settings,تنظیمات Google,
Google Snippet Preview,پیش نمایش Google Snippet,
Grant Type,نوع گرانت,
Green,سبز,
Group,گروه,
Group By,دسته بندی بر اساس,
Group By Based On,گروه بر اساس,
Group By Type,گروه براساس نوع,
Guest,مهمان,
HH:mm,HH: میلی متر,
HH:mm:ss,HH: mm: ss,
HTML,HTML,
HTML Editor,ویرایشگر HTML,
HTML Page,صفحه HTML,
HTML for header section. Optional,HTML برای بخش هدر. اختیاری,
Half,نیم,
Half Yearly,نیمی سالانه,
Half-yearly,نیم سال,
Has  Attachment,دارای فایل پیوست,
Has Domain,دارای دامنه,
Has Role,است نقش,
Has Web View,است مشاهده وب سایت,
Header,سربرگ,
Header HTML,هدر HTML,
Header and Breadcrumbs,سربرگ و سوخاری,
Headers,سربرگ ها,
Heading,عنوان,
Heatmap,نقشه حرارت,
Help,کمک,
Help Article,راهنما مقاله,
Help Articles,راهنما مقاله,
Help Category,راهنما رده,
Help Dropdown,به لیست کشویی کمک کنید,
Help HTML,راهنما HTML,
Helvetica,Helvetica,
Hidden,پنهان,
Hide,پنهان شدن,
Hide Block,پنهان کردن بلوک,
Hide Border,مرز را پنهان کنید,
Hide CTA,پنهان کردن CTA,
Hide Copy,مخفی کپی,
Hide Custom DocTypes and Reports,انواع Doc و گزارش های سفارشی را مخفی کنید,
Hide Days,پنهان کردن روزها,
Hide Footer Signup,مخفی پاورقی ثبت نام,
Hide Login,ورود به سیستم را پنهان کنید,
Hide Seconds,ثانیه ها را مخفی کنید,
Hide Standard Menu,مخفی کردن منو استاندارد,
Hide footer in auto email reports,پنهان کردن پاورقی در گزارش خودکار ایمیل,
High,زیاد,
Higher priority rule will be applied first,قانون اولویت بالاتر ابتدا اعمال می شود,
Highlight,برجسته,
Home,خانه,
Home Page,صفحه اصلی وب سایت,
Home Settings,تنظیمات خانه,
Hourly,ساعتی,
Hourly Long,ساعتی طولانی,
Hourly rate limit for generating password reset links,محدودیت نرخ ساعتی برای تولید پیوندهای تنظیم مجدد رمز عبور,
"How should this currency be formatted? If not set, will use system defaults",چگونه باید این ارز فرمت شود؟ اگر تنظیم نشود، خواهد پیش فرض سیستم استفاده کنید,
ID (name) of the entity whose property is to be set,ID (نام) نهاد که دارایی است به تنظیم شود,
IP Address,نشانی آیپی,
Icon,آیکون,
Icon will appear on the button,نماد بر روی دکمه ظاهر خواهد شد,
Identity Details,جزئیات هویت,
Idx,IDX,
"If Apply Strict User Permission is checked and User Permission is defined for a DocType for a User, then all the documents where value of the link is blank, will not be shown to that User",اگر درخواست اکید اجازه کاربر چک می شود و اجازه کاربر برای یک DOCTYPE برای یک کاربر تعریف شده است، پس از آن همه اسناد که در آن ارزش از لینک خالی است، خواهد شد که کاربر نمایش داده نمی شود,
If Checked workflow status will not override status in list view,اگر وضعیت گردش کار بررسی خواهد شد وضعیت در نمای لیست باطل نیست,
"If Icon is set, it will be shown instead of Label",اگر نماد تنظیم شود ، به جای Label نشان داده می شود,
"If checked, all other workflows become inactive.",در صورت انتخاب، تمام گردش های دیگر غیر فعال می شوند.,
"If checked, users will not see the Confirm Access dialog.",اگر علامت زده شود، کاربران نمی خواهد گفت و گو تایید دسترسی را ببینید.,
"If disabled, this role will be removed from all users.",اگر غیرفعال باشد، این نقش را از تمام کاربران حذف می شود.,
"If enabled,  user can login from any IP Address using Two Factor Auth, this can also be set for all users in System Settings",در صورت فعال بودن ، کاربر می تواند از هر آدرس IP با استفاده از Two Factor Auth وارد سیستم شود ، این همچنین برای همه کاربران در تنظیمات سیستم قابل تنظیم است.,
"If enabled, all users can login from any IP Address using Two Factor Auth. This can also be set only for specific user(s) in User Page",در صورت فعال بودن، همه کاربران می توانند از هر آدرس IP با استفاده از دو فاکتور Auth وارد شوید. این همچنین می تواند فقط برای کاربر خاص (ها) در صفحه کاربر تنظیم شده باشد,
"If enabled, changes to the document are tracked and shown in timeline",در صورت فعال بودن ، تغییرات در سند ردیابی و در جدول زمانی نشان داده می شوند,
"If enabled, document views are tracked, this can happen multiple times",در صورت فعال بودن ، نماهای سند ردیابی می شوند ، این می تواند چندین بار اتفاق بیفتد,
"If enabled, the document is marked as seen, the first time a user opens it",در صورت فعال بودن ، سند همانطور که دیده می شود علامت گذاری می شود ، اولین باری که کاربر آن را باز می کند,
"If enabled, the notification will show up in the notifications dropdown on the top right corner of the navigation bar.",در صورت فعال بودن ، اعلان در منوی کشویی اعلان ها در گوشه سمت راست بالای نوار پیمایش نشان داده می شود.,
"If enabled, the password strength will be enforced based on the Minimum Password Score value. A value of 2 being medium strong and 4 being very strong.",اگر فعال باشد، قدرت رمز عبور خواهد شد بر اساس حداقل ارزش کلمه عبور اجرا می شود. مقدار 2 که متوسط قوی و 4 بسیار قوی.,
"If enabled, users who login from Restricted IP Address, won't be prompted for Two Factor Auth",در صورت فعال بودن، کاربرانی که از آدرس IP محدود شده وارد می شوند، برای دو فاکتور Auth دعوت نمی شوند,
"If enabled, users will be notified every time they login. If not enabled, users will only be notified once.",اگر فعال باشد، کاربران اطلاع داده خواهد شد در هر زمان آنها برای ورود اگر فعال نیست، کاربران فقط یک بار اعلام شده است.,
If non standard port (e.g. 587),اگر پورت های غیر استاندارد (به عنوان مثال 587),
"If non standard port (e.g. 587). If on Google Cloud, try port 2525.",اگر پورت غیر استاندارد (به عنوان مثال 587). اگر در Google Cloud، پورت 2525 را امتحان کنید.,
"If non-standard port (e.g. POP3: 995/110, IMAP: 993/143)",اگر درگاه غیر استاندارد (به عنوان مثال POP3: 995/110 ، IMAP: 993/143),
"If not set, the currency precision will depend on number format",اگر تنظیم نشود، دقت ارز در قالب شماره بستگی دارد,
"If the user has any role checked, then the user becomes a ""System User"". ""System User"" has access to the desktop",اگر کاربر هر نقش بررسی است، پس از آن کاربر یک &quot;سیستم کاربر&quot; می شود. &quot;سیستم کاربر&quot; دسترسی به دسکتاپ است,
If user is the owner,اگر کاربر مالک است,
"If you set this, this Item will come in a drop-down under the selected parent.",اگر شما این مجموعه، این آیتم را در یک منوی کشویی زیر انتخاب پدر و مادر آمده است.,
"If your data is in HTML, please copy paste the exact HTML code with the tags.",اگر اطلاعات خود را در HTML غیر فعال است، لطفا کد رو کپی کنید HTML دقیق با برچسب.,
Ignore User Permissions,نادیده گرفتن مجوز کاربر,
Ignore XSS Filter,نادیده گرفتن XSS فیلتر,
Ignore attachments over this size,نادیده گرفتن فایل پیوست در بیش از این اندازه,
Ignored Apps,برنامه های نادیده گرفته شده,
Image,تصویر,
Image Field,تصویر درست,
Image Link,لینک تصویر,
Implicit,ضمنی,
Import,واردات,
Import File,وارد کردن پرونده,
Import File Errors and Warnings,خطاها و هشدارهای پرونده را وارد کنید,
Import Log,واردات ورود,
Import Log Preview,پیش نمایش ورود به سیستم واردات,
Import Preview,پیش نمایش واردات,
Import Type,نوع واردات,
Import Warnings,هشدارهای واردات,
Import from Google Sheets,وارد کردن از Google Sheets,
In Days,در روزها,
In Filter,در فیلتر,
In Global Search,در جهانی جستجو,
In List View,در فهرست نمایش,
In Preview,در پیش نمایش,
In Reply To,در پاسخ به,
In Standard Filter,در فیلتر استاندارد,
In points. Default is 9.,در نقطه است. به طور پیش فرض 9 است.,
In seconds,در عرض چند ثانیه,
Inbox,صندوق ورودی,
Inbox User,کاربر صندوق ورودی,
Include Search in Top Bar,شامل جستجو در بالا نوار,
Include Web View Link in Email,ارسال سند لینک مشاهده وب از طریق ایمیل,
Index,شاخص,
Index Web Pages for Search,صفحه های وب را برای جستجو فهرست کنید,
Indexing Authorization Code,کد مجوز نمایه سازی,
Indexing Refresh Token,نشانه گذاری Refresh Token,
Indicator,شاخص,
Indicator Color,رنگ نشانگر,
Info,اطلاعات,
Initial Sync Count,تعداد همگام سازی اولیه,
InnoDB,سازی InnoDB,
Insert After,درج پس از,
Insert New Records,سوابق جدید را وارد کنید,
Insert Style,درج سبک,
Installed Application,برنامه نصب شده,
Installed Applications,برنامه های نصب شده,
Int,هوشمند,
Integration Request,درخواست پاسخ به ادغام,
Integrations,یکپارچگی,
Integrations can use this field to set email delivery status,یکپارچگی می توانید این زمینه برای تنظیم وضعیت تحویل ایمیل استفاده,
Interests,منافع,
Intermediate,حد واسط,
Internal record of document shares,رکورد داخلی از سهام سند,
Introduce your company to the website visitor.,معرفی شرکت خود را به بازدید کننده وب سایت.,
Introduction,معرفی,
Introductory information for the Contact Us Page,اطلاعات مقدماتی برای تماس با ما صفحه,
Invalid,بی اعتبار,
Inverse,معکوس,
Is Active,فعال است,
Is Attachments Folder,فایل های پیوست پوشه است,
Is Billing Contact,آیا تماس صورتحساب است,
Is Child Table,آیا میز کودک,
Is Complete,کامل است,
Is Completed,به اتمام است,
Is Custom Field,آیا درست سفارشی,
Is Default,آیا پیش فرض,
Is Folder,است پوشه,
Is Home Folder,صفحه اصلی پوشه است,
Is Mandatory Field,آیا فیلد اجباری,
Is Optional State,دولت اختیاری است,
Is Primary,اولیه است,
Is Primary Contact,آیا اولیه تماس,
Is Primary Mobile,موبایل اصلی است,
Is Primary Phone,تلفن اولیه است,
Is Private,خصوصی است,
Is Public,عمومی است,
Is Published Field,منتشر درست,
Is Single,آیا تنها,
Is Skipped,رد شده است,
Is Spam,اسپم,
Is Standard,آیا استاندارد,
Is Submittable,Submittable است,
Is Table,است جدول,
Is Tree,درخت است,
Is Unique,منحصر به فرد است,
Is Your Company Address,آیا شرکت شما در نشانی,
Item Label,برچسب مورد,
Item Type,نوع آیتم,
JS,جی اس,
JSON,JSON,
JSON Request Body,JSON درخواست بدن,
JavaScript,جاوا اسکریپت,
JavaScript Format: frappe.query_reports['REPORTNAME'] = {},جاوا اسکریپت فرمت: frappe.query_reports [&#39;REPORTNAME&#39;] = {},
Javascript,جاوا اسکریپت,
Jinja,جینجا,
Kanban,Kanban و,
Kanban Board,Kanban و انجمن,
Kanban Board Column,ستون Kanban و انجمن,
Kanban Board Name,نام Kanban و انجمن,
Keep track of all update feeds,پیگیری تمام فید های به روز رسانی را دنبال کنید,
Keeps track of all communications,همه ارتباطات را پیگیری می کند,
Key,کلید,
Keyboard Shortcuts,میانبرهای صفحه کلید,
Knowledge Base Contributor,دانش پایه مولف,
Knowledge Base Editor,دانش ویرایشگر پایه,
LDAP Email Field,LDAP ایمیل درست,
LDAP First Name Field,LDAP نام درست,
LDAP Group,گروه LDAP,
LDAP Group Field,زمینه گروهی LDAP,
LDAP Group Mapping,نقشه برداری گروه LDAP,
LDAP Group Mappings,نگاشتهای گروه LDAP,
LDAP Last Name Field,قسمت نام خانوادگی LDAP,
LDAP Middle Name Field,زمینه نام میانی LDAP,
LDAP Mobile Field,زمینه موبایل LDAP,
LDAP Phone Field,زمینه تلفن LDAP,
LDAP Search String,LDAP جستجوی رشته,
LDAP Security,امنیت LDAP,
LDAP Server Url,LDAP آدرس سرور,
LDAP Settings,تنظیمات LDAP,
LDAP User Creation and Mapping,ایجاد و نقشه برداری کاربر LDAP,
LDAP Username Field,LDAP نام کاربری درست,
Label,برچسب,
Label Help,راهنما برچسب,
Label and Type,برچسب و نوع,
Landing Page,صفحه فرود,
Language,زبان,
Language Code,کد زبان,
Language Name,نام زبان,
Last Active,آخرین فعالیت,
Last Backup On,آخرین پشتیبان گیری روشن است,
Last Execution,اعدام آخر,
Last IP,تاریخ و زمان آخرین IP,
Last Known Versions,تاریخ و زمان آخرین شناخته شده,
Last Login,تاریخ و زمان آخرین ورود,
Last Month,ماه گذشته,
Last Name,نام خانوادگی,
Last Password Reset Date,تاریخ آخرین تنظیم مجدد گذرواژه,
Last Point Allocation Date,تاریخ تخصیص آخرین نقطه,
Last Quarter,آخرین ربع,
Last Sync On,آخرین همگام سازی در,
Last Synced On,آخرین همگام سازی روشن است,
Last User,آخرین کاربر,
Last Week,هفته گذشته,
Last Year,سال گذشته,
Lead Conversion Time,زمان تبدیل سرب,
Leaderboard,رهبران,
Leave blank to repeat always,فیلد را خالی بگذارید به تکرار همیشه,
Ledger,دفتر کل,
Left,چپ,
Legal,حقوقی,
Length,طول,
Letter,نامه,
Letter Head,نامه سر,
Letter Head Based On,نامه سر مبتنی بر,
Letter Head Image,تصویر نامه سر,
Letter Head Name,نام سر نامه,
Letter Head in HTML,سر نامه در HTML,
Level,سطح,
Level Name,نام سطح,
License,مجوز,
Light Color,رنگ روشن,
Like,پسندیدن,
Likes,دوست دارد,
Limit,حد,
Limit Number of DB Backups,محدود کردن تعداد پشتیبان DB,
Line,خط,
Link,ارتباط دادن,
Link Cards,کارتهای پیوند,
Link DocType,DOCTYPE لینک,
Link Document Type,نوع سند پیوند,
Link Fieldname,پیوند نام فیلد,
Link Name,نام لینک,
Link Title,عنوان لینک,
Link To,پیوند به,
Link to the page you want to open. Leave blank if you want to make it a group parent.,لینک به صفحه شما می خواهید برای باز کردن. خالی بگذارید اگر شما می خواهید به آن پدر و مادر گروه را.,
Linked,مرتبط,
Linked Documents,اسناد مرتبط,
Links,لینک,
List,فهرست,
List Filter,لیست فیلتر,
List Settings,تنظیمات لیست,
List View Settings,تنظیمات نمایش لیست,
"List as [{""label"": _(""Jobs""), ""route"":""jobs""}]",لیست را به عنوان [{ &quot;برچسب&quot;: _ ( &quot;جابز&quot;)، &quot;مسیر&quot;: &quot;شغل&quot;}],
List of patches executed,فهرست تکه اعدام,
Load Balancing,تعادل بار,
Location,محل,
Log,ورود,
Log Data,اطلاعات ورود به سیستم,
Log Setting User,ورود به سیستم کاربر,
Log Settings,تنظیمات ورود به سیستم,
Login,ورود به سیستم,
Login After,ورود بعد از,
Login Before,ورود به قبل از,
Login Required,ورود مورد نیاز,
Logo Width,عرض آرم,
Logout,خارج شدن,
Logout All Sessions on Password Reset,از کلیه جلسات با بازنشانی گذرواژه خارج شوید,
Logout From All Devices After Changing Password,پس از تغییر رمز ورود از همه دستگاه ها خارج شوید,
Long Text,متن طولانی,
Low,کم,
Main Section,بخش اصلی,
Main Section (HTML),بخش اصلی (HTML),
Main Section (Markdown),بخش اصلی (Markdown),
Maintenance Manager,مدیر نگهداری و تعمیرات,
Maintenance User,کاربر نگهداری,
"Make ""name"" searchable in Global Search",را &quot;نام&quot; جستجو در جهانی جستجو,
Mandatory,اجباری,
Mandatory Depends On,اجباری بستگی دارد,
Map route parameters into form variables. Example <code>/project/&lt;name&gt;</code>,پارامترهای مسیر را به متغیرهای فرم ترسیم کنید. مثال <code>/project/&lt;name&gt;</code>,
Markdown,Markdown,
Markdown Editor,ویرایشگر Markdown,
Marked As Spam,اسپم,
Max 500 records at a time,حداکثر 500 پرونده در یک زمان,
Max Attachment Size (in MB),حداکثر اندازه پیوست (در MB),
Max Attachments,حداکثر فایل های پیوست,
Max Length,بیشترین طول,
Max Value,حداکثر ارزش,
Maximum,بیشترین,
Maximum Number of Fields,حداکثر تعداد فیلدها,
Maximum Points,حداکثر امتیاز,
Medium,متوسط,
Meeting,ملاقات,
Mention,اشاره,
Mentions,اشاره کرد,
Message,پیام,
Message (HTML),پیام (HTML),
Message (Markdown),پیام (علامت گذاری),
Message Examples,نمونه پیام,
Message ID,پیام ID,
Message Parameter,پیام پارامتر,
Message-id,پیام-ID,
Meta Description,توضیحات متا,
Meta Image,تصویر متا,
Meta Tags,برچسب های متا,
Meta Title,عنوان متا,
Method,روش,
Middle Name,نام پدر,
Milestone,نقطه عطف,
Milestone Tracker,ردیاب نقطه عطف,
Minimum,کمترین,
Minimum Password Score,حداقل کلمه عبور,
Mobile No,موبایل بدون,
Module,ماژول,
Module Def,ماژول دف,
Module Name,ماژول نام,
Module Onboarding,ماژول Onboarding,
Modules HTML,ماژول HTML,
Monday,دوشنبه,
Monospace,عرض,
Monthly,ماهیانه,
Monthly Long,ماهانه طولانی,
More Information,اطلاعات بیشتر,
More content for the bottom of the page.,محتوای بیشتر برای پایین صفحه.,
Multiplier Field,زمینه چند برابر,
Must be a publicly accessible Google Sheets URL,باید یک نشانی اینترنتی Google Sheets در دسترس عموم باشد,
"Must be of type ""Attach Image""",باید از این نوع باشد &quot;ضمیمه تصویر&quot;,
Mute Sounds,برای تلفن های موبایل بیصدا,
MyISAM,MyISAM از,
Name,نام,
Naming,نامگذاری,
Naming Series,نامگذاری سری,
Navbar,نوار,
Navbar Item,مورد Navbar,
Navbar Settings,تنظیمات نوار,
Navbar Template,الگو Navbar,
Navbar Template Values,مقادیر الگو Navbar,
New,جدید,
New Name,نام جدید,
New value to be set,ارزش جدید به تنظیم شود,
Newsletter,عضویت در خبرنامه,
Newsletter Email Group,عضویت در خبرنامه ایمیل گروه,
Newsletter Manager,مدیر خبرنامه,
Next Action Email Template,قالب ایمیل بعدی اقدام,
Next Actions HTML,بعدی اقدامات HTML,
Next Schedule Date,تاریخ برنامه بعدی,
Next State,حالت بعدی,
Next Sync Token,توالی همگام سازی بعدی,
No,بدون,
No Copy,بدون کپی,
No of Requested SMS,تعداد SMS درخواست شده,
No of Rows (Max 500),تعداد سطرها (حداکثر 500),
No of Sent SMS,تعداد SMS های ارسال شده,
Non Negative,غیر منفی,
None,هیچی,
Not Sent,ارسال نشد,
Note,یادداشت,
Note Seen By,توجه داشته باشید که توسط,
Note: By default emails for failed backups are sent.,توجه: به طور پیش فرض ایمیل برای پشتیبان گیری شکست خورده فرستاده می شود.,
"Note: For best results,  images must be of the same size and width must be greater than height.",توجه: برای بهترین نتیجه ، تصاویر باید با یک اندازه باشند و عرض باید بیشتر از ارتفاع باشد.,
Note: Multiple sessions will be allowed in case of mobile device,توجه داشته باشید: جلسات متعدد خواهد شد در صورت از دستگاه تلفن همراه اجازه,
Notification,اطلاع,
Notification Log,ورود به سیستم اطلاع رسانی,
Notification Recipient,گیرنده اعلان,
Notification Settings,تنظیمات اعلان,
Notification Subscribed Document,اعلان سند مشترک,
Notifications,اطلاعیه,
Notifications and bulk mails will be sent from this outgoing server.,اخبار و ایمیل فله خواهد شد از این سرور خروجی ارسال می شود.,
Notify Users On Every Login,اطلاع کاربران در هر ورود,
Notify by Email,از طریق ایمیل اطلاع دهید,
Notify by email,با رایانامه آگاه کن,
Notify if unreplied,اطلاع عنوانهای بدون پاسخ,
Notify if unreplied for (in mins),اطلاع عنوانهای بدون پاسخ برای (در دقیقه),
Notify users with a popup when they log in,کاربران آگاه کن با یک پنجره زمانی که آنها وارد سیستم شوید,
Number Card,کارت شماره,
Number Card Link,پیوند کارت شماره,
Number Cards,کارت های شماره,
Number Format,ساختار شماره,
Number of Backups,تعداد پشتیبان گیری,
Number of DB Backups,تعداد پشتیبان گیری DB,
Number of Groups,تعداد گروه ها,
Number of columns for a field in a Grid (Total Columns in a grid should be less than 11),تعداد ستون ها برای یک میدان در یک شبکه (مجموع ستون در یک شبکه باید کمتر از 11 باشد),
Number of columns for a field in a List View or a Grid (Total Columns should be less than 11),تعداد ستون ها برای یک میدان در یک لیست نمایش و یا یک شبکه (مجموع ستون باید کمتر از 11 باشد),
OAuth Authorization Code,OAuth حفظ کد مجوز,
OAuth Bearer Token,OAuth حفظ حامل رمز,
OAuth Client,OAuth حفظ مشتری,
OAuth Client ID,شناسه مشتری OAuth,
OAuth Provider Settings,تنظیمات ارائه دهنده OAuth تأیید,
OTP App,برنامه OTP,
OTP Issuer Name,OTP نام صادر کننده,
Off,خاموش,
Office,دفتر,
Office 365,دفتر 365,
Older backups will be automatically deleted,پشتیبان گیری قدیمی تر به طور خودکار حذف,
On Hold,در حال برگزاری,
Onboarding Permission,مجوز پردازنده,
Onboarding Step,مرحله پردازنده,
Onboarding Step Map,در حال انجام نقشه مرحله,
"Once submitted, submittable documents cannot be changed. They can only be Cancelled and Amended.",پس از ارسال ، اسناد تسلیم شده قابل تغییر نیستند. آنها فقط می توانند لغو و اصلاح شوند.,
Only Allow Edit For,تنها اجازه می دهد برای ویرایش,
Only Send Records Updated in Last X Hours,فقط ارسال سوابق به روز شده در تاریخ و زمان آخرین X ساعت,
Open,باز,
Open Documents,اسناد را باز کنید,
Open Reference Document,سند مرجع را باز کنید,
Open URL in a New Tab,URL را در یک برگه جدید باز کنید,
Open a dialog with mandatory fields to create a new record quickly,با زمینه های اجباری یک گفتگو باز کنید تا سریعاً یک رکورد جدید ایجاد کنید,
Opened,افتتاح شد,
Operation,عمل,
Optional: Always send to these ids. Each Email Address on a new row,اختیاری: همیشه به این شناسه را ارسال کنید. هر آدرس ایمیل در یک ردیف جدید,
Optional: The alert will be sent if this expression is true,اختیاری: هشدار ارسال خواهد شد اگر این عبارت درست است,
Options,گزینه,
Options Help,گزینه های راهنما,
Orange,نارنجی,
Order,سفارش,
Org History,تاریخچه سازمان,
Org History Heading,سازمان تاریخچه شماره,
Other,دیگر,
Outlook.com,Outlook.com,
Output,تولید,
PDF Page Size,PDF اندازه صفحه,
PDF Settings,تنظیمات PDF,
Page,صفحه,
Page Break,شکست صفحه,
Page Builder,صفحه ساز,
Page Building Blocks,بلوک های صفحه سازی,
Page HTML,صفحه HTML,
Page Name,صفحه نام,
Page Settings,تنظیمات صفحه,
Parameter,پارامتر,
Parent Field (Tree),زمینه والدین (درخت),
Parent Label,پدر و مادر برچسب,
Partial Success,موفقیت جزئی,
Participants,شرکت کنندگان,
Passive,غیر فعال,
Password,رمز عبور,
Password Reset Link Generation Limit,تنظیم مجدد رمز عبور محدودیت تولید لینک,
Password for Base DN,رمز عبور برای پایه DN,
Patch,وصله,
Patch Log,پچ ورود,
Path,مسیر,
Path to CA Certs File,مسیر فایل گواهی CA,
Path to Server Certificate,مسیر به گواهی سرور,
Path to private Key File,مسیر به پرونده کلید خصوصی,
Pending,در انتظار,
Pending Approval,در انتظار تصویب,
Pending Verification,تایید در حال بررسی,
Percent,در صد,
Percentage,در صد,
Period,دوره,
Perm Level,سطح پرم,
Permanent,دائمي,
Permission Level,سطح اجازه,
Permission Rules,مشاهده قوانین اجازه,
Permissions,مجوز,
Permitted Documents For User,اسناد مجاز برای کاربر,
Personal,شخصی,
Personal Data Deletion Request,درخواست حذف اطلاعات شخصی,
Personal Data Download Request,درخواست بارگیری اطلاعات شخصی,
Phone,تلفن,
Phone No.,شماره تلفن,
Phone Number,شماره تلفن,
Pie,پای,
Pincode,Pincode,
Plant,گیاه,
Point Allocation Periodicity,دوره تخصیص نقطه,
Points,نکته ها,
Port,بندر,
Portal Menu,منو پورتال,
Portal Menu Item,آیتم های منو را پورتال,
Portal Settings,تنظیمات پورتال,
Position,موقعیت,
Postal,پستی,
Postal Code,کد پستی,
Precision,دقت,
Preferred Billing Address,ترجیح آدرس صورت حساب,
Preferred Shipping Address,ترجیح آدرس حمل و نقل,
Prefix,پیشوند,
Prepared Report,گزارش تهیه شده,
Prepared Report User,گزارش کاربر آماده شده,
Preview,پیش نمایش,
Preview HTML,پیش نمایش HTML,
Preview Message,پیش نمایش پیام,
Previous Hash,هش قبلی,
Primary,اولیه,
Primary Color,رنگ اصلی,
Print,چاپ,
Print Format,چاپ فرمت,
Print Format Builder,چاپ فرمت ساز,
Print Format Help,چاپ فرمت راهنما,
Print Format Type,چاپ نوع فرمت,
Print Hide,چاپ مخفی,
Print Hide If No Value,چاپ مخفی کردن اگر هیچ ارزش,
Print Server,سرور چاپ,
Print Settings,تنظیمات چاپ,
Print Style,چاپ سبک,
Print Style Name,نام سبک چاپ,
Print Style Preview,چاپ سبک پیشنمایش,
Print UOM after Quantity,UOM را بعد از Quantity چاپ کنید,
Print Width,چاپ عرض,
"Print Width of the field, if the field is a column in a table",چاپ عرض این زمینه، اگر درست یک ستون در یک جدول است,
Print taxes with zero amount,مالیات را با مقدار صفر چاپ کنید,
Print with letterhead,چاپ با سربرگ,
Printer Name,نام چاپگر,
Printing,چاپ,
Priority,اولویت,
Private,خصوصی,
ProTip: Add <code>Reference: {{ reference_doctype }} {{ reference_name }}</code> to send document reference,ProTip: اضافه کردن <code>Reference: {{ reference_doctype }} {{ reference_name }}</code> برای ارسال سند مرجع,
Property,خاصیت,
Property Depends On,بستگی به املاک دارد,
Property Setter,املاک گذارنده,
Property Setter overrides a standard DocType or Field property,املاک گذارنده را لغو یک DOCTYPE استاندارد و یا اموال درست,
Property Type,نوع ملک,
Provider,ارائه دهنده,
Provider Name,نام ارائه دهنده,
Public,عمومی,
Publish,انتشار,
Published,منتشر,
Published On,منتشر شده در,
Pull from Google Calendar,از تقویم Google بکشید,
Pull from Google Contacts,از مخاطبین Google بکشید,
Pulled from Google Calendar,از تقویم Google بیرون کشیده شد,
Pulled from Google Contacts,از مخاطبین Google کشیده شد,
Purchase Manager,مدیر خرید,
Purchase Master Manager,خرید استاد مدیر,
Purchase User,خرید کاربر,
Purple,رنگ بنفش,
Push to Google Calendar,به تقویم Google فشار دهید,
Push to Google Contacts,به مخاطبین Google فشار دهید,
Quarterly,فصلنامه,
Query,پرس و جو,
Query / Script,پرسش / متن,
Query Options,گزینه های پرس و جو,
Query Report,گزارش پرس و جو,
Queued,صف,
Quick Entry,ورود سریع,
RAW Information Log,گزارش اطلاعات RAW,
Random,تصادفی,
Rating,رتبه,
Raw Commands,دستورات خام,
Raw Email,ایمیل اولیه,
Raw Printing,چاپ خام,
Read,خواندن,
Read Only,فقط خواندنی,
Read Only Depends On,فقط بخوانید بستگی دارد,
Read Time,وقت خواندن,
Read by Recipient,خوانده شده توسط گیرنده,
Read by Recipient On,خوانده شده توسط گیرنده در,
Reason,دلیل,
Received,رسیده,
Receiver By Document Field,گیرنده توسط قسمت سند,
Receiver By Role,گیرنده با نقش,
Receiver Parameter,گیرنده پارامتر,
Recipient,گیرنده,
Recipient Unsubscribed,گیرنده اشتراک لغو,
Recipients,دریافت کنندگان,
Recorder,ضبط کننده,
Red,قرمز,
Redirect URI Bound To Auth Code,تغییر مسیر URI ملزم به کد تایید,
Redirect URIs,تغییر مسیر URI ها,
Redirect URL,تغییر مسیر URL,
Ref DocType,کد عکس DOCTYPE,
Reference,ارجاع,
Reference Date,مرجع تاریخ,
Reference DocName,نام مستعار مرجع,
Reference DocType,DOCTYPE مرجع,
Reference Docname,مرجع DocName,
Reference Doctype,Doctype مرجع,
Reference Document,سند مرجع,
Reference Document Name,نام اسناد مرجع,
Reference Document Type,مرجع نوع سند,
Reference Name,نام مرجع,
Reference Owner,مرجع مالک,
Reference Report,گزارش مرجع,
Reference Type,نوع مرجع,
Reference name,نام مرجع,
Referrer,مراجعه کننده,
Refresh Google Sheet,Google Sheet را تازه کنید,
Refresh Token,تازه کردن رمز,
Rejected,رد,
Relinked,Relinked,
Reload,بازنگری,
Remember Last Selected Value,به یاد داشته باشید آخرین مقدار انتخاب شده,
Reminder,یادآور,
Repeat On,تکرار در,
Repeat Till,تکرار تا,
Repeat on Day,تکرار در روز,
Repeat on Last Day of the Month,در آخرین روز از ماه تکرار کنید,
Repeat this Event,تکرار این رویداد,
Replied,پاسخ,
Reply,پاسخ,
Report,گزارش,
Report Builder,گزارش ساز,
Report Column,گزارش ستون,
Report Description,شرح گزارش,
Report Filter,گزارش فیلتر,
Report Filters,گزارش فیلترها,
Report Hide,گزارش مخفی,
Report Information,گزارش اطلاعات,
Report Manager,گزارش مدیر,
Report Name,گزارش نام,
Report Reference Doctype,گزارش مرجع Doctype,
Report Type,نوع گزارش,
Reports,گزارش ها,
Represents a User in the system.,نشان دهنده یک کاربر در سیستم.,
Represents the states allowed in one document and role assigned to change the state.,نشان دهنده ایالات مجاز در یک سند و نقش داده شده به تغییر دولت است.,
Request Data,درخواست داده,
Request Structure,درخواست ساختار,
Request URL,درخواست URL,
Requested Numbers,شماره درخواست شده,
Require Trusted Certificate,به گواهینامه معتبر احتیاج دارید,
Reset Password Key,کلید بازیابی کلمه عبور,
Response,پاسخ,
Response Type,نوع پاسخ,
Restored,ترمیم,
Restrict IP,محدود کردن IP,
Restrict To Domain,محدود به دامنه,
Restrict to Domain,محدود به DOMAIN,
Restrict user from this IP address only. Multiple IP addresses can be added by separating with commas. Also accepts partial IP addresses like (111.111.111),کاربر از این آدرس فقط IP محدود. آدرس IP مختلف را می توان با جدا با کاما اضافه شده است. همچنین آدرس IP جزئی را می پذیرد مانند (111.111.111),
Retry,دوباره امتحان کنید,
Reverse Icon Color,معکوس نماد رنگ,
Revert,برگرداندن,
Revert Of,برگرداندن از,
Reverted,برگردانده شد,
Review,مرور,
Review Level,سطح بررسی,
Review Levels,بررسی سطوح,
Review Points,نقد و بررسی امتیازات,
Revoked,لغو,
Rich Text,متن غنی,
Right,راست,
Robots.txt,فایل robots.txt,
Role,نقش,
Role Name,نام نقش,
Role Permission for Page and Report,اجازه نقش صفحه و گزارش,
Role Permissions,مجوز های نقش,
Role Permissions Manager,مدیر دسترسی نقش,
Role Profile,نقش نمایه,
Role and Level,نقش و سطح,
Roles,نقش,
Roles Assigned,نقش واگذار شده,
Roles HTML,نقش HTML,
Roles Html,نقش Html,
Round Robin,درخواست کتبی,
Route,مسیر,
Route History,تاریخ مسیر,
Route Redirects,مسیرهای تغییر مسیر,
"Route: Example ""/desk""",مسیر: مثال &quot;/ میز کار&quot;,
Row Index,شاخص ردیف,
Row Name,نام ردیف,
Rows Added,ردیف اضافه شده,
Rows Removed,ردیف حذف,
Rule,قانون,
Rule Conditions,شرایط قانون,
Rule Name,نام قانون,
Rules defining transition of state in the workflow.,مشاهده قوانین تعریف انتقال دولت در کاری می باشد.,
"Rules for how states are transitions, like next state and which role is allowed to change state etc.",مشاهده قوانین برای چه ایالات انتقال، مانند حالت بعدی و نقش هستند مجاز به تغییر دولت و غیره,
Rules with higher priority number will be applied first.,ابتدا قوانینی با اولویت بالاتر اعمال می شود.,
Run Jobs only Daily if Inactive For (Days),اگر غیرفعال برای (روزها) کارها را فقط روزانه انجام دهید,
Run scheduled jobs only if checked,اجرای شغل برنامه ریزی شده تنها در صورتی چک,
S3 Backup Settings,S3 تنظیمات پشتیبان گیری,
S3 Bucket Details,جزئیات سطل S3,
SMS,پیامک,
SMS Gateway URL,URL SMS دروازه,
SMS Log,SMS ورود,
SMS Parameter,پارامتر SMS,
SMS Settings,تنظیمات SMS,
SMTP Settings for outgoing emails,تنظیمات SMTP برای ایمیل های ارسالی,
"SQL Conditions. Example: status=""Open""",شرایط SQL. به عنوان مثال: وضعیت = &quot;باز کردن&quot;,
SSL/TLS Mode,حالت SSL / TLS,
Sales Manager,مدیر فروش,
Sales Master Manager,مدیر ارشد فروش,
Sales User,فروش کاربر,
Salesforce,Salesforce,
Salutation,سلام,
Sample,نمونه,
Saturday,روز شنبه,
Save,ذخیره,
Scheduled,برنامه ریزی,
Scheduled Job,شغل برنامه ریزی شده,
Scheduled Job Log,ورود به سیستم برنامه ریزی شده,
Scheduled Job Type,نوع کار زمان بندی شده,
Scheduled To Send,برنامه ریزی به ارسال,
Scheduler Event,رویداد زمانبند,
Scope,محدوده,
Scopes,حوزه,
Script,خط,
Script Manager,مدیر اسکریپت,
Script Report,گزارش اسکریپت,
Script Type,اسکریپت نوع,
Script to attach to all web pages.,اسکریپت به ضمیمه به تمام صفحات وب است.,
Search Fields,زمینه جستجو,
Search Priorities,اولویت های جستجو,
Section,بخش,
Section Break,شکستن بخش,
Security Settings,تنظیمات امنیتی,
Seen,مشاهده,
Seen By,دیده شده توسط,
Seen By Table,دیده شده توسط جدول,
Select,انتخاب,
Select Dashboard,داشبورد را انتخاب کنید,
Select Date Range,محدوده تاریخ را انتخاب کنید,
Select DocType,انتخاب DOCTYPE,
Select Doctype,Doctype را انتخاب کنید,
Select Transaction,انتخاب معامله,
Select an image of approx width 150px with a transparent background for best results.,یک تصویر از عرض حدود 150px با پس زمینه شفاف برای بهترین نتایج را انتخاب کنید.,
Select the label after which you want to insert new field.,برچسب و پس از آن شما می خواهید برای وارد کردن زمینه های جدید را انتخاب کنید.,
Send After,ارسال پس از,
Send Alert On,ارسال هشدار در,
Send Email Alert,ارسال هشدار ایمیل,
Send Email Print Attachments as PDF (Recommended),ارسال پیوست های ایمیل چاپ به عنوان PDF (توصیه شده),
Send Email for Successful Backup,ارسال ایمیل برای پشتیبان گیری موفق,
Send Email for Successful backup,ارسال ایمیل برای پشتیبان گیری موفق,
Send Me A Copy of Outgoing Emails,ارسال یک کپی از ایمیل های خروجی,
Send Notification To,ارسال هشدار از طریق به,
Send Notification to,ارسال هشدار به,
Send Notifications For Documents Followed By Me,اعلان ها را برای اسنادی که توسط من دنبال شده ارسال کنید,
Send Notifications For Email Threads,اعلان ها را برای موضوعات ایمیل ارسال کنید,
Send Notifications To,ارسال اعلانها به,
Send Print as PDF,ارسال چاپ به عنوان PDF,
Send System Notification,اعلان سیستم را ارسال کنید,
Send To All Assignees,ارسال به همه مأموران,
Send Unsubscribe Link,ارسال پیوند لغو اشتراک,
Send Welcome Email,ارسال ایمیل به انجمن خوش آمدید,
Send alert if date matches this field's value,ارسال هشدار در صورت عضویت مسابقات ارزش این زمینه را,
Send alert if this field's value changes,ارسال هشدار در صورت تغییرات ارزش این زمینه را,
Send an email reminder in the morning,ارسال یک ایمیل به یادآوری در صبح,
Send days before or after the reference date,ارسال روز قبل یا بعد از تاریخ مرجع,
Send enquiries to this email address,ارسال سوالات به این آدرس ایمیل,
Send only if there is any data,ارسال تنها در صورت هر گونه داده ها وجود دارد,
Send unsubscribe message in email,ارسال پیام لغو اشتراک در ایمیل,
Sender,فرستنده,
Sender Email,ایمیل فرستنده,
Sender Name,نام فرستنده,
Sendgrid,Sendgrid,
Sending,ارسال,
Sent,فرستاده,
Sent On,فرستاده شده در,
Sent Read Receipt,ارسال رسید خواندن,
Sent To,فرستادن به,
Sent or Received,ارسال یا دریافت,
Sent/Received Email,ارسال / دریافت ایمیل,
Separator,جدا کننده,
Sequence Id,شناسه توالی,
Series List for this Transaction,فهرست سری ها برای این تراکنش,
Server Action,اقدام سرور,
Server IP,آی پی سرور,
Server Script,اسکریپت سرور,
Service,سرویس,
Session Default,جلسه پیش فرض,
Session Default Settings,تنظیمات پیش فرض جلسه,
Session Defaults,جلسه پیش فرض,
Set Banner from Image,تنظیم بنر از تصویر,
"Set Default Options for all charts on this Dashboard (Ex: ""colors"": [""#d1d8dd"", ""#ff5858""])",گزینه های پیش فرض را برای همه نمودارهای این داشبورد تنظیم کنید (به عنوان مثال: &quot;colors&quot;: [&quot;# d1d8dd&quot;، &quot;# ff5858&quot;]),
Set New Password,تنظیم کلمه عبور جدید,
Set Property After Alert,تنظیم مشخصه پس از هشدار,
Set Role For,تنظیم نقش برای,
Set Value,مقدار,
Set non-standard precision for a Float or Currency field,تنظیم دقیق غیر استاندارد برای یک شناور یا ارز درست,
Settings,تنظیمات,
Settings Dropdown,تنظیمات کشویی,
Settings for Contact Us Page,تنظیمات برای تماس با ما صفحه,
Settings for the About Us Page,تنظیمات برای درباره ما صفحه,
Setup,برپایی,
Setup Complete,راه اندازی کامل,
Setup Wizard,راه اندازی جادوگر,
Share,اشتراک گذاری,
Shared,به اشتراک گذاشته شده,
Shipping,حمل,
Shop,فروشگاه,
Short Name,نام کوتاه,
Shortcuts,میانبرها,
Show Attachments,نمایش پیوستها,
Show Dashboard,نمایش داشبورد,
Show Document,نمایش سند,
Show Failed Logs,نمایش سیاهههای مربوط به شکست خورده,
Show Form Tour,نمایش تور فرم,
Show Full Error and Allow Reporting of Issues to the Developer,نمایش خطا کامل و اجازه گزارش مسائل به توسعه,
Show Full Form?,فرم کامل نشان داده شود؟,
Show Line Breaks after Sections,نمایش فواصل خط بعد از بخش ها,
Show Percentage Stats,نمایش آمار درصد,
Show Preview Popup,نمایش پیش نمایش پنجره,
Show Report,نمایش گزارش,
Show Section Headings,نمایش سرفصل بخش,
Show Sidebar,نمایش نوار کناری,
Show Title,نمایش عنوان,
Show as cc,نمایش به عنوان سی سی,
Show full form instead of a quick entry modal,فرم کامل را به جای حالت ورودی سریع نشان دهید,
Show in Module Section,نمایش در بخش ماژول,
Show in filter,نمایش در فیلتر,
Show percentage difference according to this time interval,اختلاف درصد را با توجه به این بازه زمانی نشان دهید,
"Show title in browser window as ""Prefix - title""",نمایش عنوان در پنجره مرورگر به عنوان &quot;پیشوند - عنوان&quot;,
Sidebar Items,موارد نوار کناری,
Sidebar Settings,تنظیمات نوار,
Sidebar and Comments,نوار کناری و نظرات,
Signature,امضا,
"Simple Python Expression, Example: Status in (""Closed"", ""Cancelled"")",بیان ساده پایتون ، مثال: وضعیت در (&quot;بسته&quot; ، &quot;لغو&quot;),
"Simple Python Expression, Example: Status in (""Invalid"")",بیان ساده پایتون ، مثال: وضعیت در (&quot;نامعتبر&quot;),
"Simple Python Expression, Example: status == 'Open' and type == 'Bug'",بیان ساده پایتون ، مثال: status == &#39;Open&#39; و نوع == &#39;اشکال&#39;,
Simultaneous Sessions,جلسات به طور همزمان,
Single Types have only one record no tables associated. Values are stored in tabSingles,انواع تنها فقط یک رکورد هیچ جداول همراه است. ارزش ها در tabSingles ذخیره شده,
Skip Authorization,پرش مجوز,
Skype,اسکایپ,
Slack,لاغر,
Slack Channel,کانال اسلک,
Slack Webhook URL,نشانی اینترنتی وب کم سرعت,
Slideshow,نمایش به صورت اسلاید,
Slideshow Items,اسلاید نمایش,
Slideshow Name,نام نمایش به صورت اسلاید,
Slideshow like display for the website,نمایش به صورت اسلاید مانند صفحه نمایش برای وب سایت,
Small Text,متن کوچک,
Smallest Currency Fraction Value,کوچکترین ارز ارزش کسر,
Smallest circulating fraction unit (coin). For e.g. 1 cent for USD and it should be entered as 0.01,کوچکترین واحد کسر گردش (coin). برای مثال 1 سنت برای USD و باید آن را به عنوان وارد 0.01,
Social,اجتماعی,
Social Link Settings,تنظیمات پیوند اجتماعی,
Social Link Type,نوع پیوند اجتماعی,
Social Login Key,کلید ورود به سیستم اجتماعی,
Social Login Provider,ارائه دهنده خدمات اجتماعی,
Social Logins,ورودی های اجتماعی,
Soft-Bounced,نرم برگشتی,
Sort Field,مرتب کردن بر اساس درست,
Sort Order,ترتیب,
Source,منبع,
Source Name,نام منبع,
Source Text,منبع متن,
Spam,هرزنامه ها,
SparkPost,SparkPost,
Standard,استاندارد,
Standard Sidebar Menu,منو نوار کناری استاندارد,
Start Date,تاریخ شروع,
Start Date Field,فیلد تاریخ شروع,
Start Time,زمان شروع,
StartTLS,StartTLS,
Started,آغاز شده,
Starts on,شروع می شود در,
State,دولت,
State/Province,استان / استان,
States,ایالات,
Static Parameters,پارامترهای استاتیک,
Stats,آمار,
Stats Time Interval,فاصله زمانی آمار,
Status,وضعیت,
Step,گام,
Steps,مراحل,
Stopped,متوقف,
Stores the JSON of last known versions of various installed apps. It is used to show release notes.,فروشگاه JSON از نسخه های گذشته شناخته شده از برنامه های مختلف نصب شده است. آن استفاده می شود برای نشان دادن یادداشتهای انتشار.,
Style,سبک,
Style Settings,تنظیمات سبک,
"Style represents the button color: Success - Green, Danger - Red, Inverse - Black, Primary - Dark Blue, Info - Light Blue, Warning - Orange",سبک نشان دهنده رنگ دکمه: موفقیت - سبز، خطر - قرمز، معکوس - سیاه و سفید، اولیه - آبی تیره، اطلاعات - آبی روشن، هشدار - نارنجی,
Stylesheet,صفحه سبک,
"Sub-currency. For e.g. ""Cent""",زیر ارز. برای مثال &quot;سنت&quot;,
Sub-domain provided by erpnext.com,زیر دامنه ارائه شده توسط erpnext.com,
Subdomain,زیر دامنه,
Subject,موضوع,
Subject Field,زمینه موضوع,
Submit,ثبت کردن,
Submit After Import,ارسال پس از واردات,
Submitted,ارسال شده,
Subsidiary,فرعی,
Subtitle,عنوان فرعی,
Success,موفقیت,
Success Action,اقدام موفقیت آمیز,
Success Message,پیغام موفقیت,
Success URL,URL موفقیت,
Sum,جمع,
Sunday,یکشنبه,
Symbol,نماد,
Sync,همگام سازی,
Sync with Google Calendar,همگام سازی با تقویم Google,
Sync with Google Contacts,همگام سازی با مخاطبین Google,
System,سیستم,
System Console,کنسول سیستم,
System Manager,سیستم مدیریت,
System Notification,اعلان سیستم,
System Page,سیستم صفحه,
System Settings,تنظیمات سیستم,
System managers are allowed by default,مدیران سیستم به طور پیش فرض مجاز هستند,
Table,جدول,
Table Break,شکستن میز,
Table HTML,جدول HTML,
Table MultiSelect,جدول چند گزینه ای,
Tag,برچسب زدن,
Tag Link,پیوند برچسب,
Target,هدف,
Tax Category,دسته مالیات,
Team Members,اعضای تیم,
Team Members Heading,تیم سرنویس کاربران,
Template,قالب,
Template Options,گزینه های الگو,
Template Warnings,هشدارهای الگو,
Text,متن,
Text Align,متن چین,
Text Color,رنگ متن,
Text Content,محتوای متن,
Text Editor,ویرایشگر متن,
The name that will appear in Google Calendar,نامی که در Google Calendar ظاهر می شود,
The user from this field will be rewarded points,کاربر از این زمینه امتیازات دریافت می کند,
The webhook will be triggered if this expression is true,اگر این عبارت صحیح باشد ، webhook فعال خواهد شد,
Theme,موضوع,
Theme Configuration,پیکربندی تم,
Theme URL,آدرس URL تم,
These values will be automatically updated in transactions and also will be useful to restrict permissions for this user on transactions containing these values.,این مقادیر به طور خودکار در معاملات روز رسانی و نیز برای محدود کردن دسترسی این کاربر در معاملات حاوی این مقادیر مفید باشد.,
Third Party Authentication,سوم حزب احراز هویت,
This card will be available to all Users if this is set,در صورت تنظیم این کارت ، در دسترس همه کاربران قرار خواهد گرفت,
This chart will be available to all Users if this is set,در صورت تنظیم این نمودار در دسترس همه کاربران قرار خواهد گرفت,
This format is used if country specific format is not found,این قالب استفاده شده است اگر قالب خاص کشور یافت نشد,
This goes above the slideshow.,این می رود در بالای تصاویر به صورت خودکار.,
This is an example Google SERP Preview.,این نمونه ای از پیش نمایش Google SERP است.,
This is the number of the last created transaction with this prefix,این تعداد از آخرین معامله ایجاد شده با این پیشوند است,
This will be shown in a modal after routing,این بعد از مسیریابی به صورت مدال نشان داده می شود,
This will be shown to the user in a dialog after routing to the report,این پس از مسیریابی در گزارش ، در یک گفتگوی به کاربر نشان داده می شود,
Thumbnail URL,URL تصویر بند انگشتی,
Thursday,پنج شنبه,
Time,زمان,
Time Format,قالب زمان,
Time Interval,فاصله زمانی,
Time Series,سری زمانی,
Time Series Based On,سری زمانی مبتنی بر,
Time Zone,منطقه زمانی,
Time Zones,محدوده های زمانی,
Time format,قالب زمان,
Time in seconds to retain QR code image on server. Min:<strong>240</strong>,زمان در ثانیه برای حفظ تصویر کد QR بر روی سرور. حداقل: <strong>240</strong>,
Timeline,جدول زمانی,
Timeline DocType,DOCTYPE جدول زمانی,
Timeline Field,جدول زمانی درست,
Timeline Links,پیوندهای زمانی,
Timeline Name,نام گاهشمار,
Timeseries,سری زمانی,
Timespan,مدت زمان,
Timestamp,برچسب زمان,
Title,عنوان,
Title Field,عنوان درست,
Title Prefix,عنوان پیشوند,
To,به,
To Date,به روز,
To Date Field,به قسمت Date,
To and CC,به و CC,
"To use Slack Channel, add a <a href=""#List/Slack%20Webhook%20URL/List"">Slack Webhook URL</a>.","برای استفاده از Slack Channel ، یک <a href=""#List/Slack%20Webhook%20URL/List"">URL Slack Webhook</a> اضافه <a href=""#List/Slack%20Webhook%20URL/List"">کنید</a> .",
ToDo,انجام دادن,
Token,رمز,
Top,بالا,
Top Bar Item,مورد بالا نوار,
Top Bar Items,موارد بالا نوار,
Topic,موضوع,
Total Subscribers,مجموع مشترکین,
Total number of emails to sync in initial sync process ,تعداد کل ایمیل های برای همگام سازی در فرآیند همگام سازی اولیه,
Traceback,ردیابی,
Track Changes,تغییرات مسیر,
Track Email Status,ردیابی وضعیت ایمیل,
Track Field,زمینه پیگیری,
Track Seen,آهنگ دیده,
Track Views,مشاهدات پیگیری,
Track milestones for any document,نقاط عطف را برای هر مدرک ردیابی کنید,
Transaction Hash,هش تراش,
Transaction Log,ورود تراکنش,
Transaction Log Report,گزارش گزارش تراکنش,
Transition Rules,مشاهده قوانین گذار,
Transitions,انتقال,
Translatable,ترجمه شده,
Translated Text,متن ترجمه شده,
Translation,ترجمه,
Trash,زباله ها,
Tree,درخت,
Tree structures are implemented using Nested Set,سازه های درخت با استفاده از مجموعه Nested Set پیاده سازی می شوند,
Trigger Method,روش ماشه,
"Trigger on valid methods like ""before_insert"", ""after_update"", etc (will depend on the DocType selected)",ماشه در روش های معتبر مانند &quot;before_insert&quot;، &quot;after_update&quot;، و غیره (بر روی DOCTYPE انتخاب شده بستگی دارد),
Tuesday,سهشنبه,
Two Factor Authentication,دو عامل تایید هویت,
Two Factor Authentication method,دو روش اعتبار فاکتور,
Type,نوع,
UID,UID,
UIDNEXT,UIDNEXT,
UIDVALIDITY,UIDVALIDITY,
UNSEEN,غیب,
URL,URL,
URL for documentation or help,URL برای اسناد یا راهنما,
URL to go to on clicking the slideshow image,URL را کلیک کنید تا با کلیک بر روی تصویر نمایش اسلاید ، کلیک کنید,
Unassign Condition,وضعیت غیرقابل توصیف,
Unhandled Email,کنترل نشده ایمیل,
Unique,منحصر به فرد,
Unread,خوانده نشده,
Unread Notification Sent,هشدار از طریق ارسال خوانده نشده,
Unshared,اشتراک گذاشتن,
Unsubscribe Method,روش لغو اشتراک,
Unsubscribe Param,لغو اشتراک پرم,
Unsubscribed,اشتراک لغو,
Update,به روز رسانی,
Update Existing Records,سوابق موجود را به روز کنید,
Update Field,به روز رسانی درست,
Update Series Number,به روز رسانی سری شماره,
Update Settings,به روز رسانی تنظیمات,
Update Value,به روز رسانی ارزش,
Updated,به روز شده,
Uploaded To Dropbox,آپلود شده به Dropbox,
Uploaded To Google Drive,در Google Drive بارگذاری شد,
Use % for any non empty value.,برای هر مقدار غیر خالی از٪ استفاده کنید.,
Use ASCII encoding for password,از رمزگذاری ASCII برای رمز عبور استفاده کنید,
Use IMAP,استفاده از IMAP,
Use POST,از POST استفاده کنید,
Use Report Chart,از نمودار گزارش استفاده کنید,
Use SSL,استفاده از SSL,
Use TLS,استفاده از TLS,
Use this fieldname to generate title,با استفاده از این fieldname برای تولید عنوان,
User,کاربر,
User ,کاربر,
User Agent,عامل کاربر,
User Cannot Create,کاربر نمی تواند ایجاد,
User Cannot Search,کاربر نمی تواند جستجو,
User Defaults,به طور پیش فرض کاربر,
User Details,مشخصات کاربر,
User Email,ایمیل کاربر,
User Emails,ایمیل های کاربر,
User Field,قسمت کاربر,
User ID,ID کاربر,
User ID Property,ویژگی شناسه کاربر,
User ID of a Blogger,ID کاربر از بلاگر,
User Id,شناسه کاربر,
User Image,کاربر تصویر,
User Name,نام کاربری,
User Permission,مجوز کاربر,
User Profile,مشخصات کاربر,
User Social Login,ورودی کاربر اجتماعی,
User Tags,کاربر برچسب ها,
User Type,نوع کاربر,
User can login using Email id or Mobile number,کاربر می تواند با استفاده از شناسه ورود ایمیل و یا شماره تلفن همراه,
User can login using Email id or User Name,کاربر می تواند با استفاده از شناسه ایمیل یا نام کاربری وارد سیستم شوید,
User must always select,کاربر همیشه باید انتخاب کنید,
Username,نام کاربری,
Users,کاربران,
Users assigned to the reference document will get points.,کاربران اختصاص یافته به سند مرجع امتیاز دریافت می کنند.,
Valid,معتبر,
Validate Field,صحت سنجی,
Validity,اعتبار,
Value,ارزش,
Value Based On,بر اساس ارزش,
Value Change,تغییر ارزش,
Value Changed,مقدار تغییر,
Value To Be Set,ارزش به تنظیم شود,
Value from this field will be set as the due date in the ToDo,مقدار از این قسمت به عنوان تاریخ سررسید در ToDo تنظیم خواهد شد,
Value to Validate,ارزش برای اعتبار سنجی,
Verdana,Verdana,
Verified,تأیید شده,
Version,نسخه,
Video URL,URL ویدیو,
View,چشم انداز,
View Log,مشاهده ورود به سیستم,
View Properties (via Customize Form),نمایش خواص (از طریق فرم سفارشی),
View Report,مشاهده گزارش,
View Settings,نمایش تنظیمات,
View Website,مشاهده وب سایت,
Viewed By,بازدید شده توسط,
Visit,بازدید,
Warehouse,مخزن,
Warning,هشدار,
Watch Video,ویدیو را تماشا کنید,
Web Form,فرم وب,
Web Form Field,فرم درست,
Web Form Fields,فرم وب,
Web Page,صفحه وب,
Web Page Block,بلوک صفحه وب,
Web Page View,نمای صفحه وب,
Web Template,الگوی وب,
Web Template Field,فیلد الگوی وب,
Web Template Values,مقادیر الگوی وب,
Web View,مشاهده وب سایت,
Webhook,چکمه وب,
Webhook Data,داده های Webhook,
Webhook Header,هدر Webhook,
Webhook Headers,سربرگ های وب,
Webhook Request,درخواست Webhook,
Webhook Secret,راز وب,
Webhook Security,امنیت Webhook,
Webhook Trigger,Webhook Trigger,
Webhook URL,آدرس وب سایت,
Website,سایت اینترنتی,
Website Analytics,تجزیه و تحلیل وب سایت,
Website Manager,مدیر وب سایت,
Website Meta Tag,وب سایت متا تگ,
Website Route Meta,مسیر متا وب سایت,
Website Route Redirect,تغییر مسیر مسیر وب سایت,
Website Script,وب سایت اسکریپت,
Website Settings,تنظیمات وب سایت,
Website Sidebar,نوار وب سایت,
Website Sidebar Item,وب سایت نوار مورد,
Website Slideshow,وب سایت نمایش به صورت اسلاید,
Website Slideshow Item,وب سایت نمایش به صورت اسلاید مورد,
Website Theme,قالب های سایت,
Website Theme Ignore App,تم وب سایت برنامه را نادیده بگیرید,
Website Theme Image,وب سایت تم تصویر,
Website Theme Image Link,وب سایت لینک تم تصویر,
Wednesday,چهار شنبه,
Weekdays,روزهای کاری,
Weekly,هفتگی,
Weekly Long,طولانی هفتگی,
Welcome Email Template,الگوی ایمیل خوش آمدید,
"When enabled this will allow guests to upload files to your application, You can enable this if you wish to collect files from user without having them to log in, for example in job applications web form.",با فعال کردن این امکان میهمان ها می توانند فایل ها را در برنامه شما بارگذاری کنند ، اگر می خواهید پرونده هایی را از کاربر جمع کنید بدون اینکه آنها مجبور به ورود به سیستم باشند ، این کار را فعال کنید ، به عنوان مثال در فرم برنامه های کاربردی شغلی.,
Which view of the associated DocType should this shortcut take you to?,این میانبر شما را به کدام نمای DocType مرتبط می رساند؟,
Width,عرض,
Wildcard Filter,فیلتر Wildcard,
"Will add ""%"" before and after the query",&quot;٪&quot; را قبل و بعد از پرس و جو اضافه می کند,
Will be used in url (usually first name).,آیا می شود در آدرس (نام معمولا در ابتدا) استفاده می شود.,
Will run scheduled jobs only once a day for inactive sites. Default 4 days if set to 0.,مشاغل برنامه ریزی شده را فقط یک بار در روز برای سایتهای غیرفعال انجام می دهد. 4 روز پیش فرض در صورت تنظیم 0.,
Workflow,گردش کار,
Workflow Action,اقدام گردش کار,
Workflow Action Master,مدیر اقدام گردش کار,
Workflow Action Name,نام اقدام گردش کار,
Workflow Action is not created for optional states,Actionflow Action برای حالتهای اختیاری ایجاد نمی شود,
Workflow Document State,وضعیت سند گردش کار,
Workflow Name,نام گردش کار,
Workflow State,وضعیت گردش کار,
Workflow State Field,فیلد وضعیت گردش کار,
Workflow Transition,انتقال گردش کار,
Workflow state represents the current state of a document.,وضعیت گردش کار نشان دهنده وضعیت جاری یک سند است.,
Write,نوشتن,
X Field,X زمینه,
XLSX,XLSX,
Y Axis,محور Y,
Y Field,Y زمینه,
Yahoo Mail,ایمیل یاهو,
Yandex.Mail,Yandex.Mail,
Year,سال,
Yearly,سالیانه,
Yellow,زرد,
Yes,بله,
Your organization name and address for the email footer.,نام سازمان شما و آدرس ایمیل برای بالا و پایین صفحه.,
Zero means send records updated at anytime,صفر به معنای ارسال سوابق به روز شده در هر زمان,
_doctype,_doctype,
_report,_گزارش,
adjust,تنظیم کردن,
after_insert,after_insert,
align-center,چین-مرکز,
align-justify,چین-توجیه,
align-left,تراز چپ,
align-right,تراز راست,
arrow-down,فلش به پایین,
arrow-left,پیکان چپ,
arrow-right,فلش سمت راست,
arrow-up,فلش کردن,
asterisk,ستاره,
backward,وارونه,
ban-circle,ممنوعیت دایره,
barcode,بارکد,
bell,ناقوس,
blue,آبی,
bold,جسور,
book,کتاب,
bookmark,چوب الف,
briefcase,کیف,
bullhorn,bullhorn,
calendar,تقویم,
camera,دوربین,
certificate,گواهی نامه,
check,چک,
chevron-down,شورون به پایین,
chevron-left,شورون سمت چپ,
chevron-right,شورون سمت راست,
chevron-up,شورون تا,
circle-arrow-down,دایره-فلش به پایین,
circle-arrow-left,دایره-پیکان سمت چپ,
circle-arrow-right,دایره-فلش-راست,
circle-arrow-up,دایره-فلش-تا,
cog,دندانه دار کردن,
comment,توضیح,
darkgrey,خاکستری تیره,
dd-mm-yyyy,DD-MM-YYYY,
dd.mm.yyyy,dd.mm.yyyy,
dd/mm/yyyy,DD / MM / YYYY,
download,دانلود,
download-alt,دانلود-ALT,
"e.g. ""Support"", ""Sales"", ""Jerry Yang""",به عنوان مثال &quot;پشتیبانی&quot;، &quot;فروش&quot;، &quot;جری یانگ&quot;,
e.g. pop.gmail.com / imap.gmail.com,به عنوان مثال pop.gmail.com / imap.gmail.com,
e.g. replies@yourcomany.com. All replies will come to this inbox.,به عنوان مثال replies@yourcomany.com. همه پاسخ به این صندوق آمده است.,
e.g. smtp.gmail.com,به عنوان مثال smtp.gmail.com,
edit,ویرایش,
eject,بیرون انداختن,
email,پست الکترونیک,
envelope,پاکت,
exclamation-sign,علامت تعجب علامت,
eye-close,چشم نزدیک,
eye-open,چشم باز,
facebook,فیس بوک,
facetime-video,facetime و تصویری,
fairlogin,عادلانه,
fast-backward,سرعت عقب,
fast-forward,سریع به جلو,
file,پرونده,
film,فیلم,
filter,فیلتر کردن,
fire,آتش,
flag,پرچم,
folder-close,پوشه نزدیک,
folder-open,پوشه باز,
font,فونت,
forward,به جلو,
fullscreen,تمام صفحه,
gift,هدیه,
glass,شیشه,
globe,کره,
green,سبز,
hand-down,دست به پایین,
hand-left,دست چپ,
hand-right,دست راست,
hand-up,دست تا,
hdd,هارد,
headphones,هدفون,
heart,قلب,
home,خانه,
icon,شمایل,
in minutes,در چند دقیقه,
inbox,صندوق,
indent-left,تورفتگی سمت چپ,
indent-right,تورفتگی راست,
info-sign,اطلاعات ثبت نام,
italic,حروف کج,
leaf,برگ,
link,پیوند,
linkedin,Linkedin,
list,فهرست,
list-alt,لیست ALT,
lock,قفل,
magnet,مغناطیس,
map-marker,نقشه نشانگر,
minus,منهای,
minus-sign,منهای نشانه,
mm-dd-yyyy,MM-DD-YYYY,
mm/dd/yyyy,MM / DD / YYYY,
module,ماژول,
move,حرکت,
music,موسیقی,
no failed attempts,تلاش بدون شکست خورده,
off,خاموش,
ok,خوب,
ok-circle,OK-دایره,
ok-sign,OK-علامت,
old_parent,old_parent,
on_cancel,on_cancel,
on_change,در تغییر,
on_submit,on_submit,
on_trash,on_trash,
on_update,on_update,
on_update_after_submit,on_update_after_submit,
orange,نارنجی,
page,صفحه,
pause,مکث,
pencil,مداد,
picture,تصویر,
plane,هواپیما,
play,بازی,
play-circle,بازی دایره,
plus,بعلاوه,
plus-sign,به علاوه نشانه,
print,چاپ,
purple,رنگ بنفش,
qrcode,qrcode,
query-report,جستجوهای گزارش,
question-sign,پرسش علامت,
random,تصادفی,
red,قرمز,
refresh,تازه کردن,
remove,برداشتن,
remove-circle,حذف دایره,
remove-sign,حذف نشانه,
repeat,تکرار,
resize-full,تغییر اندازه کامل,
resize-horizontal,تغییر اندازه-افقی,
resize-small,تغییر اندازه کوچک,
resize-vertical,تغییر اندازه عمودی,
response,واکنش,
retweet,بازتوییت,
road,جاده,
screenshot,تصویر,
search,جستجو کردن,
share,سهم,
share-alt,سهم-ALT,
shopping-cart,خرید سبد خرید,
signal,سیگنال,
star,ستاره,
star-empty,ستاره خالی,
step-backward,گام به گام به عقب,
step-forward,گام رو به جلو,
stop,متوقف کردن,
tag,برچسب,
tags,برچسب ها,
tasks,وظایف,
text-height,متن ارتفاع,
text-width,متن عرض,
th,هفتم,
th-large,TH-بزرگ,
th-list,TH-لیست,
thumbs-down,شست به پایین,
thumbs-up,شست به بالا,
time,زمان,
tint,رنگ,
trash,نخاله,
twitter,توییتر,
upload,بارگذاری,
user,کاربر,
volume-down,حجم پایین,
volume-off,حجم کردن,
volume-up,صدا,
warning-sign,علامت هشدار دهنده,
wrench,اچار فرانسه,
yellow,رنگ زرد,
yyyy-mm-dd,yyyy-mm-dd,
zoom-in,بزرگنمایی,
zoom-out,کوچک نمایی,
