"""Company History""","""Historique de la Société""",
"""Team Members"" or ""Management""","""Membres de l'Équipe"" ou ""Management""",
&lt;head&gt; HTML,HTML,
**Currency** Master,Données de Base **Devise**,
0 - Draft; 1 - Submitted; 2 - Cancelled,0 - Brouillon; 1 - Validé; 2 - Annulé,
0 is highest,0 est le plus élevé,
"<h4>Default Template</h4>
<p>Uses <a href=""http://jinja.pocoo.org/docs/templates/"">Jinja Templating</a> and all the fields of Address (including Custom Fields if any) will be available</p>
<pre><code>{{ address_line1 }}&lt;br&gt;
{% if address_line2 %}{{ address_line2 }}&lt;br&gt;{% endif -%}
{{ city }}&lt;br&gt;
{% if state %}{{ state }}&lt;br&gt;{% endif -%}
{% if pincode %} PIN:  {{ pincode }}&lt;br&gt;{% endif -%}
{{ country }}&lt;br&gt;
{% if phone %}Phone: {{ phone }}&lt;br&gt;{% endif -%}
{% if fax %}Fax: {{ fax }}&lt;br&gt;{% endif -%}
{% if email_id %}Email: {{ email_id }}&lt;br&gt;{% endif -%}
</code></pre>","<h4> Modèle par défaut <!-- h4--> 
 <p> <a href=""http://jinja.pocoo.org/docs/templates/""> Jinja Templating </a> et tous les champs d'adresse ( y compris les champs personnalisés le cas échéant) sera disponible <!-- p--> 
 </p><pre> <code> {{address_line1}} &amp; lt; br &amp; gt; 
 {% si address_line2%} {{address_line2}} &amp; lt; br &amp; gt; { % endif -%} 
 {{ville}} &amp; lt; br &amp; gt; 
 {% si l'état%} {{}} Etat &amp; lt; br &amp; gt; {% endif -%} {% if 
 code PIN%} PIN: {{code PIN}} &amp; lt; br &amp; gt; {% endif -%} 
 {{pays}} &amp; lt; br &amp; gt; 
 {% si le téléphone%} Téléphone: {{téléphone}} &amp; lt; br &amp; gt; { % endif -%} 
 {% if télécopieur%} Fax: {{fax}} &amp; lt; br &amp; gt; {% endif -%} 
 {% si email_id%} Email: {{email_id}} &amp; lt; br &amp; gt ; {% endif -%} 
 <!-- code--> <!-- pre--></code></pre></h4>",
A list of resources which the Client App will have access to after the user allows it.<br> e.g. project,Une liste des ressources que l'App client aura accès à après que l'utilisateur le permet. <br> par exemple projet,
A symbol for this currency. For e.g. $,Un symbole pour cette monnaie. Par exemple $,
A4,A4,
ALL,Tous,
API,API,
API Access,Accès API,
API Endpoint,API Endpoint,
API Endpoint Args,Args de paramètres API,
API Key,Clé API,
API Method,Méthode API,
API Secret,Secret API,
ASC,ASC,
About,A Propos,
About Us Settings,Paramétrages À Propos,
About Us Team Member,À propos du Membre de l'équipe,
Access Key ID,ID de Clé d'Accès,
Access Key Secret,Clé d&#39;accès secrète,
Access Log,Journal d&#39;accès,
Access Token,Jeton d'Accès,
Access Token URL,URL du jeton d&#39;accès,
Account,Compte,
Accounts Manager,Responsable comptable,
Accounts User,Comptable,
Action,Action,
Action / Route,Action / Route,
Action Timeout (Seconds),Délai d&#39;attente de l&#39;action (secondes),
Action Type,type d&#39;action,
Actions,Actions,
Active,actif,
Active Domains,Domaines Actifs,
Activity Log,Journal d'Activité,
Add Container,Ajouter un conteneur,
Add Custom Tags,Ajouter des balises personnalisées,
Add Gray Background,Ajouter un fond gris,
Add Signature,Ajouter une Signature,
Add Total Row,Ajouter une Ligne Totale,
Add Unsubscribe Link,Ajouter le Lien Se Désinscrire,
"Added HTML in the &lt;head&gt; section of the web page, primarily used for website verification and SEO","HTML ajouté dans la section   de la page web, utilisé principalement pour la vérification de site et le référencement",
Additional Permissions,Autorisations Supplémentaires,
Address,Adresse,
Address And Contacts,Adresse et contacts,
Address Line 1,Adresse Ligne 1,
Address Line 2,Adresse Ligne 2,
Address Template,Modèle d'Adresse,
Address Title,Titre de l'Adresse,
Address Type,Type d'Adresse,
Address and other legal information you may want to put in the footer.,Adresse et autres informations juridiques que vous voudriez mettre dans le pied de page.,
Addresses And Contacts,Adresses Et Contacts,
Adds a custom field to a DocType,Ajoute d'un champ personnalisé à un DocType,
Administrator,Administrateur,
Advanced,Avancé,
Advanced Control,Contrôle avancé,
Advanced Settings,Réglages avancés,
After Cancel,Après annuler,
After Delete,Après la suppression,
After Save,Après l&#39;enregistrement,
After Save (Submitted Document),Après l&#39;enregistrement (document valider),
After Submit,Après validation,
Aggregate Function Based On,Fonction d&#39;agrégation basée sur,
Alert,Alerte,
Align Labels to the Right,Alignez les Étiquettes à Droite,
Align Right,Aligner à droite,
All,Tout,
All Day,Toute la Journée,
Allocated To,Attribué à,
Allot Points To Assigned Users,Allouer des points à des utilisateurs assignés,
Allow,Autoriser,
Allow Auto Repeat,Autoriser la répétition automatique,
Allow Bulk Edit,Autoriser la Modification en Masse,
Allow Comments,Autoriser les Commentaires,
Allow Consecutive Login Attempts ,Autoriser des tentatives de connexion consécutives,
Allow Delete,Autoriser la Suppression,
Allow Dropbox Access,Autoriser l'Accès à Dropbox,
Allow Guest,Autoriser l&#39;invité,
Allow Guest to View,Autoriser les Invités à Voir,
Allow Guests to Upload Files,Autoriser les invités à télécharger des fichiers,
Allow Import (via Data Import Tool),Autoriser l&#39;importation (via l&#39;outil d&#39;importation de données),
Allow Incomplete Forms,Autoriser les Formulaires Incomplets,
Allow Login After Fail,Nombre d'échecs maximum de connexion,
Allow Login using Mobile Number,Autoriser la Connexion en utilisant un Numéro de Téléphone Portable,
Allow Login using User Name,Autoriser la connexion en utilisant le Nom d'Utilisateur,
Allow Modules,Autoriser les modules,
Allow Print,Autoriser l'Impression,
Allow Print for Cancelled,Autoriser l'Impression si Annulé,
Allow Print for Draft,Autoriser l'Impression si Brouillon,
Allow Read On All Link Options,Autoriser la lecture de toutes les options de lien,
Allow Rename,Permettre le Renommage,
Allow Roles,Autoriser les Rôles,
Allow Self Approval,Autoriser l&#39;auto-approbation,
Allow approval for creator of the document,Autoriser l'approbation par le créateur du document,
Allow document creation via Email,Autoriser la création de documents par e-mail,
Allow events in timeline,Autoriser les événements dans la chronologie,
Allow in Quick Entry,Autoriser dans les entrées rapides,
Allow on Submit,Autoriser à la Validation,
Allow only one session per user,Autoriser une seule session par utilisateur,
Allow page break inside tables,Autoriser les sauts de page dans les tables,
Allow saving if mandatory fields are not filled,Autoriser l&#39;enregistrement si les champs obligatoires ne sont pas remplis,
Allow user to login only after this hour (0-24),Autoriser l'utilisateur à se connecter seulement après cette heure (0-24),
Allow user to login only before this hour (0-24),Autoriser l'utilisateur à se connecter seulement après cette heure (0-24),
Allowed,Autorisé,
Allowed In Mentions,Autorisé dans les mentions,
Alternative Email ID,Email de connexion alternatif,
"Always add ""Draft"" Heading for printing draft documents","Toujours ajouter ""Brouillon"" pour l'impression des documents brouillons",
Always use this email address as sender address,Toujours utiliser cet email comme expediteur,
Always use this name as sender name,Toujours utiliser ce nom comme expediteur,
Amend,Nouv. version,
Amended From,Modifié Depuis,
An icon file with .ico extension. Should be 16 x 16 px. Generated using a favicon generator. [favicon-generator.org],Un fichier d'icône avec l’extension .ico. Devrait être 16 x 16 px. Générer en utilisant un générateur de favicon. [favicon-generator.org],
Analytics,Analytique,
Annual,Annuel,
Anonymous,Anonyme,
Any string-based printer languages can be used. Writing raw commands requires knowledge of the printer's native language provided by the printer manufacturer. Please refer to the developer manual provided by the printer manufacturer on how to write their native commands. These commands are rendered on the server side using the Jinja Templating Language.,Tous les langages d&#39;impression basés sur des chaînes peuvent être utilisés. L&#39;écriture de commandes brutes nécessite la connaissance de la langue maternelle de l&#39;imprimante fournie par le fabricant de l&#39;imprimante. Veuillez vous reporter au manuel du développeur fourni par le fabricant de l’imprimante pour savoir comment écrire leurs commandes natives. Ces commandes sont rendues côté serveur à l&#39;aide du langage de templates Jinja.,
App,App,
App Access Key,Clé d'Accès de l'App,
App Client ID,ID Client de l'App,
App Client Secret,Secret Client de l'App,
App Name,Nom de l'App,
App Secret Key,Clé Secrète de l'App,
Append Emails to Sent Folder,Ajouter des e-mails au dossier envoyé,
Append To,Ajouter A,
Applicable For,Applicable Pour,
Application Logo,Logo de l&#39;application,
Application Name,Nom de l&#39;application,
Application Version,Version de l&#39;application,
Applied On,Appliqué sur,
Apply Document Permissions,Appliquer les autorisations de document,
Apply Only Once,Appliquer une seule fois,
Apply Strict User Permissions,Appliquer des autorisations d&#39;utilisateur strictes,
Apply To All Document Types,Appliquer à tous les types de documents,
Apply this rule if the User is the Owner,Appliquer cette règle si l'Utilisateur est le Responsable,
Apply this rule only once per document,Appliquer cette règle une seule fois par document,
Appreciation,Appréciation,
Archived,Archivé,
Arial,Arial,
Assign Condition,Attribuer une condition,
Assign To Users,Attribuer aux utilisateurs,
Assigned,Attribué,
Assigned By,Attribué Par,
Assigned By Full Name,Assigné Par Nom complet,
Assignment,Affectation,
Assignment Completed,Affectation Terminée,
Assignment Days,Jours de mission,
Assignment Rule,Règle d&#39;assignation,
Assignment Rule Day,Jour de règle d&#39;affectation,
Assignment Rule User,Affectation de règle utilisateur,
Assignment Rules,Règles d&#39;attribution,
Assignments,Affectations,
Attach,Attacher,
Attach Image,Joindre l'Image,
Attach Print,Joindre l'Impression,
Attached File,Pièce jointe,
Attached To DocType,Joint au DocType,
Attached To Field,Attaché au champ,
Attached To Name,Joint Au Nom,
Attachment,Pièce jointe,
Attachment Limit (MB),Taille Maximale de la Pièce jointe (MB),
Attachment Link,Lien de pièce jointe,
Attachment Removed,Pièce jointe retirée,
Attachments,Pièces jointes,
Auth URL Data,Données d&#39;URL d&#39;authentification,
Authentication,Authentification,
Author,Auteur,
Authorization Code,Code d'Autorisation,
Authorize API Indexing  Access,Autoriser l&#39;accès à l&#39;indexation d&#39;API,
Authorize Google Calendar Access,Autoriser l&#39;accès à Google Agenda,
Authorize Google Contacts Access,Autoriser l&#39;accès à Google Contacts,
Authorize Google Drive Access,Autoriser l&#39;accès à Google Drive,
Authorize URL,Autoriser l&#39;URL,
Authorized,Autorisé,
Auto,Auto,
Auto Email Report,Rapport par Email Automatique,
Auto Name,Nom Auto,
Auto Repeat,Répétition automatique,
Auto Reply,Réponse automatique,
Auto Reply Message,Message de Réponse Automatique,
Automatically Assign Documents to Users,Attribuer automatiquement des documents aux utilisateurs,
Automation,Automatisation,
Avatar,Avatar,
Average,Moyenne,
Awaiting Password,En attente de mot de passe,
Awaiting password,En attente Mot de Passe,
BCC,BCC,
Background Color,Couleur d’Arrière-plan,
Background Workers,Exécution d'Opérations en Arrière-Plan,
Backup Details,Détails de la sauvegarde,
Backup Files,Fichiers de sauvegarde,
Backup Folder ID,ID du dossier de sauvegarde,
Backup Folder Name,Nom du dossier de sauvegarde,
Backup Frequency,Fréquence de Sauvegarde,
Backup public and private files along with the database.,Sauvegardez les fichiers publics et privés avec la base de données.,
Backups,Sauvegardes,
Banner,Bannière,
Banner HTML,Bannière HTML,
Banner Image,Image de la bannière,
Banner is above the Top Menu Bar.,La Bannière est au-dessus de la Barre de Menu Supérieure.,
Bar,Bar,
Barcode,code à barre,
Base Distinguished Name (DN),"""Distinguished Name"" (DN) de base",
Base URL,URL de base,
Based On,Basé Sur,
Based on Field,Basé sur le champ,
Based on Permissions For User,Basé sur les Permissions De l'Utilisateur,
Basic,De base,
Before Cancel,Avant d&#39;annuler,
Before Delete,Avant de supprimer,
Before Insert,Avant l&#39;insertion,
Before Save,Avant de sauvegarder,
Before Save (Submitted Document),Avant de sauvegarder (document valider),
Before Submit,Avant de valider,
Beginner,Débutant,
Beta,Bêta,
Billing,Facturation,
Bio,Biographie,
Birth Date,Date de naissance,
Block Module,Bloquer le Module,
Block Modules,Bloquer les Modules,
Blocked,Bloqué,
Blog Category,Catégorie du Blog,
Blog Intro,Intro du Blog,
Blog Introduction,Introduction du Blog,
Blog Post,Article de Blog,
Blog Settings,Paramètres du Blog,
Blog Title,Titre du Blog,
Blogger,Blogueur,
Bold,Audacieux,
Bot,Bot,
Bottom,Bas,
Bounced,Refusés,
Brand,Marque,
Brand HTML,Marque HTML,
Brand Image,Logo,
Brand Logo,Logo de la marque,
Breadcrumbs,Fil d’Ariane (Breadcrumbs),
Browser,Navigateur,
Browser Version,Version du navigateur,
Brute Force Security,"Sécurité contre les attaques de type ""force brute""",
Bucket Name,Nom du bucket,
Bulk Update,Mise à jour en Masse,
Button,Bouton,
Button Gradients,Gradients de bouton,
Button Rounded Corners,Boutons coins arrondis,
Button Shadows,Ombres de bouton,
Bypass Restricted IP Address Check If Two Factor Auth Enabled,Contournement de l&#39;adresse IP restreinte Vérifiez si l&#39;authentification à deux facteurs est activée,
Bypass Two Factor Auth for users who login from restricted IP Address,Ignorer l'authentification à double facteur pour les utilisateurs qui se connectent à partir d'une adresse IP restreinte,
Bypass restricted IP Address check If Two Factor Auth Enabled,Ignorer la vérification de l&#39;adresse IP restreinte si l&#39;authentification à deux facteurs est activée,
CC,CC,
CSS,CSS,
CSS Class,Classe CSS,
CSV,CSV,
CTA Label,Étiquette CTA,
CTA URL,URL du CTA,
Calendar,Calendrier,
Calendar Name,Nom du calendrier,
Calendar View,Vue du calendrier,
Call,Appeler,
Call To Action,Appel à l&#39;action,
Call To Action URL,URL d&#39;appel à l&#39;action,
Callback Message,Message de rappel,
Callback Title,Titre de rappel,
Campaign,Campagne,
Cancel,Annuler,
Cancelled,Annulé,
Card,Carte,
Cards,Cartes,
Category,Catégorie,
Category Description,Description de la Catégorie,
Category Name,Nom de la Catégorie,
Center,Centre,
Chaining Hash,Hachage de chaînage,
Change Label (via Custom Translation),Modifier le libellé (via Traduction Personnalisée ),
Change Password,Changez le Mot de Passe,
Channel,Canal,
Chart,Graphique,
Chart Configuration,Configuration du graphique,
Chart Name,Nom du graphique,
Chart Options,Options de graphique,
Chart Source,Source graphique,
Chart Type,Type de graphique,
Charts,Graphiques,
Chat,Chat,
Check,Vérifier,
Check this if you want to force the user to select a series before saving. There will be no default if you check this.,Cochez cette case si vous voulez forcer l'utilisateur à sélectionner une série avant de l'enregistrer. Il n'y aura pas de série par défaut si vous cochez cette case.,
Checking this will hide custom doctypes and reports cards in Links section,Cochez cette case pour masquer les doctypes et bulletins personnalisés dans la section Liens,
Checksum Version,Version du Checksum,
Child Tables are shown as a Grid in other DocTypes,Les tables enfants sont affichées sous forme de grille dans d&#39;autres DocTypes,
Choose authentication method to be used by all users,Choisissez la méthode d'authentification qui sera utilisée par tous les utilisateurs,
City,Ville,
City/Town,Ville,
Clicked,Cliqué,
Client,Client,
Client Code,Code client,
Client Credentials,Identifiants du Client,
Client ID,ID Client,
Client Information,Informations sur le client,
Client Script,Script client,
Client Secret,Secret Client,
Client URLs,URLs Client,
Close Condition,Condition proche,
Closed,Fermé,
Code,Code,
Collapsible,Réductible,
Collapsible Depends On,Réductible Dépends de,
Color,Couleur,
Column Break,Saut de Colonne,
Column Name,Nom de la Colonne,
Columns,Colonnes,
Columns / Fields,Colonnes / Champs,
Comment,Commentaire,
Comment By,Commentaire de,
Comment Email,Commentaire Email,
Comment Type,Type de Commentaire,
Comments and Communications will be associated with this linked document,Commentaires et Communications seront associés à ce document lié,
Commit,Commettre,
Communication,Communication,
Communication Link,Lien de communication,
Communication Type,Type de Communication,
Compact Item Print,Impression de l'Article Compacté,
Company History,Historique de la Société,
Company Introduction,Présentation de la Société,
Company Name,Nom de la Société,
Complete,Terminé,
Completed,Terminé,
Component,Composant,
Condition,Conditions,
Conditions,Conditions,
Configuration,Configuration,
Confirmation Email Template,Modèle de courriel de confirmation,
Console,Console,
Console Log,Journal de la console,
Contact,Contact,
Contact Details,Coordonnées,
Contact Email,Email du Contact,
Contact Numbers,Numéro de contact,
Contact Phone,Numéro du contact,
Contact Us Settings,Paramètres du Formulaire de Contact,
"Contact options, like ""Sales Query, Support Query"" etc each on a new line or separated by commas.","Les options de contact, comme ""Demande de Ventes, Demande d'Aide"" etc., doivent être chacune sur une nouvelle ligne ou séparées par des virgules.",
Contacts,Contacts,
Content,Contenu,
Content (HTML),Contenu (HTML),
Content (Markdown),Contenu (Markdown),
Content Hash,Hash du Contenu,
Content Type,Type de Contenu,
Context,Le contexte,
Context Script,Script de contexte,
Contributed,Contribué,
Contribution Document Name,Nom du document de contribution,
Contribution Status,Statut de la contribution,
Copyright,Droit d'Auteur,
Core,Noyau,
Count,Compter,
Count Filter,Filtre de comptage,
Counter,Compteur,
Country,Pays,
Country Name,Nom Pays,
County,Canton,
Create,Créer,
Create Contacts from Incoming Emails,Créer des contacts à partir des e-mails entrants,
Create Entry,Créer une entrée,
Create Log,Créer un journal,
Create and Send Newsletters,Créer et Envoyer des Newsletters,
Created,Créé,
Criticism,Critique,
Cron,Cron,
Cron Format,Format Cron,
Currency,Devise,
Currency Name,Nom de la Devise,
Currency Precision,Précision de la Devise,
Current,Actuel,
Custom,Personnaliser,
Custom Base URL,URL de base personnalisée,
Custom CSS,CSS Personnalisé,
Custom Configuration,Configuration personnalisée,
Custom DocPerm,Permission de Document Personnalisé,
Custom Field,Champ Personnalisé,
Custom Format,Format Personnalisé,
Custom HTML Help,Aide HTML Personnalisée,
Custom Menu Items,Éléments du Menu Personnalisés,
Custom Options,Options personnalisées,
Custom Overrides,Remplacements personnalisés,
Custom Report,Rapport personnalisé,
Custom Role,Rôle Personnalisé,
Custom SCSS,SCSS personnalisé,
Custom Sidebar Menu,Barre Latérale Personnalisée,
Custom?,Personnaliser ?,
Customization,Personnalisation,
Customize Form,Personnaliser le formulaire,
Customize Form Field,Personnaliser un Champ de Formulaire,
DESC,DESC,
Daily,Quotidien,
Daily Long,Daily Long,
Danger,Danger,
Dark Color,Couleur sombre,
Dashboard,Tableau de bord,
Dashboard Chart,Tableau de bord - indicateur,
Dashboard Chart Field,Champ de graphique du tableau de bord,
Dashboard Chart Link,Lien de tableau de bord - indicateur,
Dashboard Chart Source,Source du graphique du tableau de bord - indicateur,
Dashboard Manager,Gestionnaire de tableau de bord,
Dashboard Name,Nom du tableau de bord,
Dashboard Settings,Paramètres du tableau de bord,
Dashboards,Tableaux de bord,
Data,Données,
Data Export,Export de données,
Data Import,Importation de données,
Database Engine,Moteur de Base de Données,
Date,Date,
Date Format,Format de Date,
Date Range,Intervalle de Date,
Date and Number Format,Format de Date et Nombre,
Datetime,Date/Heure,
Day,Jour,
Day of Week,Jour de la semaine,
Days After,Jours Suivants,
Days Before,Jours Précedents,
Days Before or After,Jours Précédents ou Suivants,
Default,Par Défaut,
Default Incoming,Entrant par Défaut,
Default Letter Head,En-Tête de Courrier par Défaut,
Default Outgoing,Sortant par Défaut,
Default Portal Home,Accueil du portail par défaut,
Default Print Format,Format d'Impression par Défaut,
Default Print Language,Langue d&#39;impression par défaut,
Default Redirect URI,URI de Redirection par Défaut,
Default Role at Time of Signup,Rôle au Moment de l’Inscription par Défaut,
Default Sort Field,Champ de tri par défaut,
Default Sort Order,Ordre de tri par défaut,
Default Value,Valeur par Défaut,
"Default: ""Contact Us""","Par Défaut: ""Contactez-nous""",
DefaultValue,Valeur par Défaut,
Defaults,Valeurs Par Défaut,
Defines actions on states and the next step and allowed roles.,Définit les actions sur les états et l’étape suivantes ainsi que les rôles autorisés.,
Defines workflow states and rules for a document.,Défini les états du flux de travail et les règles pour un document.,
Delayed,Différé,
Delete,Supprimer,
Deleted,Supprimé,
Deleted DocType,Suppimer le DocType,
Deleted Document,Document Supprimé,
Deleted Name,Nom Supprimé,
Delivery Status,Statut de la Livraison,
Department,Département,
Dependencies,Les dépendances,
Depends On,Dépend De,
Description,Description,
"Description for listing page, in plain text, only a couple of lines. (max 200 characters)","Description de la page de liste, en texte brut, seulement quelques lignes. (max 200 caractères)",
Designation,Désignation,
Desk,Bureau,
Desk Access,Accès au Bureau,
Desktop Icon,Icône du Bureau,
Details,Détails,
"Different ""States"" this document can exist in. Like ""Open"", ""Pending Approval"" etc.","Différents «États» dans lesquels le présent document peut exister. Comme ""Ouvert"", ""En attente d'approbation"", etc",
Digits,Chiffres,
Disable Auto Refresh,Désactiver l&#39;actualisation automatique,
Disable Comments,Désactiver les commentaires,
Disable Count,Désactiver le compte,
Disable SMTP server authentication,Désactiver l&#39;authentification du serveur SMTP,
Disable Sidebar Stats,Désactiver les statistiques de la barre latérale,
Disable Signup,Désactiver Inscription,
Disable Standard Email Footer,Désactiver le Pied de Page d’Email Standard,
Disabled,Desactivé,
Display,Afficher,
Display Depends On,Affichage Dépend de,
Doc Event,Événement Doc,
Doc Events,Événements Doc,
Doc Status,Statut du Document,
DocField,DocField,
DocPerm,DocPerm,
DocShare,DocShare,
DocType,DocType,
DocType Action,Action DocType,
DocType Event,Événement DocType,
DocType Link,Lien DocType,
DocType View,Vue DocType,
DocType is a Table / Form in the application.,DocType est un Tableau / Formulaire dans l'application.,
DocType on which this Workflow is applicable.,DocType pour lequel ce Flux de Travail est applicable.,
Doctype,Doctype,
Document,Document,
Document Actions,Actions de document,
Document Follow,Document Suivre,
Document Link,Lien de document,
Document Linking,Lien vers les documents,
Document Links,Liens de document,
Document Name,Nom du Document,
Document Naming Rule,Règle de dénomination de document,
Document Naming Rule Condition,Condition de règle de dénomination de document,
Document Naming Settings,Masque de numérotation des documents,
Document Share,Partage de documents,
Document Share Report,Rapport de Partage de Document,
Document States,États du Document,
Document Tag,Balise de document,
Document Title,Titre du document,
Document Type,Type de Document,
Document Type to Track,Type de document à suivre,
Document Types,Types de documents,
Documentation Link,Lien vers la documentation,
Documentation URL,URL de la documentation,
Domain,Domaine,
Domain Settings,Paramètres de Domaine,
Domains HTML,Domaines HTML,
"Don't HTML Encode HTML tags like &lt;script&gt; or just characters like &lt; or &gt;, as they could be intentionally used in this field","Ne pas encoder les balises HTML en HTML comme &lt;script&gt; ou tout simplement des caractères comme &lt; ou &gt;, car ils pourraient être utilisés intentionnellement dans ce champ",
Don't Override Status,Ne pas Remplacer le Statut,
Don't Send Emails,Ne pas envoyer d&#39;emails,
Donut,Donut,
Download Backups,Télécharger les Sauvegardes,
Download Template,Télécharger le Modèle,
Dropbox Access Token,Jeton d'Accès Dropbox,
Dropbox Settings,Paramètres Dropbox,
Dropdowns,Listes déroulantes,
Due Date,Date d'Échéance,
Due Date Based On,Date d&#39;échéance basée sur,
Duration,Durée,
Dynamic Filters,Filtres dynamiques,
Dynamic Filters JSON,Filtres dynamiques JSON,
Dynamic Filters Section,Section des filtres dynamiques,
Dynamic Link,Lien Dynamique,
Dynamic Report Filters,Filtres de rapport dynamique,
Dynamic Route,Route dynamique,
Dynamic Template,Modèle dynamique,
Edit,modifier,
Edit Values,Modifier les valeurs,
Editable Grid,Grille Éditable,
Eg. smsgateway.com/api/send_sms.cgi,Eg. smsgateway.com / api / send_sms.cgi,
Email,Email,
Email Account,Compte Email,
Email Account Name,Nom du Compte Email,
Email Address,Adresse électronique,
Email Address whose Google Contacts are to be synced.,Adresse e-mail dont les contacts Google doivent être synchronisés.,
Email Addresses,Adresse Email,
Email Domain,Serveur de courriels,
Email Flag Queue,Liste d'Attente des d'Emails Marqués,
Email Footer Address,Pied de Page Email,
Email Group,Groupe Email,
Email Group Member,Membre du Groupe Email,
Email ID,Identifiant Email,
Email IDs,ID's E-mail,
Email Id,Identifiant Email,
Email Inbox,Boîte de réception e-mail,
Email Queue,File d'Attente Email,
Email Queue Recipient,Destinataire de la Liste d'Attente d'Emails,
Email Queue records.,Registres de file d'attente Email.,
Email Reply Help,Aide aux réponses par email,
Email Rule,Règle Email,
Email Sent,Email Envoyé,
Email Settings,Paramètres d'Email,
Email Signature,Signature Email,
Email Status,Statut de l'Email,
Email Sync Option,Option de Synchronisation d'Email,
Email Template,Modèle d&#39;email,
Email To,Email À,
Email Unsubscribe,Se Désabonner Email,
Emails will be sent with next possible workflow actions,Les e-mails seront envoyés lors des actions de workflow,
Enable,Activer,
Enable Auto Reply,Activer la Réponse Automatique,
Enable Automatic Backup,Activer la sauvegarde automatique,
Enable Automatic Linking in Documents,Activer la liaison automatique dans les documents,
Enable Comments,Activer Commentaires,
Enable Email Notifications,Activer les notifications par e-mail,
Enable Google Indexing,Activer l&#39;indexation Google,
Enable In App Website Tracking,Activer le suivi des sites Web dans l&#39;application,
Enable Incoming,Activer Entrant,
Enable Onboarding,Activer l&#39;intégration,
Enable Outgoing,Activer Sortant,
Enable Password Policy,Activer la Politique de Mot de Passe,
Enable Print Server,Activer le serveur d&#39;impression,
Enable Raw Printing,Activer l&#39;impression brute,
Enable Scheduled Jobs,Activer les Tâches Planifiées,
Enable Security,Activer la sécurité,
Enable Social Login,Activer la connexion sociale,
Enable Social Sharing,Activer le partage social,
Enable Two Factor Auth,Autoriser l'Authentification à Double Facteurs,
Enabled,Activé,
End Date,Date de Fin,
End Date Field,Champ pour la Date de Fin,
Endpoint URL,URL du noeud final,
Endpoints,Points de terminaison,
Ends on,Se termine le,
Energy Point,Energy Point,
Energy Point Log,Journal Energy Point,
Energy Point Rule,Règle de point d&#39;énergie,
Energy Point Settings,Paramètres de points d&#39;énergie,
Energy Points,Points d&#39;énergie,
Enter Form Type,Entrez le Type de Formulaire,
"Enter default value fields (keys) and values. If you add multiple values for a field, the first one will be picked. These defaults are also used to set ""match"" permission rules. To see list of fields, go to ""Customize Form"".","Entrez le nom et la valeur des champs de valeur par défaut. Si vous ajoutez plusieurs valeurs pour un champ, le première sera choisie. Ces valeurs par défaut sont également utilisées pour définir les règles d'autorisation ""correspondantes"". Pour voir la liste des champs, cliquez sur ""Personnaliser le Formulaire"".",
"Enter static url parameters here (Eg. sender=ERPNext, username=ERPNext, password=1234 etc.)","Entrez les paramètres d'url statiques (par exemple ici sender = ERPNext, username = ERPNext, mot de passe = 1234 etc)",
Enter url parameter for message,Entrez le paramètre url pour le message,
Enter url parameter for receiver nos,Entrez le paramètre url pour le nombre de destinataires,
Error,Erreur,
Error Log,Journal des Erreurs,
Error Message,Message d&#39;erreur,
Event,Événement,
Event Category,Catégorie d&#39;événement,
Event Participants,Participants à l&#39;événement,
Event Type,Type d'Événement,
Everyone,Tout le monde,
"Ex: ""colors"": [""#d1d8dd"", ""#ff5858""]","Ex: &quot;couleurs&quot;: [&quot;# d1d8dd&quot;, &quot;# ff5858&quot;]",
Example,Exemple,
"Example: ""/desk""",Exemple: &quot;/ desk&quot;,
Example: #Tree/Account,Exemple: # Tree / Account,
Example: 00001,Exemple: 00001,
Example: {{ subject }},Exemple: {{sujet}},
Excel,Excel,
Exception,Exception,
Execute,Exécuter,
Expert,Expert,
Expiration time,Date d'Expiration,
Expire Notification On,Les Notifications Expirent le,
Expired,Expiré,
Expires In,Expire Dans,
Expires On,Expire le,
Expiry time of QR Code Image Page,Heure d'expiration de l'image du QR Code,
Export,Exporter,
Export From,Exporter de,
Expose Recipients,Exposer Destinataires,
"Expression, Optional","Expression, Optionnel",
Facebook,Facebook,
Failed,Échoué,
FavIcon,FavIcon,
Fax,Fax,
Featured,En vedette,
Feedback,Retour d’Expérience,
Feedback Request,Demande de Retour d'Expérience,
Fetch From,Récupérer depuis le champ,
Field,Champ,
Field Description,Description du Champ,
Field Name,Nom du Champ,
Field To Check,Champ à vérifier,
Field Type,Type de Champ,
"Field that represents the Workflow State of the transaction (if field is not present, a new hidden Custom Field will be created)","Champ qui représente l'État du Workflow de la transaction (si le champ n'est pas présent, un nouveau champ caché personnalisé sera créé)",
Field to Track,Champ à suivre,
Fieldname,Nom du Champ,
Fields,Champ,
Fields Multicheck,Champs à choix multiples,
"Fields separated by comma (,) will be included in the ""Search By"" list of Search dialog box","Les champs séparés par une virgule (,) seront inclus dans la liste ""Recherche par"" de la boîte de dialogue de Recherche",
Fieldtype,Type de Champ,
File,Fichier,
File Backup,Sauvegarde de fichier,
File Information,Informations sur le fichier,
File Name,Nom du Fichier,
File Size,Taille du Fichier,
File Type,Type de fichier,
File URL,URL du fichier,
Files,Fichiers,
Filter Data,Filtrer les Données,
Filter List,Liste de filtres,
Filter Meta,Meta de Filtre,
Filter Name,Nom du filtre,
Filter Values,Valeurs du filtre,
Filters,Filtres,
Filters Configuration,Configuration des filtres,
Filters Display,Affichage des Filtres,
Filters JSON,Filtres JSON,
Filters Section,Section Filtres,
"Filters will be accessible via <code>filters</code>. <br><br>Send output as <code>result = [result]</code>, or for old style <code>data = [columns], [result]</code>","Les filtres seront accessibles via des <code>filters</code> .<br><br> Envoyer la sortie comme <code>result = [result]</code> , ou pour les <code>data = [columns], [result]</code> style ancien <code>data = [columns], [result]</code>",
Finished,Fini,
First Name,Prénom,
First Success Message,Premier message de succès,
Flag,Drapeau,
Float,Nombre Réel,
Float Precision,Nombre de Décimales,
Fold,Pli,
Folder,Dossier,
Folder Name,Nom du dossier,
Font,Police de caractère,
Font Properties,Propriétés de la police,
Font Size,Taille de la Police,
Fonts,Polices,
Footer,Pied de Page,
Footer Content,Contenue du pied de page,
Footer HTML,Pied de page HTML,
Footer Items,Éléments du Pied de Page,
Footer Logo,Logo du pied de page,
Footer Template,Modèle de pied de page,
Footer Template Values,Valeurs du modèle de pied de page,
Footer will display correctly only in PDF,Le pied de page ne s&#39;affichera correctement qu&#39;en PDF,
For DocType Link / DocType Action,Pour DocType Link / DocType Action,
For Document Event,Pour documenter l&#39;événement,
For User,Pour l\'Utilisateur,
For Value,Pour la Valeur,
For example: {} Open,Par exemple: {} Ouvrir,
"For help see <a href=""https://frappeframework.com/docs/user/en/guides/portal-development/web-forms"" target=""_blank"">Client Script API and Examples</a>","Pour obtenir de l&#39;aide, voir <a href=""https://frappeframework.com/docs/user/en/guides/portal-development/web-forms"" target=""_blank"">API de script client et exemples</a>",
"For more information, <a class=""text-muted"" href=""https://erpnext.com/docs/user/manual/en/setting-up/email/linking-emails-to-document"">click here</a>.","Pour plus d&#39;informations, <a class=""text-muted"" href=""https://erpnext.com/docs/user/manual/en/setting-up/email/linking-emails-to-document"">cliquez ici</a> .",
Force,Forcer,
Force Show,Forcer l'Affichage,
Force User to Reset Password,Forcer l&#39;utilisateur à réinitialiser le mot de passe,
Form Settings,Paramètres de formulaire,
Form URL-Encoded,Formulaire encodé en URL,
Format,Format,
Format Data,Format des Données,
Forward To Email Address,Transférer à l'Adresse Email,
Fraction,Fraction,
Fraction Units,Fractions d’Unités,
Frappe,Frappe,
Frequency,Fréquence,
Friday,Vendredi,
From,À partir de,
From Date,A partir du,
From Date Field,Champ date,
From Full Name,Nom de l’Expéditeur,
From User,De l&#39;utilisateur,
Full,Complet,
Full Name,Nom Complet,
Full Width,Pleine largeur,
Function,Une fonction,
GMail,GMail,
Gantt,Gantt,
Gender,Sexe,
Generate Keys,Générer des clés,
Geo,Geo,
Geolocation,Géolocalisation,
Get Contacts,Obtenir les contacts,
Get your globally recognized avatar from Gravatar.com,Obtenir votre avatar mondialement reconnu depuis Gravatar.com,
Git Branch,Branche Git,
GitHub,GitHub,
Global Search DocType,Recherche globale DocType,
Global Search Settings,Paramètres de recherche globale,
Global Unsubscribe,Se Désabonner Globalement,
Go to Page,Aller à la page,
Google,Google,
Google Analytics Anonymize IP,Google Analytics anonymise l&#39;IP,
Google Analytics ID,ID Google Analytics,
Google Calendar,Google Agenda,
Google Calendar Event ID,Identifiant d&#39;événement Google Agenda,
Google Calendar ID,Identifiant Google Agenda,
Google Contacts,Google Contacts,
Google Contacts Id,Identifiant Google Contacts,
Google Drive,Google Drive,
Google Font,Google Font,
Google Settings,Paramètres Google,
Google Snippet Preview,Aperçu de l&#39;extrait de code Google,
Grant Type,Type de Subvention,
Group,Groupe,
Group By,Grouper par,
Group By Based On,Grouper par basé sur,
Group By Type,Regrouper par type,
Guest,Invité,
HH:mm,HH: mm,
HH:mm:ss,HH: mm: ss,
HTML,HTML,
HTML Editor,Éditeur HTML,
HTML Page,Page HTML,
HTML for header section. Optional,HTML pour la section d'en-tête. Optionnel,
Half,Moitié,
Half Yearly,Semestriel,
Half-yearly,Semestriel,
Has  Attachment,A Une Pièce Jointe,
Has Domain,A un Domaine,
Has Role,A Un Rôle,
Has Web View,A Une Vue Web,
Header,En-Tête,
Header HTML,En-tête HTML,
Header and Breadcrumbs,En-tête et fil d&#39;Ariane,
Headers,En-Têtes,
Heading,Titre,
Heatmap,Carte de chaleur,
Help,Aidez-moi,
Help Article,Article d’Aide,
Help Articles,Articles d'Aide,
Help Category,Catégorie d’Aide,
Help Dropdown,Aide déroulante,
Help HTML,Aide HTML,
Helvetica,Helvetica,
Hidden,Caché,
Hide,Cacher,
Hide Block,Masquer le bloc,
Hide Border,Masquer la bordure,
Hide CTA,Masquer le CTA,
Hide Copy,Masquer la Copie,
Hide Custom DocTypes and Reports,Masquer les types de documents et les rapports personnalisés,
Hide Days,Masquer les jours,
Hide Footer Signup,Masquer l’Inscription dans le Pied de Page,
Hide Login,Masquer la connexion,
Hide Seconds,Masquer les secondes,
Hide Standard Menu,Masquer le Menu Standard,
Hide footer in auto email reports,Masquer le pied de page dans les rapports automatiques envoyés par email,
High,Haut,
Higher priority rule will be applied first,La règle de priorité supérieure sera appliquée en premier,
Highlight,Surligner,
Home,Accueil,
Home Page,Page d’Accueil,
Home Settings,Paramètres d&#39;accueil,
Hourly,Horaire,
Hourly Long,Toutes les heures,
Hourly rate limit for generating password reset links,Limite de taux horaire pour générer des liens de réinitialisation de mot de passe,
"How should this currency be formatted? If not set, will use system defaults","Comment cette devise doit-elle être formatée ? Si ce n’est pas défini, les paramètres par défaut du système seront utilisés",
ID (name) of the entity whose property is to be set,ID (nom) de l&#39;entité dont la propriété doit être définie,
IMAP Details,Détails IMAP,
IMAP Folder,Dossier IMAP à récupérer,
IP Address,Adresse IP,
Icon,Icône,
Icon will appear on the button,L'icône apparaîtra sur le bouton,
Identity Details,Détails de l&#39;identité,
Idx,Idx,
"If Apply Strict User Permission is checked and User Permission is defined for a DocType for a User, then all the documents where value of the link is blank, will not be shown to that User","Si ""Appliquer des autorisations d'utilisateur strictes"" est coché et que l'autorisation d'utilisateur est définie pour un DocType et pour un utilisateur, tous les documents où la valeur du lien est vide ne seront pas affichés à cet utilisateur",
If Checked workflow status will not override status in list view,Si Cochée le statut du flux de travail ne remplacera pas le statut de la vue en liste,
"If Icon is set, it will be shown instead of Label","Si l&#39;icône est définie, elle sera affichée à la place de l&#39;étiquette",
"If checked, all other workflows become inactive.","Si coché, tous les autres flux de production deviennent inactifs.",
"If checked, users will not see the Confirm Access dialog.","Si cochée, les utilisateurs ne verront pas la boîte de dialogue de Confirmation d'Accès.",
"If disabled, this role will be removed from all users.","Si désactivé, ce rôle sera retiré de tous les utilisateurs.",
"If enabled,  user can login from any IP Address using Two Factor Auth, this can also be set for all users in System Settings","Si cette option est activée, l&#39;utilisateur peut se connecter à partir de n&#39;importe quelle adresse IP à l&#39;aide de l&#39;authentification à deux facteurs. Cette option peut également être définie pour tous les utilisateurs dans les paramètres système.",
"If enabled, all users can login from any IP Address using Two Factor Auth. This can also be set only for specific user(s) in User Page","Si cette option est activée, tous les utilisateurs peuvent se connecter à partir de n&#39;importe quelle adresse IP à l&#39;aide de l&#39;authentification à deux facteurs. Cela peut également être défini uniquement pour des utilisateurs spécifiques dans la page Utilisateur",
"If enabled, changes to the document are tracked and shown in timeline","Si activé, les modifications apportées au document sont suivies et affichées dans la chronologie.",
"If enabled, document views are tracked, this can happen multiple times","Si activé, les vues de document sont suivies, cela peut arriver plusieurs fois",
"If enabled, the document is marked as seen, the first time a user opens it","Si activé, le document est marqué comme vu, la première fois qu&#39;un utilisateur l&#39;ouvre",
"If enabled, the notification will show up in the notifications dropdown on the top right corner of the navigation bar.","Si elle est activée, la notification apparaîtra dans la liste déroulante des notifications dans le coin supérieur droit de la barre de navigation.",
"If enabled, the password strength will be enforced based on the Minimum Password Score value. A value of 2 being medium strong and 4 being very strong.","Si activé, la force du mot de passe sera appliquée en fonction de la Valeur Minimale du Score du Mot de Passe. Une valeur de 2 étant moyennement forte et 4 très forte.",
"If enabled, users who login from Restricted IP Address, won't be prompted for Two Factor Auth","Si cette option est activée, les utilisateurs qui se connectent à partir d&#39;une adresse IP restreinte ne seront pas invités à utiliser l&#39;authentification à deux facteurs.",
"If enabled, users will be notified every time they login. If not enabled, users will only be notified once.","Si activé, les utilisateurs seront informés chaque fois qu'ils se connectent. Si ce n'est pas activé, les utilisateurs ne seront informés qu'une seule fois.",
If non standard port (e.g. 587),Si port non standard (e.g. 587),
"If non standard port (e.g. 587). If on Google Cloud, try port 2525.","Si port non standard (par exemple 587). Si vous utilisez Google Cloud, essayez le port 2525.",
"If non-standard port (e.g. POP3: 995/110, IMAP: 993/143)","Si port non standard (par exemple, POP3: 995/110, IMAP: 993/143)",
"If not set, the currency precision will depend on number format","Si elle n&#39;est pas définie, la précision de la devise dépend du format de nombre",
"If the user has any role checked, then the user becomes a ""System User"". ""System User"" has access to the desktop","Si l'utilisateur a un rôle quelconque vérifié, il devient un ""Utilisateur Système"". L'""Utilisateur Système"" a accès au bureau",
If user is the owner,Si l'utilisateur est le responsable,
"If you set this, this Item will come in a drop-down under the selected parent.","Si vous définissez ceci, cet Article sera dans un menu déroulant sous le parent sélectionné.",
"If your data is in HTML, please copy paste the exact HTML code with the tags.","Si vos données sont en HTML, veuillez copier-coller le code HTML exact avec les balises.",
Ignore User Permissions,Ignorer les Autorisations des Utilisateurs,
Ignore XSS Filter,Ignorer le Filtre XSS,
Ignore attachments over this size,Ignorer les pièces jointes supérieures à cette taille,
Ignored Apps,Applications ignorées,
Image,Image,
Image Field,Champ d'Image,
Image Link,Lien vers l'Image,
Implicit,Implicite,
Import,Importer,
Import File,Importer le fichier,
Import File Errors and Warnings,Importer les erreurs de fichier et les avertissements,
Import Log,Journal d'import,
Import Log Preview,Importer l&#39;aperçu du journal,
Import Preview,Aperçu d&#39;importation,
Import Type,Type d&#39;importation,
Import Warnings,Avertissements d&#39;importation,
Import from Google Sheets,Importer depuis Google Sheets,
In Days,En jours,
In Filter,Dans le Filtre,
In Global Search,Dans la Recherche Globale,
In List View,En Vue en Liste,
In Preview,En aperçu,
In Reply To,En Réponse À,
In Standard Filter,Dans Filtre Standard,
In points. Default is 9.,En points. 9 par défaut.,
In seconds,En secondes,
Inbox,Boîte de réception,
Inbox User,Utilisateur de la boîte de réception,
Include Search in Top Bar,Inclure la Recherche dans la Bar du Haut,
Include Web View Link in Email,Envoyer le lien de la vue Web du document par e-mail,
Incoming (POP/IMAP) Settings,Configuration POP/IMAP,
Incoming Server,Serveur de Courriel Entrant,
Incoming Settings,Configurations des Courriels Entrant,
Index,Index,
Index Web Pages for Search,Indexer les pages Web pour la recherche,
Indexing Authorization Code,Code d&#39;autorisation d&#39;indexation,
Indexing Refresh Token,Indexation du jeton d&#39;actualisation,
Indicator,Indicateur,
Indicator Color,Couleur de l'Indicateur,
Info,Info,
Initial Sync Count,Nombre de Synchronisation Initiale,
InnoDB,InnoDB,
Insert After,Insérer Après,
Insert New Records,Insérer de nouveaux enregistrements,
Insert Style,Insérez le Style,
Installed Application,Application installée,
Installed Applications,Applications installées,
Int,Int,
Integration Request,Demande d'Intégration,
Integrations,Intégrations,
Integrations can use this field to set email delivery status,Les intégrations peuvent utiliser ce champ pour définir l'email du statut de la livraison,
Interests,Intérêts,
Intermediate,Intermédiaire,
Internal record of document shares,Registre interne des documents partagés,
Introduce your company to the website visitor.,Présentez votre entreprise pour le visiteur du site.,
Introduction,Introduction,
Introductory information for the Contact Us Page,Information d'Introduction pour la Page Contactez-nous,
Invalid,Invalide,
Inverse,Inverse,
Is Active,Est Active,
Is Attachments Folder,Est Dossier de Pièces Jointes,
Is Billing Contact,Est le contact de facturation,
Is Child Table,Est Table Enfant,
Is Complete,Est complet,
Is Completed,Est Complété,
Is Custom Field,Est un Champ Personnalisé,
Is Default,Est Défaut,
Is Folder,Est un Dossier,
Is Home Folder,Est le Dossier d'Accueil,
Is Mandatory Field,Est Champ obligatoire,
Is Optional State,Est facultatif,
Is Primary,Est primaire,
Is Primary Contact,Personne de Contact,
Is Primary Mobile,Est le mobile primaire,
Is Primary Phone,Est le téléphone primaire,
Is Private,Est Privé,
Is Public,Est public,
Is Published Field,Est un Champ Publié,
Is Single,Est Seul,
Is Skipped,Est ignoré,
Is Spam,Est Spam,
Is Standard,Est Standard,
Is Submittable,Est Validable,
Is Table,Est Table,
Is Tree,Est arbre,
Is Unique,Est unique,
Is Your Company Address,Est l'Adresse de votre Entreprise,
Item Label,Étiquette d&#39;article,
Item Type,Type d&#39;élément,
JS,JS,
JSON,JSON,
JSON Request Body,Corps de demande JSON,
JavaScript,Javascript,
JavaScript Format: frappe.query_reports['REPORTNAME'] = {},"""Format JavaScript :\nfrappe.query_reports [' NOMDURAPPORT '] = {}""",
Javascript,Javascript,
Jinja,Jinja,
Kanban,Kanban,
Kanban Board,Tableau Kanban,
Kanban Board Column,Colonne Tableau Kanban,
Kanban Board Name,Nom du Tableau Kanban,
Keep track of all update feeds,Gardez une trace de tous les flux de mise à jour,
Keeps track of all communications,Garder une trace de toutes les communications,
Key,Clé,
Keyboard Shortcuts,Raccourcis clavier,
Knowledge Base Contributor,Contributeur à la Base de Connaissances,
Knowledge Base Editor,Éditeur de la Base de Connaissance,
LDAP Email Field,Champ Email LDAP,
LDAP First Name Field,Champ Prénom LDAP,
LDAP Group,Groupe LDAP,
LDAP Group Field,Champ de groupe LDAP,
LDAP Group Mapping,Mappage de groupe LDAP,
LDAP Group Mappings,Mappages de groupe LDAP,
LDAP Last Name Field,Champ Nom LDAP,
LDAP Middle Name Field,Champ de prénom LDAP,
LDAP Mobile Field,Champ mobile LDAP,
LDAP Phone Field,Champ de téléphone LDAP,
LDAP Search String,Chaîne de Recherche LDAP,
LDAP Security,Sécurité LDAP,
LDAP Server Url,Url du Serveur LDAP,
LDAP Settings,Paramètres LDAP,
LDAP User Creation and Mapping,Création et mappage d&#39;utilisateurs LDAP,
LDAP Username Field,Champ Nom d'utilisateur LDAP,
Label,Étiquette,
Label Help,Aide d’Étiquette,
Label and Type,Étiquette et Type,
Landing Page,Page d'Accueil,
Language,Langue,
Language Code,Code de la Langue,
Language Name,Nom de la Langue,
Last Active,Dernière Activité,
Last Backup On,Dernière sauvegarde activée,
Last Execution,Dernière exécution,
Last IP,Dernière Adresse IP,
Last Known Versions,Derniers Versions Connues,
Last Login,Dernière Connexion,
Last Month,Le mois dernier,
Last Name,Nom de Famille,
Last Password Reset Date,Date de réinitialisation du dernier mot de passe,
Last Point Allocation Date,Date d&#39;attribution du dernier point,
Last Quarter,Le dernier quart,
Last Sync On,Dernière synchronisation le,
Last Synced On,Dernière synchronisation sur,
Last User,Dernier utilisateur,
Last Week,La semaine dernière,
Last Year,L&#39;année dernière,
Lead Conversion Time,Temps de conversion des prospects,
Leaderboard,Classement,
Leave blank to repeat always,Laissez vide pour répéter sans fin,
Ledger,Livre,
Left,Parti,
Legal,Juridique,
Length,Longueur,
Letter,Lettre,
Letter Head,En-Tête,
Letter Head Based On,Tête de lettre basée sur,
Letter Head Image,Image en tête de lettre,
Letter Head Name,Nom de l'En-Tête,
Letter Head in HTML,En-Tête en HTML,
Level,Niveau,
Level Name,Nom du niveau,
License,Licence,
Light Color,Couleur claire,
Like,Comme,
Likes,Aime,
Limit,Limite,
Limit Number of DB Backups,Nombre limite de sauvegardes de base de données,
Line,Ligne,
Link,Lien,
Link Cards,Cartes de liaison,
Link DocType,DocType du Lien,
Link Document Type,Lien Type de document,
Link Fieldname,Link Fieldname,
Link Name,Nom du Lien,
Link Title,Titre du Lien,
Link To,Lié à,
Link to the page you want to open. Leave blank if you want to make it a group parent.,Lien vers la page que vous souhaitez ouvrir. Laissez ce champ vide si vous voulez faire un parent de groupe.,
Linked,Lié,
Linked Documents,Documents liés,
Links,Liens,
List,Liste,
List Filter,Filtre de liste,
List Settings,Paramètres de liste,
List View Settings,Paramètres d&#39;affichage de liste,
"List as [{""label"": _(""Jobs""), ""route"":""jobs""}]","Liste comme [{ ""label"": _ ( ""Jobs""), ""route"": ""emplois""}]",
List of patches executed,Liste des correctifs exécutés,
Load Balancing,L&#39;équilibrage de charge,
Location,Lieu,
Log,Journal,
Log Data,Données de journal,
Log Setting User,Utilisateur de paramètres de journal,
Log Settings,Paramètres du journal,
Login,Connexion,
Login After,Connexion à Partir de,
Login Before,Connexion Jusqu'à,
Login Required,Connexion Requise,
Logo Width,Largeur du logo,
Logout,Déconnecté,
Logout All Sessions on Password Reset,Déconnecter toutes les sessions lors de la réinitialisation du mot de passe,
Logout From All Devices After Changing Password,Déconnexion de tous les appareils après la modification du mot de passe,
Long Text,Texte Long,
Low,Bas,
Main Section,Section Principale,
Main Section (HTML),Section principale (HTML),
Main Section (Markdown),Section principale (Markdown),
Maintenance Manager,Responsable de Maintenance,
Maintenance User,Maintenance Utilisateur,
"Make ""name"" searchable in Global Search","Rendre ""nom"" cherchable dans la Recherche Globale",
Mandatory,Obligatoire,
Mandatory Depends On,Obligatoire dépend de,
Map route parameters into form variables. Example <code>/project/&lt;name&gt;</code>,Mappez les paramètres d&#39;itinéraire en variables de formulaire. Exemple <code>/project/&lt;name&gt;</code>,
Markdown,Markdown,
Markdown Editor,Markdown Editor,
Marked As Spam,Marquer comme Spam,
Max 500 records at a time,Max 500 enregistrements à la fois,
Max Attachment Size (in MB),Taille Max de la Pièce Jointe (en Mo),
Max Attachments,Nombre Max de Pièces Jointes,
Max Length,Longueur Max,
Max Value,Valeur Max,
Maximum,Maximum,
Maximum Number of Fields,Nombre maximum de champs,
Maximum Points,Maximum de points,
Medium,Moyen,
Meeting,Réunion,
Mention,Mention,
Mentions,Mentions,
Message,Message,
Message (HTML),Message (HTML),
Message (Markdown),Message (Markdown),
Message Examples,Exemples de Messages,
Message ID,ID de Message,
Message Parameter,Paramètre Message,
Message-id,Id-message,
Meta Description,Meta Description,
Meta Image,Meta Image,
Meta Tags,Meta Tags,
Meta Title,Meta Title,
Method,Méthode,
Middle Name,Deuxième Nom,
Milestone,Étape importante,
Milestone Tracker,Milestone Tracker,
Minimum,Le minimum,
Minimum Password Score,Score Minimum de Mot de Passe,
Mobile No,N° Mobile,
Module,Module,
Module Def,Module Def,
Module Name,Nom du Module,
Module Onboarding,Intégration du module,
Modules HTML,Modules HTML,
Monday,Lundi,
Monospace,Monospace,
Monthly,Mensuel,
Monthly Long,Long mensuel,
More Information,Informations Complémentaires,
More content for the bottom of the page.,Plus de contenu pour le bas de la page.,
Multiplier Field,Champ multiplicateur,
Must be a publicly accessible Google Sheets URL,Doit être une URL Google Sheets accessible au public,
"Must be of type ""Attach Image""","Doit être de type ""Joindre l'Image""",
Mute Sounds,Désactiver les Sons,
My Profile,Mon profil,
My Settings,Mes paramètres,
MyISAM,MyISAM,
Name,Nom,
Naming,Nom,
Naming Series,Masque de numérotation,
Navbar,Navbar,
Navbar Item,Élément de la barre de navigation,
Navbar Settings,Paramètres de la barre de navigation,
Navbar Template,Modèle de barre de navigation,
Navbar Template Values,Valeurs du modèle de barre de navigation,
New,Nouveau,
New Name,Nouveau Nom,
New value to be set,Nouvelle valeur à définir,
Newsletter,Newsletter,
Newsletter Email Group,Groupe Email pour Newsletter,
Newsletter Manager,Responsable de la Newsletter,
Next Action Email Template,Modèle d'email pour l'action suivante,
Next Actions HTML,HTML pour les actions suivantes,
Next Schedule Date,Prochaine Date Programmée,
Next State,État Suivant,
Next Sync Token,Jeton de synchronisation suivant,
No,Non,
No Copy,Aucune Copie,
No of Requested SMS,Nb de SMS Demandés,
No of Rows (Max 500),Nb de lignes (Max 500),
No of Sent SMS,Nb de SMS Envoyés,
Non Negative,Non négatif,
None,Aucun,
Not Sent,Non Envoyé,
Note,Note,
Note Seen By,Note Vue Par,
Note: By default emails for failed backups are sent.,"Remarque: par défaut, les e-mails pour les sauvegardes ayant échoué sont envoyés.",
"Note: For best results,  images must be of the same size and width must be greater than height.","Remarque: pour obtenir les meilleurs résultats, les images doivent avoir la même taille et la largeur doit être supérieure à la hauteur.",
Note: Multiple sessions will be allowed in case of mobile device,Remarque : Plusieurs sessions seront autorisées en cas d'appareil mobile,
Notification,Notification,
Notification Log,Journal des notifications,
Notification Recipient,Destinataire de la notification,
Notification Settings,Paramètres de notification,
Notification Subscribed Document,Document souscrit à la notification,
Notifications,Notifications,
Notifications and bulk mails will be sent from this outgoing server.,Les Notifications et Lots d’Emails seront envoyés à partir de ce serveur sortant.,
Notify Users On Every Login,Notifier les Utilisateurs à Chaque Connexion,
Notify by Email,Avertir par e-mail,
Notify by email,Notifier par Email,
Notify if unreplied,Notifier si aucune réponse,
Notify if unreplied for (in mins),Notifier si aucune réponse dans (en min),
Notify users with a popup when they log in,Informer les utilisateurs avec un popup quand ils se connectent,
Number Card,Carte numérique,
Number Card Link,Lien de la carte numérique,
Number Cards,Cartes numériques,
Number Format,Format Numérique,
Number of Backups,Nombre de Sauvegardes,
Number of DB Backups,Nombre de sauvegardes de la base de données,
Number of Groups,Nombre de groupes,
Number of columns for a field in a Grid (Total Columns in a grid should be less than 11),Nombre de colonnes pour un champ dans une Grille (Total des colonnes dans une grille doit être inférieur à 11),
Number of columns for a field in a List View or a Grid (Total Columns should be less than 11),Nombre de colonnes pour un champ dans une vue en Liste ou en Grille (Total des colonnes doit être inférieur à 11),
OAuth Authorization Code,Code d'Autorisation OAuth,
OAuth Bearer Token,Jeton de Détention OAuth,
OAuth Client,OAuth Client,
OAuth Client ID,ID client OAuth,
OAuth Provider Settings,Paramètres du Fournisseur OAuth,
OTP App,Application OTP,
OTP Issuer Name,Nom de l'Émetteur OTP,
Off,De,
Office,Bureau,
Office 365,Office 365,
Older backups will be automatically deleted,Les anciennes sauvegardes seront automatiquement supprimées,
On Hold,En attente,
Onboarding Permission,Autorisation d&#39;intégration,
Onboarding Step,Étape d&#39;intégration,
Onboarding Step Map,Carte des étapes d&#39;intégration,
"Once submitted, submittable documents cannot be changed. They can only be Cancelled and Amended.","Une fois validé, les documents à valider ne peuvent plus être modifiés. Ils ne peuvent être annulés et modifiés (Nouv. version).",
Only Allow Edit For,Autoriser la Modification Uniquement Pour,
Only Send Records Updated in Last X Hours,Envoyer Uniquement les Enregistrements Mis à Jour au cours des X Dernières Heures,
Open,Ouvert,
Open Documents,Documents ouverts,
Open Reference Document,Document de référence ouvert,
Open URL in a New Tab,Ouvrir l&#39;URL dans un nouvel onglet,
Open a dialog with mandatory fields to create a new record quickly,Ouvrir une boîte de dialogue avec des champs obligatoires pour créer rapidement un nouvel enregistrement,
Opened,Ouvert,
Operation,Opération,
Optional: Always send to these ids. Each Email Address on a new row,Optionel : Toujours envoyer à ces ids. Chaque Adresse Email sera sur une nouvelle ligne,
Optional: The alert will be sent if this expression is true,Optionel : L'alerte sera envoyée si cette expression est vraie,
Options,Options,
Options Help,Aide Options,
Order,Commande,
Org History,Histoire Org,
Org History Heading,Rubriques Histoire Org,
Other,Autre,
Outgoing Server,Serveur de Courriel Sortant,
Outgoing Settings,Configurations des Courriels Sortant,
Outlook.com,Outlook.com,
Output,Sortie,
PDF Page Size,Format de Page PDF,
PDF Settings,Paramètres PDF,
Page,Page,
Page Break,Saut de Page,
Page Builder,Générateur de pages,
Page Building Blocks,Blocs de construction de page,
Page HTML,Page HTML,
Page Name,Nom de la Page,
Page Settings,Paramètres de la Page,
Parameter,Paramètre,
Parent Field (Tree),Champ parent (arbre),
Parent Label,Étiquette Parente,
Partial Success,Succès Partiel,
Participants,Les Participants,
Passive,Passif,
Password,Mot de Passe,
Password Reset Link Generation Limit,Limite de génération de lien de réinitialisation de mot de passe,
Password for Base DN,Mot de Passe pour la Base DN,
Patch,Correctif,
Patch Log,Journal de Patch,
Path,Chemin,
Path to CA Certs File,Chemin d&#39;accès au fichier de certificats de certification,
Path to Server Certificate,Chemin d&#39;accès au certificat de serveur,
Path to private Key File,Chemin vers le fichier de clé privée,
Pending,En Attente,
Pending Approval,Validation en attente,
Pending Verification,En attente de vérification,
Percent,Pourcent,
Percentage,Pourcentage,
Period,Période,
Perm Level,Niveau d'Autorisation,
Permanent,Permanent,
Permission Level,Niveau d'Autorisation,
Permission Rules,Règles d'Autorisation,
Permissions,Autorisations,
Permitted Documents For User,Documents Autorisés pour l'Utilisateur,
Personal,Personnel,
Personal Data Deletion Request,Demande de suppression de données personnelles,
Personal Data Download Request,Demande de téléchargement de données personnelles,
Phone,Téléphone,
Phone No.,N° de Téléphone.,
Phone Number,Numéro de téléphone,
Pie,Tarte,
Pincode,Code Postal,
Plant,Usine,
Point Allocation Periodicity,Périodicité d&#39;attribution de points,
Points,Points,
Port,Port,
Portal Menu,Menu Portail,
Portal Menu Item,Article du Menu Portail,
Portal Settings,Paramètres du Portail,
Position,Position,
Postal,Postal,
Postal Code,code postal,
Precision,Précision,
Preferred Billing Address,Adresse de Facturation Principale,
Preferred Shipping Address,Adresse de Livraison Principale,
Prefix,Préfixe,
Prepared Report,Rapport préparé,
Prepared Report User,Utilisateur du rapport préparé,
Preview,Aperçu,
Preview HTML,Aperçu HTML,
Preview Message,Message d&#39;aperçu,
Previous Hash,Hash précédent,
Primary,Primaire,
Primary Color,Couleur primaire,
Print,Impression,
Print Format,Format d'Impression,
Print Format Builder,Éditeur de Format d'Impression,
Print Format Help,Aide pour le Format d'Impression,
Print Format Type,Type de Format d'Impression,
Print Hide,Cacher à l'Impression,
Print Hide If No Value,Cacher à l’Impression si Aucune Valeur,
Print Server,Serveur d&#39;imprimante,
Print Settings,Paramètres d'impression,
Print Style,Style d'Impression,
Print Style Name,Nom du Style d'Impression,
Print Style Preview,Aperçu Style d'Impression,
Print UOM after Quantity,Imprimer UdM après la quantité,
Print Width,Largeur d'Impression,
"Print Width of the field, if the field is a column in a table","Imprimer la Largeur du champ, si le champ est une colonne dans une table",
Print taxes with zero amount,Impression de taxes avec un montant nul,
Print with letterhead,Imprimer avec en-tête,
Printer Name,Nom de l&#39;imprimante,
Printing,Impression,
Priority,Priorité,
Private,Privé,
ProTip: Add <code>Reference: {{ reference_doctype }} {{ reference_name }}</code> to send document reference,ProTip: Ajouter <code>Reference: {{ reference_doctype }} {{ reference_name }}</code> envoyer référence du document,
Property,Propriété,
Property Depends On,La propriété dépend,
Property Setter,Initialisateur de Propriété,
Property Setter overrides a standard DocType or Field property,L’Initialisateur de Propriété remplace un DocType standard ou la propriété d’un champ,
Property Type,Type de Propriété,
Provider,Fournisseur,
Provider Name,Nom du fournisseur,
Public,Public,
Publish,Publier,
Published,Publié,
Published On,Publié le,
Pull from Google Calendar,Tirez de Google Agenda,
Pull from Google Contacts,Tirez de Google Contacts,
Pulled from Google Calendar,Tiré de Google Agenda,
Pulled from Google Contacts,Tiré de Google Contacts,
Purchase Manager,Responsable des Achats,
Purchase Master Manager,Responsable des Données d’Achats,
Purchase User,Utilisateur Acheteur,
Push to Google Calendar,Push to Google Agenda,
Push to Google Contacts,Push to Google Contacts,
Quarterly,Trimestriel,
Query,Requête,
Query / Script,Requête / Script,
Query Options,Options de Requête,
Query Report,Rapport de Requête,
Queued,Dans la file d'attente,
Quick Entry,Écriture rapide,
RAW Information Log,Journal d&#39;informations RAW,
Rating,Évaluation,
Raw Commands,Commandes brutes,
Raw Email,Email Brut,
Raw Printing,Impression brute,
Read,Lire,
Read Only,Lecture Seule,
Read Only Depends On,La lecture seule dépend de,
Read Time,Temps de lecture,
Read by Recipient,Lu par le destinataire,
Read by Recipient On,Lu par le destinataire sur,
Reason,Raison,
Received,Reçu,
Receiver By Document Field,Récepteur par champ de document,
Receiver By Role,Destinataire par rôle,
Receiver Parameter,Paramètre Récepteur,
Recipient,Destinataire,
Recipient Unsubscribed,Destinataire Désinscrit,
Recipients,Destinataires,
Recorder,Enregistreur,
Redirect URI Bound To Auth Code,URI de Redirection Lié au Code Auth,
Redirect URIs,URIs de Redirection,
Redirect URL,URL de Redirection,
Ref DocType,Doctype de Réf.,
Reference,Référence,
Reference Date,Date de Référence,
Reference DocName,Référence DocName,
Reference DocType,Référence DocType,
Reference Docname,DocName de la Référence,
Reference Doctype,DocType de la Référence,
Reference Document,Document de Référence,
Reference Document Name,Nom du document de référence,
Reference Document Type,Type du document de référence,
Reference Name,Nom de référence,
Reference Owner,Responsable de la Référence,
Reference Report,Rapport de référence,
Reference Type,Type de référence,
Reference name,Nom de la Référence,
Referrer,Référent,
Refresh Google Sheet,Actualiser Google Sheet,
Refresh Token,Jeton de Rafraîchissement,
Rejected,Rejeté,
Relinked,Reconnecté,
Reload,Recharger,
Remember Last Selected Value,Se Souvenir de la Dernière Valeur Sélectionnée,
Reminder,Rappel,
Repeat On,Répéter Le,
Repeat Till,Répéter Jusqu'au,
Repeat on Day,Répéter Chaque,
Repeat on Last Day of the Month,Répéter le dernier jour du mois,
Repeat this Event,Répéter cet Evénement,
Replied,Répondu,
Reply,Répondre,
Report,Rapport,
Report Builder,Éditeur de Rapports,
Report Column,Colonne de rapport,
Report Description,Description du rapport,
Report Filter,Filtre de rapport,
Report Filters,Filtres du Rapport,
Report Hide,Cacher le Rapport,
Report Information,Rapport d&#39;information,
Report Manager,Gestionnaire de Rapports,
Report Name,Nom du Rapport,
Report Reference Doctype,Rapport de référence Doctype,
Report Type,Type de Rapport,
Report an Issue,Signaler une anomalie,
Reports,Rapports,
Represents a User in the system.,Représente un Utilisateur dans le système.,
Represents the states allowed in one document and role assigned to change the state.,Représente les états permis dans un document et le rôle assigné pour changer cet état.,
Request Data,Données de la requête,
Request Structure,Structure de la demande,
Request URL,URL de Demande,
Requested Numbers,Numéros Demandés,
Require Trusted Certificate,Exiger un certificat de confiance,
Reset Password Key,Réinitialiser le Mot de Passe,
Response,Réponse,
Response Type,Type de Réponse,
Restored,Restauré,
Restrict IP,Restreindre l'IP,
Restrict To Domain,Restreindre au domaine,
Restrict to Domain,Restreindre au Domaine,
Restrict user from this IP address only. Multiple IP addresses can be added by separating with commas. Also accepts partial IP addresses like (111.111.111),Restreindre la connexion à partir de cette adresse IP uniquement. Plusieurs adresses IP peuvent être ajoutées en les séparant par des virgules. Les adresses IP partielles comme (111.111.111) sont acceptées,
Retry,Recommencez,
Reverse Icon Color,Inverser la Couleur de l'Icône,
Revert,Revenir,
Revert Of,Revert de,
Reverted,Inversé,
Review,Révoir,
Review Level,Niveau de révision,
Review Levels,Niveaux de révision,
Review Points,Points d&#39;examen,
Revoked,Révoqué,
Rich Text,Rich Text,
Right,Droit,
Robots.txt,robots.txt,
Role,Rôle,
Role Name,Nom du Rôle,
Role Permission for Page and Report,Autorisation du Rôle pour la Page et le Rapport,
Role Permissions,Autorisations du Rôle,
Role Permissions Manager,Gestionnaire d’Autorisations du Rôle,
Role Profile,Profil de rôle,
Role and Level,Rôle et Niveau,
Roles,Rôles,
Roles Assigned,Rôles Assignés,
Roles HTML,Rôles HTML,
Roles Html,Rôles Html,
Round Robin,Round Robin,
Route,Route,
Route History,Histoire de la route,
Route Redirects,Route Redirects,
"Route: Example ""/desk""",Route: Exemple &quot;/ desk&quot;,
Row Index,Index de ligne,
Row Name,Nom de la ligne,
Rows Added,Lignes Ajoutées,
Rows Removed,Lignes Supprimées,
Rule,Règle,
Rule Conditions,Conditions de règle,
Rule Name,Nom de la règle,
Rules defining transition of state in the workflow.,Règles définissant la transition d'état dans le flux de travail,
"Rules for how states are transitions, like next state and which role is allowed to change state etc.","Règles pour la manière dont les états effectuent des transitions, comme état suivant et quel rôle est autorisé à changer d'état, etc",
Rules with higher priority number will be applied first.,Les règles avec un numéro de priorité plus élevé seront appliquées en premier.,
Run Jobs only Daily if Inactive For (Days),Exécuter les travaux uniquement quotidiennement si inactif pendant (jours),
Run scheduled jobs only if checked,Les tâches planifiées ne sont exécutées que si la case est cochée.,
S3 Backup Settings,Paramètres de sauvegarde S3,
S3 Bucket Details,Détails du compartiment S3,
SMS,SMS,
SMS Gateway URL,URL de la Passerelle SMS,
SMS Log,Journal des SMS,
SMS Parameter,Paramètres des SMS,
SMS Settings,Paramètres des SMS,
SMTP Settings for outgoing emails,Paramètres SMTP pour les emails sortants,
"SQL Conditions. Example: status=""Open""","Conditions SQL. Exemple : status=""Open""",
SSL/TLS Mode,Mode SSL / TLS,
Sales Manager,Responsable des Ventes,
Sales Master Manager,Directeur des Ventes,
Sales User,Chargé de Ventes,
Salesforce,Salesforce,
Salutation,Civilité,
Sample,Échantillon,
Saturday,Samedi,
Save,Sauvegarder,
Scheduled,Prévu,
Scheduled Job,Travail planifié,
Scheduled Job Log,Journal des travaux planifiés,
Scheduled Job Type,Type de travail planifié,
Scheduled To Send,Prévu pour envoyer,
Scheduler Event,Événement du planificateur,
Scope,Portée,
Scopes,Scopes,
Script,Script,
Script Manager,Gestionnaire de scripts,
Script Report,Rapport de Script,
Script Type,Type de Script,
Script to attach to all web pages.,Script à joindre à toutes les pages web.,
Search Fields,Champs de recherche,
Search Priorities,Priorités de recherche,
Section,Section,
Section Break,Saut de section,
Security Settings,Paramètres de Sécurité,
Seen,Vu,
Seen By,Vu Par,
Seen By Table,Table Vu Par,
Select,Sélectionner,
Select Dashboard,Sélectionnez Dashboard,
Select Date Range,Sélectionnez la plage de dates,
Select DocType,Sélectionner le DocType,
Select Doctype,Sélectionnez Doctype,
Select Transaction,Sélectionner la Transaction,
Select an image of approx width 150px with a transparent background for best results.,Sélectionner une image d'une largeur d'environ 150px avec un fond transparent pour de meilleurs résultats.,
Select the label after which you want to insert new field.,Sélectionner le libellé après lequel vous voulez insérer un nouveau champ.,
Send After,Envoyer Après,
Send Alert On,Envoyer une Alerte Sur,
Send Email Alert,Envoyer une alerte email,
Send Email Print Attachments as PDF (Recommended),Envoyer les Pièces Jointes Imprimées de l'Email au format PDF (recommandé),
Send Email for Successful Backup,Envoyer un email pour une sauvegarde réussie,
Send Email for Successful backup,Envoyer un courrier électronique pour une sauvegarde réussie,
Send Me A Copy of Outgoing Emails,M'envoyer une Copie des E-mails Sortants,
Send Notification To,Envoyer une Notification à,
Send Notification to,Envoyer une notification à,
Send Notifications For Documents Followed By Me,Envoyer des notifications pour les documents suivis par moi,
Send Notifications For Email Threads,Envoyer des notifications pour les fils de discussion,
Send Notifications To,Envoyer des Notifications À,
Send Print as PDF,Envoyer Imprimer en PDF,
Send System Notification,Envoyer une notification système,
Send To All Assignees,Envoyer à tous les cessionnaires,
Send Unsubscribe Link,Envoyer le Lien de Désabonnement,
Send Welcome Email,Envoyer un Email de Bienvenue,
Send alert if date matches this field's value,Envoyer alerte si la date correspond à la valeur de ce champ,
Send alert if this field's value changes,Envoyer une alerte si la valeur de ce champ change,
Send an email reminder in the morning,Envoyer un email de rappel dans la matinée,
Send days before or after the reference date,Envoyer jours avant ou après la date de référence,
Send enquiries to this email address,Envoyer une demande à cette adresse courriel,
Send only if there is any data,Envoyer seulement s'il y a des données,
Send unsubscribe message in email,Envoyer un message de désabonnement dans l&#39;email,
Sender,Expéditeur,
Sender Email,Email d&#39;expéditeur,
Sender Name,Nom de l'Expéditeur,
Sendgrid,SendGrid,
Sending,Envoi,
Sent,Envoyé,
Sent On,Envoyé le,
Sent Read Receipt,Accusé Réception Envoyé,
Sent To,Envoyé À,
Sent or Received,Envoyés ou Reçus,
Sent/Received Email,Email envoyé / reçu,
Separator,Séparateur,
Sequence Id,Id de séquence,
Series List for this Transaction,Liste des Séries pour cette Transaction,
Server Action,Action du serveur,
Server IP,IP serveur,
Server Script,Script de serveur,
Service,Service,
Session Default,Session par défaut,
Session Default Settings,Paramètres de session par défaut,
Session Defaults,Session par défaut,
Set Banner from Image,Définir la Bannière depuis l'Image,
"Set Default Options for all charts on this Dashboard (Ex: ""colors"": [""#d1d8dd"", ""#ff5858""])","Définir les options par défaut pour tous les graphiques de ce tableau de bord (par exemple: &quot;couleurs&quot;: [&quot;# d1d8dd&quot;, &quot;# ff5858&quot;])",
Set Naming Series options on your transactions.,Définir les masques de numerotation pour vos documents,
Set New Password,Définir un Nouveau Mot de Passe,
Set Property After Alert,Définir la Propriété Après l'Alerte,
Set Role For,Définir le Rôle Pour,
Set Value,Définir la Valeur,
Set non-standard precision for a Float or Currency field,Définir la précision non standard pour un champ Flottant ou Devise,
Settings,Paramètres,
Settings Dropdown,Liste déroulante des paramètres,
Settings for Contact Us Page,Paramètres de la Page Contactez Nous,
Settings for the About Us Page,Paramètres de la page À Propos,
Setup,Configuration,
Setup Complete,Configuration Terminée,
Setup Series for transactions,Paramétrage des masques de numérotation,
Setup Wizard,Assistant de Configuration,
Share,Partager,
Shared,Partagé,
Shipping,livraison,
Shop,Magasin,
Short Name,Nom Court,
Shortcuts,Raccourcis,
Show Attachments,Afficher les pièces jointes,
Show Dashboard,Afficher le tableau de bord,
Show Document,Afficher le document,
Show Failed Logs,Afficher les journaux ayant échoué,
Show Form Tour,Afficher la visite du formulaire,
Show Full Error and Allow Reporting of Issues to the Developer,Montrer l'Erreur Complète et Autoriser l'envoi de Rapports d'Erreurs aux Développeurs,
Show Full Form?,Afficher le formulaire complet?,
Show Line Breaks after Sections,Afficher les Sauts de Ligne après Sections,
Show Percentage Stats,Afficher les statistiques de pourcentage,
Show Preview Popup,Afficher l&#39;aperçu Popup,
Show Report,Afficher le rapport,
Show Section Headings,Voir la Section Titres,
Show Sidebar,Afficher la Barre Latérale,
Show Title,Afficher le Titre,
Show as cc,Afficher en tant que cc,
Show full form instead of a quick entry modal,Afficher le formulaire complet au lieu d&#39;un modal de saisie rapide,
Show in Module Section,Afficher la Section Module,
Show in filter,Afficher dans le filtre,
Show percentage difference according to this time interval,Afficher la différence de pourcentage en fonction de cet intervalle de temps,
"Show title in browser window as ""Prefix - title""",Afficher le titre dans la fenêtre du navigateur comme &quot;Prefix - titre&quot;,
Sidebar Items,Articles de la Barre Latérale,
Sidebar Settings,Paramètres de la Barre Latérale,
Sidebar and Comments,Barre Latérale et Commentaires,
Signature,Signature,
"Simple Python Expression, Example: Status in (""Closed"", ""Cancelled"")","Expression Python simple, Exemple: Statut dans (&quot;Fermé&quot;, &quot;Annulé&quot;)",
"Simple Python Expression, Example: Status in (""Invalid"")","Expression Python simple, Exemple: Statut dans (&quot;non valide&quot;)",
"Simple Python Expression, Example: status == 'Open' and type == 'Bug'","Expression Python simple, Exemple: status == &#39;Open&#39; et tapez == &#39;Bug&#39;",
Simultaneous Sessions,Sessions Simultanées,
Single Types have only one record no tables associated. Values are stored in tabSingles,Types Simples ont un seul enregistrement aucunes tables associées. Les valeurs sont stockées dans tabSingles,
Skip Authorization,Passer autorisation,
Skype,Skype,
Slack,Slack,
Slack Channel,Canal Slack,
Slack Webhook URL,URL de Webhook Slack,
Slideshow,Diaporama,
Slideshow Items,Articles du Diaporama,
Slideshow Name,Nom du Diaporama,
Slideshow like display for the website,Diaporama comme écran pour le site,
Small Text,Petit Texte,
Smallest Currency Fraction Value,Plus Petite Valeur Fractionée de la Devise,
Smallest circulating fraction unit (coin). For e.g. 1 cent for USD and it should be entered as 0.01,"La plus petite unité de fraction de circulation (pièce de monnaie). E.g. 1 centime pour l'EUR et il devrait être saisi 0,01",
Social,Social,
Social Link Settings,Paramètres de lien social,
Social Link Type,Type de lien social,
Social Login Key,Clé de connexion sociale,
Social Login Provider,Fournisseur de connexion sociale,
Social Logins,Connexions sociales,
Soft-Bounced,Soft-Bounced,
Sort Field,Champ de Tri,
Sort Order,Ordre de Tri,
Source,Source,
Source Name,Nom de la Source,
Source Text,Texte Source,
Spam,Spam,
SparkPost,SparkPost,
Standard,Standard,
Standard Sidebar Menu,Menu Standard de la Barre Latérale,
Start Date,Date de Début,
Start Date Field,Date de début,
Start Time,Heure de Début,
StartTLS,StartTLS,
Started,Commencé,
Starts on,Commence le,
State,Etat,
State/Province,État / Province,
States,États,
Static Parameters,Paramètres Statiques,
Stats,Statistiques,
Stats Time Interval,Intervalle de temps des statistiques,
Status,Statut,
Step,Étape,
Steps,Pas,
Stopped,Arrêté,
Stores the JSON of last known versions of various installed apps. It is used to show release notes.,Conserve le JSON des dernières versions connues de diverses applications installées. Il est utilisé pour montrer les notes de version.,
Style,Style,
Style Settings,Paramètres du Style,
"Style represents the button color: Success - Green, Danger - Red, Inverse - Black, Primary - Dark Blue, Info - Light Blue, Warning - Orange","Style représente la couleur du bouton : Succès - Vert, Danger - Rouge, Inverse - Noir, Primaire - Bleu Foncé, Info - Bleu Clair, Avertissement - Orange",
Stylesheet,Feuille de style,
"Sub-currency. For e.g. ""Cent""","Sous-monnaie. E.g. : ""Cent""",
Sub-domain provided by erpnext.com,Sous-domaine fourni par erpnext.com,
Subdomain,Sous-domaine,
Subject,Sujet,
Subject Field,Champ de sujet,
Submit,Valider,
Submit After Import,Validation après importation,
Submitted,Validé,
Subsidiary,Filiale,
Subtitle,Sous-titre,
Success,Succès,
Success Action,Action de succès,
Success Message,Message de Réussite,
Success URL,URL de Réussite,
Sum,Somme,
Sunday,Dimanche,
Symbol,Symbole,
Sync,Synchronisation,
Sync with Google Calendar,Synchroniser avec Google Agenda,
Sync with Google Contacts,Synchroniser avec Google Contacts,
System,Système,
System Console,Console système,
System Manager,Responsable Système,
System Notification,Notification système,
System Page,Page Système,
System Settings,Paramètres Système,
System managers are allowed by default,Les gestionnaires de système sont autorisés par défaut,
Table,Table,
Table Break,Saut de tableau,
Table HTML,HTML de Table,
Table MultiSelect,Tableau MultiSelect,
Tag,Étiquette,
Tag Link,Lien tag,
Target,Cible,
Tax Category,Catégorie de taxe,
Team Members,Membres de l'Équipe,
Team Members Heading,Titre des Membres de l’Équipe,
Template,Modèle,
Template Options,Options de modèle,
Template Warnings,Avertissements de modèles,
Text,Texte,
Text Align,Aligner le Texte,
Text Color,Couleur du Texte,
Text Content,Contenu du Texte,
Text Editor,Éditeur de Texte,
The name that will appear in Google Calendar,Le nom qui apparaîtra dans Google Agenda,
The user from this field will be rewarded points,L&#39;utilisateur de ce champ recevra des points,
The webhook will be triggered if this expression is true,Le Webhook sera déclenché si cette expression est vraie,
Theme,Thème,
Theme Configuration,Configuration du thème,
Theme URL,URL du thème,
These values will be automatically updated in transactions and also will be useful to restrict permissions for this user on transactions containing these values.,Ces valeurs seront automatiquement mises à jour dans les transactions et sera également utile pour restreindre les autorisations pour cet utilisateur sur les transactions contenant ces valeurs.,
Third Party Authentication,Authentification Tierce,
This card will be available to all Users if this is set,Cette carte sera disponible pour tous les utilisateurs si cela est défini,
This chart will be available to all Users if this is set,Ce graphique sera disponible pour tous les utilisateurs si cela est défini,
This format is used if country specific format is not found,Ce format est utilisé si un format spécifique au pays n'est pas trouvé,
This goes above the slideshow.,Ceci va au-dessus du diaporama.,
This is an example Google SERP Preview.,Ceci est un exemple de Google SERP Preview.,
This is the number of the last created transaction with this prefix,Numéro de la dernière transaction créée avec ce préfixe,
This will be shown in a modal after routing,Cela sera affiché dans un modal après le routage,
This will be shown to the user in a dialog after routing to the report,Cela sera montré à l&#39;utilisateur dans une boîte de dialogue après le routage vers le rapport,
Thumbnail URL,URL de la Vignette,
Thursday,Jeudi,
Time,Temps,
Time Format,Format de l&#39;heure,
Time Interval,Intervalle de temps,
Time Series,Des séries chronologiques,
Time Series Based On,Série temporelle basée sur,
Time Zone,Fuseau Horaire,
Time Zones,Fuseaux Horaires,
Time format,Format de l&#39;heure,
Time in seconds to retain QR code image on server. Min:<strong>240</strong>,Temps en secondes pour conserver l'image du code QR sur le serveur. Min: <strong>240</strong>,
Timeline,Chronologie,
Timeline DocType,DocType Chronologie,
Timeline Field,Champ Chronologie,
Timeline Links,Liens chronologiques,
Timeline Name,Nom de la Chronologie,
Timeseries,Des séries chronologiques,
Timespan,Période,
Timestamp,Horodatage,
Title,Titre,
Title Field,Champ Titre,
Title Prefix,Préfixe de Titre,
To,À,
To Date,Jusqu'au,
To Date Field,Champ Date,
To and CC,Pour et CC,
"To use Slack Channel, add a <a href=""#List/Slack%20Webhook%20URL/List"">Slack Webhook URL</a>.","Pour utiliser Slack Channel, ajoutez une <a href=""#List/Slack%20Webhook%20URL/List"">URL Slack Webhook</a> .",
ToDo,ToDo,
Toggle Full Width,Changer l&#39;affichage en pleine largeur,
Toggle Theme,Basculer le thème,
Token,Jeton,
Top,Haut,
Top Bar Item,Article de la Barre Supérieure,
Top Bar Items,Articles de la Barre Supérieure,
Topic,Sujet,
Total Subscribers,Total d'Abonnés,
Total number of emails to sync in initial sync process ,Nombre total d'emails à synchroniser dans le processus de synchronisation initiale,
Traceback,Retraçage,
Track Changes,Suivre les Modifications,
Track Email Status,Suivi du statut des emails,
Track Field,Piste de course,
Track Seen,Suivre les Vues,
Track Views,Suivi des vues,
Track milestones for any document,Suivre les jalons pour n&#39;importe quel document,
Transaction Hash,Hash de transaction,
Transaction Log,Journal des transactions,
Transaction Log Report,Rapport du journal des transactions,
Transition Rules,Règles de Transition,
Transitions,Transitions,
Translatable,Traduisible,
Translated Text,Texte Traduit,
Translation,Traduction,
Trash,Poubelle,
Tree,Arbre,
Tree structures are implemented using Nested Set,Les arborescences sont implémentées à l&#39;aide d&#39;un jeu imbriqué,
Trigger Method,Méthode de Déclenchement,
"Trigger on valid methods like ""before_insert"", ""after_update"", etc (will depend on the DocType selected)","Délencher sur des méthodes valides comme ""before_insert"", ""after_update"", etc (dépendra du DocType choisi)",
Tuesday,Mardi,
Two Factor Authentication,Authentification à Double Facteur,
Two Factor Authentication method,Méthode d'Authentification à Double Facteur,
Type,Type,
UID,UID,
UIDNEXT,UIDNEXT,
UIDVALIDITY,UIDVALIDITY,
UNSEEN,NON LUS,
URL,URL,
URL for documentation or help,URL de documentation ou d&#39;aide,
URL to go to on clicking the slideshow image,URL à consulter en cliquant sur l&#39;image du diaporama,
Unassign Condition,Unassign Condition,
Unhandled Email,Email Non Géré,
Unique,Unique,
Unread,Non Lus,
Unread Notification Sent,Notification Non Lue Envoyée,
Unshared,Non Partagé,
Unsubscribe Method,Méthode de Désinscription,
Unsubscribe Param,Paramètre de Désinscription,
Unsubscribed,Désinscrit,
Update,Mettre à Jour,
Update Existing Records,Mettre à jour les enregistrements existants,
Update Field,Mettre à jour le Champ,
Update Series Counter,Mettre à jour le compteur d'un masque de numérotation,
Update Series Number,Mettre à Jour la Série,
Update Settings,Mettre à jour les paramètres,
Update Value,Mettre à Jour la valeur,
Updated,Mis à Jour,
Uploaded To Dropbox,Téléchargé sur Dropbox,
Uploaded To Google Drive,Téléchargé sur Google Drive,
Use % for any non empty value.,Utilisez% pour toute valeur non vide.,
Use ASCII encoding for password,Utiliser le codage ASCII pour le mot de passe,
Use IMAP,Utiliser IMAP,
Use POST,Utiliser le POST,
Use Report Chart,Utiliser le graphique de rapport,
Use SSL,Utiliser SSL,
Use STARTTLS,Utiliser le STARTTLS,
Use TLS,Utiliser TLS,
Use different Email ID,Utiliser une authentification email différente,
Use this fieldname to generate title,Utilisez ce nom de champ pour générer le titre,
User,Utilisateur,
User ,Utilisateur,
User Agent,Agent utilisateur,
User Cannot Create,L'utilisateur ne peut pas Créer,
User Cannot Search,L'utilisateur ne peut pas Rechercher,
User Defaults,Profil par Défaut,
User Details,Détails de l'utilisateur,
User Email,Email de l'Utilisateur,
User Emails,Les Emails de l'Utilisateur,
User Field,Champ de l&#39;utilisateur,
User Forum,Forum utilisateur,
User ID,Identifiant d'utilisateur,
User ID Property,Propriété ID utilisateur,
User ID of a Blogger,ID l'Utilisateur d'un Blogger,
User Id,Identifiant d'utilisateur,
User Image,Photo de Profil,
User Name,Nom d&#39;utilisateur,
User Permission,Autorisation de l'Utilisateur,
User Profile,Profil de l&#39;utilisateur,
User Social Login,Connexion sociale de l&#39;utilisateur,
User Tags,Balise Utilisateur,
User Type,Type d'Utilisateur,
User can login using Email id or Mobile number,L&#39;utilisateur peut se connecter en utilisant l&#39;identifiant de messagerie ou le numéro de téléphone mobile,
User can login using Email id or User Name,L'utilisateur peut se connecter en utilisant son Email ou son Nom d'Utilisateur,
User must always select,L'utilisateur doit toujours sélectionner,
Username,Nom d'Utilisateur,
Users,Utilisateurs,
Users assigned to the reference document will get points.,Les utilisateurs affectés au document de référence obtiendront des points.,
Valid,Valide,
Validate Field,Valider le champ,
Validity,Validité,
Value,Valeur,
Value Based On,Valeur basée sur,
Value Change,Modification de Valeur,
Value Changed,Valeur Modifiée,
Value To Be Set,Valeur à Définir,
Value from this field will be set as the due date in the ToDo,La valeur de ce champ sera définie comme date d&#39;échéance dans la tâche,
Value to Validate,Valeur à valider,
Verdana,Verdana,
Verified,Vérifié,
Version,Version,
Video URL,URL de la vidéo,
View,Vue,
View Log,Voir le journal,
View Properties (via Customize Form),Voir Les Propriétés (via Personnaliser le formulaire),
View Report,Voir le rapport,
View Settings,Paramètres d'Affichage,
View Website,Voir Le Site Web,
Viewed By,Vu par,
Visit,Visiter,
Warehouse,Entrepôt,
Warning,Avertissement,
Watch Video,Regarder la vidéo,
Web Form,Formulaire Web,
Web Form Field,Champ de Formulaire Web,
Web Form Fields,Champs de Formulaire Web,
Web Page,Page Web,
Web Page Block,Bloc de page Web,
Web Page View,Affichage de la page Web,
Web Template,Modèle Web,
Web Template Field,Champ de modèle Web,
Web Template Values,Valeurs du modèle Web,
Web View,Vue Web,
Webhook,Webhook,
Webhook Data,Données Webhook,
Webhook Header,En-Tête Webhook,
Webhook Headers,En-Têtes Webhook,
Webhook Request,Requête Webhook,
Webhook Secret,Webhook Secret,
Webhook Security,Sécurité du Webhook,
Webhook Trigger,Déclencheur Webhook,
Webhook URL,URL du webhook,
Website,Site Web,
Website Analytics,Analyse de site Web,
Website Manager,Responsable du Site Web,
Website Meta Tag,Tag méta de site Web,
Website Route Meta,Site Web Route Meta,
Website Route Redirect,Redirection de route de site Web,
Website Script,Script du Site web,
Website Settings,Paramètres du Site web,
Website Sidebar,Barre Latérale du Site Web,
Website Sidebar Item,Objet de la Barre Latérale du Site Web,
Website Slideshow,Diaporama du Site web,
Website Slideshow Item,Objet du Diaporama du Site Web,
Website Theme,Thème du Site Web,
Website Theme Ignore App,Thème de site Web Ignorer l&#39;application,
Website Theme Image,Image du Thème du Site Web,
Website Theme Image Link,Lien de l'Image du Thème du Site Web,
Wednesday,Mercredi,
Weekdays,Jours de la semaine,
Weekly,Hebdomadaire,
Weekly Long,Longue semaine,
Welcome Email Template,Modèle d&#39;e-mail de bienvenue,
"When enabled this will allow guests to upload files to your application, You can enable this if you wish to collect files from user without having them to log in, for example in job applications web form.","Lorsque cette option est activée, les invités peuvent télécharger des fichiers dans votre application. Vous pouvez l&#39;activer si vous souhaitez collecter des fichiers auprès de l&#39;utilisateur sans qu&#39;ils aient à se connecter, par exemple dans le formulaire Web de candidature à un poste.",
Which view of the associated DocType should this shortcut take you to?,À quelle vue du DocType associé ce raccourci doit-il vous amener?,
Width,Largeur,
Wildcard Filter,Filtre de caractères génériques,
"Will add ""%"" before and after the query",Ajoutera &quot;%&quot; avant et après la requête,
Will be used in url (usually first name).,Sera utilisé dans l'url (généralement le prénom).,
Will run scheduled jobs only once a day for inactive sites. Default 4 days if set to 0.,Exécute les travaux planifiés une seule fois par jour pour les sites inactifs. 4 jours par défaut si réglé sur 0.,
Workflow,Flux de Travail,
Workflow Action,Action du Flux de Travail,
Workflow Action Master,Actions de Base du Flux de Travail,
Workflow Action Name,Nom de l'Action du Flux de Travail,
Workflow Action is not created for optional states,L&#39;action de flux de travail n&#39;est pas créée pour les états facultatifs,
Workflow Document State,État du Document du Flux de Travail,
Workflow Name,Nom du Flux de Travail,
Workflow State,État du Flux de Travail,
Workflow State Field,Champ de l'État du Flux de Travail,
Workflow Transition,Transition du Flux de Travail,
Workflow state represents the current state of a document.,L'état du flux de travail représente l'état actuel d'un document.,
Write,Écrire,
X Field,Champ X,
XLSX,XLSX,
Y Axis,Axe Y,
Y Field,Champ Y,
Yahoo Mail,Yahoo Mail,
Yandex.Mail,Yandex.Mail,
Year,Année,
Yearly,Annuel,
Yes,Oui,
Your organization name and address for the email footer.,Le nom de votre société et l'adresse pour le pied de l'email.,
Zero means send records updated at anytime,Zéro signifie envoyer des enregistrements mis à jour à tout moment,
_doctype,_doctype,
_report,_rapport,
adjust,paramétrer,
after_insert,after_insert,
align-center,aligné-centré,
align-justify,aligné-justifié,
align-left,aligné-gauche,
align-right,aligné-droite,
arrow-down,flèche-bas,
arrow-left,flèche-gauche,
arrow-right,flèche-droite,
arrow-up,flèche-haut,
asterisk,Astérisque,
backward,Revenir en arrière,
ban-circle,Interdiction (ban-circle),
barcode,Code Barre,
bell,cloche (bell),
blue,bleu,
bold,gras,
book,livre,
bookmark,favoris,
briefcase,malette (briefcase),
bullhorn,Mégaphone (bullhorn),
calendar,calendrier,
camera,caméra,
certificate,certificat,
check,vérifier,
chevron-down,chevron vers le bas,
chevron-left,chevron vers la gauche,
chevron-right,chevron-droit,
chevron-up,chevron-haut,
circle-arrow-down,flèche-cercle-bas,
circle-arrow-left,flèche-cercle-gauche,
circle-arrow-right,flèche-cercle-droite,
circle-arrow-up,flèche-cercle-haut,
cog,dent,
comment,Commenter,
darkgrey,gris foncé,
dd-mm-yyyy,jj-mm-aaaa,
dd.mm.yyyy,dd.mm.yyyy,
dd/mm/yyyy,jj/mm/aaaa,
download,Télécharger,
download-alt,Télécharger-alt,
"e.g. ""Support"", ""Sales"", ""Jerry Yang""","e.g. ""Support"",""Vente"",""Jerry Yang""",
e.g. pop.gmail.com / imap.gmail.com,e.g. pop.gmail.com / imap.gmail.com,
e.g. replies@yourcomany.com. All replies will come to this inbox.,e.g. replies@yourcompany.com. Toutes les réponses seront envoyées à cette adresse.,
e.g. smtp.gmail.com,e.g. smtp.gmail.com,
edit,modifier,
eject,éjecter,
email,email,
envelope,enveloppe,
exclamation-sign,point-d'exclamation,
eye-close,oeil-fermé,
eye-open,oeil-ouvert,
facebook,Facebook,
facetime-video,vidéo-facetime,
fairlogin,fairlogin,
fast-backward,retour-rapide,
fast-forward,avance rapide,
file,fichier,
film,film,
filter,filtre,
fire,feu,
flag,drapeau,
folder-close,fermer-dossier,
folder-open,ouvrir-dossier,
font,Police de Caractères,
forward,avant,
fullscreen,Plein Écran,
gift,cadeau,
glass,verre,
globe,globe,
green,vert,
hand-down,main vers le bas,
hand-left,main-gauche,
hand-right,main-droite,
hand-up,main vers le haut,
hdd,hdd,
headphones,casques,
heart,cœur,
home,Accueil,
icon,icône,
in minutes,en quelques minutes,
inbox,boîte de réception,
indent-left,décaler-gauche,
indent-right,décaler-droite,
info-sign,info-signe,
italic,italique,
leaf,feuille,
link,lien,
linkedin,LinkedIn,
list,liste,
list-alt,liste-alt,
lock,verrouiller,
magnet,aimant,
map-marker,carte-repère,
minus,moins,
minus-sign,signe moins,
mm-dd-yyyy,mm-jj-aaaa,
mm/dd/yyyy,mm/jj/aaaa,
module,module,
move,bouge toi,
music,la musique,
no failed attempts,aucune tentative ratée,
off,de,
ok,ok,
ok-circle,ok-cercle,
ok-sign,ok-signe,
old_parent,grand_parent,
on_cancel,on_cancel,
on_change,on_change,
on_submit,on_submit,
on_trash,on_trash,
on_update,on_update,
on_update_after_submit,on_update_after_submit,
orange,Orange,
page,page,
pause,pause,
pencil,crayon,
picture,image,
plane,plan,
play,jouer,
play-circle,cercle-jouer,
plus,plus,
plus-sign,signe plus,
print,Imprimer,
purple,violet,
qrcode,qrcode,
query-report,rapport-requête,
question-sign,point-interrogation,
random,Aléatoire,
red,rouge,
refresh,rafraîchir,
remove,retirer,
remove-circle,retirez-cercle,
remove-sign,retirez-signe,
repeat,répéter,
resize-full,redimensionner-entièrement,
resize-horizontal,redimensionner-horizontalement,
resize-small,redimensionner-petit,
resize-vertical,redimensionner-vertical,
response,réponse,
retweet,retweet,
road,route,
screenshot,capture d'écran,
search,chercher,
share,part,
share-alt,part-alt,
shopping-cart,panier,
signal,signaler,
star,étoile,
star-empty,étoile-vide,
step-backward,vers-larrière,
step-forward,vers-l'avant,
stop,Arrêtez,
tag,Balise,
tags,Mots clés,
tasks,les tâches,
text-height,Hauteur-texte,
text-width,largeur-text,
th,th,
th-large,th-large,
th-list,th-list,
thumbs-down,pouce-vers-le-bas,
thumbs-up,pouces-vers-le-haut,
time,temps,
tint,teinte,
trash,corbeille,
twitter,Twitter,
upload,télécharger,
user,utilisateur,
volume-down,diminuer-volume,
volume-off,couper-son,
volume-up,augmenter-volume,
warning-sign,signe-avertissement,
wrench,clé,
yellow,Jaune,
yyyy-mm-dd,aaaa-mm-jj,
zoom-in,Agrandir,
zoom-out,Réduire,
