"""Company History""",&quot;કંપની ઇતિહાસ&quot;,
"""Team Members"" or ""Management""","""ટુકડી સભ્યો"" અથવા ""સંચાલન""",
&lt;head&gt; HTML,&lt;Head&gt; HTML,
**Currency** Master,** ** કરન્સી માસ્ટર,
0 - Draft; 1 - Submitted; 2 - Cancelled,0 - ડ્રાફ્ટ; 1 - સબમિટ; 2 - રદ,
0 is highest,0 સૌથી વધુ છે,
A list of resources which the Client App will have access to after the user allows it.<br> e.g. project,સંસાધનો યાદી કે જે ક્લાઈન્ટ એપ્લિકેશન વપરાશકર્તા તેને પરવાનગી આપે છે પછી ઍક્સેસ હશે. <br> દા.ત. પ્રોજેક્ટ,
A symbol for this currency. For e.g. $,આ ચલણ માટે એક પ્રતીક. દા.ત. $ માટે,
A4,A4,
ALL,બધા,
API,API,
API Access,API .ક્સેસ,
API Endpoint,API એન્ડપોઇન્ટ,
API Endpoint Args,API એન્ડપોઇન્ટ અર્ગસ,
API Key,API કી,
API Method,એપીઆઇ પદ્ધતિ,
API Secret,API સિક્રેટ,
ASC,ASC,
About Us Settings,અમારો સુયોજનો વિશે,
About Us Team Member,અમારો ટીમ સભ્ય વિશે,
Access Key ID,ઍક્સેસ કી ID,
Access Key Secret,કી ગુપ્ત .ક્સેસ,
Access Log,પ્રવેશ લોગ,
Access Token,ઍક્સેસ ટોકન,
Access Token URL,ઍક્સેસ ટોકન URL,
Account,એકાઉન્ટ,
Accounts Manager,એકાઉન્ટ્સ વ્યવસ્થાપક,
Accounts User,વપરાશકર્તા એકાઉન્ટ્સ,
Action,ક્રિયા,
Action / Route,ક્રિયા / માર્ગ,
Action Timeout (Seconds),ઍક્શન ટાઈમઆઉટ (સેકન્ડ્સ),
Action Type,ક્રિયા પ્રકાર,
Actions,ક્રિયાઓ,
Active,સક્રિય,
Active Domains,સક્રિય ડોમેન્સ,
Activity Log,પ્રવૃત્તિ લોગ,
Add Container,કન્ટેનર ઉમેરો,
Add Custom Tags,કસ્ટમ ટ Tagsગ્સ ઉમેરો,
Add Gray Background,ગ્રે પૃષ્ઠભૂમિ ઉમેરો,
Add Signature,હસ્તાક્ષર ઉમેરો,
Add Total Row,કુલ પંક્તિ ઉમેરો,
Add Unsubscribe Link,ઉમેરો અનસબ્સ્ક્રાઇબ લિંક,
"Added HTML in the &lt;head&gt; section of the web page, primarily used for website verification and SEO",&lt;Head&gt; માં ઉમેરાયેલ HTML વેબ પાનું ના વિભાગ મુખ્યત્વે વેબસાઇટ ચકાસણી અને એસઇઓ માટે વપરાય છે,
Additional Permissions,વધારાની પરવાનગીઓ,
Address,સરનામું,
Address And Contacts,સરનામું અને સંપર્કો,
Address Line 1,સરનામાં રેખા 1,
Address Line 2,સરનામું લાઇન 2,
Address Template,સરનામું ઢાંચો,
Address Title,સરનામું શીર્ષક,
Address Type,સરનામું લખો,
Address and other legal information you may want to put in the footer.,સરનામું અને અન્ય કાનૂની માહિતી તમે ફૂટર મૂકી કરવા માંગો છો શકે છે.,
Addresses And Contacts,સરનામાં અને સંપર્કો,
Adds a custom field to a DocType,એક Doctype માટે વૈવિધ્યપૂર્ણ ક્ષેત્ર ઉમેરે છે,
Administrator,સંચાલક,
Advanced,ઉન્નત,
Advanced Control,ઉન્નત નિયંત્રણ,
Advanced Settings,અદ્યતન સેટિંગ્સ,
After Cancel,રદ કર્યા પછી,
After Delete,કા Deleteી નાંખો પછી,
After Save,સેવ પછી,
After Save (Submitted Document),સેવ પછી (સબમિટ કરેલો દસ્તાવેજ),
After Submit,સબમિટ કર્યા પછી,
Aggregate Function Based On,એકંદર કાર્ય આધારિત,
Alert,ચેતવણી,
Align Labels to the Right,જમણે લેબલ્સ સંરેખિત કરો,
Align Right,જમણે સંરેખિત કરો,
All,બધા,
All Day,બધા દિવસ,
Allocated To,માટે ફાળવવામાં,
Allot Points To Assigned Users,સોંપાયેલ વપરાશકર્તાઓને પોઇન્ટ ફાળવો,
Allow,મંજૂરી આપો,
Allow Auto Repeat,Autoટો પુનરાવર્તનની મંજૂરી આપો,
Allow Bulk Edit,બલ્ક સંપાદન માટે પરવાનગી આપે છે,
Allow Comments,ટિપ્પણીઓ માટે પરવાનગી આપે છે,
Allow Consecutive Login Attempts ,અનુકૂળ લૉગિન પ્રયાસોને મંજૂરી આપો,
Allow Delete,કાઢી નાખો માટે પરવાનગી આપે છે,
Allow Dropbox Access,ડ્રૉપબૉક્સ ઍક્સેસ માટે પરવાનગી આપે છે,
Allow Guest,અતિથિને મંજૂરી આપો,
Allow Guest to View,જુઓ કરવા માટે એક અતિથિ મંજૂરી આપો,
Allow Guests to Upload Files,અતિથિઓને ફાઇલો અપલોડ કરવાની મંજૂરી આપો,
Allow Import (via Data Import Tool),આયાત મંજૂરી આપો (ડેટા આયાત સાધન મારફતે),
Allow Incomplete Forms,અપૂર્ણ સ્વરૂપો માટે પરવાનગી આપે છે,
Allow Login After Fail,નિષ્ફળતા પછી પ્રવેશ મંજૂરી આપો,
Allow Login using Mobile Number,લૉગિન મોબાઇલ નંબર ઉપયોગ કરવાની પરવાનગી,
Allow Login using User Name,વપરાશકર્તા નામનો ઉપયોગ કરીને લૉગિનને મંજૂરી આપો,
Allow Modules,મોડ્યુલોને મંજૂરી આપો,
Allow Print,પ્રિન્ટ માટે પરવાનગી આપે છે,
Allow Print for Cancelled,રદ માટે િ ટ કરો પરવાનગી આપે છે,
Allow Print for Draft,ડ્રાફ્ટ માટે િ ટ કરો પરવાનગી આપે છે,
Allow Read On All Link Options,બધા લિંક વિકલ્પો પર વાંચો પરવાનગી આપે છે,
Allow Rename,નામ બદલો મંજૂરી આપો,
Allow Roles,ભૂમિકાઓ મંજૂરી આપો,
Allow Self Approval,સ્વયં મંજૂરીની મંજૂરી આપો,
Allow approval for creator of the document,દસ્તાવેજનાં નિર્માતા માટે મંજૂરીની મંજૂરી આપો,
Allow document creation via Email,ઇમેઇલ દ્વારા દસ્તાવેજ બનાવવાની મંજૂરી આપો,
Allow events in timeline,સમયરેખામાં ઇવેન્ટ્સને મંજૂરી આપો,
Allow in Quick Entry,ઝડપી એન્ટ્રીમાં મંજૂરી આપો,
Allow on Submit,સબમિટ પર પરવાનગી આપે છે,
Allow only one session per user,વપરાશકર્તા દીઠ માત્ર એક સત્ર માટે પરવાનગી આપે છે,
Allow page break inside tables,કોષ્ટકો અંદર પૃષ્ઠ વિરામ માટે પરવાનગી આપે છે,
Allow saving if mandatory fields are not filled,જો ફરજિયાત ક્ષેત્રો ભરવામાં આવે બચત માટે પરવાનગી આપે છે,
Allow user to login only after this hour (0-24),વપરાશકર્તા માત્ર આ કલાક પછી પ્રવેશ કરવા માટે (0-24) માટે પરવાનગી આપે છે,
Allow user to login only before this hour (0-24),વપરાશકર્તા માત્ર આ કલાક પહેલાં પ્રવેશ કરવા માટે (0-24) માટે પરવાનગી આપે છે,
Allowed,મંજૂર,
Allowed In Mentions,મંજૂરીમાં ઉલ્લેખિત,
"Always add ""Draft"" Heading for printing draft documents",હંમેશા પ્રિન્ટીંગ ડ્રાફ્ટ દસ્તાવેજો માટે મથાળું &quot;ડ્રાફ્ટ&quot; ઉમેરો,
Amend,સુધારો,
Amended From,સુધારો,
An icon file with .ico extension. Should be 16 x 16 px. Generated using a favicon generator. [favicon-generator.org],.ico વિસ્તરણ સાથે ચિહ્ન ફાઇલ. 16 x 16 px પ્રયત્ન કરીશું. એક ફેવિકોન જનરેટર મદદથી પેદા થાય છે. [Favicon-generator.org],
Analytics,ઍનલિટિક્સ,
Annual,વાર્ષિક,
Anonymous,અનામિક,
Any string-based printer languages can be used. Writing raw commands requires knowledge of the printer's native language provided by the printer manufacturer. Please refer to the developer manual provided by the printer manufacturer on how to write their native commands. These commands are rendered on the server side using the Jinja Templating Language.,કોઈપણ શબ્દમાળા-આધારિત પ્રિંટર ભાષાઓનો ઉપયોગ કરી શકાય છે. કાચા આદેશો લખવા માટે પ્રિંટર ઉત્પાદક દ્વારા પ્રદાન થયેલ પ્રિંટરની મૂળ ભાષાના જ્ requiresાનની જરૂર છે. કૃપા કરીને તેમના મૂળ આદેશો કેવી રીતે લખવા તે અંગે પ્રિન્ટર ઉત્પાદક દ્વારા પ્રદાન કરવામાં આવેલ વિકાસકર્તા મેન્યુઅલનો સંદર્ભ લો. આ આદેશો જીંજા ટેમ્પ્લેટિંગ લેંગ્વેજનો ઉપયોગ કરીને સર્વર બાજુ રેન્ડર કરવામાં આવે છે.,
App,એપ્લિકેશન,
App Access Key,એપ્લિકેશન ઍક્સેસ કી,
App Client ID,એપ્લિકેશન ક્લાઈન્ટ ID ને,
App Client Secret,એપ્લિકેશન ક્લાઈન્ટ સિક્રેટ,
App Name,એપ્લિકેશન નામ,
App Secret Key,એપ્લિકેશન ગુપ્ત કી,
Append Emails to Sent Folder,મોકલેલા ફોલ્ડરમાં ઇમેઇલ્સ જોડો,
Append To,ઉમેરી,
Applicable For,માટે લાગુ પડે છે,
Application Logo,એપ્લિકેશન લોગો,
Application Name,એપ્લિકેશન નામ,
Application Version,એપ્લિકેશન સંસ્કરણ,
Applied On,પર લાગુ,
Apply Document Permissions,દસ્તાવેજ પરવાનગી લાગુ કરો,
Apply Only Once,ફક્ત એક જ વાર લાગુ કરો,
Apply Strict User Permissions,સખત વપરાશકર્તા પરવાનગીઓ લાગુ,
Apply To All Document Types,બધા દસ્તાવેજ પ્રકારોને લાગુ કરો,
Apply this rule if the User is the Owner,"વપરાશકર્તા માલિક છે, તો આ નિયમ લાગુ",
Apply this rule only once per document,દસ્તાવેજ દીઠ માત્ર એક વાર આ નિયમ લાગુ કરો,
Appreciation,પ્રશંસા,
Archived,પેટીવાળી,
Arial,એરિયલ,
Assign Condition,શરત સોંપો,
Assign To Users,વપરાશકર્તાઓને સોંપો,
Assigned,એસાઈન્ડ,
Assigned By,દ્વારા સોંપાયેલ,
Assigned By Full Name,આખું નામ દ્વારા સોંપાયેલ,
Assignment,સોંપણી,
Assignment Completed,સોંપણી પૂર્ણ,
Assignment Days,સોંપણી દિવસો,
Assignment Rule,સોંપણી નિયમ,
Assignment Rule Day,નિયુક્તિ નિયમ દિવસ,
Assignment Rule User,સોંપણી નિયમ વપરાશકર્તા,
Assignment Rules,સોંપણી નિયમો,
Assignments,સોંપણીઓ,
Attach,જોડો,
Attach Image,છબી સાથે જોડે છે,
Attach Print,પ્રિંટ જોડો,
Attached File,જોડેલી ફાઈલ,
Attached To DocType,Doctype સાથે જોડાયેલ,
Attached To Field,જોડાયેલ ફીલ્ડ,
Attached To Name,નામ સાથે જોડાયેલ,
Attachment,જોડાણ,
Attachment Limit (MB),જોડાણ મર્યાદા (MB),
Attachment Link,જોડાણ લિંક,
Attachment Removed,જોડાણ દૂર,
Attachments,જોડાણો,
Auth URL Data,ઑથ URL ડેટા,
Authentication,પ્રમાણીકરણ,
Author,લેખક,
Authorization Code,અધિકૃતતા કોડ,
Authorize API Indexing  Access,API અનુક્રમણિકા Authorક્સેસને અધિકૃત કરો,
Authorize Google Calendar Access,ગૂગલ કેલેન્ડર એક્સેસને અધિકૃત કરો,
Authorize Google Contacts Access,ગૂગલ સંપર્કો Authorક્સેસને અધિકૃત કરો,
Authorize Google Drive Access,ગૂગલ ડ્રાઇવ Authorક્સેસને અધિકૃત કરો,
Authorize URL,URL ને અધિકૃત કરો,
Authorized,અધિકૃત,
Auto,ઓટો,
Auto Email Report,ઓટો ઇમેઇલ રિપોર્ટ,
Auto Name,ઓટો નામ,
Auto Repeat,સ્વતઃ પુનરાવર્તન કરો,
Auto Reply Message,ઓટો જવાબ સંદેશ,
Automatically Assign Documents to Users,વપરાશકર્તાઓને આપમેળે દસ્તાવેજો સોંપો,
Automation,ઓટોમેશન,
Avatar,અવતાર,
Average,સરેરાશ,
Awaiting Password,પાસવર્ડની રાહ જોવી,
Awaiting password,પ્રતીક્ષામાં પાસવર્ડ,
BCC,બીસીસી,
Background Color,પૃષ્ઠભૂમિ રંગ,
Background Workers,પૃષ્ઠભૂમિ કામદાર,
Backup Details,બેકઅપ વિગતો,
Backup Files,બેકઅપ ફાઇલો,
Backup Folder ID,બેકઅપ ફોલ્ડર ID,
Backup Folder Name,બેકઅપ ફોલ્ડરનું નામ,
Backup Frequency,બેકઅપ આવર્તન,
Backup public and private files along with the database.,ડેટાબેઝ સાથે સાર્વજનિક અને ખાનગી ફાઇલોનો બેકઅપ લો.,
Backups,બેકઅપ,
Banner,બૅનર,
Banner HTML,બેનર HTML,
Banner Image,બૅનર છબી,
Banner is above the Top Menu Bar.,બૅનર ટોચની મેનૂ બાર ઉપર છે.,
Bar,બાર,
Barcode,બારકોડ,
Base Distinguished Name (DN),મૂળ નામાંકિત નામ (ડીએન),
Base URL,બેઝ URL,
Based On,પર આધારિત,
Based on Field,ક્ષેત્ર પર આધારિત,
Based on Permissions For User,વપરાશકર્તા માટે પરવાનગીઓ પર આધારિત,
Basic,મૂળભૂત,
Before Cancel,રદ કરતા પહેલા,
Before Delete,કા Deleteી નાંખો તે પહેલાં,
Before Insert,દાખલ કરતા પહેલા,
Before Save,સેવ કરતા પહેલા,
Before Save (Submitted Document),સેવ કરતા પહેલા (સબમિટ કરેલો દસ્તાવેજ),
Before Submit,સબમિટ કરતા પહેલા,
Beginner,પ્રારંભિક,
Beta,બીટા,
Billing,બિલિંગ,
Bio,બાયો,
Birth Date,જન્મ તારીખ,
Block Module,બ્લોક મોડ્યુલ,
Block Modules,બ્લોક મોડ્યુલો,
Blocked,અવરુદ્ધ,
Blog Category,બ્લોગ કેટેગરી,
Blog Intro,પ્રસ્તાવના બ્લોગ,
Blog Introduction,બ્લોગ પરિચય,
Blog Post,બ્લોગ પોસ્ટ,
Blog Settings,બ્લોગ સેટિંગ્સ,
Blog Title,બ્લોગ શીર્ષક,
Blogger,બ્લોગર,
Blue,બ્લુ,
Bold,બોલ્ડ,
Bot,બોટ,
Bottom,નીચે,
Bounced,Bounced,
Brand,બ્રાન્ડ,
Brand HTML,બ્રાન્ડ HTML,
Brand Image,બ્રાન્ડ છબી,
Breadcrumbs,બ્રેડક્રમ્સમાં,
Browser,બ્રાઉઝર,
Browser Version,બ્રાઉઝર સંસ્કરણ,
Brute Force Security,બ્રુટ ફોર્સ સિક્યુરિટી,
Bucket Name,ડોલનું નામ,
Bulk Update,બલ્ક અપડેટ,
Button,બટન,
Button Gradients,બટન ગ્રેડિએન્ટ્સ,
Button Rounded Corners,બટન ગોળાકાર ખૂણા,
Button Shadows,બટન શેડોઝ,
Bypass Restricted IP Address Check If Two Factor Auth Enabled,બાયપાસ પ્રતિબંધિત IP સરનામું તપાસો જો બે પરિબળ Aથ સક્ષમ છે કે નહીં,
Bypass Two Factor Auth for users who login from restricted IP Address,પ્રતિબંધિત IP સરનામાથી પ્રવેશ કરનારા વપરાશકર્તાઓ માટે બાયપાસ બે ફેક્ટર ઑથ,
Bypass restricted IP Address check If Two Factor Auth Enabled,બાયપાસ પ્રતિબંધિત IP સરનામું ચેક જો બે પરિબળ ઑથ સક્ષમ છે,
CC,સીસી,
CSS,સીએસએસ,
CSS Class,સીએસએસ વર્ગ,
CSV,CSV,
CTA Label,સીટીએ લેબલ,
CTA URL,સીટીએ યુઆરએલ,
Calendar,કેલેન્ડર,
Calendar Name,કૅલેન્ડર નામ,
Calendar View,કૅલેન્ડર દૃશ્ય,
Call,કૉલ,
Call To Action,કાર્ય માટે બોલાવો,
Call To Action URL,ક્રિયા URL ને ક Callલ કરો,
Callback Message,ક Callલબbackક સંદેશ,
Callback Title,ક Callલબbackક શીર્ષક,
Campaign,ઝુંબેશ,
Cancel,રદ કરો,
Cancelled,રદ,
Card,કાર્ડ,
Cards,કાર્ડ્સ,
Category,શ્રેણી,
Category Description,શ્રેણી વર્ણન,
Category Name,કેટેગરી નામ,
Center,કેન્દ્ર,
Chaining Hash,ચેનિંગ હેશ,
Change Label (via Custom Translation),લેબલ બદલવા (કસ્ટમ અનુવાદ મારફતે),
Change Password,પાસવર્ડ બદલો,
Channel,ચેનલ,
Chart,ચાર્ટ,
Chart Configuration,ચાર્ટ ગોઠવણી,
Chart Name,ચાર્ટ નામ,
Chart Options,ચાર્ટ વિકલ્પો,
Chart Source,ચાર્ટ સ્રોત,
Chart Type,ચાર્ટ પ્રકાર,
Charts,ચાર્ટ્સ,
Chat,ચેટ,
Check,તપાસો,
Check this if you want to force the user to select a series before saving. There will be no default if you check this.,"તમે બચત પહેલાં શ્રેણી પસંદ કરો વપરાશકર્તા પર દબાણ કરવા માંગો છો, તો આ તપાસો. તમે આ તપાસો જો કોઈ મૂળભૂત હશે.",
Checking this will hide custom doctypes and reports cards in Links section,આ તપાસી કસ્ટમ દસ્તાવેજો અને લિંક્સ વિભાગમાં રિપોર્ટ્સ કાર્ડ છુપાવશે,
Checksum Version,ચેકસમ વર્ઝન,
Child Tables are shown as a Grid in other DocTypes,ચાઇલ્ડ ટેબલ્સને અન્ય ડોકટાઇપ્સમાં ગ્રીડ તરીકે બતાવવામાં આવી છે,
Choose authentication method to be used by all users,બધા વપરાશકર્તાઓ દ્વારા ઉપયોગમાં લેવા માટે પ્રમાણીકરણ પદ્ધતિ પસંદ કરો,
City,સિટી,
City/Town,શહેર / નગર,
Clicked,વાપરો,
Client,ક્લાઈન્ટ,
Client Code,ક્લાયંટ કોડ,
Client Credentials,ક્લાઈન્ટ ઓળખપત્રો,
Client ID,ક્લાઇન્ટ ID,
Client Information,ક્લાયન્ટ માહિતી,
Client Script,ક્લાઇન્ટ સ્ક્રિપ્ટ,
Client Secret,ક્લાઈન્ટ સિક્રેટ,
Client URLs,ક્લાયન્ટ URL,
Close Condition,બંધ સ્થિતિ,
Closed,બંધ,
Code,કોડ,
Collapsible,સંકેલી શકાય એવું,
Collapsible Depends On,સંકેલી શકાય એવું પર આધાર રાખે છે,
Color,રંગ,
Column Break,હરોળ,
Column Name,સ્તંભ નામ,
Columns,કૉલમ,
Columns / Fields,ક Colલમ / ક્ષેત્રો,
Comment,ટિપ્પણી,
Comment By,દ્વારા ટિપ્પણી,
Comment Email,ટિપ્પણી ઇમેઇલ,
Comment Type,ટિપ્પણી લખો,
Comments and Communications will be associated with this linked document,ટિપ્પણીઓ અને કોમ્યુનિકેશન્સ આ કડી દસ્તાવેજ સાથે સંકળાયેલ હશે,
Commit,કમિટ,
Communication,કોમ્યુનિકેશન,
Communication Link,કમ્યુનિકેશન લિંક,
Communication Type,કોમ્યુનિકેશન પ્રકાર,
Compact Item Print,કોમ્પેક્ટ વસ્તુ છાપો,
Company History,કંપની ઇતિહાસ,
Company Introduction,કંપની પરિચય,
Company Name,કંપની નું નામ,
Complete,પૂર્ણ,
Completed,પૂર્ણ,
Component,પુન,
Condition,કન્ડિશન,
Conditions,શરતો,
Configuration,રૂપરેખાંકન,
Confirmation Email Template,પુષ્ટિ ઇમેઇલ Templateાંચો,
Console,કન્સોલ,
Console Log,કન્સોલ લ Logગ,
Contact,સંપર્ક,
Contact Details,સંપર્ક વિગતો,
Contact Email,સંપર્ક ઇમેઇલ,
Contact Numbers,સંપર્ક નંબર,
Contact Phone,સંપર્ક ફોન,
Contact Us Settings,અમારો સંપર્ક કરો સેટિંગ્સ,
"Contact options, like ""Sales Query, Support Query"" etc each on a new line or separated by commas.","વગેરે &quot;સેલ્સ ક્વેરી, આધાર ક્વેરી&quot; જેવા સંપર્ક વિકલ્પો, નવી લીટી પર દરેક અથવા અલ્પવિરામ દ્વારા અલગ થયેલ છે.",
Contacts,સંપર્કો,
Content,સામગ્રી,
Content (HTML),સામગ્રી (એચટીએમએલ),
Content (Markdown),સામગ્રી (માર્કડાઉન),
Content Hash,સામગ્રી હેશ,
Content Type,સામગ્રી પ્રકાર,
Context,સંદર્ભ,
Context Script,સંદર્ભ સ્ક્રિપ્ટ,
Contributed,ફાળો આપ્યો,
Contribution Document Name,ફાળો દસ્તાવેજનું નામ,
Contribution Status,ફાળો સ્થિતિ,
Copyright,કૉપિરાઇટ,
Core,કોર,
Count,ગણતરી,
Count Filter,ગણક ફિલ્ટર,
Counter,કાઉન્ટર,
Country,દેશ,
Country Name,દેશ નામ,
County,કાઉન્ટી,
Create,બનાવો,
Create Contacts from Incoming Emails,આવનારા ઇમેઇલ્સથી સંપર્કો બનાવો,
Create Entry,એન્ટ્રી બનાવો,
Create Log,લોગ બનાવો,
Create and Send Newsletters,બનાવો અને મોકલો ન્યૂઝલેટર્સ,
Created,બનાવ્યું,
Criticism,ટીકા,
Cron,ક્રોન,
Cron Format,ક્રોન ફોર્મેટ,
Currency,કરન્સી,
Currency Name,કરન્સી નામ,
Currency Precision,કરન્સી શુદ્ધતા,
Current,વર્તમાન,
Custom,કસ્ટમ,
Custom Base URL,કસ્ટમ બેઝ URL,
Custom CSS,કસ્ટમ CSS,
Custom Configuration,કસ્ટમ રૂપરેખાંકન,
Custom DocPerm,કસ્ટમ DocPerm,
Custom Field,કસ્ટમ ફીલ્ડ,
Custom Format,કસ્ટમ ફોર્મેટ,
Custom HTML Help,કસ્ટમ HTML મદદ,
Custom Menu Items,વૈવિધ્યપૂર્ણ મેનુ વસ્તુઓ,
Custom Options,કસ્ટમ વિકલ્પો,
Custom Overrides,કસ્ટમ ઓવરરાઇડ્સ,
Custom Report,કસ્ટમ રિપોર્ટ,
Custom Role,કસ્ટમ ભૂમિકા,
Custom SCSS,કસ્ટમ એસ.સી.એસ.એસ.,
Custom Sidebar Menu,કસ્ટમ સાઇડબાર મેનુ,
Custom?,કસ્ટમ?,
Customization,કસ્ટમાઇઝેશન,
Customize Form,ફોર્મ કસ્ટમાઇઝ,
Customize Form Field,ફોર્મ ક્ષેત્ર કસ્ટમાઇઝ,
DESC,DESC,
Daily,દૈનિક,
Daily Long,દૈનિક લાંબી,
Danger,ભય,
Dark Color,ડાર્ક કલર,
Dashboard,ડેશબોર્ડ,
Dashboard Chart,ડેશબોર્ડ ચાર્ટ,
Dashboard Chart Field,ડેશબોર્ડ ચાર્ટ ક્ષેત્ર,
Dashboard Chart Link,ડેશબોર્ડ ચાર્ટ લિંક,
Dashboard Chart Source,ડેશબોર્ડ ચાર્ટ સ્રોત,
Dashboard Manager,ડેશબોર્ડ મેનેજર,
Dashboard Name,ડેશબોર્ડ નામ,
Dashboard Settings,ડેશબોર્ડ સેટિંગ્સ,
Dashboards,ડેશબોર્ડ્સ,
Data,ડેટા,
Data Export,ડેટા નિકાસ,
Data Import,ડેટા આયાત,
Database Engine,ડેટાબેઝ એન્જિન,
Date,તારીખ,
Date Format,તારીખ ફોર્મેટ,
Date Range,તારીખ રેંજ,
Date and Number Format,તારીખ અને સંખ્યા ફોર્મેટ,
Datetime,તારીખ સમય,
Day,દિવસ,
Day of Week,અઠવાડિયાના દિવસ,
Days After,દિવસો પછી,
Days Before,દિવસ પહેલા,
Days Before or After,દિવસો પહેલાં અથવા પછી,
Default,મૂળભૂત,
Default Incoming,મૂળભૂત ઇનકમિંગ,
Default Letter Head,પત્ર હેડ મૂળભૂત,
Default Outgoing,મૂળભૂત આઉટગોઇંગ,
Default Portal Home,ડિફaultલ્ટ પોર્ટલ હોમ,
Default Print Format,મૂળભૂત પ્રિન્ટ ફોર્મેટ,
Default Print Language,ડિફaultલ્ટ છાપવાની ભાષા,
Default Redirect URI,મૂળભૂત રીડાયરેક્ટ યુઆરઆઇ,
Default Role at Time of Signup,સાઇનઅપ સમયે મૂળભૂત ભૂમિકા,
Default Sort Field,ડિફોલ્ટ સortર્ટ ક્ષેત્ર,
Default Sort Order,ડિફોલ્ટ સortર્ટ Orderર્ડર,
Default Value,મૂળભૂત કિંમત,
"Default: ""Contact Us""",ડિફોલ્ટ: &quot;અમારો સંપર્ક કરો&quot;,
DefaultValue,DefaultValue,
Defaults,ડિફૉલ્ટ્સ,
Defines actions on states and the next step and allowed roles.,રાજ્યો પર ક્રિયાઓ અને આગામી પગલું અને મંજૂરી ભૂમિકા વ્યાખ્યાયિત કરે છે.,
Defines workflow states and rules for a document.,એક દસ્તાવેજ માટે વર્કફ્લો સ્ટેટ્સ અને નિયમો વ્યાખ્યાયિત કરે છે.,
Delayed,વિલંબિત,
Delete,કાઢી નાખો,
Deleted,ડિલીટ,
Deleted DocType,ડિલીટ Doctype,
Deleted Document,ડિલીટ દસ્તાવેજ,
Deleted Name,ડિલીટ નામ,
Delivery Status,વિતરણ સ્થિતિ,
Department,વિભાગ,
Dependencies,અવલંબન,
Depends On,પર આધાર રાખે છે,
Description,વર્ણન,
"Description for listing page, in plain text, only a couple of lines. (max 200 characters)","સાદા ટેક્સ્ટમાં, સૂચિ પૃષ્ઠ માટેનું વર્ણન, ફક્ત થોડા લીટીઓ. (મહત્તમ 200 અક્ષરો)",
Designation,હોદ્દો,
Desk,ડેસ્ક,
Desk Access,ડેસ્ક ઍક્સેસ,
Desktop Icon,ડેસ્કટોપ ચિહ્ન,
Details,વિગતો,
"Different ""States"" this document can exist in. Like ""Open"", ""Pending Approval"" etc.","વિવિધ &quot;સ્ટેટ્સ&quot; આ દસ્તાવેજ &quot;ખોલો&quot; ગમે છે. હાજર હોઈ શકે, &quot;મંજૂરી બાકી&quot; વગેરે",
Digits,અંકો,
Disable Auto Refresh,સ્વત. તાજું કરો અક્ષમ કરો,
Disable Comments,ટિપ્પણીઓ અક્ષમ કરો,
Disable Count,ગણતરી અક્ષમ કરો,
Disable SMTP server authentication,SMTP સર્વર પ્રમાણીકરણને અક્ષમ કરો,
Disable Sidebar Stats,સાઇડબાર આંકડા અક્ષમ કરો,
Disable Signup,સાઇનઅપ અક્ષમ કરો,
Disable Standard Email Footer,પ્રમાણભૂત ઇમેઇલ ફૂટર અક્ષમ કરો,
Disabled,અક્ષમ,
Display,ડિસ્પ્લે,
Display Depends On,ડિસ્પ્લે પર આધાર રાખે છે,
Doc Event,ડૉક ઇવેન્ટ,
Doc Events,ડોક ઇવેન્ટ્સ,
Doc Status,ડૉક સ્થિતિ,
DocField,DocField,
DocPerm,DocPerm,
DocShare,DocShare,
DocType,ડ Docકટાઇપ,
DocType Action,ડ Docકટાઇપ .ક્શન,
DocType Event,ડ Docકટાઇપ ઇવેન્ટ,
DocType Link,ડ Docકટાઇપ લિંક,
DocType View,ડોકટાઇપ વ્યૂ,
DocType is a Table / Form in the application.,Doctype અરજી એક ટેબલ / સ્વરૂપ છે.,
DocType on which this Workflow is applicable.,Doctype જેના પર આ વર્કફ્લો લાગુ પડે છે.,
Doctype,Doctype,
Document,દસ્તાવેજ,
Document Actions,દસ્તાવેજ ક્રિયાઓ,
Document Follow,દસ્તાવેજ અનુસરો,
Document Link,દસ્તાવેજ લિંક,
Document Links,દસ્તાવેજ લિંક્સ,
Document Name,દસ્તાવેજ નામ,
Document Naming Rule,દસ્તાવેજ નામકરણનો નિયમ,
Document Naming Rule Condition,દસ્તાવેજ નામકરણની નિયમની સ્થિતિ,
Document Share,દસ્તાવેજ શેર,
Document Share Report,દસ્તાવેજ શેર રિપોર્ટ,
Document States,દસ્તાવેજ સ્ટેટ્સ,
Document Tag,દસ્તાવેજ ટ Tagગ,
Document Title,દસ્તાવેજ શીર્ષક,
Document Type,દસ્તાવેજ પ્રકારની,
Document Type to Track,ટ્રેક કરવા માટે દસ્તાવેજ પ્રકાર,
Document Types,દસ્તાવેજ પ્રકાર,
Documentation Link,દસ્તાવેજીકરણ લિંક,
Documentation URL,દસ્તાવેજીકરણ URL,
Domain,ડોમેન,
Domain Settings,ડોમેન સેટિંગ્સ,
Domains HTML,ડોમેન્સ એચટીએમએલ,
"Don't HTML Encode HTML tags like &lt;script&gt; or just characters like &lt; or &gt;, as they could be intentionally used in this field","શું ન ગમે &lt;સ્ક્રિપ્ટ&gt; અથવા માત્ર અક્ષરો જેવા &lt;અથવા&gt;, કારણ કે તેઓ ઈરાદાપૂર્વક આ ક્ષેત્રમાં ઉપયોગ કરી શકાય એચટીએમએલ બેવડી એચટીએમએલ ટૅગ્સ",
Don't Override Status,સ્થિતિ પર ફરીથી કરો,
Don't Send Emails,ઇમેઇલ્સ મોકલો નહીં,
Donut,ડ Donનટ,
Download Backups,ડાઉનલોડ કરો બેકઅપ,
Download Template,ડાઉનલોડ નમૂનો,
Dropbox Access Token,ડ્રૉપબૉક્સ ઍક્સેસ ટોકન,
Dropbox Settings,ડ્રૉપબૉક્સ સુયોજનો,
Dropdowns,નીચે આવતા,
Due Date,નિયત તારીખ,
Due Date Based On,નિયત તારીખ આધારિત,
Duration,સમયગાળો,
Dynamic Filters,ગતિશીલ ફિલ્ટર્સ,
Dynamic Filters JSON,ગતિશીલ ફિલ્ટર્સ જેએસઓએન,
Dynamic Filters Section,ગતિશીલ ફિલ્ટર્સ વિભાગ,
Dynamic Link,ડાયનેમિક લિંક,
Dynamic Report Filters,ગતિશીલ અહેવાલ ગાળકો,
Dynamic Route,ગતિશીલ માર્ગ,
Dynamic Template,ગતિશીલ Templateાંચો,
Edit,ફેરફાર કરો,
Edit Values,મૂલ્યો સંપાદિત કરો,
Editable Grid,સંપાદનયોગ્ય ગ્રીડ,
Eg. smsgateway.com/api/send_sms.cgi,ઉદા. smsgateway.com/api/send_sms.cgi,
Email,ઇમેઇલ,
Email Account,ઇમેઇલ એકાઉન્ટ,
Email Account Name,ઇમેઇલ એકાઉન્ટ નામ,
Email Address,ઈ - મેઈલ સરનામું,
Email Address whose Google Contacts are to be synced.,ઇમેઇલ સરનામું જેના ગુગલ સંપર્કો સમન્વયિત થવાના છે.,
Email Addresses,ઇમેઇલ સરનામાંઓ,
Email Domain,ઇમેઇલ ડોમેન,
Email Flag Queue,ઇમેઇલ ધ્વજ કતાર,
Email Footer Address,ઈમેઈલ ફૂટર સરનામું,
Email Group,ઇમેઇલ ગ્રુપ,
Email Group Member,ઇમેઇલ ગ્રુપ સભ્ય,
Email ID,ઇમેઇલ આઈડી,
Email IDs,ઇમેઇલ ids,
Email Id,ઇમેઇલ ને,
Email Inbox,ઇમેઇલ ઇનબboxક્સ,
Email Queue,ઇમેઇલ કતાર,
Email Queue Recipient,ઇમેઇલ કતાર મેળવનાર,
Email Queue records.,ઇમેઇલ કતાર રેકોર્ડ.,
Email Reply Help,ઇમેઇલ જવાબ સહાય,
Email Rule,ઇમેઇલ નિયમ,
Email Sent,ઇમેઇલ મોકલ્યો છે,
Email Settings,ઇમેઇલ સેટિંગ્સ,
Email Signature,ઇમેઇલ સહી,
Email Status,ઇમેઇલ સ્થિતિ,
Email Sync Option,ઇમેઇલ સમન્વયન વિકલ્પ,
Email Template,ઇમેઇલ ઢાંચો,
Email To,ઇમેલ,
Email Unsubscribe,ઇમેઇલ ઉમેદવારી દૂર કરો,
Emails will be sent with next possible workflow actions,આગામી સંભવિત કાર્યપ્રવાહ ક્રિયાઓ સાથે ઇમેઇલ્સ મોકલવામાં આવશે,
Enable,સક્ષમ કરો,
Enable Auto Reply,ઓટો જવાબ સક્ષમ,
Enable Automatic Backup,સ્વચાલિત બેકઅપને સક્ષમ કરો,
Enable Automatic Linking in Documents,દસ્તાવેજોમાં સ્વચાલિત લિંકને સક્ષમ કરો,
Enable Comments,ટિપ્પણીઓ સક્ષમ,
Enable Email Notifications,ઇમેઇલ સૂચનાઓને સક્ષમ કરો,
Enable Google Indexing,ગૂગલ ઇન્ડેક્સિંગને સક્ષમ કરો,
Enable In App Website Tracking,એપ્લિકેશન વેબસાઇટ ટ્રેકિંગમાં સક્ષમ કરો,
Enable Incoming,ઇનકમિંગ સક્ષમ,
Enable Onboarding,Boardનબોર્ડિંગને સક્ષમ કરો,
Enable Outgoing,આઉટગોઇંગ સક્ષમ,
Enable Password Policy,પાસવર્ડ નીતિને સક્ષમ,
Enable Print Server,પ્રિન્ટ સર્વર સક્ષમ કરો,
Enable Raw Printing,કાચો મુદ્રણ સક્ષમ કરો,
Enable Scheduled Jobs,સુનિશ્ચિત નોકરી સક્ષમ,
Enable Security,સુરક્ષા સક્ષમ કરો,
Enable Social Login,સામાજિક લૉગિન સક્ષમ કરો,
Enable Social Sharing,સામાજિક વહેંચણીને સક્ષમ કરો,
Enable Two Factor Auth,બે ફેક્ટર ઑથ સક્ષમ કરો,
Enabled,સક્ષમ,
End Date,સમાપ્તિ તારીખ,
End Date Field,સમાપ્તિ તારીખ ક્ષેત્ર,
Endpoint URL,એન્ડપોઇંટ URL,
Endpoints,એન્ડપોઇન્ટ્સ,
Ends on,રોજ સમાપ્ત થાય છે,
Energy Point,એનર્જી પોઇન્ટ,
Energy Point Log,એનર્જી પોઇન્ટ લ Logગ,
Energy Point Rule,એનર્જી પોઇન્ટ નિયમ,
Energy Point Settings,એનર્જી પોઇન્ટ સેટિંગ્સ,
Energy Points,Energyર્જા પોઇંટ્સ,
Enter Form Type,ફોર્મ પ્રકાર દાખલ કરો,
"Enter default value fields (keys) and values. If you add multiple values for a field, the first one will be picked. These defaults are also used to set ""match"" permission rules. To see list of fields, go to ""Customize Form"".","મૂળભૂત કિંમત ક્ષેત્રો (કીઓ) અને કિંમતો દાખલ કરો. તમે એક ક્ષેત્ર માટે ઘણી કિંમતો ઉમેરવા માટે, પ્રથમ એક લેવામાં આવશે. આ મૂળભૂતો પણ &quot;મેચ&quot; પરવાનગી નિયમો સુયોજિત કરવા માટે ઉપયોગ થાય છે. ક્ષેત્રો યાદી જોવા માટે, &quot;કસ્ટમાઇઝ ફોર્મ&quot; પર જાઓ.",
"Enter static url parameters here (Eg. sender=ERPNext, username=ERPNext, password=1234 etc.)","અહીં સ્થિર URL પેરામીટર્સ દાખલ કરો (ઉદા. પ્રેષક = ERPNext, વપરાશકર્તા નામ = ERPNext, પાસવર્ડ = 1234 વગેરે)",
Enter url parameter for message,સંદેશ માટે URL પેરામીટર દાખલ,
Enter url parameter for receiver nos,રીસીવર અમે માટે URL પરિમાણ દાખલ,
Error,ભૂલ,
Error Log,ભૂલ લોગ,
Error Message,ક્ષતી સંદેશ,
Event,ઇવેન્ટ,
Event Category,ઇવેન્ટ કેટેગરી,
Event Participants,ઘટના ભાગ લેનારાઓ,
Event Type,ઇવેન્ટ પ્રકાર,
Everyone,દરેક વ્યક્તિને,
"Ex: ""colors"": [""#d1d8dd"", ""#ff5858""]","ઉદા: &quot;રંગો&quot;: [&quot;# d1d8dd&quot;, &quot;# ff5858&quot;]",
Example,ઉદાહરણ,
"Example: ""/desk""",ઉદાહરણ: &quot;/ ડેસ્ક&quot;,
Example: #Tree/Account,ઉદાહરણ: # વૃક્ષ / ખાતું,
Example: 00001,ઉદાહરણ: 00001,
Example: {{ subject }},ઉદાહરણ: {{વિષય},
Excel,એક્સેલ,
Exception,અપવાદ,
Execute,ચલાવો,
Expert,નિષ્ણાત,
Expiration time,સમાપ્તિ સમય,
Expire Notification On,સૂચના સમયમર્યાદા સમાપ્તિ પર,
Expired,સમાપ્ત,
Expires In,સમાપ્ત થાય છે,
Expires On,ના રોજ સમાપ્ત થાય,
Expiry time of QR Code Image Page,QR કોડ છબી પૃષ્ઠનો સમાપ્તિ સમય,
Export,નિકાસ,
Export From,માંથી નિકાસ કરો,
Expose Recipients,મેળવનારા પ્રદશિત,
"Expression, Optional","અભિવ્યક્તિ, વૈકલ્પિક",
Facebook,ફેસબુક,
Failed,નિષ્ફળ,
FavIcon,ફેવિકોન,
Fax,ફેક્સ,
Featured,ફીચર્ડ,
Feedback,પ્રતિસાદ,
Feedback Request,પ્રતિસાદ વિનંતી,
Fetch From,પ્રતિ મેળવો મેળવો,
Field,ક્ષેત્ર,
Field Description,ક્ષેત્ર વર્ણન,
Field Name,ફીલ્ડ નામ,
Field To Check,તપાસવા માટેનું ક્ષેત્ર,
Field Type,ફીલ્ડ પ્રકાર,
"Field that represents the Workflow State of the transaction (if field is not present, a new hidden Custom Field will be created)","વ્યવહાર વર્કફ્લો થાયા છે કે જે ક્ષેત્ર (ક્ષેત્રમાં હાજર ન હોય, તો એક નવું હિડન કસ્ટમ ફીલ્ડ બનાવવામાં આવશે)",
Field to Track,ટ્રેક કરવા માટેનું ક્ષેત્ર,
Fieldname,FIELDNAME,
Fields,ક્ષેત્રો,
Fields Multicheck,ફીલ્ડ્સ મલ્ટિચેક,
"Fields separated by comma (,) will be included in the ""Search By"" list of Search dialog box",અલ્પવિરામ દ્વારા અલગ ક્ષેત્રો () માં સમાવેશ કરવામાં આવશે શોધ સંવાદ બોક્સ યાદી &quot;દ્વારા શોધો&quot;,
Fieldtype,Fieldtype,
File,ફાઇલ,
File Backup,ફાઇલ બૅકઅપ,
File Information,ફાઇલ માહિતી,
File Name,ફાઈલનું નામ,
File Size,ફાઈલ માપ,
File Type,ફાઇલ પ્રકાર,
File URL,ફાઈલ URL,
Files,ફાઈલો,
Filter Data,ફિલ્ટર ડેટા,
Filter List,ફિલ્ટર સૂચિ,
Filter Meta,ફિલ્ટર મેટા,
Filter Name,ફિલ્ટર નામ,
Filter Values,ફિલ્ટર મૂલ્યો,
Filters,ગાળકો,
Filters Configuration,ગાળકો રૂપરેખાંકન,
Filters Display,ગાળકો ડિસ્પ્લે,
Filters JSON,ગાળકો JSON,
Filters Section,ફિલ્ટર્સ વિભાગ,
"Filters will be accessible via <code>filters</code>. <br><br>Send output as <code>result = [result]</code>, or for old style <code>data = [columns], [result]</code>","ગાળકો દ્વારા <code>filters</code> accessક્સેસ કરી શકાય છે.<br><br> <code>result = [result]</code> તરીકે આઉટપુટ મોકલો, અથવા જૂની શૈલી <code>data = [columns], [result]</code>",
Finished,સમાપ્ત,
First Name,પ્રથમ નામ,
First Success Message,પ્રથમ સફળ સંદેશ,
Flag,ધ્વજ,
Float,ફ્લોટ,
Float Precision,ફ્લોટ શુદ્ધતા,
Fold,ગડી,
Folder,ફોલ્ડર,
Font,ફોન્ટ,
Font Properties,ફontન્ટ ગુણધર્મો,
Font Size,અક્ષર ની જાડાઈ,
Fonts,ફોન્ટ,
Footer,ફૂટર,
Footer HTML,ફૂટર એચટીએમએલ,
Footer Items,ફૂટર વસ્તુઓ,
Footer Logo,ફૂટર લોગો,
Footer Template,ફૂટર Templateાંચો,
Footer Template Values,ફૂટર Templateાંચો મૂલ્યો,
Footer will display correctly only in PDF,ફૂટર ફક્ત પીડીએફમાં જ પ્રદર્શિત થશે,
For DocType Link / DocType Action,ડTકટાઇપ લિંક / ડ Docકટાઇપ ક્રિયા માટે,
For Document Event,દસ્તાવેજ ઇવેન્ટ માટે,
For User,વપરાશકર્તા માટે,
For Value,મૂલ્ય માટે,
For example: {} Open,ઉદાહરણ તરીકે: {} ખોલો,
"For help see <a href=""https://frappeframework.com/docs/user/en/guides/portal-development/web-forms"" target=""_blank"">Client Script API and Examples</a>","સહાય માટે <a href=""https://frappeframework.com/docs/user/en/guides/portal-development/web-forms"" target=""_blank"">ક્લાયંટ સ્ક્રિપ્ટ API અને ઉદાહરણો જુઓ</a>",
"For more information, <a class=""text-muted"" href=""https://erpnext.com/docs/user/manual/en/setting-up/email/linking-emails-to-document"">click here</a>.","વધુ માહિતી માટે, <a class=""text-muted"" href=""https://erpnext.com/docs/user/manual/en/setting-up/email/linking-emails-to-document"">અહીં ક્લિક કરો</a> .",
Force,ફોર્સ,
Force Show,ફોર્સ બતાવો,
Force User to Reset Password,પાસવર્ડને ફરીથી સેટ કરવા માટે વપરાશકર્તાને દબાણ કરો,
Form Settings,ફોર્મ સેટિંગ્સ,
Form URL-Encoded,ફોર્મ URL- એન્કોડેડ,
Format,ફોર્મેટ,
Format Data,બંધારણમાં માહિતી,
Forward To Email Address,ફોરવર્ડ ઇમેઇલ સરનામું,
Fraction,અપૂર્ણાંક,
Fraction Units,અપૂર્ણાંક એકમો,
Frappe,frappe,
Frequency,આવર્તન,
Friday,શુક્રવારે,
From,પ્રતિ,
From Date,તારીખ થી,
From Date Field,તારીખ ક્ષેત્રથી,
From Full Name,પૂર્ણ નામ પ્રતિ,
From User,વપરાશકર્તા પાસેથી,
Full,પૂર્ણ,
Full Name,આખુ નામ,
Full Width,પૂર્ણ પહોળાઈ,
Function,કાર્ય,
GMail,GMail,
Gantt,ગેન્ટ,
Gender,જાતિ,
Generate Keys,કીઝ જનરેટ કરો,
Geo,જીઓ,
Geolocation,ભૌગોલિક સ્થાન,
Get Contacts,સંપર્કો મેળવો,
Get your globally recognized avatar from Gravatar.com,Gravatar.com તમારા વૈશ્વિક માન્યતા અવતાર મેળવો,
Git Branch,ગિટ શાખા,
GitHub,GitHub,
Global Search DocType,વૈશ્વિક શોધ ડ Docકટાઇપ,
Global Search Settings,વૈશ્વિક શોધ સેટિંગ્સ,
Global Unsubscribe,વૈશ્વિક ઉમેદવારી દૂર કરો,
Go to Page,પૃષ્ઠ પર જાઓ,
Google,Google,
Google Analytics Anonymize IP,ગૂગલ ticsનલિટિક્સ અનામી IP,
Google Analytics ID,ગૂગલ ઍનલિટિક્સ ID ને,
Google Calendar,ગૂગલ કેલેન્ડર,
Google Calendar Event ID,ગૂગલ કેલેન્ડર ઇવેન્ટ ID,
Google Calendar ID,Google કૅલેન્ડર ID,
Google Contacts,ગૂગલ સંપર્કો,
Google Contacts Id,ગૂગલ સંપર્કો આઈડી,
Google Drive,ગુગલ ડ્રાઈવ,
Google Font,ગૂગલ ફontન્ટ,
Google Settings,ગૂગલ સેટિંગ્સ,
Google Snippet Preview,ગૂગલ સ્નિપેટ પૂર્વાવલોકન,
Grant Type,ગ્રાન્ટ પ્રકાર,
Green,ગ્રીન,
Group,ગ્રુપ,
Group By,જૂથ દ્વારા,
Group By Based On,ગ્રુપ બાય બેઝ્ડ ઓન,
Group By Type,પ્રકાર પ્રમાણે જૂથ,
Guest,ગેસ્ટ,
HH:mm,એચએચ: મીમી,
HH:mm:ss,એચએચ: મીમી: એસએસ,
HTML,એચટીએમએલ,
HTML Editor,એચટીએમએલ એડિટર,
HTML Page,એચટીએમએલ પૃષ્ઠ,
HTML for header section. Optional,હેડર વિભાગ માટે એચટીએમએલ. વૈકલ્પિક,
Half,અર્ધ,
Half Yearly,અર્ધ વાર્ષિક,
Half-yearly,અર્ધવાર્ષિક,
Has  Attachment,જોડાણ ધરાવે,
Has Domain,ડોમેનની,
Has Role,ભૂમિકા છે,
Has Web View,વેબ દૃશ્ય છે,
Header,મથાળું,
Header HTML,મથાળું એચટીએમએલ,
Header and Breadcrumbs,હેડર અને બ્રેડક્રમ્સમાં,
Headers,હેડર્સ,
Heading,મથાળું,
Heatmap,હીટમેપ,
Help,મદદ,
Help Article,સહાય લેખ,
Help Articles,મદદ લેખો,
Help Category,મદદ વર્ગ,
Help Dropdown,નીચે આવતા સહાય કરો,
Help HTML,મદદ HTML,
Helvetica,હેલ્વેટિકા,
Hidden,છુપાયેલું,
Hide,છુપાવો,
Hide Block,છુપાવો બ્લોક,
Hide Border,બોર્ડર છુપાવો,
Hide CTA,સીટીએ છુપાવો,
Hide Copy,કૉપિ કરો છુપાવો,
Hide Custom DocTypes and Reports,કસ્ટમ ડ Docકટાઇપ્સ અને રિપોર્ટ્સ છુપાવો,
Hide Days,દિવસો છુપાવો,
Hide Footer Signup,ફૂટર સાઇનઅપ છુપાવો,
Hide Login,લ Loginગિન છુપાવો,
Hide Seconds,સેકન્ડ્સ છુપાવો,
Hide Standard Menu,સ્ટાન્ડર્ડ મેનુ છુપાવવા,
Hide footer in auto email reports,સ્વતઃ ઇમેઇલ રિપોર્ટ્સમાં ફૂટર છુપાવો,
High,હાઇ,
Higher priority rule will be applied first,પહેલા ઉચ્ચતર અગ્રતાનો નિયમ લાગુ કરવામાં આવશે,
Highlight,હાઇલાઇટ,
Home,મુખ્ય પૃષ્ઠ,
Home Page,મુખ્ય પૃષ્ઠ પેજમાં,
Home Settings,હોમ સેટિંગ્સ,
Hourly,અવરલી,
Hourly Long,અવરલી લાંબી,
Hourly rate limit for generating password reset links,પાસવર્ડ ફરીથી સેટ લિંક્સ ઉત્પન્ન કરવા માટે અવરલી રેટ મર્યાદા,
"How should this currency be formatted? If not set, will use system defaults","આ ચલણ કેવી રીતે બંધારણ જોઈએ? સેટ નથી, તો, સિસ્ટમ મૂળભૂતોને વાપર્યા હશે",
ID (name) of the entity whose property is to be set,જેની મિલકત એન્ટિટી ID ને (નામ) સુયોજિત કરી શકાય છે,
IP Address,IP સરનામું,
Icon,ચિહ્ન,
Icon will appear on the button,ચિહ્ન બટન પર દેખાશે,
Identity Details,ઓળખની વિગતો,
Idx,IDX,
"If Apply Strict User Permission is checked and User Permission is defined for a DocType for a User, then all the documents where value of the link is blank, will not be shown to that User","લાગુ સખત વપરાશકર્તા પરવાનગી ચકાસાયેલ છે અને વપરાશકર્તા પરવાનગી વપરાશકર્તા માટે doctype માટે વ્યાખ્યાયિત કરવામાં આવે છે, તો પછી બધા દસ્તાવેજો જ્યાં લિંક કિંમત ખાલી છે, કે જે વપરાશકર્તાને બતાવવામાં આવશે નહીં",
If Checked workflow status will not override status in list view,ચેક વર્કફ્લો સ્થિતિ યાદી જુઓ સ્થિતિ પર ફરીથી લખી નહીં તો,
"If Icon is set, it will be shown instead of Label","જો ચિહ્ન સેટ કરેલું છે, તો તે લેબલને બદલે બતાવવામાં આવશે",
"If checked, all other workflows become inactive.","ચકાસાયેલ હોય, તો બધા અન્ય વર્કફ્લો નિષ્ક્રિય બની જાય છે.",
"If checked, users will not see the Confirm Access dialog.","જો ચકાસાયેલ હોય, વપરાશકર્તાઓ ખાતરી ઍક્સેસ સંવાદ દેખાશે નહીં.",
"If disabled, this role will be removed from all users.","જો અક્ષમ છે, આ ભૂમિકા બધા વપરાશકર્તાઓ દૂર કરવામાં આવશે.",
"If enabled,  user can login from any IP Address using Two Factor Auth, this can also be set for all users in System Settings","જો સક્ષમ કરેલ હોય, તો વપરાશકર્તા બે ફેક્ટર uthથનો ઉપયોગ કરીને કોઈપણ આઇપી સરનામાંથી લ loginગિન કરી શકે છે, આ સિસ્ટમ સેટિંગ્સમાંના બધા વપરાશકર્તાઓ માટે પણ સેટ કરી શકાય છે.",
"If enabled, all users can login from any IP Address using Two Factor Auth. This can also be set only for specific user(s) in User Page","જો સક્ષમ હોય, તો બધા વપરાશકર્તાઓ બે ફેક્ટર ઑથનો ઉપયોગ કરીને કોઈપણ IP સરનામાંમાંથી લૉગ ઇન કરી શકે છે. આ વપરાશકર્તા પૃષ્ઠમાં ફક્ત ચોક્કસ વપરાશકર્તા (વપરાશકર્તાઓ) માટે જ સેટ કરી શકાય છે",
"If enabled, changes to the document are tracked and shown in timeline","જો સક્ષમ કરેલ હોય, તો દસ્તાવેજમાં થયેલા ફેરફારો ટ્રેક કરવામાં આવે છે અને સમયરેખામાં બતાવવામાં આવે છે",
"If enabled, document views are tracked, this can happen multiple times","જો સક્ષમ કરેલ હોય, તો દસ્તાવેજ દૃશ્યો ટ્રedક કરવામાં આવે છે, આ ઘણી વખત થઈ શકે છે",
"If enabled, the document is marked as seen, the first time a user opens it","જો સક્ષમ કરેલ હોય, તો દસ્તાવેજ જોયું તરીકે ચિહ્નિત થયેલ છે, જ્યારે કોઈ વપરાશકર્તા તેને ખોલે છે",
"If enabled, the notification will show up in the notifications dropdown on the top right corner of the navigation bar.","જો સક્ષમ કરેલ હોય, તો સૂચના, નેવિગેશન બારના ઉપરના જમણા ખૂણા પરની સૂચના ડ્રોપડાઉનમાં દેખાશે.",
"If enabled, the password strength will be enforced based on the Minimum Password Score value. A value of 2 being medium strong and 4 being very strong.","જો સક્ષમ હોય, તો પાસવર્ડ તાકાત ન્યુનત્તમ પાસવર્ડ સ્કોર કિંમત પર આધારિત લાગુ કરવામાં આવશે. 2 મૂલ્ય મધ્યમ મજબૂત છે અને 4 ખૂબ જ મજબૂત છે.",
"If enabled, users who login from Restricted IP Address, won't be prompted for Two Factor Auth","જો સક્ષમ કરેલ હોય, તો વપરાશકર્તાઓ કે જેઓ પ્રતિબંધિત IP એડ્રેસથી પ્રવેશ કરે છે, તેઓને બે ફેક્ટર ઑથ માટે પૂછવામાં આવશે નહીં",
"If enabled, users will be notified every time they login. If not enabled, users will only be notified once.","જો સક્ષમ હોય, વપરાશકર્તાઓ, દર વખતે તેઓ લોગીન જાણ કરવામાં આવશે. જો સક્ષમ છે, તો વપરાશકર્તાઓ માત્ર એક જ વાર જાણ કરવામાં આવશે.",
If non standard port (e.g. 587),બિન માનક પોર્ટ (દા.ત. 587),
"If non standard port (e.g. 587). If on Google Cloud, try port 2525.","બિન પ્રમાણભૂત પોર્ટ (દા.ત. 587). Google મેઘ પર જો, પોર્ટ 2525 ની અજમાવી જુઓ",
"If non-standard port (e.g. POP3: 995/110, IMAP: 993/143)","જો બિન-માનક બંદર (દા.ત. POP3: 995/110, IMAP: 993/143)",
"If not set, the currency precision will depend on number format","જો તે સેટ નથી, ચલણ ચોકસાઇ સંખ્યા ફોર્મેટ પર આધારિત છે",
"If the user has any role checked, then the user becomes a ""System User"". ""System User"" has access to the desktop","વપરાશકર્તા કોઇ ભૂમિકા ચકાસાયેલ હોય, તો પછી વપરાશકર્તા &quot;સિસ્ટમ વપરાશકર્તા&quot; બની જાય છે. &quot;સિસ્ટમ વપરાશકર્તા&quot; ડેસ્કટોપ ઍક્સેસ છે",
If user is the owner,"વપરાશકર્તા માલિક છે, તો",
"If you set this, this Item will come in a drop-down under the selected parent.","તમે આ સમૂહ, તો આ આઇટમની પસંદ કરેલ પિતૃ હેઠળ એક ડ્રોપ ડાઉન આવશે.",
"If your data is in HTML, please copy paste the exact HTML code with the tags.","તમારી માહિતી HTML માં છે, તો કૃપા કરીને ટૅગ્સ સાથે ચોક્કસ HTML કોડ પેસ્ટ નકલ કરો.",
Ignore User Permissions,વપરાશકર્તા પરવાનગીઓ અવગણો,
Ignore XSS Filter,એક્સએસએસ ફિલ્ટર અવગણો,
Ignore attachments over this size,આ માપ પર જોડાણો અવગણો,
Ignored Apps,અવગણાયેલ એપ્લિકેશન્સ,
Image,છબી,
Image Field,છબી ક્ષેત્ર,
Image Link,છબી લિંક,
Implicit,અભિપ્રેત,
Import,આયાત,
Import File,ફાઇલ આયાત કરો,
Import File Errors and Warnings,ફાઇલ ભૂલો અને ચેતવણીઓ આયાત કરો,
Import Log,આયાત લોગ,
Import Log Preview,લ Importગ પૂર્વાવલોકન આયાત કરો,
Import Preview,પૂર્વાવલોકન આયાત કરો,
Import Type,આયાતનો પ્રકાર,
Import Warnings,ચેતવણીઓ આયાત કરો,
Import from Google Sheets,ગૂગલ શીટ્સમાંથી આયાત કરો,
In Days,દિવસોમાં,
In Filter,ફિલ્ટર,
In Global Search,વૈશ્વિક શોધ,
In List View,યાદી દૃશ્યમાં,
In Preview,પૂર્વદર્શનમાં,
In Reply To,જવાબમાં,
In Standard Filter,સ્ટાન્ડર્ડ ફિલ્ટર,
In points. Default is 9.,પોઇન્ટ છે. મૂળભૂત 9 છે.,
In seconds,સેકંડમાં,
Inbox,ઇનબોક્સ,
Inbox User,ઇનબોક્સ વપરાશકર્તા,
Include Search in Top Bar,શામેલ ટોચના બાર શોધો,
Include Web View Link in Email,ઇમેઇલમાં દસ્તાવેજ વેબ જુઓ લિંક મોકલો,
Index,ઈન્ડેક્સ,
Index Web Pages for Search,શોધ માટે અનુક્રમણિકા વેબ પૃષ્ઠો,
Indexing Authorization Code,અનુક્રમણિકા અધિકૃતતા કોડ,
Indexing Refresh Token,અનુક્રમણિકા તાજું ટોકન,
Indicator,સૂચક,
Indicator Color,સૂચક રંગ,
Info,માહિતી,
Initial Sync Count,આરંભિક સમન્વયન કાઉન્ટ,
InnoDB,InnoDB,
Insert After,પછી દાખલ કરો,
Insert New Records,નવા રેકોર્ડ્સ શામેલ કરો,
Insert Style,સામેલ કરો પ્રકાર,
Installed Application,ઇન્સ્ટોલ કરેલી એપ્લિકેશન,
Installed Applications,ઇન્સ્ટોલ કરેલી એપ્લિકેશનો,
Int,ઈન્,
Integration Request,એકત્રિકરણ વિનંતી,
Integrations,એકીકરણ,
Integrations can use this field to set email delivery status,એકીકરણ ઇમેઇલ વિતરણ સ્થિતિ ગોઠવવા માટે આ ક્ષેત્ર ઉપયોગ કરી શકો છો,
Interests,રૂચિ,
Intermediate,વચગાળાના,
Internal record of document shares,દસ્તાવેજ સરવાળો આંતરિક રેકોર્ડ,
Introduce your company to the website visitor.,વેબસાઇટ મુલાકાતી તમારી કંપની દાખલ.,
Introduction,પરિચય,
Introductory information for the Contact Us Page,આ અમારો સંપર્ક પેજમાં માટે પ્રારંભિક માહિતી,
Invalid,અમાન્ય,
Inverse,વ્યસ્ત,
Is Active,સક્રિય છે,
Is Attachments Folder,જોડાણો ફોલ્ડર છે,
Is Billing Contact,બિલિંગ સંપર્ક છે,
Is Child Table,બાળ ટેબલ છે,
Is Complete,પૂર્ણ છે,
Is Completed,પૂર્ણ થાય છે,
Is Custom Field,કસ્ટમ ક્ષેત્ર છે,
Is Default,મૂળભૂત છે,
Is Folder,ફોલ્ડર છે,
Is Home Folder,મુખ્ય પૃષ્ઠ ફોલ્ડર છે,
Is Mandatory Field,ફરજિયાત ફીલ્ડ છે,
Is Optional State,વૈકલ્પિક રાજ્ય છે,
Is Primary,પ્રાથમિક છે,
Is Primary Contact,પ્રાથમિક સંપર્ક,
Is Primary Mobile,પ્રાઇમરી મોબાઈલ છે,
Is Primary Phone,પ્રાઇમરી ફોન છે,
Is Private,ખાનગી છે,
Is Public,જાહેર છે,
Is Published Field,પ્રકાશિત ક્ષેત્ર છે,
Is Single,એક છે,
Is Skipped,છોડ્યું છે,
Is Spam,સ્પામ છે,
Is Standard,ધોરણ છે,
Is Submittable,Submittable છે,
Is Table,ટેબલ છે,
Is Tree,વૃક્ષ છે,
Is Unique,અનન્ય છે,
Is Your Company Address,તમારી કંપની સરનામું,
Item Label,આઇટમ લેબલ,
Item Type,આઇટમનો પ્રકાર,
JS,જેએસ,
JSON,JSON,
JSON Request Body,જેએસઓન વિનંતી બોડી,
JavaScript,જાવાસ્ક્રિપ્ટ,
JavaScript Format: frappe.query_reports['REPORTNAME'] = {},જાવાસ્ક્રિપ્ટ ફોર્મેટ: frappe.query_reports [&#39;REPORTNAME&#39;] = {},
Javascript,જાવાસ્ક્રિપ્ટ,
Jinja,જીંજા,
Kanban,Kanban,
Kanban Board,Kanban બોર્ડ,
Kanban Board Column,Kanban બોર્ડ કૉલમ,
Kanban Board Name,Kanban બોર્ડ નામ,
Keep track of all update feeds,તમામ અપડેટ ફીડ્સનો ટ્રૅક રાખો,
Keeps track of all communications,બધા સંદેશાવ્યવહારનો ટ્ર trackક રાખે છે,
Key,કી,
Keyboard Shortcuts,કીબોર્ડ શૉર્ટકટ્સ,
Knowledge Base Contributor,નોલેજ બેઝ સહયોગી,
Knowledge Base Editor,નોલેજ બેઝ સંપાદક,
LDAP Email Field,LDAP ઇમેઇલ ક્ષેત્ર,
LDAP First Name Field,LDAP પ્રથમ નામ ક્ષેત્ર,
LDAP Group,એલડીએપી ગ્રુપ,
LDAP Group Field,એલડીએપી ગ્રુપ ક્ષેત્ર,
LDAP Group Mapping,એલડીએપી ગ્રુપ મેપિંગ,
LDAP Group Mappings,એલડીએપી ગ્રુપ મેપિંગ્સ,
LDAP Last Name Field,એલડીએપી છેલ્લું નામ ક્ષેત્ર,
LDAP Middle Name Field,એલડીએપી મધ્યનું નામ ક્ષેત્ર,
LDAP Mobile Field,એલડીએપી મોબાઇલ ક્ષેત્ર,
LDAP Phone Field,એલડીએપી ફોન ક્ષેત્ર,
LDAP Search String,LDAP શોધ શબ્દમાળા,
LDAP Security,એલડીએપી સુરક્ષા,
LDAP Server Url,LDAP સર્વર URL,
LDAP Settings,એલડીએપી સેટિંગ્સ,
LDAP User Creation and Mapping,LDAP વપરાશકર્તા બનાવટ અને મેપિંગ,
LDAP Username Field,LDAP વપરાશકર્તા નામ ક્ષેત્ર,
Label,લેબલ,
Label Help,લેબલ મદદ,
Label and Type,લેબલ અને પ્રકાર,
Landing Page,લેન્ડિંગ પેજમાં,
Language,ભાષા,
Language Code,ભાષા કોડ,
Language Name,ભાષા નામ,
Last Active,સક્રિય છેલ્લું,
Last Backup On,છેલ્લું બેકઅપ ચાલુ,
Last Execution,છેલ્લું એક્ઝેક્યુશન,
Last IP,છેલ્લે IP,
Last Known Versions,છેલ્લા જાણીતા આવૃત્તિઓ,
Last Login,છેલ્લું લૉગિન,
Last Month,ગયા મહિને,
Last Name,છેલ્લું નામ,
Last Password Reset Date,છેલ્લું પાસવર્ડ ફરીથી સેટ કરવાની તારીખ,
Last Point Allocation Date,છેલ્લી બિંદુ ફાળવણીની તારીખ,
Last Quarter,છેલ્લું ક્વાર્ટર,
Last Sync On,છેલ્લું સમન્વયન ચાલુ કરો,
Last Synced On,છેલ્લું સમન્વયિત થયેલ,
Last User,છેલ્લો વપરાશકર્તા,
Last Week,ગયા સપ્તાહે,
Last Year,ગયું વરસ,
Lead Conversion Time,લીડ કન્વર્ઝન સમય,
Leaderboard,લીડરબોર્ડ,
Leave blank to repeat always,હંમેશા પુનરાવર્તન ખાલી છોડી દો,
Ledger,ખાતાવહી,
Left,ડાબે,
Legal,કાનૂની,
Length,લંબાઈ,
Letter,પત્ર,
Letter Head,પત્ર હેડ,
Letter Head Based On,લેટર હેડ બેઝ્ડ,
Letter Head Image,લેટર હેડ ઇમેજ,
Letter Head Name,પત્ર હેડ નામ,
Letter Head in HTML,HTML માં અક્ષર હેડ,
Level,સ્તર,
Level Name,સ્તરનું નામ,
License,લાઈસન્સ,
Light Color,પ્રકાશ રંગ,
Like,ગમે છે,
Likes,પસંદ,
Limit,મર્યાદા,
Limit Number of DB Backups,ડીબી બેકઅપ્સની મર્યાદા,
Line,લાઇન,
Link,કડી,
Link Cards,લિંક કાર્ડ્સ,
Link DocType,લિંક Doctype,
Link Document Type,લિંક દસ્તાવેજ પ્રકાર,
Link Fieldname,લિંક ક્ષેત્રનું નામ,
Link Name,લિંક નામ,
Link Title,લિંક શીર્ષક,
Link To,લિંક કરો,
Link to the page you want to open. Leave blank if you want to make it a group parent.,તમે ખોલવા માંગો છો પૃષ્ઠ પર લિંક. તમે તેને એક જૂથ પિતૃ બનાવવા માંગો છો તો ખાલી છોડી મૂકો.,
Linked,લિંક,
Linked Documents,લિંક કરેલા દસ્તાવેજો,
Links,કડીઓ,
List,યાદી,
List Filter,ફિલ્ટર યાદી,
List Settings,સૂચિ સેટિંગ્સ,
List View Settings,સૂચિ દૃશ્ય સેટિંગ્સ,
"List as [{""label"": _(""Jobs""), ""route"":""jobs""}]","[{: _ ( &quot;નોકરી&quot;), &quot;માર્ગ&quot;: &quot;નોકરી&quot; &quot;લેબલ&quot;}] તરીકે યાદી",
List of patches executed,પેચો યાદી ચલાવવામાં,
Load Balancing,લોડ બેલેન્સિંગ,
Location,સ્થાન,
Log,પ્રવેશ કરો,
Log Data,લ Logગ ડેટા,
Log Setting User,લ Logગ સેટિંગ યુઝર,
Log Settings,લ Logગ સેટિંગ્સ,
Login,પ્રવેશ,
Login After,લૉગિન પછી,
Login Before,પ્રવેશ પહેલાં,
Login Required,લૉગિન જરૂરી,
Logo Width,લોગોની પહોળાઈ,
Logout,લૉગ આઉટ,
Logout All Sessions on Password Reset,પાસવર્ડ ફરીથી સેટ કરવા પરના બધા સત્રોને લoutગઆઉટ કરો,
Logout From All Devices After Changing Password,પાસવર્ડ બદલ્યા પછી બધા ઉપકરણોમાંથી લ Logગઆઉટ કરો,
Long Text,લાંબા લખાણ,
Low,લો,
Main Section,મુખ્ય વિભાગ,
Main Section (HTML),મુખ્ય વિભાગ (એચટીએમએલ),
Main Section (Markdown),મુખ્ય વિભાગ (માર્કડાઉન),
Maintenance Manager,જાળવણી વ્યવસ્થાપક,
Maintenance User,જાળવણી વપરાશકર્તા,
"Make ""name"" searchable in Global Search",બનાવો &quot;નામ&quot; માં વૈશ્વિક શોધ શોધી,
Mandatory,ફરજિયાત,
Mandatory Depends On,ફરજિયાત ચાલુ રાખે છે,
Map route parameters into form variables. Example <code>/project/&lt;name&gt;</code>,ફોર્મ ચલોમાં નકશો માર્ગ પરિમાણો. ઉદાહરણ <code>/project/&lt;name&gt;</code>,
Markdown,Markdown,
Markdown Editor,માર્કડાઉન એડિટર,
Marked As Spam,સ્પામ તરીકે માર્ક,
Max 500 records at a time,એક સમયે મહત્તમ 500 રેકોર્ડ,
Max Attachment Size (in MB),મેક્સ જોડાણ માપ (MB માં),
Max Attachments,મેક્સ જોડાણો,
Max Length,મહત્તમ લંબાઈ,
Max Value,મેક્સ ભાવ,
Maximum,મહત્તમ,
Maximum Number of Fields,ક્ષેત્રોની મહત્તમ સંખ્યા,
Maximum Points,મહત્તમ પોઇંટ્સ,
Medium,મધ્યમ,
Meeting,બેઠક,
Mention,ઉલ્લેખ કરો,
Mentions,ઉલ્લેખો,
Message,સંદેશ,
Message (HTML),સંદેશ (એચટીએમએલ),
Message (Markdown),સંદેશ (માર્કડાઉન),
Message Examples,સંદેશ ઉદાહરણો,
Message ID,સંદેશ ID ને,
Message Parameter,સંદેશ પરિમાણ,
Message-id,સંદેશ- ID,
Meta Description,મેટા વર્ણન,
Meta Image,મેટા છબી,
Meta Tags,મેટા ટ Tagsગ્સ,
Meta Title,મેટા શીર્ષક,
Method,પદ્ધતિ,
Middle Name,પિતાનું નામ,
Milestone,માઇલ સ્ટોન,
Milestone Tracker,માઇલ સ્ટોન ટ્રેકર,
Minimum,ન્યૂનતમ,
Minimum Password Score,ન્યુનત્તમ પાસવર્ડ સ્કોર,
Mobile No,મોબાઈલ નં,
Module,મોડ્યુલ,
Module Def,મોડ્યુલ ડેફ,
Module Name,મોડ્યુલ નામ,
Module Onboarding,મોડ્યુલ boardનબોર્ડિંગ,
Modules HTML,મોડ્યુલો HTML,
Monday,સોમવારે,
Monospace,વાળા,
Monthly,માસિક,
Monthly Long,માસિક લાંબી,
More Information,વધુ મહિતી,
More content for the bottom of the page.,આ પાનું તળિયે માટે વધુ સામગ્રી.,
Multiplier Field,ગુણાકાર ક્ષેત્ર,
Must be a publicly accessible Google Sheets URL,સાર્વજનિક રૂપે ibleક્સેસિબલ ગૂગલ શીટ્સ URL હોવી આવશ્યક છે,
"Must be of type ""Attach Image""",પ્રકાર હોવા જ જોઈએ &quot;છબી જોડો&quot;,
Mute Sounds,મ્યૂટ ધ્વનિઓ,
MyISAM,MyISAM,
Name,નામ,
Naming,નામકરણ,
Naming Series,નામકરણ સિરીઝ,
Navbar,નવબાર,
Navbar Item,નવબાર આઇટમ,
Navbar Settings,નવબાર સેટિંગ્સ,
Navbar Template,નવબાર Templateાંચો,
Navbar Template Values,નવબાર Templateાંચો મૂલ્યો,
New,નવું,
New Name,નવું નામ,
New value to be set,નવી કિંમત સુયોજિત કરવા,
Newsletter,ન્યૂઝલેટર,
Newsletter Email Group,ન્યૂઝલેટર ઇમેઇલ ગ્રુપ,
Newsletter Manager,ન્યૂઝલેટર વ્યવસ્થાપક,
Next Action Email Template,આગળ ઍક્શન ઇમેઇલ ઢાંચો,
Next Actions HTML,આગળ ક્રિયાઓ HTML,
Next Schedule Date,આગામી સૂચિ તારીખ,
Next State,આગામી રાજ્ય,
Next Sync Token,આગળ સમન્વયન ટોકન,
No,કોઈ,
No Copy,કોઈ નકલ,
No of Requested SMS,વિનંતી એસએમએસ કોઈ,
No of Rows (Max 500),પંક્તિઓ કોઈ (મહત્તમ 500),
No of Sent SMS,એસએમએસ કોઈ,
Non Negative,નકારાત્મક,
None,કંઈ નહીં,
Not Sent,મોકલવામાં આવ્યો ન,
Note,નૉૅધ,
Note Seen By,દ્વારા જોઈ નોંધ,
Note: By default emails for failed backups are sent.,નોંધ: નિષ્ફળ બેકઅપ્સ માટે ડિફૉલ્ટ ઇમેઇલ્સ દ્વારા મોકલવામાં આવે છે,
"Note: For best results,  images must be of the same size and width must be greater than height.","નોંધ: શ્રેષ્ઠ પરિણામો માટે, છબીઓ સમાન કદની હોવી આવશ્યક છે અને પહોળાઈ heightંચાઇ કરતા વધારે હોવી જોઈએ.",
Note: Multiple sessions will be allowed in case of mobile device,નોંધ: બહુવિધ સત્રો મોબાઇલ ઉપકરણ કિસ્સામાં મંજૂરી આપવામાં આવશે,
Notification,સૂચના,
Notification Log,સૂચના લ Logગ,
Notification Recipient,સૂચના પ્રાપ્તકર્તા,
Notification Settings,સૂચના સેટિંગ્સ,
Notification Subscribed Document,સૂચન સબ્સ્ક્રાઇબ કરેલું દસ્તાવેજ,
Notifications,સૂચનાઓ,
Notifications and bulk mails will be sent from this outgoing server.,સૂચનો અને બલ્ક મેલ્સ આ આઉટગોઇંગ સર્વર માંથી મોકલવામાં આવશે.,
Notify Users On Every Login,દર લૉગિન પર સૂચિત વપરાશકર્તાઓ,
Notify by Email,ઇમેઇલ દ્વારા સૂચિત,
Notify by email,ઇમેઇલ દ્વારા સૂચિત,
Notify if unreplied,Unreplied જો સૂચિત,
Notify if unreplied for (in mins),(મિનિટ) માટે unreplied જો સૂચિત,
Notify users with a popup when they log in,જ્યારે તેઓ પ્રવેશ વપરાશકર્તાઓ પોપઅપ સાથે સૂચિત,
Number Card,નંબર કાર્ડ,
Number Card Link,નંબર કાર્ડ લિંક,
Number Cards,નંબર કાર્ડ્સ,
Number Format,સંખ્યા ફોર્મેટ,
Number of Backups,બેકઅપ સંખ્યા,
Number of DB Backups,ડીબી બૅકઅપ્સની સંખ્યા,
Number of Groups,જૂથોની સંખ્યા,
Number of columns for a field in a Grid (Total Columns in a grid should be less than 11),એક ક્ષેત્ર માટે કૉલમ સંખ્યા ગ્રીડ (ગ્રીડ કુલ સ્તંભોને કરતાં ઓછી 11 હોવી જોઈએ),
Number of columns for a field in a List View or a Grid (Total Columns should be less than 11),કૉલમ સંખ્યા યાદી જુઓ અથવા ગ્રિડ એક ક્ષેત્ર માટે (કુલ સ્તંભોને 11 કરતાં ઓછી હોવી જોઈએ),
OAuth Authorization Code,ઑથ અધિકૃતતા કોડ,
OAuth Bearer Token,ઑથ બેરર ટોકન,
OAuth Client,ઑથ ક્લાઈન્ટ,
OAuth Client ID,OAuth ક્લાયંટ ID,
OAuth Provider Settings,ઑથ પ્રદાતા સેટિંગ્સ,
OTP App,OTP એપ્લિકેશન,
OTP Issuer Name,OTP રજૂકર્તાનું નામ,
Off,બંધ,
Office,ઓફિસ,
Office 365,ઓફિસ 365,
Older backups will be automatically deleted,જૂની બેકઅપ આપોઆપ કાઢી નાખવામાં આવશે,
On Hold,હોલ્ડ પર,
Onboarding Permission,ઓનબોર્ડિંગ પરવાનગી,
Onboarding Step,ઓનબોર્ડિંગ સ્ટેપ,
Onboarding Step Map,ઓનબોર્ડિંગ સ્ટેપ નકશો,
"Once submitted, submittable documents cannot be changed. They can only be Cancelled and Amended.",એકવાર સબમિટ થઈ ગયા પછી સબમિટ કરવા યોગ્ય દસ્તાવેજો બદલી શકાતા નથી. તેઓ ફક્ત રદ અને સુધારી શકાય છે.,
Only Allow Edit For,માત્ર ફેરફાર કરવા માટે પરવાનગી આપે છે,
Only Send Records Updated in Last X Hours,જ મોકલો રેકોર્ડ્સ છેલ્લે એક્સ કલાક અપડેટ કર્યું,
Open,ઓપન,
Open Documents,દસ્તાવેજો ખોલો,
Open Reference Document,ઓપન રેફરન્સ ડોક્યુમેન્ટ,
Open URL in a New Tab,નવા ટ Tabબમાં URL ખોલો,
Open a dialog with mandatory fields to create a new record quickly,નવો રેકોર્ડ ઝડપથી બનાવવા માટે ફરજિયાત ક્ષેત્રો સાથે સંવાદ ખોલો,
Opened,ખૂલેલા,
Operation,ઓપરેશન,
Optional: Always send to these ids. Each Email Address on a new row,વૈકલ્પિક: હંમેશા આ ID મોકલો. એક નવી પંક્તિ પર દરેક ઇમેઇલ સરનામું,
Optional: The alert will be sent if this expression is true,વૈકલ્પિક: આ સમીકરણ સાચું છે જો ચેતવણી મોકલવામાં આવશે,
Options,વિકલ્પો,
Options Help,વિકલ્પો મદદ,
Orange,નારંગી,
Order,ઓર્ડર,
Org History,સંસ્થા ઇતિહાસ,
Org History Heading,મથાળું સંસ્થા ઇતિહાસ,
Other,અન્ય,
Outlook.com,Outlook.com,
Output,આઉટપુટ,
PDF Page Size,પીડીએફ પાનું માપ,
PDF Settings,પીડીએફ સેટિંગ્સ,
Page,પૃષ્ઠ,
Page Break,પૃષ્ઠ વિરામ,
Page Builder,પૃષ્ઠ બિલ્ડર,
Page Building Blocks,પેજ બિલ્ડિંગ બ્લocksક્સ,
Page HTML,પેજમાં HTML,
Page Name,પૃષ્ઠ નામ,
Page Settings,પૃષ્ઠ સેટિંગ્સ,
Parameter,પરિમાણ,
Parent Field (Tree),પેરેંટ ફીલ્ડ (ટ્રી),
Parent Label,પિતૃ લેબલ,
Partial Success,આંશિક સફળતા,
Participants,સહભાગીઓ,
Passive,નિષ્ક્રીય,
Password,પાસવર્ડ,
Password Reset Link Generation Limit,પાસવર્ડ ફરીથી સેટ કરો લિન્ક જનરેશન મર્યાદા,
Password for Base DN,આધાર DN માટે પાસવર્ડ,
Patch,પેચ,
Patch Log,પેચ લોગ,
Path,પાથ,
Path to CA Certs File,સીએ સર્ટ્સ ફાઇલનો માર્ગ,
Path to Server Certificate,સર્વર પ્રમાણપત્રનો માર્ગ,
Path to private Key File,ખાનગી કી ફાઇલનો માર્ગ,
Pending,બાકી,
Pending Approval,મંજૂરી બાકી હોવી,
Pending Verification,બાકી ચકાસણી,
Percent,ટકા,
Percentage,ટકાવારી,
Period,પીરિયડ,
Perm Level,પર્મ સ્તર,
Permanent,કાયમી,
Permission Level,પરવાનગી સ્તર,
Permission Rules,પરવાનગી નિયમો,
Permissions,પરવાનગીઓ,
Permitted Documents For User,વપરાશકર્તા માટે પરવાનગી દસ્તાવેજો,
Personal,વ્યક્તિગત,
Personal Data Deletion Request,વ્યક્તિગત ડેટા કાtionી નાખવાની વિનંતી,
Personal Data Download Request,વ્યક્તિગત ડેટા ડાઉનલોડ કરવાની વિનંતી,
Phone,ફોન,
Phone No.,ફોન નંબર,
Phone Number,ફોન નંબર,
Pie,પાઇ,
Pincode,પીન કોડ,
Plant,પ્લાન્ટ,
Point Allocation Periodicity,પોઇન્ટ એલોકેશન સમયગાળો,
Points,પોઇન્ટ્સ,
Port,પોર્ટ,
Portal Menu,પોર્ટલ મેનુ,
Portal Menu Item,પોર્ટલ મેનુ વસ્તુ,
Portal Settings,પોર્ટલ સેટિંગ્સ,
Position,પોઝિશન,
Postal,ટપાલ,
Postal Code,પોસ્ટ કોડ,
Precision,શુદ્ધતા,
Preferred Billing Address,મનપસંદ બિલિંગ સરનામું,
Preferred Shipping Address,મનપસંદ શિપિંગ સરનામું,
Prefix,પૂર્વગ,
Prepared Report,તૈયાર રિપોર્ટ,
Prepared Report User,તૈયાર અહેવાલ વપરાશકર્તા,
Preview,પૂર્વદર્શન,
Preview HTML,પૂર્વાવલોકન HTML,
Preview Message,પૂર્વાવલોકન સંદેશ,
Previous Hash,અગાઉના હેશ,
Primary,પ્રાથમિક,
Primary Color,પ્રાથમિક રંગ,
Print,છાપો,
Print Format,પ્રિન્ટ ફોર્મેટ,
Print Format Builder,પ્રિન્ટ ફોર્મેટ બિલ્ડર,
Print Format Help,પ્રિન્ટ ફોર્મેટ મદદ,
Print Format Type,પ્રિન્ટ ફોર્મેટ પ્રકાર,
Print Hide,પ્રિંટ છુપાવો,
Print Hide If No Value,પ્રિંટ છુપાવો તો કોઈ કિંમત,
Print Server,સર્વર છાપો,
Print Settings,પ્રિંટ સેટિંગ્સને,
Print Style,પ્રિન્ટ શૈલી,
Print Style Name,છાપો પ્રકાર નામ,
Print Style Preview,શૈલી પૂર્વાવલોકન છાપો,
Print UOM after Quantity,જથ્થા પછી યુઓએમ છાપો,
Print Width,પ્રિન્ટ પહોળાઈ,
"Print Width of the field, if the field is a column in a table","ક્ષેત્રમાં એક ટેબલ એક સ્તંભ છે, તો આ ક્ષેત્ર પહોળાઈ છાપો",
Print taxes with zero amount,શૂન્ય રકમ સાથે કર છાપો,
Print with letterhead,letterhead સાથે છાપો,
Printer Name,પ્રિન્ટરનું નામ,
Printing,પ્રિન્ટિંગ,
Priority,પ્રાધાન્યતા,
Private,ખાનગી,
ProTip: Add <code>Reference: {{ reference_doctype }} {{ reference_name }}</code> to send document reference,ProTip ઉમેરો <code>Reference: {{ reference_doctype }} {{ reference_name }}</code> મોકલવા માટે દસ્તાવેજ સંદર્ભ,
Property,સંપત્તિ,
Property Depends On,સંપત્તિ પર આધાર રાખે છે,
Property Setter,સંપત્તિ પ્રાશ્નિક,
Property Setter overrides a standard DocType or Field property,સંપત્તિ પ્રાશ્નિક પ્રમાણભૂત Doctype અથવા ક્ષેત્રમાં મિલકત પર ફરીથી લખી નાંખશે,
Property Type,સંપત્તિ પ્રકાર,
Provider,પ્રદાતા,
Provider Name,પ્રદાતાનું નામ,
Public,જાહેર,
Publish,પ્રકાશિત કરો,
Published,પ્રકાશિત,
Published On,પર પ્રકાશિત,
Pull from Google Calendar,ગૂગલ કેલેન્ડરમાંથી ખેંચો,
Pull from Google Contacts,ગૂગલ સંપર્કોમાંથી ખેંચો,
Pulled from Google Calendar,ગૂગલ કેલેન્ડરથી ખેંચ્યું,
Pulled from Google Contacts,ગૂગલ સંપર્કોમાંથી ખેંચાય છે,
Purchase Manager,ખરીદી વ્યવસ્થાપક,
Purchase Master Manager,ખરીદી માસ્ટર વ્યવસ્થાપક,
Purchase User,ખરીદી વપરાશકર્તા,
Purple,જાંબલી,
Push to Google Calendar,ગૂગલ કેલેન્ડર પર દબાણ કરો,
Push to Google Contacts,ગૂગલ સંપર્કો પર દબાણ કરો,
Quarterly,ત્રિમાસિક,
Query,ક્વેરી,
Query / Script,ક્વેરી / સ્ક્રિપ્ટ,
Query Options,ક્વેરી વિકલ્પો,
Query Report,ક્વેરી રિપોર્ટ,
Queued,કતારબદ્ધ,
Quick Entry,ઝડપી એન્ટ્રી,
RAW Information Log,આરએડબ્લ્યુ માહિતી લોગ,
Random,રેન્ડમ,
Rating,રેટિંગ,
Raw Commands,કાચો આદેશો,
Raw Email,કાચો ઇમેઇલ,
Raw Printing,કાચો મુદ્રણ,
Read,વાંચો,
Read Only,ફક્ત વાંચી,
Read Only Depends On,ફક્ત વાંચવા પર આધાર રાખે છે,
Read Time,સમય વાંચો,
Read by Recipient,પ્રાપ્તકર્તા દ્વારા વાંચો,
Read by Recipient On,પ્રાપ્તકર્તા દ્વારા વાંચો,
Reason,કારણ,
Received,પ્રાપ્ત,
Receiver By Document Field,દસ્તાવેજ ક્ષેત્ર દ્વારા પ્રાપ્ત કરનાર,
Receiver By Role,રોલ દ્વારા રીસીવર,
Receiver Parameter,રીસીવર પરિમાણ,
Recipient,પ્રાપ્તકર્તા,
Recipient Unsubscribed,અનસબ્સ્ક્રાઇબ્ડ પ્રાપ્તિકર્તા,
Recipients,મેળવનારા,
Recorder,રેકોર્ડર,
Red,Red,
Redirect URI Bound To Auth Code,પુનઃદિશામાન યુઆરઆઇ ઑથ કોડ બંધાયેલ,
Redirect URIs,યુઆરઆઇને પુનઃદિશામાન,
Redirect URL,URL પુનઃદિશામાન,
Ref DocType,સંદર્ભ Doctype,
Reference,સંદર્ભ,
Reference Date,સંદર્ભ તારીખ,
Reference DocName,સંદર્ભ ડોકનામ,
Reference DocType,સંદર્ભ ડોકટાઇપ,
Reference Docname,સંદર્ભ ડોકનામ,
Reference Doctype,સંદર્ભ Doctype,
Reference Document,સંદર્ભ દસ્તાવેજ,
Reference Document Name,સંદર્ભ દસ્તાવેજનું નામ,
Reference Document Type,સંદર્ભ દસ્તાવેજ પ્રકારની,
Reference Name,સંદર્ભ નામ,
Reference Owner,સંદર્ભ માલિક,
Reference Report,સંદર્ભ અહેવાલ,
Reference Type,સંદર્ભ પ્રકાર,
Reference name,સંદર્ભ નામ,
Referrer,રેફરર,
Refresh Google Sheet,ગૂગલ શીટ તાજું કરો,
Refresh Token,પુનઃતાજું ટોકન,
Rejected,નકારેલું,
Relinked,relinked,
Reload,ફરી લાવો,
Remember Last Selected Value,યાદ રાખો છેલ્લા પસંદ કરેલ કિંમત,
Reminder,રીમાઇન્ડર,
Repeat On,પર પુનરાવર્તન,
Repeat Till,સુધી પુનરાવર્તન,
Repeat on Day,દિવસ પર પુનરાવર્તન કરો,
Repeat on Last Day of the Month,મહિનાના છેલ્લા દિવસે પુનરાવર્તન કરો,
Repeat this Event,આ ઘટના પુનરાવર્તન,
Replied,જવાબ આપ્યો,
Reply,જવાબ,
Report,રિપોર્ટ,
Report Builder,રિપોર્ટ બિલ્ડર,
Report Column,રિપોર્ટ કumnલમ,
Report Description,અહેવાલ વર્ણન,
Report Filter,રિપોર્ટ ફિલ્ટર,
Report Filters,રિપોર્ટ ગાળકો,
Report Hide,રિપોર્ટ છુપાવો,
Report Information,અહેવાલ માહિતી,
Report Manager,રિપોર્ટ મેનેજર,
Report Name,રિપોર્ટ નામ,
Report Reference Doctype,રિપોર્ટ સંદર્ભ ડોકટાઇપ,
Report Type,રિપોર્ટ પ્રકાર,
Reports,અહેવાલ,
Represents a User in the system.,સિસ્ટમમાં વપરાશકર્તા પ્રતિનિધિત્વ કરે છે.,
Represents the states allowed in one document and role assigned to change the state.,રાજ્ય બદલવા માટે સોંપેલ એક દસ્તાવેજ અને ભૂમિકા મંજૂરી સ્ટેટ્સ પ્રતિનિધિત્વ કરે છે.,
Request Data,વિનંતી ડેટા,
Request Structure,વિનંતી સ્ટ્રક્ચર,
Request URL,વિનંતી URL,
Requested Numbers,વિનંતી નંબર્સ,
Require Trusted Certificate,વિશ્વસનીય પ્રમાણપત્રની જરૂર છે,
Reset Password Key,પાસવર્ડ રીસેટ કરો કી,
Response,પ્રતિભાવ,
Response Type,પ્રતિભાવ પ્રકાર,
Restored,પુનર્સ્થાપિત,
Restrict IP,IP નિયંત્રિત,
Restrict To Domain,ડોમેન પર પ્રતિબંધિત કરો,
Restrict to Domain,DOMAIN પર પ્રતિબંધિત,
Restrict user from this IP address only. Multiple IP addresses can be added by separating with commas. Also accepts partial IP addresses like (111.111.111),માત્ર આ IP સરનામું માંથી વપરાશકર્તા નિયંત્રિત. ઘણાં IP સરનામાંઓ અલ્પવિરામથી અલગ કરીને ઉમેરી શકાય છે. પણ ગમે આંશિક IP સરનામાઓ સ્વીકારે (111.111.111),
Retry,ફરી પ્રયાસ કરો,
Reverse Icon Color,રિવર્સ ચિહ્ન રંગ,
Revert,પાછા ફરો,
Revert Of,રીવર્ટ ઓફ,
Reverted,પાછું ફેરવ્યું,
Review,સમીક્ષા,
Review Level,સમીક્ષા સ્તર,
Review Levels,સમીક્ષા સ્તર,
Review Points,સમીક્ષા પોઇન્ટ,
Revoked,રદ,
Rich Text,રીચ ટેક્સ્ટ,
Right,અધિકાર,
Robots.txt,robots.txt,
Role,ભૂમિકા,
Role Name,રોલ નામ,
Role Permission for Page and Report,પેજ અને રિપોર્ટ માટે રોલ પરવાનગી,
Role Permissions,ભૂમિકા પરવાનગીઓ,
Role Permissions Manager,ભૂમિકા પરવાનગીઓ વ્યવસ્થાપક,
Role Profile,રોલ પ્રોફાઇલ,
Role and Level,ભૂમિકા અને સ્તર,
Roles,ભૂમિકાઓ,
Roles Assigned,ભૂમિકા ભજવતા,
Roles HTML,ભૂમિકાઓ HTML,
Roles Html,ભૂમિકાઓ એચટીએમએલ,
Round Robin,રાઉન્ડ રોબિન,
Route,રૂટ,
Route History,રૂટ ઇતિહાસ,
Route Redirects,રૂટ રીડાયરેક્ટ્સ,
"Route: Example ""/desk""",માર્ગ: ઉદાહરણ &quot;/ ડેસ્ક&quot;,
Row Index,રો ઇન્ડેક્સ,
Row Name,પંક્તિનું નામ,
Rows Added,પંક્તિઓ ઉમેર્યું,
Rows Removed,પંક્તિઓ દૂર,
Rule,નિયમ,
Rule Conditions,નિયમની શરતો,
Rule Name,નિયમ નામ,
Rules defining transition of state in the workflow.,વર્કફ્લો રાજ્ય સંક્રમણ વ્યાખ્યાયિત નિયમો.,
"Rules for how states are transitions, like next state and which role is allowed to change state etc.","સ્ટેટ્સ આગામી રાજ્ય અને જે ભૂમિકા જેવા સંક્રમણો, કેવી રીતે નિયમો વગેરે રાજ્ય બદલવા માટે માન્ય છે",
Rules with higher priority number will be applied first.,ઉચ્ચ અગ્રતા નંબર સાથેના નિયમો પહેલા લાગુ કરવામાં આવશે.,
Run Jobs only Daily if Inactive For (Days),જો દિવસો માટે નિષ્ક્રિય હોય તો જ રોજ રોજગાર ચલાવો,
Run scheduled jobs only if checked,ચકાસાયેલ તો માત્ર સુનિશ્ચિત નોકરી ચલાવો,
S3 Backup Settings,S3 બેકઅપ સેટિંગ્સ,
S3 Bucket Details,એસ 3 ડોલની વિગતો,
SMS,એસએમએસ,
SMS Gateway URL,એસએમએસ ગેટવે URL,
SMS Log,એસએમએસ લોગ,
SMS Parameter,એસએમએસ પરિમાણ,
SMS Settings,એસએમએસ સેટિંગ્સ,
SMTP Settings for outgoing emails,આઉટગોઇંગ ઇમેઇલ્સ માટે SMTP સેટિંગ્સ,
"SQL Conditions. Example: status=""Open""",એસક્યુએલ શરતો. ઉદાહરણ: સ્થિતિ = &quot;ખોલો&quot;,
SSL/TLS Mode,SSL / TLS મોડ,
Sales Manager,વેચાણ મેનેજર,
Sales Master Manager,સેલ્સ માસ્ટર વ્યવસ્થાપક,
Sales User,સેલ્સ વપરાશકર્તા,
Salesforce,સેલફોર્સ,
Salutation,નમસ્કાર,
Sample,નમૂના,
Saturday,શનિવારે,
Save,સેવ કરો,
Scheduled,અનુસૂચિત,
Scheduled Job,અનુસૂચિત જોબ,
Scheduled Job Log,સુનિશ્ચિત જોબ લોગ,
Scheduled Job Type,સુનિશ્ચિત જોબનો પ્રકાર,
Scheduled To Send,મોકલવા માટે અનુસૂચિત,
Scheduler Event,સુનિશ્ચિત ઘટના,
Scope,અવકાશ,
Scopes,સ્કોપ્સ,
Script,સ્ક્રિપ્ટ,
Script Manager,સ્ક્રિપ્ટ મેનેજર,
Script Report,સ્ક્રિપ્ટ રિપોર્ટ,
Script Type,સ્ક્રિપ્ટ પ્રકાર,
Script to attach to all web pages.,સ્ક્રિપ્ટ બધા વેબ પાનાંઓ સાથે જોડે છે.,
Search Fields,શોધ ક્ષેત્રો,
Search Priorities,પ્રાધાન્યતા શોધો,
Section,વિભાગ,
Section Break,વિભાગ બ્રેક,
Security Settings,સુરક્ષા સેટિંગ્સ,
Seen,દેખાય,
Seen By,દ્વારા જોઈ,
Seen By Table,ટેબલ દેખાય,
Select,પસંદ કરો,
Select Dashboard,ડેશબોર્ડ પસંદ કરો,
Select Date Range,તારીખ રેંજ પસંદ કરો,
Select DocType,પસંદ કરો Doctype,
Select Doctype,ડોકટાઇપ પસંદ કરો,
Select Transaction,પસંદ ટ્રાન્ઝેક્શન,
Select an image of approx width 150px with a transparent background for best results.,શ્રેષ્ઠ પરિણામો માટે એક પારદર્શક પૃષ્ઠભૂમિ સાથે આશરે પહોળાઈ 150px એક છબી પસંદ કરો.,
Select the label after which you want to insert new field.,"તમે નવા ક્ષેત્ર દાખલ કરવા માંગો છો, જે પછી લેબલ પસંદ કરો.",
Send After,પછી મોકલો,
Send Alert On,ચેતવણી પર મોકલો,
Send Email Alert,ઇમેઇલ ચેતવણી મોકલો,
Send Email Print Attachments as PDF (Recommended),પીડીએફ તરીકે ઇમેઇલ પ્રિંટ જોડાણો મોકલો (ભલામણ કરેલ),
Send Email for Successful Backup,સફળ બેકઅપ માટે ઇમેઇલ મોકલો,
Send Email for Successful backup,સફળ બેકઅપ માટે ઇમેઇલ મોકલો,
Send Me A Copy of Outgoing Emails,આઉટગોઇંગ ઇમેઇલ્સની કૉપિ મને મોકલો,
Send Notification To,સૂચના મોકલો,
Send Notification to,સૂચના મોકલો,
Send Notifications For Documents Followed By Me,મારા દ્વારા અનુસરવામાં આવેલા દસ્તાવેજો માટે સૂચનાઓ મોકલો,
Send Notifications For Email Threads,ઇમેઇલ થ્રેડો માટે સૂચનાઓ મોકલો,
Send Notifications To,સૂચના મોકલો,
Send Print as PDF,પીડીએફ તરીકે છાપો મોકલો,
Send System Notification,સિસ્ટમ સૂચન મોકલો,
Send To All Assignees,બધા એસિનીઓને મોકલો,
Send Unsubscribe Link,મોકલો અનસબ્સ્ક્રાઇબ લિંક,
Send Welcome Email,સ્વાગત ઇમેઇલ મોકલો,
Send alert if date matches this field's value,"તારીખ આ ક્ષેત્ર કિંમત સાથે બંધબેસે, તો ચેતવણી મોકલી",
Send alert if this field's value changes,આ ક્ષેત્ર કિંમત ફેરફારો તો ચેતવણી મોકલી,
Send an email reminder in the morning,સવારે એક ઇમેઇલ રીમાઇન્ડર મોકલો,
Send days before or after the reference date,પહેલાં અથવા સંદર્ભ તારીખ પછી દિવસો મોકલો,
Send enquiries to this email address,આ ઈમેઈલ સરનામાને પૂછપરછ મોકલો,
Send only if there is any data,માત્ર મોકલો જો ત્યાં કોઈપણ માહિતી છે,
Send unsubscribe message in email,ઇમેઇલમાં અનસબ્સ્ક્રાઇબ સંદેશ મોકલો,
Sender,પ્રેષક,
Sender Email,પ્રેષક ઇમેઇલ,
Sender Name,પ્રેષકનું નામ,
Sendgrid,Sendgrid,
Sending,મોકલી રહ્યું છે,
Sent,મોકલ્યું,
Sent On,પર મોકલવામાં,
Sent Read Receipt,મોકલ્યું વાંચો રસીદ,
Sent To,મોકલવામાં,
Sent or Received,મોકલ્યો હતો કે પ્રાપ્ત,
Sent/Received Email,મોકલેલ / પ્રાપ્ત ઇમેઇલ,
Separator,વિભાજક,
Sequence Id,સિક્વન્સ આઈડી,
Series List for this Transaction,આ સોદા માટે સિરીઝ યાદી,
Server Action,સર્વર ક્રિયા,
Server IP,સર્વર આઇપી,
Server Script,સર્વર સ્ક્રિપ્ટ,
Service,સેવા,
Session Default,સત્ર ડિફોલ્ટ,
Session Default Settings,સત્ર ડિફોલ્ટ સેટિંગ્સ,
Session Defaults,સત્ર ડિફોલ્ટ્સ,
Set Banner from Image,છબી સેટ કરો બૅનર,
"Set Default Options for all charts on this Dashboard (Ex: ""colors"": [""#d1d8dd"", ""#ff5858""])","આ ડેશબોર્ડ પરના બધા ચાર્ટ્સ માટે ડિફોલ્ટ વિકલ્પો સેટ કરો (ઉદા: &quot;રંગો&quot;: [&quot;# d1d8dd&quot;, &quot;# ff5858&quot;])",
Set New Password,ન્યૂ પાસવર્ડને સુયોજિત કરો,
Set Property After Alert,ચેતવણી પછી ગુણધર્મ સેટ,
Set Role For,ભૂમિકા માટે સેટ,
Set Value,સેટ ભાવ,
Set non-standard precision for a Float or Currency field,એક રહેલું અથવા ચલણ ક્ષેત્ર માટે સેટ બિન પ્રમાણભૂત ચોકસાઇ,
Settings,સેટિંગ્સ,
Settings Dropdown,સેટિંગ્સ નીચે આવતા,
Settings for Contact Us Page,અમારો સંપર્ક પેજમાં માટે સુયોજનો,
Settings for the About Us Page,વિશે પેજમાં માટે સુયોજનો,
Setup,સ્થાપના,
Setup Complete,સેટઅપ પૂર્ણ,
Setup Wizard,સેટઅપ વિઝાર્ડ,
Share,શેર કરો,
Shared,વહેંચાયેલ,
Shipping,વહાણ પરિવહન,
Shop,દુકાન,
Short Name,ટૂંકા નામ,
Shortcuts,શોર્ટકટ્સ,
Show Attachments,જોડાણો બતાવો,
Show Dashboard,ડેશબોર્ડ બતાવો,
Show Document,દસ્તાવેજ બતાવો,
Show Failed Logs,નિષ્ફળ લsગ્સ બતાવો,
Show Form Tour,ફોર્મ ટૂર બતાવો,
Show Full Error and Allow Reporting of Issues to the Developer,પૂર્ણ ભૂલ બતાવો અને વિકાસકર્તાને મુદ્દાનું જાણ કરવાની મંજૂરી આપો,
Show Full Form?,સંપૂર્ણ ફોર્મ બતાવો?,
Show Line Breaks after Sections,બતાવો લાઇન વિભાગો પછી તોડે,
Show Percentage Stats,ટકાવારી આંકડા બતાવો,
Show Preview Popup,પૂર્વાવલોકન પોપઅપ બતાવો,
Show Report,રિપોર્ટ દર્શાવો,
Show Section Headings,બતાવો વિભાગ મથાળાની,
Show Sidebar,બતાવો સાઇડબાર,
Show Title,શીર્ષક બતાવો,
Show as cc,સીસી તરીકે શો,
Show full form instead of a quick entry modal,ઝડપી પ્રવેશ મોડેલને બદલે પૂર્ણ ફોર્મ બતાવો,
Show in Module Section,મોડ્યુલ વિભાગ બતાવો,
Show in filter,ફિલ્ટરમાં બતાવો,
Show percentage difference according to this time interval,આ સમય અંતરાલ અનુસાર ટકાવારી તફાવત બતાવો,
"Show title in browser window as ""Prefix - title""",તરીકે બ્રાઉઝર વિન્ડો બતાવો શીર્ષક &quot;ઉપસર્ગ - શીર્ષક&quot;,
Sidebar Items,સાઇડબાર વસ્તુઓ,
Sidebar Settings,સાઇડબાર સેટિંગ્સ,
Sidebar and Comments,સાઇડબાર અને ટિપ્પણીઓ,
Signature,હસ્તાક્ષર,
"Simple Python Expression, Example: Status in (""Closed"", ""Cancelled"")","સરળ પાયથોન અભિવ્યક્તિ, ઉદાહરણ: સ્થિતિ (&quot;બંધ&quot;, &quot;રદ&quot;)",
"Simple Python Expression, Example: Status in (""Invalid"")","સરળ પાયથોન અભિવ્યક્તિ, ઉદાહરણ: સ્થિતિ (&quot;અમાન્ય&quot;)",
"Simple Python Expression, Example: status == 'Open' and type == 'Bug'","સરળ પાયથોન અભિવ્યક્તિ, ઉદાહરણ: સ્થિતિ == &#39;ખોલો&#39; અને પ્રકાર == &#39;બગ&#39;",
Simultaneous Sessions,એક સાથે સત્રો,
Single Types have only one record no tables associated. Values are stored in tabSingles,એક પ્રકાર સંકળાયેલ માત્ર એક જ રેકોર્ડ કોઈ કોષ્ટકો છે. મૂલ્યો tabSingles માં સંગ્રહાય છે,
Skip Authorization,Skip અધિકૃતતા,
Skype,સ્કાયપે,
Slack,સ્લૅક,
Slack Channel,સ્લેક ચૅનલ,
Slack Webhook URL,સ્લૅક વેહૂક યુઆરએલ (URL),
Slideshow,સ્લાઇડ શો,
Slideshow Items,સ્લાઇડ શો વસ્તુઓ,
Slideshow Name,સ્લાઇડ શો નામ,
Slideshow like display for the website,વેબસાઇટ માટે પ્રદર્શન જેવા સ્લાઇડ શો,
Small Text,નાની ટેક્સ્ટ,
Smallest Currency Fraction Value,નાના કરન્સી અપૂર્ણાંક ભાવ,
Smallest circulating fraction unit (coin). For e.g. 1 cent for USD and it should be entered as 0.01,નાના ફરતા અપૂર્ણાંક યુનિટ (સિક્કો). તે 0.01 તરીકે દાખલ કરી શકાય છે અને યુએસડી માટે દા.ત. 1 ટકા,
Social,સમાજ,
Social Link Settings,સામાજિક લિંક સેટિંગ્સ,
Social Link Type,સામાજિક લિંક પ્રકાર,
Social Login Key,સામાજિક લૉગિન કી,
Social Login Provider,સામાજિક લૉગિન પ્રદાતા,
Social Logins,સામાજિક લોગિન,
Soft-Bounced,-સોફ્ટ Bounced,
Sort Field,સૉર્ટ કરો ફીલ્ડ,
Sort Order,સૉર્ટ કરો ઓર્ડર,
Source,સોર્સ,
Source Name,સોર્સ નામ,
Source Text,સોર્સ લખાણ,
Spam,સ્પામ,
SparkPost,SparkPost,
Standard,સ્ટાન્ડર્ડ,
Standard Sidebar Menu,સ્ટાન્ડર્ડ સાઇડબાર મેનુ,
Start Date,પ્રારંભ તારીખ,
Start Date Field,તારીખ ક્ષેત્ર પ્રારંભ કરો,
Start Time,પ્રારંભ સમય,
StartTLS,સ્ટાર્ટટીએલએસ,
Started,શરૂ કર્યું,
Starts on,પર શરૂ થાય છે,
State,રાજ્ય,
State/Province,રાજ્ય / પ્રાંત,
States,સ્ટેટ્સ,
Static Parameters,સ્થિર પરિમાણો,
Stats,આંકડા,
Stats Time Interval,આંકડા સમય અંતરાલ,
Status,સ્થિતિ,
Step,પગલું,
Steps,પગલાં,
Stopped,બંધ,
Stores the JSON of last known versions of various installed apps. It is used to show release notes.,સ્ટોર્સ વિવિધ ઇન્સ્ટોલ કરેલા એપ્લિકેશન્સ છેલ્લા જાણીતા આવૃત્તિઓ JSON. તે પ્રકાશન નોંધો બતાવવા માટે વપરાય છે.,
Style,પ્રકાર,
Style Settings,પ્રકાર સેટિંગ્સ,
"Style represents the button color: Success - Green, Danger - Red, Inverse - Black, Primary - Dark Blue, Info - Light Blue, Warning - Orange","પ્રકાર બટન રંગ રજૂ: સફળતા - લીલા, ભય - લાલ, વ્યસ્ત - બ્લેક, પ્રાથમિક - ડાર્ક બ્લ્યુ, માહિતી - આછો વાદળી, ચેતવણી - નારંગી",
Stylesheet,સ્ટાઇલશીટ,
"Sub-currency. For e.g. ""Cent""",પેટા ચલણ. દા.ત. &quot;સેન્ટ&quot; માટે,
Sub-domain provided by erpnext.com,Erpnext.com દ્વારા પૂરી પાડવામાં આવેલ પેટા ડોમેન,
Subdomain,સબડોમેઇન,
Subject,વિષય,
Subject Field,વિષય ક્ષેત્ર,
Submit,સબમિટ,
Submit After Import,આયાત પછી સબમિટ કરો,
Submitted,સબમિટ,
Subsidiary,સબસિડીયરી,
Subtitle,ઉપશીર્ષક,
Success,સફળતા,
Success Action,સફળતા ઍક્શન,
Success Message,સફળતા સંદેશો,
Success URL,સફળતા URL,
Sum,સરવાળો,
Sunday,રવિવારે,
Symbol,નિશાનીનો,
Sync,સમન્વયન,
Sync with Google Calendar,ગૂગલ કેલેન્ડર સાથે સમન્વયિત કરો,
Sync with Google Contacts,ગૂગલ સંપર્કો સાથે સુમેળ કરો,
System,સિસ્ટમ,
System Console,સિસ્ટમ કન્સોલ,
System Manager,સિસ્ટમ વ્યવસ્થાપક,
System Notification,સિસ્ટમ સૂચન,
System Page,સિસ્ટમ પૃષ્ઠ,
System Settings,સિસ્ટમ ગોઠવણીઓ,
System managers are allowed by default,સિસ્ટમ મેનેજરોને ડિફ defaultલ્ટ રૂપે મંજૂરી છે,
Table,કોષ્ટક,
Table Break,ટેબલ બ્રેક,
Table HTML,કોષ્ટક HTML,
Table MultiSelect,કોષ્ટક મલ્ટિલેલેક્ટ,
Tag,ટેગ,
Tag Link,ટ Tagગ લિંક,
Target,લક્ષ્યાંક,
Tax Category,ટેક્સ કેટેગરી,
Team Members,ટીમના સભ્યો,
Team Members Heading,મથાળું ટીમના સભ્યો,
Template,ઢાંચો,
Template Options,Templateાંચો વિકલ્પો,
Template Warnings,Templateાંચો ચેતવણીઓ,
Text,લખાણ,
Text Align,લખાણ સંરેખિત,
Text Color,ટેક્સ્ટ રંગ,
Text Content,લખાણ સામગ્રી,
Text Editor,લખાણ સંપાદક,
The name that will appear in Google Calendar,તે નામ કે જે Google Calendar માં દેખાશે,
The user from this field will be rewarded points,આ ક્ષેત્રના વપરાશકર્તાને પુરસ્કાર પોઇન્ટ મળશે,
The webhook will be triggered if this expression is true,જો આ અભિવ્યક્તિ સાચું છે તો વેબહુક ચાલુ કરવામાં આવશે,
Theme,થીમ,
Theme Configuration,થીમ રૂપરેખાંકન,
Theme URL,થીમ URL,
These values will be automatically updated in transactions and also will be useful to restrict permissions for this user on transactions containing these values.,આ કિંમતો આપોઆપ વ્યવહારો અપડેટ કરવામાં આવશે અને એ પણ આ કિંમતો સમાવતી વ્યવહારો પર આ વપરાશકર્તા માટે પરવાનગીઓ મર્યાદિત કરવા ઉપયોગી થશે.,
Third Party Authentication,થર્ડ પાર્ટી સત્તાધિકરણ,
This card will be available to all Users if this is set,જો આ સેટ કરેલું હોય તો આ કાર્ડ બધા વપરાશકર્તાઓ માટે ઉપલબ્ધ રહેશે,
This chart will be available to all Users if this is set,જો આ સેટ કરેલું હોય તો આ ચાર્ટ બધા વપરાશકર્તાઓ માટે ઉપલબ્ધ રહેશે,
This format is used if country specific format is not found,દેશમાં ચોક્કસ ફોર્મેટ ન મળી આવે છે તો આ ફોર્મેટનો ઉપયોગ થાય છે,
This goes above the slideshow.,આ સ્લાઇડશો ઉપર જાય છે.,
This is an example Google SERP Preview.,આ એક ગૂગલ એસઇઆરપી પૂર્વદર્શન છે.,
This is the number of the last created transaction with this prefix,આ ઉપસર્ગ સાથે છેલ્લા બનાવવામાં વ્યવહાર સંખ્યા છે,
This will be shown in a modal after routing,આ રૂટિંગ પછી મોડેલમાં બતાવવામાં આવશે,
This will be shown to the user in a dialog after routing to the report,રિપોર્ટમાં રૂટ કર્યા પછી સંવાદમાં આ વપરાશકર્તાને બતાવવામાં આવશે,
Thumbnail URL,થંબનેલ URL,
Thursday,ગુરુવારે,
Time,સમય,
Time Format,સમય ફોર્મેટ,
Time Interval,સમય અંતરાલ,
Time Series,સમય શ્રેણી,
Time Series Based On,સમય શ્રેણી આના પર આધારિત,
Time Zone,સમય ઝોન,
Time Zones,સમય ઝોન,
Time format,સમય ફોર્મેટ,
Time in seconds to retain QR code image on server. Min:<strong>240</strong>,સર્વર પર QR કોડ છબીને જાળવી રાખવા માટે સેકંડનો સમય. લઘુત્તમ: <strong>240</strong>,
Timeline,સમયરેખા,
Timeline DocType,સમયરેખા Doctype,
Timeline Field,સમયરેખા ક્ષેત્ર,
Timeline Links,સમયરેખા લિંક્સ,
Timeline Name,સમયરેખા નામ,
Timeseries,સમય શ્રેણી,
Timespan,સમય ગાળો,
Timestamp,ટાઇમસ્ટેમ્પ,
Title,શીર્ષક,
Title Field,શીર્ષક ક્ષેત્ર,
Title Prefix,શીર્ષક પૂર્વગ,
To,માટે,
To Date,આજ સુધી,
To Date Field,ટુ ડેટ ફીલ્ડ,
To and CC,અને સીસી,
"To use Slack Channel, add a <a href=""#List/Slack%20Webhook%20URL/List"">Slack Webhook URL</a>.","સ્લેક ચેનલનો ઉપયોગ કરવા માટે, <a href=""#List/Slack%20Webhook%20URL/List"">સ્લેક વેબહૂક URL</a> ઉમેરો.",
ToDo,શું કરવું,
Token,ટોકન,
Top,ટોચ,
Top Bar Item,ટોચના બાર વસ્તુ,
Top Bar Items,ટોચના બાર વસ્તુઓ,
Topic,વિષય,
Total Subscribers,કુલ ઉમેદવારો,
Total number of emails to sync in initial sync process ,ઇમેઇલ્સ કુલ સંખ્યા પ્રારંભિક સમન્વયન પ્રક્રિયામાં સમન્વય કરવા,
Traceback,ટ્રેસબેક,
Track Changes,ફેરફારો ટ્રેક,
Track Email Status,ઇમેઇલ સ્થિતિ ટ્રૅક કરો,
Track Field,ટ્રેક ક્ષેત્ર,
Track Seen,ટ્રેક દેખાય,
Track Views,ટ્રેક દૃશ્યો,
Track milestones for any document,કોઈપણ દસ્તાવેજ માટેનાં લક્ષ્યોને ટ્ર Trackક કરો,
Transaction Hash,ટ્રાન્ઝેક્શન હેશ,
Transaction Log,ટ્રાન્ઝેક્શન લોગ,
Transaction Log Report,ટ્રાન્ઝેક્શન લોગ રિપોર્ટ,
Transition Rules,ટ્રાન્ઝિશન નિયમો,
Transitions,અનુવાદ,
Translatable,અનુવાદયોગ્ય,
Translated Text,અનુવાદિત ટેક્સ્ટ,
Translation,અનુવાદ,
Trash,ટ્રૅશ,
Tree,વૃક્ષ,
Tree structures are implemented using Nested Set,નેસ્ટેડ સેટની મદદથી વૃક્ષોની રચનાઓ લાગુ કરવામાં આવે છે,
Trigger Method,ટ્રિગર પદ્ધતિ,
"Trigger on valid methods like ""before_insert"", ""after_update"", etc (will depend on the DocType selected)","&quot;Before_insert&quot;, &quot;after_update&quot;, વગેરે જેવી માન્ય પદ્ધતિઓ પર ટ્રિગર (પસંદિત Doctype પર આધાર રાખે છે)",
Tuesday,મંગળવારે,
Two Factor Authentication,બે પરિબળ પ્રમાણીકરણ,
Two Factor Authentication method,બે પરિબળ પ્રમાણીકરણ પદ્ધતિ,
Type,પ્રકાર,
UID,UID,
UIDNEXT,uidnext,
UIDVALIDITY,UIDVALIDITY,
UNSEEN,અદ્રશ્ય,
URL,URL ને,
URL for documentation or help,દસ્તાવેજીકરણ અથવા સહાય માટે URL,
URL to go to on clicking the slideshow image,સ્લાઇડ શો છબી પર ક્લિક કરવા પર જવા માટે URL,
Unassign Condition,શરત સોંપી,
Unhandled Email,અનિયંત્રિત ઇમેઇલ,
Unique,અનન્ય,
Unread,ન વાંચેલ,
Unread Notification Sent,મોકલ્યું ન વાંચેલ સૂચન,
Unshared,સહિયારા,
Unsubscribe Method,ઉમેદવારી દૂર કરો પદ્ધતિ,
Unsubscribe Param,ઉમેદવારી દૂર કરો પરમ,
Unsubscribed,અનસબ્સ્ક્રાઇબ્ડ,
Update,સુધારો,
Update Existing Records,હાલના રેકોર્ડ્સને અપડેટ કરો,
Update Field,સુધારા ક્ષેત્ર,
Update Series Number,સુધારા સિરીઝ સંખ્યા,
Update Settings,સેટિંગ્સ અપડેટ કરો,
Update Value,સુધારા ભાવ,
Updated,અપડેટ,
Uploaded To Dropbox,ડ્રૉપબૉક્સ પર અપલોડ કરેલું,
Uploaded To Google Drive,ગૂગલ ડ્રાઇવ પર અપલોડ કર્યું,
Use % for any non empty value.,કોઈપણ બિન ખાલી મૂલ્ય માટે% નો ઉપયોગ કરો.,
Use ASCII encoding for password,પાસવર્ડ માટે ASCII એન્કોડિંગનો ઉપયોગ કરો,
Use IMAP,ઉપયોગ IMAP,
Use POST,POST નો ઉપયોગ કરો,
Use Report Chart,રિપોર્ટ ચાર્ટનો ઉપયોગ કરો,
Use SSL,ઉપયોગ SSL,
Use TLS,ઉપયોગ TLS,
Use this fieldname to generate title,શીર્ષક પેદા કરવા માટે આ વાપરો FIELDNAME,
User,વપરાશકર્તા,
User ,વપરાશકર્તા,
User Agent,વપરાશકર્તા એજન્ટ,
User Cannot Create,વપરાશકર્તા બનાવી શકતા નથી,
User Cannot Search,વપરાશકર્તા શોધ નથી કરી શકો છો,
User Defaults,વપરાશકર્તા ડિફૉલ્ટ્સ,
User Details,વપરાશકર્તા વિગતો,
User Email,વપરાશકર્તા ઇમેઇલ,
User Emails,વપરાશકર્તા ઇમેઇલ્સ,
User Field,વપરાશકર્તા ક્ષેત્ર,
User ID,વપરાશકર્તા ID,
User ID Property,વપરાશકર્તા ID સંપત્તિ,
User ID of a Blogger,એક બ્લોગર ના વપરાશકર્તા ID,
User Id,વપરાશકર્તા આઈડી,
User Image,વપરાશકર્તા છબી,
User Name,વપરાશકર્તા નામ,
User Permission,વપરાશકર્તા પરવાનગી,
User Profile,વપરાશકર્તા પ્રોફાઇલ,
User Social Login,વપરાશકર્તા સામાજિક લૉગિન,
User Tags,વપરાશકર્તા ટૅગ્સ,
User Type,વપરાશકર્તા પ્રકાર,
User can login using Email id or Mobile number,વપરાશકર્તા ઇમેઇલ id અથવા મોબાઇલ નંબરનો ઉપયોગ કરીને લોગઇન કરી શકો છો,
User can login using Email id or User Name,વપરાશકર્તા ઈમેઈલ આઈડી અથવા યુઝર નેમ દ્વારા પ્રવેશ કરી શકે છે,
User must always select,વપરાશકર્તા હંમેશા પસંદ કરવી જ પડશે,
Username,વપરાશકર્તા નામ,
Users,વપરાશકર્તાઓ,
Users assigned to the reference document will get points.,સંદર્ભ દસ્તાવેજને સોંપાયેલ વપરાશકર્તાઓને પોઇન્ટ મળશે.,
Valid,માન્ય,
Validate Field,માન્ય ક્ષેત્ર,
Validity,માન્યતા,
Value,મૂલ્ય,
Value Based On,મૂલ્ય આધારિત,
Value Change,કિંમત બદલો,
Value Changed,કિંમત બદલાઈ,
Value To Be Set,કિંમત સેટ થવા દો,
Value from this field will be set as the due date in the ToDo,"આ ક્ષેત્રમાંથી મૂલ્ય, ટૂડોમાં નિયત તારીખ તરીકે સેટ કરવામાં આવશે",
Value to Validate,મૂલ્ય માન્ય કરવું,
Verdana,વરદાના,
Verified,ચકાસણી,
Version,આવૃત્તિ,
Video URL,વિડિઓ URL,
View,જુઓ,
View Log,લૉગ જુઓ,
View Properties (via Customize Form),(કસ્ટમાઇઝ ફોર્મ મારફતે) જુઓ ગુણધર્મો,
View Report,અહેવાલ જુઓ,
View Settings,સેટિંગ્સ જુઓ,
View Website,વેબસાઇટ જુઓ,
Viewed By,દ્વારા જોઈ,
Visit,ની મુલાકાત લો,
Warehouse,વેરહાઉસ,
Warning,ચેતવણી,
Watch Video,વિડિઓ જુઓ,
Web Form,વેબ ફોર્મ,
Web Form Field,વેબ ફોર્મ ક્ષેત્ર,
Web Form Fields,વેબ ફોર્મ ફીલ્ડ્સ,
Web Page,વેબ પેજ,
Web Page Block,વેબ પૃષ્ઠ અવરોધિત,
Web Page View,વેબ પૃષ્ઠ દૃશ્ય,
Web Template,વેબ Templateાંચો,
Web Template Field,વેબ Templateાંચો ક્ષેત્ર,
Web Template Values,વેબ Templateાંચો મૂલ્યો,
Web View,વેબ દૃશ્ય,
Webhook,વેબહૂક,
Webhook Data,વેબહૂક ડેટા,
Webhook Header,વેહ્ચ હેડર,
Webhook Headers,વેબહુક હેડર્સ,
Webhook Request,વેહૂક વિનંતી,
Webhook Secret,વેબહૂક સિક્રેટ,
Webhook Security,વેબહૂક સુરક્ષા,
Webhook Trigger,વેબહુક ટ્રિગર,
Webhook URL,વેબહુક URL,
Website,વેબસાઇટ,
Website Analytics,વેબસાઇટ ticsનલિટિક્સ,
Website Manager,વેબસાઇટ મેનેજર,
Website Meta Tag,વેબસાઇટ મેટા ટ Tagગ,
Website Route Meta,વેબસાઇટ રૂટ મેટા,
Website Route Redirect,વેબસાઇટ રૂટ રીડાયરેક્ટ,
Website Script,વેબસાઇટ સ્ક્રિપ્ટ,
Website Settings,વેબસાઇટ સેટિંગ્સ,
Website Sidebar,વેબસાઇટ સાઇડબાર,
Website Sidebar Item,વેબસાઇટ સાઇડબાર વસ્તુ,
Website Slideshow,વેબસાઇટ વેબસાઇટ,
Website Slideshow Item,વેબસાઇટ સ્લાઇડશો આઇટમ,
Website Theme,વેબસાઇટ થીમ,
Website Theme Ignore App,વેબસાઇટ થીમ એપ્લિકેશનને અવગણો,
Website Theme Image,વેબસાઇટ થીમ છબી,
Website Theme Image Link,વેબસાઇટ થીમ છબી લિંક,
Wednesday,બુધવારે,
Weekdays,અઠવાડિયાના દિવસો,
Weekly,અઠવાડિક,
Weekly Long,સાપ્તાહિક લાંબી,
Welcome Email Template,સ્વાગત ઇમેઇલ .ાંચો,
"When enabled this will allow guests to upload files to your application, You can enable this if you wish to collect files from user without having them to log in, for example in job applications web form.","જ્યારે સક્ષમ હોય ત્યારે આ અતિથિઓને તમારી એપ્લિકેશન પર ફાઇલો અપલોડ કરવાની મંજૂરી આપશે, જો તમે વપરાશકર્તાની ફાઇલોને લ userગ ઇન કર્યા વિના એકત્રિત કરવા માંગતા હો, તો તમે તેને સક્ષમ કરી શકો છો, ઉદાહરણ તરીકે જોબ એપ્લિકેશન વેબ ફોર્મમાં.",
Which view of the associated DocType should this shortcut take you to?,આ શોર્ટકટ તમને સંબંધિત ડ associatedકટાઇપના કયા દૃશ્ય પર લઈ જવો જોઈએ?,
Width,પહોળાઈ,
Wildcard Filter,વાઇલ્ડકાર્ડ ફિલ્ટર,
"Will add ""%"" before and after the query",ક્વેરી પહેલાં અને પછી &quot;%&quot; ઉમેરશે,
Will be used in url (usually first name).,URL (સામાન્ય રીતે પ્રથમ નામ) માં ઉપયોગ કરવામાં આવશે.,
Will run scheduled jobs only once a day for inactive sites. Default 4 days if set to 0.,નિષ્ક્રિય સાઇટ્સ માટે દિવસમાં માત્ર એક વાર સુનિશ્ચિત નોકરીઓ ચલાવશે. ડિફaultલ્ટ 4 દિવસ જો 0 પર સેટ હોય.,
Workflow,વર્કફ્લો,
Workflow Action,વર્કફ્લો ક્રિયા,
Workflow Action Master,વર્કફ્લો ક્રિયા માસ્ટર,
Workflow Action Name,વર્કફ્લો ક્રિયા નામ,
Workflow Action is not created for optional states,વર્કફ્લો Actionક્શન વૈકલ્પિક રાજ્યો માટે બનાવવામાં આવી નથી,
Workflow Document State,વર્કફ્લો દસ્તાવેજ રાજ્ય,
Workflow Name,વર્કફ્લો નામ,
Workflow State,વર્કફ્લો રાજ્ય,
Workflow State Field,વર્કફ્લો રાજ્ય ક્ષેત્ર,
Workflow Transition,વર્કફ્લો ટ્રાન્ઝિશન,
Workflow state represents the current state of a document.,વર્કફ્લો રાજ્ય દસ્તાવેજનું વર્તમાન રાજ્ય રજૂ કરે છે.,
Write,લખો,
X Field,એક્સ ક્ષેત્ર,
XLSX,XLSX,
Y Axis,વાય એક્સિસ,
Y Field,વાય ક્ષેત્ર,
Yahoo Mail,યાહૂ મેલ,
Yandex.Mail,Yandex.Mail,
Year,વર્ષ,
Yearly,વાર્ષિક,
Yellow,પીળો,
Yes,હા,
Your organization name and address for the email footer.,ઈમેઈલ ફૂટર માટે તમારી સંસ્થાના નામ અને સરનામું.,
Zero means send records updated at anytime,ઝીરો અર્થ એ થાય કોઈપણ સમયે અપડેટ રેકોર્ડ મોકલી,
_doctype,_doctype,
_report,_report,
adjust,સંતુલિત,
after_insert,after_insert,
align-center,સંરેખિત કેન્દ્ર,
align-justify,સંરેખિત-સર્મથન,
align-left,-ડાબે સંરેખિત કરો,
align-right,સંરેખિત અધિકાર,
arrow-down,ડાઉન તીરને,
arrow-left,તીર છોડી,
arrow-right,તીર અધિકાર,
arrow-up,તીર અપ,
asterisk,ફૂદડી,
backward,પછાત,
ban-circle,પ્રતિબંધ વર્તુળ,
barcode,બારકોડ,
bell,બેલ,
blue,વાદળી,
bold,બોલ્ડ,
book,પુસ્તક,
bookmark,બુકમાર્ક,
briefcase,બ્રીફકેસ,
bullhorn,bullhorn,
calendar,ક calendarલેન્ડર,
camera,કેમેરા,
certificate,પ્રમાણપત્ર,
check,ચેક,
chevron-down,શેવરોન ડાઉન,
chevron-left,શેવરોન-ડાબે,
chevron-right,શેવરોન અધિકાર,
chevron-up,શેવરોન અપ,
circle-arrow-down,વર્તુળ ડાઉન તીરને,
circle-arrow-left,વર્તુળ તીર છોડી,
circle-arrow-right,વર્તુળ તીર અધિકાર,
circle-arrow-up,વર્તુળ તીર અપ,
cog,કોગ,
comment,ટિપ્પણી,
darkgrey,ઘાટોરાખોડી color,
dd-mm-yyyy,ડીડી MM-YYYY,
dd.mm.yyyy,dd.mm.yyyy,
dd/mm/yyyy,dd / mm / YYYY,
download,ડાઉનલોડ કરો,
download-alt,ડાઉનલોડ કરો-Alt,
"e.g. ""Support"", ""Sales"", ""Jerry Yang""","દા.ત. &quot;આધાર&quot;, &quot;વેચાણ&quot;, &quot;જેરી યાંગ&quot;",
e.g. pop.gmail.com / imap.gmail.com,દા.ત. pop.gmail.com / imap.gmail.com,
e.g. replies@yourcomany.com. All replies will come to this inbox.,દા.ત. replies@yourcomany.com. બધા જવાબો આ ઇનબૉક્સ આવશે.,
e.g. smtp.gmail.com,દા.ત. smtp.gmail.com,
edit,સંપાદિત કરો,
eject,બહાર કાઢો,
email,ઇમેઇલ,
envelope,પરબિડીયું,
exclamation-sign,ઉદ્ગારવાચક સાઇન,
eye-close,આંખ બંધ,
eye-open,આંખ ખોલો,
facebook,ફેસબુક,
facetime-video,FaceTime વિડિયો,
fairlogin,ફિરલિગિન,
fast-backward,ઝડપી પછાત,
fast-forward,ફાસ્ટ ફોરવર્ડ,
file,ફાઇલ,
film,ફિલ્મ,
filter,ફિલ્ટર કરો,
fire,આગ,
flag,ધ્વજ,
folder-close,ફોલ્ડર બંધ,
folder-open,ફોલ્ડર ખોલો,
font,ફોન્ટ,
forward,આગળ,
fullscreen,"પૂર્ણ - પટ, આખો પડદો",
gift,ભેટ,
glass,કાચ,
globe,વિશ્વમાં,
green,લીલા,
hand-down,હાથ નીચે,
hand-left,હાથ છોડી,
hand-right,હાથ અધિકાર,
hand-up,હાથ ઉપર,
hdd,HDD,
headphones,હેડફોન,
heart,હૃદય,
home,ખેર,
icon,ચિહ્ન,
in minutes,મિનિટમાં,
inbox,ઇનબૉક્સ,
indent-left,ઇન્ડેન્ટ ડાબી,
indent-right,ઇન્ડેન્ટ અધિકાર,
info-sign,માહિતી સાઇન,
italic,ઇટાલિક,
leaf,પર્ણ,
link,લિંક,
linkedin,કડી થયેલ,
list,યાદી,
list-alt,યાદી-Alt,
lock,લોક,
magnet,મેગ્નેટ,
map-marker,નકશા માર્કર,
minus,ઓછા,
minus-sign,ઓછા સાઇન,
mm-dd-yyyy,MM-ડીડી YYYY,
mm/dd/yyyy,mm / dd / YYYY,
module,મોડ્યુલ,
move,ખસેડો,
music,સંગીત,
no failed attempts,કોઈ નિષ્ફળ પ્રયાસો,
off,બંધ,
ok,ઠીક છે,
ok-circle,બરાબર વર્તુળ,
ok-sign,બરાબર સાઇન,
old_parent,old_parent,
on_cancel,on_cancel,
on_change,on_change,
on_submit,on_submit,
on_trash,on_trash,
on_update,on_update,
on_update_after_submit,on_update_after_submit,
orange,નારંગી,
page,પેજમાં,
pause,થોભો,
pencil,પેન્સિલ,
picture,ચિત્ર,
plane,વિમાન,
play,રમવા,
play-circle,નાટક વર્તુળ,
plus,વત્તા,
plus-sign,પ્લસ-સાઇન,
print,પ્રિંટ,
purple,જાંબલી,
qrcode,QRCode,
query-report,ક્વેરી અહેવાલ,
question-sign,પ્રશ્ન ચિહ્ન,
random,રેન્ડમ,
red,લાલ,
refresh,તાજું કરો,
remove,દૂર કરો,
remove-circle,દૂર વર્તુળ,
remove-sign,દૂર સાઇન,
repeat,પુનરાવર્તન કરો,
resize-full,માપ બદલો સંપૂર્ણ,
resize-horizontal,માપ બદલો-આડી,
resize-small,માપ બદલો નાના,
resize-vertical,માપ બદલો ઉભા,
response,પ્રતિભાવ,
retweet,રીટ્વીટ,
road,માર્ગ,
screenshot,સ્ક્રીનશૉટ,
search,શોધો,
share,શેર,
share-alt,શેર-Alt,
shopping-cart,શોપિંગ કાર્ટ,
signal,સંકેત,
star,સ્ટાર,
star-empty,સ્ટાર ખાલી,
step-backward,પગલું પછાત,
step-forward,પગલું આગળ,
stop,બંધ,
tag,ટેગ,
tags,ટ Tagsગ્સ,
tasks,કાર્યો,
text-height,લખાણ ઊંચાઈ,
text-width,લખાણ-પહોળાઈ,
th,મી,
th-large,મી મોટા,
th-list,મી યાદી,
thumbs-down,અંગૂઠા નીચે,
thumbs-up,"ઉત્તમ, શ્રેષ્ઠ",
time,સમય,
tint,રંગભેદ,
trash,ટ્રૅશ,
twitter,Twitter,
upload,અપલોડ કરો,
user,વપરાશકર્તા,
volume-down,વોલ્યુંમ-નીચે,
volume-off,વોલ્યુંમ-બંધ,
volume-up,વોલ્યુંમ-અપ,
warning-sign,ચેતવણી સાઇન,
wrench,સાધન,
yellow,પીળા,
yyyy-mm-dd,YYYY-MM-DD,
zoom-in,મોટું કરો,
zoom-out,ઝૂમ આઉટ,
