"""Company History""",&quot;कंपनी इतिहास&quot;,
"""Team Members"" or ""Management""",&quot;टीम के सदस्यों&quot; या &quot;प्रबंधन&quot;,
&lt;head&gt; HTML,&lt;Head&gt; एचटीएमएल,
**Currency** Master,** मुद्रा ** मास्टर,
0 - Draft; 1 - Submitted; 2 - Cancelled,० - ड्राफ्ट; १ - प्रस्तुत; २ - रद्द,
0 is highest,० सबसे ज्यादा है,
A list of resources which the Client App will have access to after the user allows it.<br> e.g. project,संसाधनों की एक सूची है जो ग्राहक App उपयोगकर्ता यह अनुमति देता है के बाद के लिए उपयोग होगा। <br> उदाहरण के लिए परियोजना,
A symbol for this currency. For e.g. $,इस मुद्रा के लिए एक प्रतीक. उदाहरण के लिए $,
A4,A4,
ALL,सभी,
API,एपीआई,
API Access,एपीआई एक्सेस,
API Endpoint,एपीआई समापन बिंदु,
API Endpoint Args,एपीआई समापन बिंदु Args,
API Key,एपीआई कुंजी,
API Method,एपीआई विधि,
API Secret,एपीआई गुप्त,
ASC,एएससी,
About Us Settings,हमारे बारे में की सेटिंग्स,
About Us Team Member,हमारे दल के सदस्य के बारे में,
Access Key ID,प्रवेश कुंजी आईडी,
Access Key Secret,पहुंच कुंजी गुप्त,
Access Log,प्रवेश लॉग,
Access Token,एक्सेस टोकन,
Access Token URL,प्रवेश टोकन यूआरएल,
Account,खाता,
Accounts Manager,अकाउंट मैनेजर,
Accounts User,उपयोगकर्ता खातों,
Action,कार्रवाई,
Action / Route,क्रिया / मार्ग,
Action Timeout (Seconds),एक्शन टाइमआउट (सेकेंड),
Action Type,प्रक्रिया का प्रकार,
Actions,क्रियाएँ,
Active,सक्रिय,
Active Domains,सक्रिय डोमेन,
Activity Log,गतिविधि लॉग,
Add Container,कंटेनर जोड़ें,
Add Custom Tags,कस्टम टैग जोड़ें,
Add Gray Background,ग्रे पृष्ठभूमि जोड़ें,
Add Signature,हस्ताक्षर जोड़ें,
Add Total Row,कुल पंक्ति जोड़ें,
Add Unsubscribe Link,जोड़े सदस्यता रद्द करें लिंक,
"Added HTML in the &lt;head&gt; section of the web page, primarily used for website verification and SEO","&lt;Head&gt; में जोड़ा गया HTML वेब पेज के अनुभाग में, मुख्य रूप से वेबसाइट सत्यापन और एसईओ के लिए इस्तेमाल किया",
Additional Permissions,अतिरिक्त अनुमतियों,
Address,पता,
Address And Contacts,पता और संपर्क,
Address Line 1,पता पंक्ति 1,
Address Line 2,पता पंक्ति 2,
Address Template,पता खाका,
Address Title,पता शीर्षक,
Address Type,पता प्रकार,
Address and other legal information you may want to put in the footer.,पता और अन्य कानूनी जानकारी आप पाद लेख में डाल सकते हैं.,
Addresses And Contacts,पते और संपर्क,
Adds a custom field to a DocType,एक doctype के लिए एक कस्टम क्षेत्र जोड़ता है,
Administrator,प्रशासक,
Advanced,उन्नत,
Advanced Control,उन्नत नियंत्रण,
Advanced Settings,एडवांस सेटिंग,
After Cancel,रद्द करने के बाद,
After Delete,डिलीट करने के बाद,
After Save,सेव के बाद,
After Save (Submitted Document),सहेजें (प्रस्तुत दस्तावेज़) के बाद,
After Submit,सबमिट करने के बाद,
Aggregate Function Based On,आधार पर कार्य,
Alert,चेतावनी,
Align Labels to the Right,लेबल को दाईं ओर संरेखित करें,
Align Right,सही संरेखित,
All,सब,
All Day,सभी दिन,
Allocated To,के लिए आवंटित,
Allot Points To Assigned Users,आवंटित उपयोगकर्ताओं को अंक आवंटित करें,
Allow,अनुमति दें,
Allow Auto Repeat,ऑटो रिपीट की अनुमति दें,
Allow Bulk Edit,बल्क संपादन की अनुमति दें,
Allow Comments,टिप्पणियों की अनुमति दें,
Allow Consecutive Login Attempts ,अभिसरण लॉगिन प्रयासों की अनुमति दें,
Allow Delete,हटाएँ की अनुमति दें,
Allow Dropbox Access,ड्रॉपबॉक्स पहुँच की अनुमति,
Allow Guest,अतिथि की अनुमति दें,
Allow Guest to View,देखने के लिए अतिथि की अनुमति दें,
Allow Guests to Upload Files,मेहमानों को फाइलें अपलोड करने की अनुमति दें,
Allow Import (via Data Import Tool),आयात की अनुमति दें (डेटा आयात के उपकरण के माध्यम से),
Allow Incomplete Forms,दो या दो रूपों की अनुमति दें,
Allow Login After Fail,विफल होने के बाद लॉगिन की अनुमति दें,
Allow Login using Mobile Number,मोबाइल नंबर का उपयोग कर प्रवेश की अनुमति दें,
Allow Login using User Name,उपयोगकर्ता नाम का उपयोग कर प्रवेश की अनुमति दें,
Allow Modules,मॉड्यूल की अनुमति दें,
Allow Print,प्रिंट की अनुमति दें,
Allow Print for Cancelled,रद्द करने के लिए प्रिंट की अनुमति दें,
Allow Print for Draft,ड्राफ्ट के लिए प्रिंट की अनुमति दें,
Allow Read On All Link Options,सभी लिंक विकल्पों पर पढ़ने की अनुमति दें,
Allow Rename,नाम बदलें की अनुमति दें,
Allow Roles,भूमिकाओं की अनुमति दें,
Allow Self Approval,आत्म स्वीकृति की अनुमति दें,
Allow approval for creator of the document,दस्तावेज़ के निर्माता के लिए अनुमोदन की अनुमति दें,
Allow document creation via Email,ईमेल के माध्यम से दस्तावेज़ निर्माण की अनुमति दें,
Allow events in timeline,समयरेखा में घटनाओं की अनुमति दें,
Allow in Quick Entry,त्वरित प्रविष्टि में अनुमति दें,
Allow on Submit,भेजें पर अनुमति दें,
Allow only one session per user,प्रति उपयोगकर्ता केवल एक ही सत्र की अनुमति दें,
Allow page break inside tables,टेबल के अंदर पृष्ठ विराम की अनुमति दें,
Allow saving if mandatory fields are not filled,यदि अनिवार्य क्षेत्रों भरा नहीं कर रहे हैं बचत की अनुमति,
Allow user to login only after this hour (0-24),उपयोगकर्ता इस घंटे के बाद ही प्रवेश करने की अनुमति दें (0-24),
Allow user to login only before this hour (0-24),उपयोगकर्ता इस घंटे से पहले ही प्रवेश करने की अनुमति दें (0-24),
Allowed,रख सकते है,
Allowed In Mentions,अनुमति में अनुमति दी,
"Always add ""Draft"" Heading for printing draft documents",हमेशा मुद्रण मसौदा दस्तावेज के लिए शीर्षक &quot;ड्राफ्ट&quot; जोड़ने,
Amend,संशोधन करना,
Amended From,से संशोधित,
An icon file with .ico extension. Should be 16 x 16 px. Generated using a favicon generator. [favicon-generator.org],.ico विस्तार के साथ एक आइकन फ़ाइल। 16 x 16 पिक्सल होना चाहिए। एक favicon जनरेटर का उपयोग कर उत्पन्न। [Favicon-generator.org],
Analytics,एनालिटिक्स,
Annual,वार्षिक,
Anonymous,गुमनाम,
Any string-based printer languages can be used. Writing raw commands requires knowledge of the printer's native language provided by the printer manufacturer. Please refer to the developer manual provided by the printer manufacturer on how to write their native commands. These commands are rendered on the server side using the Jinja Templating Language.,किसी भी स्ट्रिंग-आधारित प्रिंटर भाषाओं का उपयोग किया जा सकता है। कच्चे कमांड लिखने के लिए प्रिंटर निर्माता द्वारा प्रदान की जाने वाली प्रिंटर की मूल भाषा का ज्ञान आवश्यक है। कृपया प्रिंटर निर्माता द्वारा प्रदान किए गए डेवलपर मैनुअल को देखें कि कैसे उनके मूल आदेशों को लिखा जाए। ये कमांड जिंजा टेम्प्लेटिंग लैंग्वेज का उपयोग कर सर्वर साइड पर दिए गए हैं।,
App,ऐप,
App Access Key,अनुप्रयोग प्रवेश कुंजी,
App Client ID,अनुप्रयोग ग्राहक आईडी,
App Client Secret,अनुप्रयोग ग्राहकों का सीक्रेट,
App Name,App नाम,
App Secret Key,एप्लिकेशन को गुप्त कुंजी,
Append Emails to Sent Folder,भेजे गए फ़ोल्डर में ईमेल भेजें,
Append To,को संलग्न,
Applicable For,के लिए लागू,
Application Logo,आवेदन लोगो,
Application Name,आवेदन का नाम,
Application Version,एप्लिकेशन वर्जन,
Applied On,पर लागू,
Apply Document Permissions,दस्तावेज़ अनुमतियाँ लागू करें,
Apply Only Once,केवल एक बार आवेदन करें,
Apply Strict User Permissions,सख्त उपयोगकर्ता अनुमतियां लागू करें,
Apply To All Document Types,सभी दस्तावेज़ प्रकारों पर लागू करें,
Apply this rule if the User is the Owner,उपयोगकर्ता का मालिक है अगर इस नियम को लागू करें,
Apply this rule only once per document,इस नियम को दस्तावेज़ के अनुसार केवल एक बार लागू करें,
Appreciation,प्रशंसा,
Archived,संग्रहीत,
Arial,Arial,
Assign Condition,शर्त सौंपें,
Assign To Users,उपयोगकर्ताओं को असाइन करें,
Assigned,निरुपित,
Assigned By,द्वारा सौंपा,
Assigned By Full Name,पूरा नाम द्वारा आवंटित,
Assignment,असाइनमेंट,
Assignment Completed,काम पूरा,
Assignment Days,असाइनमेंट के दिन,
Assignment Rule,असाइनमेंट नियम,
Assignment Rule Day,असाइनमेंट रूल डे,
Assignment Rule User,असाइनमेंट नियम उपयोगकर्ता,
Assignment Rules,असाइनमेंट नियम,
Assignments,कार्य,
Attach,संलग्न करना,
Attach Image,छवि संलग्न करें,
Attach Print,छापा संलग्न करें,
Attached File,संलग्न फाइल,
Attached To DocType,टैग से जुड़ी,
Attached To Field,फ़ील्ड को अटैचमेंट,
Attached To Name,नाम से जुड़ी,
Attachment,आसक्ति,
Attachment Limit (MB),अनुलग्नक सीमा (एमबी),
Attachment Link,अटैचमेंट लिंक,
Attachment Removed,अनुलग्नक निकाला,
Attachments,किए गए अनुलग्नकों के,
Auth URL Data,ऑथ यूआरएल डेटा,
Authentication,प्रमाणीकरण,
Author,लेखक,
Authorization Code,प्राधिकरण कोड,
Authorize API Indexing  Access,एपीआई इंडेक्सिंग एक्सेस को अधिकृत करें,
Authorize Google Calendar Access,Google कैलेंडर एक्सेस अधिकृत करें,
Authorize Google Contacts Access,Google संपर्क एक्सेस को अधिकृत करें,
Authorize Google Drive Access,Google डिस्क एक्सेस अधिकृत करें,
Authorize URL,अधिकृत यूआरएल,
Authorized,अधिकृत,
Auto,ऑटो,
Auto Email Report,ऑटो ईमेल रिपोर्ट,
Auto Name,ऑटो नाम,
Auto Repeat,ऑटो दोहराना,
Auto Reply Message,ऑटो उत्तर संदेश,
Automatically Assign Documents to Users,स्वचालित रूप से उपयोगकर्ताओं को दस्तावेज़ असाइन करें,
Automation,स्वचालन,
Avatar,अवतार,
Average,औसत,
Awaiting Password,पासवर्ड की प्रतीक्षा कर रहा है,
Awaiting password,प्रतीक्षा कर रहा है पासवर्ड,
BCC,बीसीसी,
Background Color,पृष्ठभूमि रंग,
Background Workers,पृष्ठभूमि श्रमिक,
Backup Details,बैकअप विवरण,
Backup Files,बैकअप फ़ाइलें,
Backup Folder ID,बैकअप फ़ोल्डर आईडी,
Backup Folder Name,बैकअप फ़ोल्डर का नाम,
Backup Frequency,बैकअप आवृत्ति,
Backup public and private files along with the database.,डेटाबेस के साथ-साथ सार्वजनिक और निजी फ़ाइलों का बैकअप लें।,
Backups,बैकअप,
Banner,बैनर,
Banner HTML,बैनर HTML,
Banner Image,बैनर छवि,
Banner is above the Top Menu Bar.,बैनर शीर्ष मेन्यू पट्टी से ऊपर है।,
Bar,बार,
Barcode,बारकोड,
Base Distinguished Name (DN),बेस विशिष्ट नाम (डी.एन.),
Base URL,आधार URL,
Based On,के आधार पर,
Based on Field,फील्ड पर आधारित है,
Based on Permissions For User,उपयोगकर्ता के लिए अनुमतियों के आधार पर,
Basic,बुनियादी,
Before Cancel,रद्द करने से पहले,
Before Delete,हटाने से पहले,
Before Insert,डालने से पहले,
Before Save,सेव से पहले,
Before Save (Submitted Document),सहेजें (प्रस्तुत दस्तावेज़) से पहले,
Before Submit,सबमिट करने से पहले,
Beginner,नौसिखिया,
Beta,बीटा,
Billing,बिलिंग,
Bio,जैव,
Birth Date,जन्म तिथि,
Block Module,ब्लॉक मॉड्यूल,
Block Modules,ब्लॉक मॉड्यूल,
Blocked,अवरोधित,
Blog Category,ब्लॉग श्रेणी,
Blog Intro,ब्लॉग परिचय,
Blog Introduction,ब्लॉग परिचय,
Blog Post,ब्लॉग पोस्ट,
Blog Settings,ब्लॉग सेटिंग्स,
Blog Title,ब्लॉग शीर्षक,
Blogger,ब्लॉगर,
Blue,नीला,
Bold,साहसिक,
Bot,बीओटी,
Bottom,तल,
Bounced,बाउंस,
Brand,ब्रांड,
Brand HTML,ब्रांड HTML,
Brand Image,ब्रांड छवि,
Breadcrumbs,Breadcrumbs,
Browser,ब्राउज़र,
Browser Version,ब्राउज़र संस्करण,
Brute Force Security,ब्रूट फोर्स सुरक्षा,
Bucket Name,बकेट नाम,
Bulk Update,बल्क अपडेट,
Button,बटन,
Button Gradients,बटन ग्रेडर,
Button Rounded Corners,बटन गोल कोनों,
Button Shadows,बटन छाया,
Bypass Restricted IP Address Check If Two Factor Auth Enabled,बाईपास प्रतिबंधित आईपी पते की जाँच करें कि क्या दो कारक प्रामाणिक हैं,
Bypass Two Factor Auth for users who login from restricted IP Address,प्रतिबंधित आईपी पते से प्रवेश करने वाले उपयोगकर्ताओं के लिए दो फैक्टर ऑथ बाइपास करें,
Bypass restricted IP Address check If Two Factor Auth Enabled,बाईपास प्रतिबंधित आईपी एड्रेस चेक यदि दो फैक्टर एथ सक्षम है,
CC,सीसी,
CSS,सीएसएस,
CSS Class,CSS क्लास,
CSV,सीएसवी,
CTA Label,CTA लेबल,
CTA URL,CTA URL,
Calendar,कैलेंडर,
Calendar Name,कैलेंडर का नाम,
Calendar View,कैलेंडर दृश्य,
Call,कॉल,
Call To Action,कार्यवाई के लिए बुलावा,
Call To Action URL,कॉल टू एक्शन URL,
Callback Message,कॉलबैक संदेश,
Callback Title,कॉलबैक शीर्षक,
Campaign,अभियान,
Cancel,रद्द करें,
Cancelled,रद्द,
Card,कार्ड,
Cards,पत्ते,
Category,श्रेणी,
Category Description,वर्ग विवरण,
Category Name,श्रेणी नाम,
Center,केंद्र,
Chaining Hash,चेनिंग हैश,
Change Label (via Custom Translation),लेबल चेंज (कस्टम अनुवाद के माध्यम से),
Change Password,पासवर्ड बदलें,
Channel,चैनल,
Chart,चार्ट,
Chart Configuration,चार्ट विन्यास,
Chart Name,चार्ट का नाम,
Chart Options,चार्ट विकल्प,
Chart Source,चार्ट स्रोत,
Chart Type,चार्ट प्रकार,
Charts,चार्ट,
Chat,बातचीत,
Check,चेक,
Check this if you want to force the user to select a series before saving. There will be no default if you check this.,यह जाँच लें कि आप उपयोगकर्ता बचत से पहले एक श्रृंखला का चयन करने के लिए मजबूर करना चाहते हैं. कोई डिफ़ॉल्ट हो सकता है अगर आप इस जाँच करेगा.,
Checking this will hide custom doctypes and reports cards in Links section,इसकी जाँच करने से लिंक खंड में कस्टम सिद्धांत और रिपोर्ट कार्ड छिप जाएंगे,
Checksum Version,चेकसम संस्करण,
Child Tables are shown as a Grid in other DocTypes,चाइल्ड टेबल्स को अन्य डॉकटाइप्स में ग्रिड के रूप में दिखाया गया है,
Choose authentication method to be used by all users,सभी उपयोगकर्ताओं द्वारा उपयोग करने के लिए प्रमाणीकरण विधि चुनें,
City,शहर,
City/Town,शहर / नगर,
Clicked,क्लिक किया,
Client,ग्राहक,
Client Code,क्लाइंट कोड,
Client Credentials,हमारे ग्राहकों का साख,
Client ID,ग्राहक ID,
Client Information,क्लाइंट की सूचना,
Client Script,क्लाइंट स्क्रिप्ट,
Client Secret,क्लाइंट सीक्रेट,
Client URLs,क्लाइंट यूआरएल,
Close Condition,बंद हालत,
Closed,बंद,
Code,कोड,
Collapsible,खुलने और बंधनेवाला,
Collapsible Depends On,सिमटने पर निर्भर करता है,
Color,रंग,
Column Break,स्तंभ विराम,
Column Name,आम नाम,
Columns,कॉलम,
Columns / Fields,कॉलम / फ़ील्ड्स,
Comment,टिप्पणी,
Comment By,द्वारा टिप्पणी,
Comment Email,टिप्पणी ईमेल,
Comment Type,टिप्पणी के प्रकार,
Comments and Communications will be associated with this linked document,टिप्पणियाँ और संचार से जुड़े इस दस्तावेज़ के साथ संबद्ध किया जाएगा,
Commit,कमिट,
Communication,संचार,
Communication Link,संचार लिंक,
Communication Type,संचार प्रकार,
Compact Item Print,कॉम्पैक्ट मद प्रिंट,
Company History,कंपनी इतिहास,
Company Introduction,कंपनी का परिचय,
Company Name,कंपनी का नाम,
Complete,पूरा,
Completed,पूरा,
Component,अंग,
Condition,शर्त,
Conditions,शर्तेँ,
Configuration,विन्यास,
Confirmation Email Template,ईमेल टेम्पलेट की पुष्टि,
Console,कंसोल,
Console Log,कंसोल लॉग,
Contact,संपर्क,
Contact Details,जानकारी के लिए संपर्क,
Contact Email,संपर्क ईमेल,
Contact Numbers,संपर्क संख्या,
Contact Phone,संपर्क दूरभाष,
Contact Us Settings,हमसे सेटिंग्स संपर्क,
"Contact options, like ""Sales Query, Support Query"" etc each on a new line or separated by commas.","संपर्क विकल्प, आदि एक नई लाइन पर प्रत्येक &quot;बिक्री प्रश्न, प्रश्न समर्थन&quot; कोमा से विभाजित.",
Contacts,संपर्क,
Content,सामग्री,
Content (HTML),सामग्री (HTML),
Content (Markdown),सामग्री (मार्कडाउन),
Content Hash,सामग्री हैश,
Content Type,सामग्री प्रकार,
Context,प्रसंग,
Context Script,प्रसंग लिपि,
Contributed,योगदान,
Contribution Document Name,योगदान दस्तावेज़ नाम,
Contribution Status,अंशदान की स्थिति,
Copyright,सर्वाधिकार,
Core,मूल,
Count,गिनती,
Count Filter,गणना फ़िल्टर,
Counter,काउंटर,
Country,देश,
Country Name,देश का नाम,
County,काउंटी,
Create,बनाना,
Create Contacts from Incoming Emails,आने वाले ईमेल से संपर्क बनाएं,
Create Entry,प्रवेश बनाएँ,
Create Log,लॉग बनाएँ,
Create and Send Newsletters,बनाने और भेजने समाचार,
Created,बनाया था,
Criticism,आलोचना,
Cron,क्रॉन,
Cron Format,क्रोन प्रारूप,
Currency,मुद्रा,
Currency Name,मुद्रा का नाम,
Currency Precision,मुद्रा प्रेसिजन,
Current,वर्तमान,
Custom,रिवाज,
Custom Base URL,कस्टम बेस URL,
Custom CSS,कस्टम सीएसएस,
Custom Configuration,कस्टम कॉन्फ़िगरेशन,
Custom DocPerm,कस्टम DocPerm,
Custom Field,कस्टम फ़ील्ड,
Custom Format,कस्टम स्वरूप,
Custom HTML Help,कस्टम HTML मदद,
Custom Menu Items,कस्टम मेनू आइटम,
Custom Options,कस्टम विकल्प,
Custom Overrides,कस्टम ओवरराइड्स,
Custom Report,कस्टम रिपोर्ट,
Custom Role,कस्टम भूमिका,
Custom SCSS,कस्टम SCSS,
Custom Sidebar Menu,कस्टम साइडबार मेनू,
Custom?,कस्टम?,
Customization,अनुकूलन,
Customize Form,प्रपत्र को अनुकूलित,
Customize Form Field,प्रपत्र फ़ील्ड अनुकूलित,
DESC,DESC,
Daily,दैनिक,
Daily Long,डेली लॉन्ग,
Danger,खतरा,
Dark Color,गाढ़ा रंग,
Dashboard,डैशबोर्ड,
Dashboard Chart,डैशबोर्ड चार्ट,
Dashboard Chart Field,डैशबोर्ड चार्ट फील्ड,
Dashboard Chart Link,डैशबोर्ड चार्ट लिंक,
Dashboard Chart Source,डैशबोर्ड चार्ट स्रोत,
Dashboard Manager,डैशबोर्ड प्रबंधक,
Dashboard Name,डैशबोर्ड का नाम,
Dashboard Settings,डैशबोर्ड सेटिंग्स,
Dashboards,डैशबोर्ड,
Data,डेटा,
Data Export,डेटा निर्यात,
Data Import,डाटा आयात,
Database Engine,डेटाबेस इंजन,
Date,तारीख,
Date Format,दिनांक स्वरूप,
Date Range,तिथि सीमा,
Date and Number Format,तिथि और संख्या स्वरूप,
Datetime,Datetime,
Day,दिन,
Day of Week,सप्ताह के दिन,
Days After,दिनों के बाद,
Days Before,एक दिन पहले,
Days Before or After,दिन के पहले या बाद,
Default,चूक,
Default Incoming,डिफ़ॉल्ट आवक,
Default Letter Head,लेटर हेड चूक,
Default Outgoing,डिफ़ॉल्ट निवर्तमान,
Default Portal Home,डिफ़ॉल्ट पोर्टल होम,
Default Print Format,डिफ़ॉल्ट प्रिंट प्रारूप,
Default Print Language,डिफ़ॉल्ट प्रिंट भाषा,
Default Redirect URI,डिफ़ॉल्ट पुनर्निर्देशन यूआरआइ,
Default Role at Time of Signup,पंजीकरण के समय पर मूलभूत भूमिका,
Default Sort Field,डिफ़ॉल्ट सॉर्ट फ़ील्ड,
Default Sort Order,डिफ़ॉल्ट क्रम क्रम,
Default Value,डिफ़ॉल्ट मान,
"Default: ""Contact Us""",डिफ़ॉल्ट: &quot;हमसे संपर्क करें&quot;,
DefaultValue,DefaultValue,
Defaults,डिफ़ॉल्ट्स,
Defines actions on states and the next step and allowed roles.,राज्यों पर कार्रवाई और अगले कदम के लिए और अनुमति दी भूमिकाओं को परिभाषित करता है।,
Defines workflow states and rules for a document.,एक दस्तावेज के लिए कार्यप्रवाह राज्यों और नियमों को परिभाषित करता है।,
Delayed,विलंबित,
Delete,हटाना,
Deleted,हटाए गए,
Deleted DocType,हटाए गए doctype,
Deleted Document,हटाए गए दस्तावेज,
Deleted Name,हटाए गए नाम,
Delivery Status,डिलिवरी स्थिति,
Department,विभाग,
Dependencies,निर्भरता,
Depends On,पर निर्भर करता है,
Description,विवरण,
"Description for listing page, in plain text, only a couple of lines. (max 200 characters)","लिस्टिंग पृष्ठ के लिए, सादे पाठ में, केवल कुछ पंक्तियों का विवरण। (अधिकतम 200 वर्ण)",
Designation,पदनाम,
Desk,डेस्क,
Desk Access,डेस्क पहुँच,
Desktop Icon,डेस्कटॉप आइकन,
Details,विवरण,
"Different ""States"" this document can exist in. Like ""Open"", ""Pending Approval"" etc.","विभिन्न इस दस्तावेज़ &quot;राज्य अमेरिका&quot; की तरह &quot;ओपन&quot; अंदर मौजूद है, &quot;अनुमोदन लंबित&quot; आदि कर सकते हैं",
Digits,अंक,
Disable Auto Refresh,ऑटो रीफ़्रेश अक्षम करें,
Disable Comments,टिप्पणियाँ अक्षम करें,
Disable Count,गणना अक्षम करें,
Disable SMTP server authentication,SMTP सर्वर प्रमाणीकरण अक्षम करें,
Disable Sidebar Stats,साइडबार आँकड़े अक्षम करें,
Disable Signup,पंजीकरण अक्षम,
Disable Standard Email Footer,मानक ईमेल पाद अक्षम,
Disabled,विकलांग,
Display,प्रदर्शन,
Display Depends On,प्रदर्शन पर निर्भर करता है,
Doc Event,डॉक्टर घटना,
Doc Events,डॉक्टर घटनाक्रम,
Doc Status,डॉक्टर स्थिति,
DocField,DocField,
DocPerm,DocPerm,
DocShare,DocShare,
DocType,doctype,
DocType Action,DocType एक्शन,
DocType Event,DocType इवेंट,
DocType Link,DocType लिंक,
DocType View,DocType View,
DocType is a Table / Form in the application.,Doctype आवेदन में एक मेज / रूप है।,
DocType on which this Workflow is applicable.,Doctype जिस पर इस कार्यप्रवाह लागू है.,
Doctype,Doctype,
Document,दस्तावेज़,
Document Actions,दस्तावेज़ क्रियाएँ,
Document Follow,दस्तावेज़ का पालन करें,
Document Link,दस्तावेज़ लिंक,
Document Links,दस्तावेज़ लिंक,
Document Name,दस्तावेज़ का नाम,
Document Naming Rule,दस्तावेज़ का नामकरण नियम,
Document Naming Rule Condition,दस्तावेज़ नामकरण नियम शर्त,
Document Share,दस्तावेज़ साझा करें,
Document Share Report,दस्तावेज़ को साझा रिपोर्ट,
Document States,दस्तावेज़ राज्यों,
Document Tag,दस्तावेज़ टैग,
Document Title,दस्तावेज़ का शीर्षक,
Document Type,दस्तावेज़ प्रकार,
Document Type to Track,दस्तावेज़ प्रकार ट्रैक करने के लिए,
Document Types,दस्तावेज़ प्रकार,
Documentation Link,डॉक्यूमेंटेशन लिंक,
Documentation URL,दस्तावेज़ URL,
Domain,डोमेन,
Domain Settings,डोमेन सेटिंग्स,
Domains HTML,डोमेन एचटीएमएल,
"Don't HTML Encode HTML tags like &lt;script&gt; or just characters like &lt; or &gt;, as they could be intentionally used in this field","ऐसा नहीं की तरह &lt;script&gt; या सिर्फ पात्रों की तरह &lt;या&gt;, के रूप में वे जानबूझकर इस क्षेत्र में इस्तेमाल किया जा सकता है HTML सांकेतिक शब्दों में बदलना एचटीएमएल टैग",
Don't Override Status,स्थिति पर हावी नहीं है,
Don't Send Emails,ईमेल न भेजें,
Donut,डोनट,
Download Backups,डाउनलोड बैकअप,
Download Template,टेम्पलेट डाउनलोड करें,
Dropbox Access Token,ड्रॉपबॉक्स एक्सेस टोकन,
Dropbox Settings,ड्रॉपबॉक्स सेटिंग,
Dropdowns,गिर गया,
Due Date,नियत तारीख,
Due Date Based On,नियत दिनांक के आधार पर,
Duration,अवधि,
Dynamic Filters,गतिशील फ़िल्टर,
Dynamic Filters JSON,गतिशील फिल्टर JSON,
Dynamic Filters Section,डायनामिक फिल्टर सेक्शन,
Dynamic Link,गतिक कड़ी,
Dynamic Report Filters,डायनामिक रिपोर्ट फ़िल्टर,
Dynamic Route,डायनामिक रूट,
Dynamic Template,गतिशील टेम्पलेट,
Edit,संपादित करें,
Edit Values,मान संपादित करें,
Editable Grid,संपादन ग्रिड,
Eg. smsgateway.com/api/send_sms.cgi,उदा. एपीआई smsgateway.com / / send_sms.cgi,
Email,ईमेल,
Email Account,ईमेल खाता,
Email Account Name,ईमेल खाता नाम,
Email Address,ईमेल पता,
Email Address whose Google Contacts are to be synced.,ईमेल पता जिसके Google संपर्क सिंक किए जाने हैं।,
Email Addresses,ईमेल पता,
Email Domain,ईमेल डोमेन,
Email Flag Queue,ईमेल करें कतार,
Email Footer Address,ईमेल पाद पता,
Email Group,ईमेल समूह,
Email Group Member,ईमेल समूह सदस्य,
Email ID,ईमेल आईडी,
Email IDs,ईमेल आईडी,
Email Id,ईमेल आईडी,
Email Inbox,ईमेल इनबॉक्स,
Email Queue,ईमेल कतार,
Email Queue Recipient,ईमेल कतार प्राप्तकर्ता,
Email Queue records.,ईमेल कतार रिकॉर्ड।,
Email Reply Help,ईमेल उत्तर सहायता,
Email Rule,ईमेल नियम,
Email Sent,ईमेल भेजा गया,
Email Settings,ईमेल सेटिंग,
Email Signature,ईमेल हस्ताक्षर,
Email Status,ईमेल स्थिति,
Email Sync Option,ईमेल सिंक विकल्प,
Email Template,ईमेल टेम्पलेट,
Email To,इसे ईमेल किया गया,
Email Unsubscribe,ईमेल सदस्यता रद्द,
Emails will be sent with next possible workflow actions,ईमेल अगले संभावित वर्कफ़्लो क्रियाओं के साथ भेजे जाएंगे,
Enable,सक्षम,
Enable Auto Reply,ऑटो जवाब सक्षम करें,
Enable Automatic Backup,स्वचालित बैकअप सक्षम करें,
Enable Automatic Linking in Documents,दस्तावेज़ों में स्वचालित लिंकिंग सक्षम करें,
Enable Comments,टिप्पणियां सक्षम,
Enable Email Notifications,ईमेल सूचनाएं सक्षम करें,
Enable Google Indexing,Google अनुक्रमण सक्षम करें,
Enable In App Website Tracking,ऐप वेबसाइट ट्रैकिंग में सक्षम करें,
Enable Incoming,आवक सक्षम करें,
Enable Onboarding,जहाज पर सक्षम करें,
Enable Outgoing,निवर्तमान सक्षम करें,
Enable Password Policy,पासवर्ड नीति सक्षम करें,
Enable Print Server,प्रिंट सर्वर सक्षम करें,
Enable Raw Printing,कच्चे मुद्रण सक्षम करें,
Enable Scheduled Jobs,अनुसूचित नौकरियों सक्षम करें,
Enable Security,सुरक्षा सक्षम करें,
Enable Social Login,सामाजिक लॉगिन सक्षम करें,
Enable Social Sharing,सोशल शेयरिंग सक्षम करें,
Enable Two Factor Auth,दो फैक्टर ऑथ सक्षम करें,
Enabled,Enabled,
End Date,समाप्ति तिथि,
End Date Field,समाप्ति तिथि फ़ील्ड,
Endpoint URL,एंडपॉइंट यूआरएल,
Endpoints,endpoints,
Ends on,पर समाप्त होता है,
Energy Point,ऊर्जा बिंदु,
Energy Point Log,एनर्जी प्वाइंट लॉग,
Energy Point Rule,एनर्जी पॉइंट नियम,
Energy Point Settings,ऊर्जा बिंदु सेटिंग्स,
Energy Points,ऊर्जा अंक,
Enter Form Type,प्रपत्र प्रकार दर्ज करें,
"Enter default value fields (keys) and values. If you add multiple values for a field, the first one will be picked. These defaults are also used to set ""match"" permission rules. To see list of fields, go to ""Customize Form"".","डिफ़ॉल्ट मान क्षेत्रों (कुंजी) और मूल्यों को दर्ज करें। यदि आप एक क्षेत्र के लिए अनेक मान जोड़ते हैं, तो सबसे पहले एक उठाया जाएगा। ये चूक भी &quot;मैच&quot; अनुमति नियम निर्धारित करने के लिए किया जाता है। खेतों की सूची देखने के लिए, &quot;अनुकूलित फार्म&quot; के लिए जाना।",
"Enter static url parameters here (Eg. sender=ERPNext, username=ERPNext, password=1234 etc.)","स्थैतिक यूआरएल यहाँ मानकों (Eg. प्रेषक = ERPNext, username = ERPNext, पासवर्ड = 1234 आदि) दर्ज करें",
Enter url parameter for message,संदेश के लिए url पैरामीटर दर्ज करें,
Enter url parameter for receiver nos,रिसीवर ओपन स्कूल के लिए url पैरामीटर दर्ज करें,
Error,त्रुटि,
Error Log,त्रुटि संग्रह,
Error Message,त्रुटि संदेश,
Event,घटना,
Event Category,घटना श्रेणी,
Event Participants,घटना प्रतिभागियों,
Event Type,इवेंट प्रकार,
Everyone,हर,
"Ex: ""colors"": [""#d1d8dd"", ""#ff5858""]","Ex: &quot;कलर्स&quot;: [&quot;# d1d8dd&quot;, &quot;# ff5858&quot;]",
Example,उदाहरण,
"Example: ""/desk""",उदाहरण: &quot;/ डेस्क&quot;,
Example: #Tree/Account,उदाहरण: # पेड़ / खाता,
Example: 00001,उदाहरण: 00001,
Example: {{ subject }},उदाहरण: {{विषय}},
Excel,एक्सेल,
Exception,अपवाद,
Execute,निष्पादित,
Expert,विशेषज्ञ,
Expiration time,समय सीमा समाप्ति समय,
Expire Notification On,अधिसूचना समाप्त हो पर,
Expired,समय सीमा समाप्त,
Expires In,में समाप्त होने वाला है,
Expires On,पर समय सीमा समाप्त,
Expiry time of QR Code Image Page,QR कोड छवि पृष्ठ का समाप्ति समय,
Export,निर्यात,
Export From,से निर्यात करें,
Expose Recipients,प्राप्तकर्ता का पर्दाफाश,
"Expression, Optional","अभिव्यक्ति, वैकल्पिक",
Facebook,फेसबुक,
Failed,विफल,
FavIcon,FavIcon,
Fax,फैक्स,
Featured,विशेष रुप से प्रदर्शित,
Feedback,प्रतिपुष्टि,
Feedback Request,प्रतिक्रिया के लिए अनुरोध,
Fetch From,से प्राप्त करें,
Field,खेत,
Field Description,फील्ड विवरण,
Field Name,फ़ील्ड का नाम,
Field To Check,जाँच करने के लिए फ़ील्ड,
Field Type,फ़ील्ड प्रकार,
"Field that represents the Workflow State of the transaction (if field is not present, a new hidden Custom Field will be created)","फील्ड है कि लेन - देन की कार्यप्रवाह राज्य का प्रतिनिधित्व करता है (अगर क्षेत्र मौजूद नहीं है, एक नया छिपा कस्टम फ़ील्ड बनाया जाएगा)",
Field to Track,फील्ड टू ट्रैक,
Fieldname,FIELDNAME,
Fields,फील्ड्स,
Fields Multicheck,फ़ील्ड मल्टीचेक,
"Fields separated by comma (,) will be included in the ""Search By"" list of Search dialog box","अल्पविराम द्वारा अलग फील्ड्स (,) में शामिल किया जाएगा खोज डायलॉग बॉक्स की सूची &quot;द्वारा खोज&quot;",
Fieldtype,क्षेत्र प्रकार,
File,फ़ाइल,
File Backup,फ़ाइल बैकअप,
File Information,फ़ाइल जानकारी,
File Name,फ़ाइल नाम,
File Size,फ़ाइल का आकार,
File Type,फाइल का प्रकार,
File URL,फ़ाइल URL,
Files,फ़ाइलें,
Filter Data,डेटा फ़िल्टर करें,
Filter List,फ़िल्टर सूची,
Filter Meta,फ़िल्टर मेटा,
Filter Name,फ़िल्टर नाम,
Filter Values,फ़िल्टर मान,
Filters,फिल्टर,
Filters Configuration,फ़िल्टर विन्यास,
Filters Display,फिल्टर प्रदर्शन,
Filters JSON,फिल्टर JSON,
Filters Section,फिल्टर अनुभाग,
"Filters will be accessible via <code>filters</code>. <br><br>Send output as <code>result = [result]</code>, or for old style <code>data = [columns], [result]</code>","फिल्टर के माध्यम से <code>filters</code> सुलभ होंगे।<br><br> <code>result = [result]</code> रूप में आउटपुट भेजें <code>result = [result]</code> , या पुरानी शैली के <code>data = [columns], [result]</code>",
Finished,ख़त्म होना,
First Name,प्रथम नाम,
First Success Message,पहला सफलता संदेश,
Flag,झंडा,
Float,नाव,
Float Precision,प्रेसिजन फ्लोट,
Fold,गुना,
Folder,फ़ोल्डर,
Font,फ़ॉन्ट,
Font Properties,फ़ॉन्ट गुण,
Font Size,फॉन्ट का आकार,
Fonts,फ़ॉन्ट्स,
Footer,पाद लेख,
Footer HTML,पाद लेख HTML,
Footer Items,पाद लेख आइटम,
Footer Logo,पाद लोगो,
Footer Template,पाद टेम्पलेट,
Footer Template Values,पाद टेम्पलेट मान,
Footer will display correctly only in PDF,केवल पीडीएफ में पाद सही ढंग से प्रदर्शित होगा,
For DocType Link / DocType Action,DocType Link / DocType Action के लिए,
For Document Event,दस्तावेज़ घटना के लिए,
For User,उपयोगकर्ता के लिए,
For Value,मूल्य के लिए,
For example: {} Open,उदाहरण के लिए: {} खुला,
"For help see <a href=""https://frappeframework.com/docs/user/en/guides/portal-development/web-forms"" target=""_blank"">Client Script API and Examples</a>","मदद के लिए <a href=""https://frappeframework.com/docs/user/en/guides/portal-development/web-forms"" target=""_blank"">क्लाइंट स्क्रिप्ट एपीआई और उदाहरण देखें</a>",
"For more information, <a class=""text-muted"" href=""https://erpnext.com/docs/user/manual/en/setting-up/email/linking-emails-to-document"">click here</a>.","अधिक जानकारी के लिए, <a class=""text-muted"" href=""https://erpnext.com/docs/user/manual/en/setting-up/email/linking-emails-to-document"">यहां क्लिक करें</a> ।",
Force,बल,
Force Show,बल शो,
Force User to Reset Password,उपयोगकर्ता को पासवर्ड रीसेट करने के लिए बाध्य करें,
Form Settings,प्रपत्र सेटिंग्स,
Form URL-Encoded,फॉर्म URL- एनकोडेड,
Format,प्रारूप,
Format Data,स्वरूप डेटा,
Forward To Email Address,फॉरवर्ड ईमेल पते पर,
Fraction,अंश,
Fraction Units,अंश इकाइयों,
Frappe,फ्रेपे,
Frequency,आवृत्ति,
Friday,शुक्रवार,
From,से,
From Date,दिनांक से,
From Date Field,दिनांक क्षेत्र से,
From Full Name,पूरा नाम से,
From User,उपयोगकर्ता से,
Full,पूर्ण,
Full Name,पूरा नाम,
Full Width,पूर्ण चौड़ाई,
Function,समारोह,
GMail,जीमेल,
Gantt,गैंट,
Gender,लिंग,
Generate Keys,कुंजी उत्पन्न करें,
Geo,जियो,
Geolocation,जियोलोकेशन,
Get Contacts,संपर्क प्राप्त करें,
Get your globally recognized avatar from Gravatar.com,Gravatar.com से अपने विश्व स्तर पर मान्यता प्राप्त अवतार हो जाओ,
Git Branch,गिट शाखा,
GitHub,GitHub,
Global Search DocType,ग्लोबल सर्च डॉकाइप,
Global Search Settings,वैश्विक खोज सेटिंग्स,
Global Unsubscribe,वैश्विक सदस्यता रद्द,
Go to Page,पृष्ठ पर जाओ,
Google,गूगल,
Google Analytics Anonymize IP,Google Analytics आईपी का अनाउंसमेंट करता है,
Google Analytics ID,गूगल एनालिटिक्स आईडी,
Google Calendar,गूगल कैलेंडर,
Google Calendar Event ID,Google कैलेंडर ईवेंट आईडी,
Google Calendar ID,Google कैलेंडर ID,
Google Contacts,Google संपर्क,
Google Contacts Id,Google संपर्क आईडी,
Google Drive,गूगल ड्राइव,
Google Font,Google फ़ॉन्ट,
Google Settings,Google सेटिंग्स,
Google Snippet Preview,Google स्निपेट पूर्वावलोकन,
Grant Type,अनुदान के प्रकार,
Green,ग्रीन,
Group,समूह,
Group By,समूह द्वारा,
Group By Based On,के आधार पर समूह,
Group By Type,ग्रुप बाय टाइप,
Guest,अतिथि,
HH:mm,HH: mm,
HH:mm:ss,HH: mm: ss,
HTML,एचटीएमएल,
HTML Editor,एचटीएमएल संपादक,
HTML Page,HTML पेज,
HTML for header section. Optional,हैडर अनुभाग के लिए एचटीएमएल .,
Half,आधा,
Half Yearly,छमाही,
Half-yearly,अर्धवार्षिक,
Has  Attachment,अटैचमेंट था,
Has Domain,डोमेन है,
Has Role,भूमिका है,
Has Web View,वेब दृश्य है,
Header,हैडर,
Header HTML,हैडर एच.टी.एम.एल.,
Header and Breadcrumbs,हैडर और ब्रेडक्रंब,
Headers,हेडर,
Heading,शीर्षक,
Heatmap,गर्मी के नक्शे,
Help,मदद,
Help Article,मदद अनुच्छेद,
Help Articles,सहायता आलेख,
Help Category,सहायता श्रेणी,
Help Dropdown,ड्रॉपडाउन में मदद करें,
Help HTML,HTML मदद,
Helvetica,Helvetica,
Hidden,छिपा हुआ,
Hide,छिपाना,
Hide Block,ब्लॉक छुपाएं,
Hide Border,बॉर्डर छिपाएं,
Hide CTA,CTA छिपाएँ,
Hide Copy,प्रतिलिपि बनाएँ छिपाएँ,
Hide Custom DocTypes and Reports,कस्टम DocTypes और रिपोर्ट छिपाएँ,
Hide Days,दिन छिपाना,
Hide Footer Signup,पाद पंजीकरण छुपाएं,
Hide Login,लॉगिन छिपाएँ,
Hide Seconds,सेकेंड छिपाएं,
Hide Standard Menu,स्टैंडर्ड मेनू को छिपाने,
Hide footer in auto email reports,ऑटो ईमेल रिपोर्ट में पाद लेख छिपाएं,
High,उच्च,
Higher priority rule will be applied first,उच्च प्राथमिकता वाला नियम पहले लागू किया जाएगा,
Highlight,हाइलाइट,
Home,होम,
Home Page,मुख पृष्ठ,
Home Settings,होम सेटिंग्स,
Hourly,प्रति घंटा,
Hourly Long,प्रति घंटा लंबा,
Hourly rate limit for generating password reset links,पासवर्ड रीसेट लिंक बनाने के लिए प्रति घंटा की दर सीमा,
"How should this currency be formatted? If not set, will use system defaults","इस मुद्रा को कैसे स्वरूपित किया जाना चाहिए? अगर सेट नहीं किया, प्रणाली चूक का उपयोग करेगा",
ID (name) of the entity whose property is to be set,इकाई जिनकी संपत्ति को सेट किया जा रहा है की आईडी (नाम),
IP Address,आईपी पता,
Icon,चिह्न,
Icon will appear on the button,आइकन बटन पर दिखाई देगा,
Identity Details,पहचान विवरण,
Idx,IDX,
"If Apply Strict User Permission is checked and User Permission is defined for a DocType for a User, then all the documents where value of the link is blank, will not be shown to that User","यदि सख्त उपयोगकर्ता अनुमति को लागू किया जाता है और उपयोगकर्ता के लिए एक उपयोगकर्ता के लिए डॉकटाइप परिभाषित किया जाता है, तो सभी दस्तावेज़ जहां लिंक का मूल्य रिक्त है, उस उपयोगकर्ता को नहीं दिखाया जाएगा",
If Checked workflow status will not override status in list view,जाँचा वर्कफ़्लो स्थिति सूची दृश्य में स्थिति पर हावी नहीं होगा तो,
"If Icon is set, it will be shown instead of Label","यदि आइकन सेट है, तो उसे लेबल के बजाय दिखाया जाएगा",
"If checked, all other workflows become inactive.","अगर जाँच की है, सभी अन्य वर्कफ़्लोज़ निष्क्रिय हो जाते हैं.",
"If checked, users will not see the Confirm Access dialog.","अगर जाँच की है, उन की पुष्टि पहुँच संवाद नहीं देख सकेंगे।",
"If disabled, this role will be removed from all users.","यदि अक्षम है, इस भूमिका को सभी उपयोगकर्ताओं से निकाल दिया जाएगा।",
"If enabled,  user can login from any IP Address using Two Factor Auth, this can also be set for all users in System Settings","यदि सक्षम किया गया है, तो उपयोगकर्ता टू फ़ैक्टर प्रामाणिक का उपयोग करके किसी भी आईपी पते से लॉगिन कर सकते हैं, यह सिस्टम सेटिंग्स में सभी उपयोगकर्ताओं के लिए भी सेट किया जा सकता है",
"If enabled, all users can login from any IP Address using Two Factor Auth. This can also be set only for specific user(s) in User Page","यदि सक्षम है, तो सभी उपयोगकर्ता दो फैक्टर एथ का उपयोग करके किसी भी आईपी पते से लॉगिन कर सकते हैं। यह केवल उपयोगकर्ता पेज में विशिष्ट उपयोगकर्ता (ओं) के लिए सेट किया जा सकता है",
"If enabled, changes to the document are tracked and shown in timeline","यदि सक्षम किया गया है, तो दस्तावेज़ में परिवर्तन ट्रैक किए जाते हैं और समयरेखा में दिखाए जाते हैं",
"If enabled, document views are tracked, this can happen multiple times","यदि सक्षम किया गया है, तो दस्तावेज़ दृश्य ट्रैक किए जाते हैं, यह कई बार हो सकता है",
"If enabled, the document is marked as seen, the first time a user opens it","यदि सक्षम किया गया है, तो दस्तावेज़ को चिह्नित किया गया है, पहली बार जब कोई उपयोगकर्ता इसे खोलता है",
"If enabled, the notification will show up in the notifications dropdown on the top right corner of the navigation bar.","यदि सक्षम किया गया है, तो अधिसूचना नेविगेशन बार के शीर्ष दाएं कोने पर सूचना ड्रॉपडाउन में दिखाई देगी।",
"If enabled, the password strength will be enforced based on the Minimum Password Score value. A value of 2 being medium strong and 4 being very strong.","सक्षम होने पर, न्यूनतम पासवर्ड स्कोर मान के आधार पर पासवर्ड की ताकत को लागू किया जाएगा। 2 का मतलब मध्यम मजबूत और 4 बहुत मजबूत है।",
"If enabled, users who login from Restricted IP Address, won't be prompted for Two Factor Auth","सक्षम होने पर, प्रतिबंधित आईपी पते से लॉगिन करने वाले उपयोगकर्ता को दो फैक्टर एथ के लिए संकेत नहीं दिया जाएगा",
"If enabled, users will be notified every time they login. If not enabled, users will only be notified once.","सक्षम होने पर, उपयोगकर्ता लॉगिन होने पर प्रत्येक बार उन्हें सूचित किया जाएगा सक्षम न होने पर, उपयोगकर्ताओं को केवल एक बार सूचित किया जाएगा।",
If non standard port (e.g. 587),यदि गैर मानक बंदरगाह (587 जैसे),
"If non standard port (e.g. 587). If on Google Cloud, try port 2525.",यदि गैर मानक बंदरगाह (उदाहरण के लिए 587)। यदि Google क्लाउड पर पोर्ट 2525 का प्रयास करें।,
"If non-standard port (e.g. POP3: 995/110, IMAP: 993/143)","यदि गैर-मानक पोर्ट (जैसे POP3: 995/110, IMAP: 993/143)",
"If not set, the currency precision will depend on number format","यदि सेट नहीं है, तो मुद्रा सटीक संख्या प्रारूप पर निर्भर करेगा",
"If the user has any role checked, then the user becomes a ""System User"". ""System User"" has access to the desktop","उपयोगकर्ता किसी भी भूमिका की जाँच की है, तो यूजर को एक &quot;सिस्टम उपयोगकर्ता&quot; हो जाता है। &quot;सिस्टम उपयोगकर्ता&quot; डेस्कटॉप के लिए उपयोग किया है",
If user is the owner,उपयोगकर्ता मालिक है,
"If you set this, this Item will come in a drop-down under the selected parent.","आप यह निर्धारित करते हैं, इस आइटम का चयन माता पिता के नीचे एक ड्रॉप डाउन में आ जाएगा .",
"If your data is in HTML, please copy paste the exact HTML code with the tags.","अपने डेटा को HTML में है, तो कृपया टैग के साथ सटीक एचटीएमएल कोड कॉपी पेस्ट।",
Ignore User Permissions,उपयोगकर्ता अनुमतियाँ पर ध्यान न दें,
Ignore XSS Filter,XSS फ़िल्टर पर ध्यान न दें,
Ignore attachments over this size,इस आकार के ऊपर अनुलग्नकों पर ध्यान न दें,
Ignored Apps,नजरअंदाज किए गए ऐप्स,
Image,छवि,
Image Field,छवि फील्ड,
Image Link,फोटो लिंक,
Implicit,अंतर्निहित,
Import,आयात,
Import File,फ़ाइल आयात करें,
Import File Errors and Warnings,फ़ाइल त्रुटियाँ और चेतावनी आयात करें,
Import Log,प्रवेश करें आयात,
Import Log Preview,आयात लॉग पूर्वावलोकन,
Import Preview,आयात पूर्वावलोकन,
Import Type,आयात प्रकार,
Import Warnings,आयात चेतावनी,
Import from Google Sheets,Google पत्रक से आयात करें,
In Days,दिनों में,
In Filter,फिल्टर में,
In Global Search,वैश्विक खोज में,
In List View,सूची दृश्य में,
In Preview,पूर्वावलोकन में,
In Reply To,इसके उत्तर में,
In Standard Filter,मानक फिल्टर में,
In points. Default is 9.,अंक में. डिफ़ॉल्ट 9 है.,
In seconds,कुछ लम्हों में,
Inbox,इनबॉक्स,
Inbox User,इनबॉक्स उपयोगकर्ता,
Include Search in Top Bar,शामिल टॉप बार में खोजें,
Include Web View Link in Email,ईमेल में दस्तावेज़ वेब देखें लिंक भेजें,
Index,अनुक्रमणिका,
Index Web Pages for Search,खोज के लिए इंडेक्स वेब पेज,
Indexing Authorization Code,अनुक्रमण प्राधिकरण कोड,
Indexing Refresh Token,इंडेक्सिंग रिफ्रेश टोकन,
Indicator,सूचक,
Indicator Color,सूचक रंग,
Info,जानकारी,
Initial Sync Count,प्रारंभिक सिंक गणना,
InnoDB,InnoDB,
Insert After,बाद सम्मिलित करें,
Insert New Records,नए रिकॉर्ड डालें,
Insert Style,शैली सम्मिलित करें,
Installed Application,स्थापित अनुप्रयोग,
Installed Applications,स्थापित अनुप्रयोग,
Int,इंट,
Integration Request,एकता का अनुरोध,
Integrations,एकीकरण,
Integrations can use this field to set email delivery status,एकीकरण ईमेल वितरण की स्थिति निर्धारित करने के लिए इस क्षेत्र का उपयोग कर सकते हैं,
Interests,रूचियाँ,
Intermediate,मध्यम,
Internal record of document shares,दस्तावेज़ के शेयरों की आंतरिक रिकॉर्ड,
Introduce your company to the website visitor.,वेबसाइट आगंतुक के लिए अपनी कंपनी शुरू.,
Introduction,परिचय,
Introductory information for the Contact Us Page,हमसे संपर्क करें पृष्ठ के लिए परिचयात्मक जानकारी,
Invalid,अमान्य,
Inverse,उलटा,
Is Active,सक्रिय है,
Is Attachments Folder,संलग्नक फ़ोल्डर है,
Is Billing Contact,बिलिंग संपर्क है,
Is Child Table,चाइल्ड तालिका,
Is Complete,पूरा है,
Is Completed,पूरा हो गया है,
Is Custom Field,कस्टम क्षेत्र है,
Is Default,डिफ़ॉल्ट है,
Is Folder,फ़ोल्डर है,
Is Home Folder,होम फ़ोल्डर है,
Is Mandatory Field,अनिवार्य क्षेत्र है,
Is Optional State,वैकल्पिक राज्य है,
Is Primary,प्राथमिक है,
Is Primary Contact,प्राथमिक संपर्क,
Is Primary Mobile,प्राथमिक मोबाइल है,
Is Primary Phone,प्राथमिक फोन है,
Is Private,निजी है,
Is Public,सार्वजनिक है,
Is Published Field,प्रकाशित क्षेत्र है,
Is Single,एकल,
Is Skipped,छोड़ दिया जाता है,
Is Spam,स्पैम है,
Is Standard,मानक है,
Is Submittable,Submittable है,
Is Table,टेबल है,
Is Tree,ट्री है,
Is Unique,अनोखा है,
Is Your Company Address,आपकी कंपनी पता है,
Item Label,आइटम लेबल,
Item Type,वस्तु परक,
JS,जे एस,
JSON,JSON,
JSON Request Body,JSON अनुरोध शरीर,
JavaScript,जावास्क्रिप्ट,
JavaScript Format: frappe.query_reports['REPORTNAME'] = {},जावास्क्रिप्ट स्वरूप: frappe.query_reports [' REPORTNAME '] = {},
Javascript,जावास्क्रिप्ट,
Jinja,जिंजा,
Kanban,Kanban,
Kanban Board,Kanban बोर्ड,
Kanban Board Column,Kanban बोर्ड कॉलम,
Kanban Board Name,Kanban बोर्ड का नाम,
Keep track of all update feeds,सभी अद्यतन फ़ीड का ट्रैक रखें,
Keeps track of all communications,सभी संचार का ट्रैक रखता है,
Key,कुंजी,
Keyboard Shortcuts,कुंजीपटल अल्प मार्ग,
Knowledge Base Contributor,ज्ञानकोष योगदानकर्ता,
Knowledge Base Editor,ज्ञानकोष संपादक,
LDAP Email Field,LDAP ईमेल क्षेत्र,
LDAP First Name Field,LDAP पहला नाम फील्ड,
LDAP Group,LDAP समूह,
LDAP Group Field,LDAP समूह फ़ील्ड,
LDAP Group Mapping,LDAP ग्रुप मैपिंग,
LDAP Group Mappings,LDAP ग्रुप मैपिंग,
LDAP Last Name Field,LDAP अंतिम नाम फ़ील्ड,
LDAP Middle Name Field,LDAP मध्य नाम फ़ील्ड,
LDAP Mobile Field,LDAP मोबाइल फ़ील्ड,
LDAP Phone Field,LDAP फ़ोन फ़ील्ड,
LDAP Search String,LDAP खोज स्ट्रिंग,
LDAP Security,LDAP सुरक्षा,
LDAP Server Url,LDAP सर्वर URL,
LDAP Settings,LDAP सेटिंग्स,
LDAP User Creation and Mapping,LDAP उपयोगकर्ता निर्माण और मानचित्रण,
LDAP Username Field,एलडीएपी नाम फील्ड,
Label,लेबल,
Label Help,लेबल मदद,
Label and Type,लेबल और प्रकार,
Landing Page,लैंडिंग पेज,
Language,भाषा,
Language Code,भाषा कोड,
Language Name,भाषा का नाम,
Last Active,सक्रिय अंतिम,
Last Backup On,अंतिम बैकअप पर,
Last Execution,अंतिम निष्पादन,
Last IP,अंतिम IP,
Last Known Versions,अंतिम ज्ञात संस्करण,
Last Login,अंतिम लॉगिन,
Last Month,पिछले महीने,
Last Name,सरनेम,
Last Password Reset Date,अंतिम पासवर्ड रीसेट तिथि,
Last Point Allocation Date,अंतिम बिंदु आवंटन तिथि,
Last Quarter,अंतिम चौथाई,
Last Sync On,अंतिम सिंक ऑन,
Last Synced On,अंतिम बार सिंक किया गया,
Last User,अंतिम उपयोगकर्ता,
Last Week,पिछले सप्ताह,
Last Year,पिछले साल,
Lead Conversion Time,लीड रूपांतरण समय,
Leaderboard,लीडरबोर्ड,
Leave blank to repeat always,हमेशा दोहराने के लिए खाली छोड़ें,
Ledger,खाता,
Left,वाम,
Legal,कानूनी,
Length,लंबाई,
Letter,patr,
Letter Head,पत्रशीर्ष,
Letter Head Based On,पत्र प्रमुख के आधार पर,
Letter Head Image,लेटर हेड इमेज,
Letter Head Name,लेटर हेड का नाम,
Letter Head in HTML,एचटीएमएल में लेटर हेड,
Level,स्तर,
Level Name,स्तर का नाम,
License,लाइसेंस,
Light Color,हल्का रंग,
Like,पसंद,
Likes,पसंद,
Limit,हद,
Limit Number of DB Backups,डीबी बैकअप की सीमा सीमित करें,
Line,लाइन,
Link,संपर्क,
Link Cards,लिंक कार्ड,
Link DocType,लिंक doctype,
Link Document Type,लिंक दस्तावेज़ प्रकार,
Link Fieldname,लिंक फ़ील्डनाम,
Link Name,लिंक का नाम,
Link Title,लिंक टिटल,
Link To,करने के लिए लिंक,
Link to the page you want to open. Leave blank if you want to make it a group parent.,आप खोलना चाहते हैं पृष्ठ के लिए लिंक। आप इसे एक समूह के माता पिता बनाना चाहते हैं खाली छोड़ दें।,
Linked,लिंक्ड,
Linked Documents,लिंक किए गए दस्तावेज़,
Links,लिंक,
List,लिस्ट,
List Filter,सूची फ़िल्टर,
List Settings,सूची सेटिंग्स,
List View Settings,सूची सेटिंग्स देखें,
"List as [{""label"": _(""Jobs""), ""route"":""jobs""}]","[{: _ ( &quot;नौकरियाँ&quot;), &quot;मार्ग&quot;: &quot;नौकरियाँ&quot; &quot;लेबल&quot;}] के रूप में सूची",
List of patches executed,पैच की सूची मार डाला,
Load Balancing,भार संतुलन,
Location,स्थान,
Log,लॉग,
Log Data,लॉग डेटा,
Log Setting User,लॉग इन यूजर,
Log Settings,लॉग सेटिंग्स,
Login,लॉगिन,
Login After,बाद कीजिये,
Login Before,इससे पहले कीजिये,
Login Required,लॉगिन आवश्यक,
Logo Width,लोगो की चौड़ाई,
Logout,लॉगआउट,
Logout All Sessions on Password Reset,पासवर्ड रीसेट पर सभी सत्र लॉगआउट करें,
Logout From All Devices After Changing Password,पासवर्ड बदलने के बाद सभी उपकरणों से लॉगआउट करें,
Long Text,लंबी अक्षर,
Low,निम्न,
Main Section,मुख्य धारा,
Main Section (HTML),मुख्य भाग (HTML),
Main Section (Markdown),मुख्य अनुभाग (मार्कडाउन),
Maintenance Manager,रखरखाव प्रबंधक,
Maintenance User,रखरखाव उपयोगकर्ता,
"Make ""name"" searchable in Global Search",बनाओ &quot;नाम&quot; में वैश्विक खोज खोजा,
Mandatory,अनिवार्य,
Mandatory Depends On,अनिवार्य निर्भर करता है,
Map route parameters into form variables. Example <code>/project/&lt;name&gt;</code>,फॉर्म चर में मानचित्र मार्ग पैरामीटर। उदाहरण <code>/project/&lt;name&gt;</code>,
Markdown,Markdown,
Markdown Editor,मार्कडाउन संपादक,
Marked As Spam,स्पैम के रूप में चिह्नित,
Max 500 records at a time,एक समय में अधिकतम 500 रिकॉर्ड,
Max Attachment Size (in MB),अधिकतम अनुलग्नक आकार (MB में),
Max Attachments,अधिकतम किए गए अनुलग्नकों के,
Max Length,अधिकतम लंबाई,
Max Value,अधिकतम मूल्य,
Maximum,ज्यादा से ज्यादा,
Maximum Number of Fields,खेतों की अधिकतम संख्या,
Maximum Points,अधिकतम अंक,
Medium,मध्यम,
Meeting,मुलाकात,
Mention,उल्लेख,
Mentions,का उल्लेख है,
Message,संदेश,
Message (HTML),संदेश (HTML),
Message (Markdown),संदेश (मार्कडाउन),
Message Examples,संदेश उदाहरण,
Message ID,संदेश ID,
Message Parameter,संदेश पैरामीटर,
Message-id,संदेश-आईडी,
Meta Description,मेटा विवरण,
Meta Image,मेटा इमेज,
Meta Tags,मेटा टैग,
Meta Title,मेटा शीर्षक,
Method,विधि,
Middle Name,मध्य नाम,
Milestone,मील का पत्थर,
Milestone Tracker,माइलस्टोन ट्रैकर,
Minimum,न्यूनतम,
Minimum Password Score,न्यूनतम पासवर्ड स्कोर,
Mobile No,नहीं मोबाइल,
Module,मॉड्यूल,
Module Def,मॉड्यूल Def,
Module Name,मॉड्यूल नाम,
Module Onboarding,मॉड्यूल ऑनबोर्डिंग,
Modules HTML,मॉड्यूल एचटीएमएल,
Monday,सोमवार,
Monospace,मोनोस्पेस,
Monthly,मासिक,
Monthly Long,मासिक लंबा,
More Information,अधिक जानकारी,
More content for the bottom of the page.,पृष्ठ के नीचे के लिए सामग्री.,
Multiplier Field,गुणक क्षेत्र,
Must be a publicly accessible Google Sheets URL,सार्वजनिक रूप से सुलभ Google पत्रक URL होना चाहिए,
"Must be of type ""Attach Image""",प्रकार का होना चाहिए &quot;छवि संलग्न&quot;,
Mute Sounds,म्यूट ध्वनि,
MyISAM,MyISAM,
Name,नाम,
Naming,नामकरण,
Naming Series,श्रृंखला का नामकरण,
Navbar,नेवबार,
Navbar Item,नवबार मद,
Navbar Settings,नवबार सेटिंग्स,
Navbar Template,नवबंर टेम्पलेट,
Navbar Template Values,नवबंर टेम्पलेट वैल्यूज़,
New,नया,
New Name,नया नाम,
New value to be set,नई करने के लिए सेट किया जा मूल्य,
Newsletter,न्यूज़लैटर,
Newsletter Email Group,न्यूज़लेटर ईमेल समूह,
Newsletter Manager,न्यूज़लैटर प्रबंधक,
Next Action Email Template,अगला एक्शन ईमेल टेम्पलेट,
Next Actions HTML,अगली क्रियाएं एचटीएमएल,
Next Schedule Date,अगली अनुसूची तिथि,
Next State,अगले राज्य,
Next Sync Token,अगला सिंक टोकन,
No,नहीं,
No Copy,कोई नकल,
No of Requested SMS,अनुरोधित एसएमएस की संख्या,
No of Rows (Max 500),पंक्तियों की कोई (अधिकतम 500),
No of Sent SMS,भेजे गए एसएमएस की संख्या,
Non Negative,गैर नकारात्मक,
None,कोई नहीं,
Not Sent,नहीं भेजा गया,
Note,नोट,
Note Seen By,द्वारा देखा नोट,
Note: By default emails for failed backups are sent.,नोट: असफल बैकअप के लिए डिफ़ॉल्ट ईमेल द्वारा भेजे जाते हैं।,
"Note: For best results,  images must be of the same size and width must be greater than height.","नोट: सर्वोत्तम परिणामों के लिए, चित्र समान आकार के होने चाहिए और चौड़ाई ऊँचाई से अधिक होनी चाहिए।",
Note: Multiple sessions will be allowed in case of mobile device,नोट: कई सत्रों मोबाइल डिवाइस के मामले में अनुमति दी जाएगी,
Notification,अधिसूचना,
Notification Log,अधिसूचना लॉग,
Notification Recipient,अधिसूचना प्राप्तकर्ता,
Notification Settings,अधिसूचना सेटिंग,
Notification Subscribed Document,अधिसूचना सब्स्क्राइब्ड दस्तावेज,
Notifications,सूचनाएं,
Notifications and bulk mails will be sent from this outgoing server.,सूचनाएं और थोक मेल इस जावक सर्वर से भेजा जाएगा।,
Notify Users On Every Login,हर लॉगिन पर उपयोगकर्ता को सूचित करें,
Notify by Email,ईमेल द्वारा सूचित करें,
Notify by email,ईमेल द्वारा सूचित करें,
Notify if unreplied,Unreplied अगर सूचित करें,
Notify if unreplied for (in mins),(मिनट में) के लिए unreplied अगर सूचित करें,
Notify users with a popup when they log in,जब वे लोग इन उपयोगकर्ताओं को एक पॉपअप के साथ सूचित करें,
Number Card,नंबर कार्ड,
Number Card Link,नंबर कार्ड लिंक,
Number Cards,नंबर कार्ड,
Number Format,संख्या स्वरूप,
Number of Backups,बैकअप की संख्या,
Number of DB Backups,डीबी बैकअप की संख्या,
Number of Groups,समूहों की संख्या,
Number of columns for a field in a Grid (Total Columns in a grid should be less than 11),एक क्षेत्र के लिए कॉलम की संख्या एक ग्रिड में (एक ग्रिड में कुल कॉलम कम से कम 11 होना चाहिए),
Number of columns for a field in a List View or a Grid (Total Columns should be less than 11),स्तंभों की संख्या एक सूची दृश्य या एक ग्रिड में एक क्षेत्र के लिए (कुल 11 कॉलम से कम होना चाहिए),
OAuth Authorization Code,OAuth प्राधिकरण कोड,
OAuth Bearer Token,OAuth बियरर टोकन,
OAuth Client,OAuth क्लायंट,
OAuth Client ID,OAuth क्लाइंट आईडी,
OAuth Provider Settings,OAuth प्रदाता सेटिंग्स,
OTP App,ओटीपी एप,
OTP Issuer Name,ओटीपी जारीकर्ता का नाम,
Off,बंद,
Office,कार्यालय,
Office 365,ऑफिस 365,
Older backups will be automatically deleted,पुराने बैकअप स्वचालित रूप से हटा दिया जाएगा,
On Hold,होल्ड पर,
Onboarding Permission,ऑनबोर्डिंग अनुमति,
Onboarding Step,जहाज पर कदम,
Onboarding Step Map,जहाज पर कदम नक्शा,
"Once submitted, submittable documents cannot be changed. They can only be Cancelled and Amended.","एक बार प्रस्तुत करने के बाद, जमा करने योग्य दस्तावेज नहीं बदले जा सकते हैं। उन्हें केवल रद्द और संशोधित किया जा सकता है।",
Only Allow Edit For,केवल के लिए संपादित करें अनुमति दें,
Only Send Records Updated in Last X Hours,केवल अंतिम एक्स घंटे में अपडेट रिकॉर्ड भेजें,
Open,खुला,
Open Documents,दस्तावेज़ खोलें,
Open Reference Document,संदर्भ दस्तावेज़ खोलें,
Open URL in a New Tab,एक नया टैब में URL खोलें,
Open a dialog with mandatory fields to create a new record quickly,जल्दी से नया रिकॉर्ड बनाने के लिए अनिवार्य फ़ील्ड के साथ एक संवाद खोलें,
Opened,खोला,
Operation,ऑपरेशन,
Optional: Always send to these ids. Each Email Address on a new row,वैकल्पिक: हमेशा इन आईडी के लिए भेज देते हैं। एक नई पंक्ति पर प्रत्येक ईमेल पते,
Optional: The alert will be sent if this expression is true,"वैकल्पिक: यह अभिव्यक्ति सत्य है, तो सतर्क भेजा जाएगा",
Options,विकल्प,
Options Help,विकल्पों की मदद से,
Orange,संतरा,
Order,व्यवस्था,
Org History,संगठन इतिहास,
Org History Heading,संगठन इतिहास शीर्षक,
Other,अन्य,
Outlook.com,Outlook.com,
Output,उत्पादन,
PDF Page Size,पीडीएफ पृष्ठ आकार,
PDF Settings,पीडीएफ सेटिंग्स,
Page,पृष्ठ,
Page Break,पृष्ठातर,
Page Builder,पेज बिल्डर,
Page Building Blocks,पेज बिल्डिंग ब्लॉक,
Page HTML,पृष्ठ HTML,
Page Name,पेज का नाम,
Page Settings,पृष्ठ सेटिंग्स,
Parameter,प्राचल,
Parent Field (Tree),मूल क्षेत्र (वृक्ष),
Parent Label,माता - पिता लेबल,
Partial Success,आंशिक सफलता,
Participants,प्रतिभागियों,
Passive,निष्क्रिय,
Password,पासवर्ड,
Password Reset Link Generation Limit,पासवर्ड रीसेट लिंक जनरेशन लिमिट,
Password for Base DN,बेस डी.एन. के लिए पासवर्ड,
Patch,पैच,
Patch Log,पैच प्रवेश करें,
Path,पथ,
Path to CA Certs File,पाथ से सीए सेर्ट्स फाइल,
Path to Server Certificate,सर्वर प्रमाणपत्र के लिए पथ,
Path to private Key File,निजी कुंजी फ़ाइल के लिए पथ,
Pending,अपूर्ण,
Pending Approval,लंबित अनुमोदन,
Pending Verification,लंबित सत्यापन,
Percent,प्रतिशत,
Percentage,का प्रतिशत,
Period,अवधि,
Perm Level,स्तर Perm,
Permanent,स्थायी,
Permission Level,अनुमति स्तर,
Permission Rules,अनुमति नियम,
Permissions,अनुमतियाँ,
Permitted Documents For User,उपयोगकर्ता के लिए अनुमति दस्तावेज,
Personal,व्यक्तिगत,
Personal Data Deletion Request,व्यक्तिगत डेटा हटाने का अनुरोध,
Personal Data Download Request,व्यक्तिगत डेटा डाउनलोड अनुरोध,
Phone,फ़ोन,
Phone No.,फोन नंबर,
Phone Number,फ़ोन नंबर,
Pie,पाई,
Pincode,Pincode,
Plant,पौधा,
Point Allocation Periodicity,बिंदु आवंटन आवधिकता,
Points,अंक,
Port,बंदरगाह,
Portal Menu,पोर्टल मेन्यू,
Portal Menu Item,पोर्टल मेन्यू आइटम,
Portal Settings,पोर्टल सेटिंग,
Position,पद,
Postal,डाक का,
Postal Code,डाक कोड,
Precision,शुद्धता,
Preferred Billing Address,पसंदीदा बिलिंग पता,
Preferred Shipping Address,पसंदीदा शिपिंग पता,
Prefix,उपसर्ग,
Prepared Report,तैयार रिपोर्ट,
Prepared Report User,तैयार रिपोर्ट उपयोगकर्ता,
Preview,पूर्वावलोकन,
Preview HTML,पूर्वावलोकन एचटीएमएल,
Preview Message,पूर्वावलोकन संदेश,
Previous Hash,पिछला हैश,
Primary,प्राथमिक,
Primary Color,प्राथमिक रंग,
Print,छाप,
Print Format,प्रारूप प्रिंट,
Print Format Builder,प्रिंट प्रारूप बिल्डर,
Print Format Help,छापा स्वरूप मदद,
Print Format Type,प्रारूप टाइप प्रिंट,
Print Hide,छिपाएँ प्रिंट,
Print Hide If No Value,प्रिंट छिपाने का कोई मूल्य नहीं,
Print Server,प्रिंट सर्वर,
Print Settings,प्रिंट सेटिंग,
Print Style,मुद्रण शैली,
Print Style Name,प्रिंट शैली का नाम,
Print Style Preview,मुद्रण शैली पूर्वावलोकन,
Print UOM after Quantity,मात्रा के बाद UOM प्रिंट करें,
Print Width,प्रिंट चौड़ाई,
"Print Width of the field, if the field is a column in a table","क्षेत्र एक तालिका में एक स्तंभ है, तो क्षेत्र की चौड़ाई प्रिंट",
Print taxes with zero amount,शून्य राशि के साथ करों को प्रिंट करें,
Print with letterhead,लेटरहेड के साथ प्रिंट,
Printer Name,प्रिंटर नाम,
Printing,मुद्रण,
Priority,प्राथमिकता,
Private,निजी,
ProTip: Add <code>Reference: {{ reference_doctype }} {{ reference_name }}</code> to send document reference,Protip: जोड़ें <code>Reference: {{ reference_doctype }} {{ reference_name }}</code> भेजने के लिए दस्तावेज संदर्भ,
Property,संपत्ति,
Property Depends On,संपत्ति पर निर्भर करता है,
Property Setter,संपत्ति सेटर,
Property Setter overrides a standard DocType or Field property,संपत्ति सेटर एक मानक doctype या फील्ड संपत्ति ओवरराइड करता है,
Property Type,सम्पत्ती के प्रकार,
Provider,प्रदाता,
Provider Name,प्रदाता का नाम,
Public,सार्वजनिक,
Publish,प्रकाशित करना,
Published,प्रकाशित,
Published On,पर प्रकाशित,
Pull from Google Calendar,Google कैलेंडर से खींचो,
Pull from Google Contacts,Google संपर्क से खींचो,
Pulled from Google Calendar,Google कैलेंडर से खींचा गया,
Pulled from Google Contacts,Google संपर्कों से खींचा गया,
Purchase Manager,खरीद प्रबंधक,
Purchase Master Manager,क्रय मास्टर प्रबंधक,
Purchase User,क्रय उपयोगकर्ता,
Purple,बैंगनी,
Push to Google Calendar,Google कैलेंडर में पुश करें,
Push to Google Contacts,Google संपर्क में पुश करें,
Quarterly,त्रैमासिक,
Query,प्रश्न,
Query / Script,क्वेरी / स्क्रिप्ट,
Query Options,क्वेरी विकल्प,
Query Report,क्वेरी रिपोर्ट,
Queued,पंक्तिबद्ध,
Quick Entry,त्वरित एंट्री,
RAW Information Log,रॉ सूचना लॉग,
Random,बिना सोचे समझे,
Rating,रेटिंग,
Raw Commands,रॉ कमांड्स,
Raw Email,कच्चे ईमेल,
Raw Printing,कच्ची छपाई,
Read,पढ़ना,
Read Only,केवल पठनीय,
Read Only Depends On,केवल पढ़ने पर निर्भर करता है,
Read Time,समय पढ़ें,
Read by Recipient,प्राप्तकर्ता द्वारा पढ़ें,
Read by Recipient On,प्राप्तकर्ता द्वारा पढ़ें,
Reason,कारण,
Received,प्राप्त,
Receiver By Document Field,दस्तावेज़ फ़ील्ड द्वारा रिसीवर,
Receiver By Role,भूमिका द्वारा प्राप्तकर्ता,
Receiver Parameter,रिसीवर पैरामीटर,
Recipient,प्राप्तकर्ता,
Recipient Unsubscribed,सदस्यता रद्द प्राप्तकर्ता,
Recipients,प्राप्तकर्ता,
Recorder,रिकॉर्डर,
Red,लाल,
Redirect URI Bound To Auth Code,पुनर्निर्देशित यूआरआइ प्रमाणीकरण कोड के लिए बाध्य,
Redirect URIs,यूआरआई पुनर्निर्देशन,
Redirect URL,यूआरएल पुनर्निर्देशन,
Ref DocType,रेफरी doctype,
Reference,संदर्भ,
Reference Date,संदर्भ तिथि,
Reference DocName,संदर्भ DocName,
Reference DocType,संदर्भ DocType,
Reference Docname,संदर्भ Docname,
Reference Doctype,संदर्भ टैग,
Reference Document,संदर्भ दस्तावेज़,
Reference Document Name,संदर्भ दस्तावेज़ का नाम,
Reference Document Type,संदर्भ दस्तावेज़ प्रकार,
Reference Name,संदर्भ नाम,
Reference Owner,संदर्भ मालिक,
Reference Report,संदर्भ रिपोर्ट,
Reference Type,संदर्भ प्रकार,
Reference name,संदर्भ नाम,
Referrer,संदर्भ,
Refresh Google Sheet,Google शीट को ताज़ा करें,
Refresh Token,ताज़ा टोकन,
Rejected,अस्वीकृत,
Relinked,Relinked,
Reload,सीमा से अधिक लादना,
Remember Last Selected Value,याद रखें अंतिम चयनित मूल्य,
Reminder,अनुस्मारक,
Repeat On,पर दोहराएँ,
Repeat Till,जब तक दोहराएँ,
Repeat on Day,दिन पर दोहराएं,
Repeat on Last Day of the Month,माह के अंतिम दिन दोहराएं,
Repeat this Event,इस इवेंट दोहराएँ,
Replied,उत्तर,
Reply,उत्तर,
Report,रिपोर्ट,
Report Builder,रिपोर्ट बिल्डर,
Report Column,रिपोर्ट कॉलम,
Report Description,रिपोर्ट विवरण,
Report Filter,रिपोर्ट फ़िल्टर,
Report Filters,रिपोर्ट फ़िल्टर,
Report Hide,छिपाएँ रिपोर्ट,
Report Information,सूचना रिपोर्ट,
Report Manager,रिपोर्ट प्रबंधक,
Report Name,रिपोर्ट नाम,
Report Reference Doctype,रिपोर्ट संदर्भ सिद्धांत,
Report Type,टाइप रिपोर्ट,
Reports,रिपोर्ट,
Represents a User in the system.,प्रणाली में एक उपयोगकर्ता का प्रतिनिधित्व करती।,
Represents the states allowed in one document and role assigned to change the state.,राज्य को बदलने के लिए आवंटित कर एक दस्तावेज़ और भूमिका में अनुमति राज्यों का प्रतिनिधित्व करता है।,
Request Data,अनुरोध डेटा,
Request Structure,अनुरोध संरचना,
Request URL,अनुरोध URL,
Requested Numbers,अनुरोधित नंबर,
Require Trusted Certificate,ट्रस्टेड सर्टिफिकेट चाहिए,
Reset Password Key,पासवर्ड को रीसेट,
Response,जवाब (प्रतिक्रिया),
Response Type,रिस्पांस प्रकार,
Restored,लौटी,
Restrict IP,आईपी प्रतिबंधित करें,
Restrict To Domain,डोमेन पर प्रतिबंध,
Restrict to Domain,डोमेन तक सीमित करें,
Restrict user from this IP address only. Multiple IP addresses can be added by separating with commas. Also accepts partial IP addresses like (111.111.111),इस आईपी पते से ही उपयोगकर्ता प्रतिबंधित. एकाधिक आईपी पतों को अल्पविरामों से अलग से जोड़ा जा सकता है. इसके अलावा तरह आंशिक आईपी पते (111.111.111) स्वीकार,
Retry,पुन: प्रयास करें,
Reverse Icon Color,रिवर्स चिह्न का रंग,
Revert,लौट आना,
Revert Of,वापस कर दिया,
Reverted,वापस लाया गया,
Review,समीक्षा,
Review Level,समीक्षा स्तर,
Review Levels,स्तर की समीक्षा करें,
Review Points,अंक की समीक्षा करें,
Revoked,रद्द,
Rich Text,रिच अक्षर,
Right,सही,
Robots.txt,robots.txt,
Role,भूमिका,
Role Name,भूमिका का नाम,
Role Permission for Page and Report,पृष्ठ और रिपोर्ट के लिए भूमिका की अनुमति,
Role Permissions,भूमिका अनुमतियां,
Role Permissions Manager,रोल अनुमतियां प्रबंधक,
Role Profile,भूमिका प्रोफाइल,
Role and Level,रोल और स्तर,
Roles,भूमिकाओं,
Roles Assigned,निरुपित भूमिकाओं,
Roles HTML,भूमिकाओं HTML,
Roles Html,रोल्स HTML,
Round Robin,राउंड रोबिन,
Route,मार्ग,
Route History,मार्ग इतिहास,
Route Redirects,रूट पुनर्निर्देश,
"Route: Example ""/desk""",रूट: उदाहरण &quot;/ डेस्क&quot;,
Row Index,पंक्ति सूचकांक,
Row Name,रो नाम,
Rows Added,पंक्तियाँ जोड़,
Rows Removed,पंक्तियाँ हटाया,
Rule,नियम,
Rule Conditions,नियम की शर्तें,
Rule Name,नियम का नाम,
Rules defining transition of state in the workflow.,नियम कार्यप्रवाह में राज्य के संक्रमण को परिभाषित.,
"Rules for how states are transitions, like next state and which role is allowed to change state etc.","कैसे राज्यों बदलाव अगले राज्य और जो भूमिका की तरह कर रहे हैं, के लिए नियम आदि राज्य को बदलने की अनुमति दी है",
Rules with higher priority number will be applied first.,उच्च प्राथमिकता संख्या वाले नियम पहले लागू किए जाएंगे।,
Run Jobs only Daily if Inactive For (Days),केवल दैनिक चलाने के लिए यदि निष्क्रिय (दिन) नौकरियां,
Run scheduled jobs only if checked,जाँच केवल अगर अनुसूचित नौकरियों भागो,
S3 Backup Settings,एस 3 बैकअप सेटिंग्स,
S3 Bucket Details,S3 बाल्टी विवरण,
SMS,एसएमएस,
SMS Gateway URL,एसएमएस गेटवे URL,
SMS Log,एसएमएस प्रवेश,
SMS Parameter,एसएमएस पैरामीटर,
SMS Settings,एसएमएस सेटिंग्स,
SMTP Settings for outgoing emails,निवर्तमान ईमेल के लिए SMTP सेटिंग,
"SQL Conditions. Example: status=""Open""",एसक्यूएल शर्तें। उदाहरण: स्थिति = &quot;ओपन&quot;,
SSL/TLS Mode,एसएसएल / टीएलएस मोड,
Sales Manager,बिक्री प्रबंधक,
Sales Master Manager,बिक्री मास्टर प्रबंधक,
Sales User,बिक्री प्रयोक्ता,
Salesforce,बिक्री बल,
Salutation,अभिवादन,
Sample,नमूना,
Saturday,शनिवार,
Save,सहेजें,
Scheduled,अनुसूचित,
Scheduled Job,अनुसूचित नौकरी,
Scheduled Job Log,अनुसूचित नौकरी लॉग,
Scheduled Job Type,अनुसूचित नौकरी प्रकार,
Scheduled To Send,भेजने के लिए अनुसूचित,
Scheduler Event,शेड्यूलर इवेंट,
Scope,क्षेत्र,
Scopes,scopes,
Script,लिपि,
Script Manager,स्क्रिप्ट मैनेजर,
Script Report,स्क्रिप्ट की रिपोर्ट,
Script Type,लिखावट टाइप,
Script to attach to all web pages.,स्क्रिप्ट सभी वेब पृष्ठों को देते हैं।,
Search Fields,फ़ील्ड्स खोज,
Search Priorities,प्राथमिकताएं खोजें,
Section,अनुभाग,
Section Break,अनुभाग विराम,
Security Settings,सुरक्षा सेटिंग्स,
Seen,देखा,
Seen By,द्वारा देखा गया,
Seen By Table,द्वारा तालिका देखा,
Select,चयन,
Select Dashboard,डैशबोर्ड का चयन करें,
Select Date Range,तिथि सीमा का चयन करें,
Select DocType,Doctype का चयन करें,
Select Doctype,DocType चुनें,
Select Transaction,लेन - देन का चयन करें,
Select an image of approx width 150px with a transparent background for best results.,अच्छे परिणाम के लिए एक पारदर्शी पृष्ठभूमि के साथ लगभग चौड़ाई 150px की एक छवि का चयन करें.,
Select the label after which you want to insert new field.,लेबल का चयन करें जिसके बाद आप नए क्षेत्र सम्मिलित करना चाहते हैं.,
Send After,बाद भेजें,
Send Alert On,अलर्ट पर भेजें,
Send Email Alert,ईमेल अलर्ट भेजें,
Send Email Print Attachments as PDF (Recommended),पीडीएफ के रूप में ईमेल प्रिंट अनुलग्नक भेजें (अनुशंसित),
Send Email for Successful Backup,सफल बैकअप के लिए ईमेल भेजें,
Send Email for Successful backup,सफल बैकअप के लिए ईमेल भेजें,
Send Me A Copy of Outgoing Emails,मुझे बाहर जाने वाले ईमेल की प्रतिलिपि भेजें,
Send Notification To,को अधिसूचना भेजें,
Send Notification to,को अधिसूचना भेजें,
Send Notifications For Documents Followed By Me,मेरे द्वारा भेजे गए दस्तावेजों के लिए अधिसूचना भेजें,
Send Notifications For Email Threads,ईमेल थ्रेड के लिए सूचनाएं भेजें,
Send Notifications To,करने के लिए सूचनाएं भेजें,
Send Print as PDF,के रूप में प्रिंट भेजें पीडीएफ,
Send System Notification,सिस्टम अधिसूचना भेजें,
Send To All Assignees,सभी प्रतिनिधियों को भेजें,
Send Unsubscribe Link,भेजें सदस्यता रद्द करें लिंक,
Send Welcome Email,स्वागत ईमेल भेजें,
Send alert if date matches this field's value,"तारीख इस क्षेत्र के मूल्य से मेल खाता है, तो सतर्क भेजें",
Send alert if this field's value changes,चेतावनी भेजें इस क्षेत्र के मूल्य में परिवर्तन अगर,
Send an email reminder in the morning,सुबह में एक ईमेल अनुस्मारक भेजें,
Send days before or after the reference date,पहले या संदर्भ तारीख के बाद के दिनों भेजें,
Send enquiries to this email address,इस ईमेल पते पर पूछताछ भेजें,
Send only if there is any data,केवल भेजें अगर कोई डेटा है,
Send unsubscribe message in email,ईमेल में सदस्यता समाप्त संदेश भेजें,
Sender,प्रेषक,
Sender Email,प्रेषक ईमेल,
Sender Name,प्रेषक का नाम,
Sendgrid,Sendgrid,
Sending,भेजना,
Sent,भेजे गए,
Sent On,पर भेजा,
Sent Read Receipt,भेजा पढ़ें रसीद,
Sent To,भेजा,
Sent or Received,भेजा या प्राप्त,
Sent/Received Email,भेजा / प्राप्त ईमेल,
Separator,सेपरेटर,
Sequence Id,अनुक्रम आईडी,
Series List for this Transaction,इस लेन - देन के लिए सीरीज सूची,
Server Action,सर्वर क्रिया,
Server IP,सर्वर आईपी,
Server Script,सर्वर स्क्रिप्ट,
Service,सेवा,
Session Default,सत्र डिफ़ॉल्ट,
Session Default Settings,डिफ़ॉल्ट डिफ़ॉल्ट सेटिंग्स,
Session Defaults,सत्र चूक,
Set Banner from Image,छवि से बैनर सेट,
"Set Default Options for all charts on this Dashboard (Ex: ""colors"": [""#d1d8dd"", ""#ff5858""])","इस डैशबोर्ड पर सभी चार्ट के लिए डिफ़ॉल्ट विकल्प सेट करें (उदा: &quot;रंग&quot;: [&quot;# d1d8dd&quot;, &quot;# ff5858&quot;])",
Set New Password,नया पासवर्ड सेट,
Set Property After Alert,अलर्ट के बाद संपत्ति सेट करें,
Set Role For,इस भूमिका के लिए सेट करें,
Set Value,मूल्य सेट,
Set non-standard precision for a Float or Currency field,एक नाव या मुद्रा क्षेत्र के लिए सेट गैर मानक प्रेसिजन,
Settings,सेटिंग्स,
Settings Dropdown,सेटिंग्स ड्रॉपडाउन,
Settings for Contact Us Page,हमसे संपर्क करें पृष्ठ के लिए सेटिंग,
Settings for the About Us Page,हमारे बारे में पृष्ठ के लिए सेटिंग,
Setup,व्यवस्था,
Setup Complete,सेटअप पूरा हुआ,
Setup Wizard,सेटअप विज़ार्ड,
Share,शेयर,
Shared,साझा,
Shipping,शिपिंग,
Shop,दुकान,
Short Name,संक्षिप्त नाम,
Shortcuts,शॉर्टकट,
Show Attachments,संलग्नक दिखाएं,
Show Dashboard,डैशबोर्ड दिखाओ,
Show Document,दस्तावेज़ दिखाएं,
Show Failed Logs,विफल लॉग दिखाएं,
Show Form Tour,फॉर्म टूर दिखाएं,
Show Full Error and Allow Reporting of Issues to the Developer,पूर्ण त्रुटि दिखाएं और डेवलपर को समस्याओं की रिपोर्टिंग की अनुमति दें,
Show Full Form?,पूरा फॉर्म दिखाएं?,
Show Line Breaks after Sections,शो लाइन वर्गों के बाद तोड़ता,
Show Percentage Stats,प्रतिशत आँकड़े दिखाएँ,
Show Preview Popup,पूर्वावलोकन पॉपअप दिखाएं,
Show Report,रिपोर्ट दिखाओ,
Show Section Headings,शो धारा शीर्षकों,
Show Sidebar,दिखाएँ साइडबार,
Show Title,शीर्षक दिखाओ,
Show as cc,सीसी के रूप में दिखाएँ,
Show full form instead of a quick entry modal,त्वरित प्रविष्टि मोडल के बजाय पूर्ण फ़ॉर्म दिखाएं,
Show in Module Section,मॉड्यूल धारा में दिखाएँ,
Show in filter,फ़िल्टर में दिखाएं,
Show percentage difference according to this time interval,इस समय अंतराल के अनुसार प्रतिशत अंतर दिखाएं,
"Show title in browser window as ""Prefix - title""",के रूप में ब्राउज़र विंडो में दिखाएं शीर्षक &quot;उपसर्ग - शीर्षक&quot;,
Sidebar Items,साइडबार आइटम,
Sidebar Settings,साइडबार सेटिंग,
Sidebar and Comments,साइडबार और टिप्पणियाँ,
Signature,हस्ताक्षर,
"Simple Python Expression, Example: Status in (""Closed"", ""Cancelled"")","सरल पायथन अभिव्यक्ति, उदाहरण: स्थिति (&quot;बंद&quot;, &quot;रद्द&quot;)",
"Simple Python Expression, Example: Status in (""Invalid"")","सरल पायथन अभिव्यक्ति, उदाहरण: स्थिति (&quot;अमान्य&quot;)",
"Simple Python Expression, Example: status == 'Open' and type == 'Bug'","सरल पायथन अभिव्यक्ति, उदाहरण: स्थिति == &#39;खुला&#39; और प्रकार == &#39;बग&#39;",
Simultaneous Sessions,एक साथ सत्र,
Single Types have only one record no tables associated. Values are stored in tabSingles,सिंगल प्रकार जुड़े केवल एक रिकॉर्ड कोई टेबल है . मान tabSingles में जमा हो जाती है,
Skip Authorization,प्राधिकरण जाएं,
Skype,स्काइप,
Slack,ढीला,
Slack Channel,स्लैक चैनल,
Slack Webhook URL,स्लेक वेबहूक यूआरएल,
Slideshow,स्लाइड शो,
Slideshow Items,स्लाइड शो आइटम,
Slideshow Name,स्लाइड शो नाम,
Slideshow like display for the website,वेबसाइट के लिए प्रदर्शन की तरह स्लाइड शो,
Small Text,छोटे अक्षर,
Smallest Currency Fraction Value,सबसे छोटा मुद्रा अंश मूल्य,
Smallest circulating fraction unit (coin). For e.g. 1 cent for USD and it should be entered as 0.01,सबसे छोटा घूम अंश इकाई (सिक्का)। यह 0.01 के रूप में दर्ज किया जाना चाहिए और अमरीकी डालर के लिए उदाहरण के 1 प्रतिशत के लिए,
Social,सामाजिक,
Social Link Settings,सामाजिक लिंक सेटिंग्स,
Social Link Type,सामाजिक लिंक प्रकार,
Social Login Key,सामाजिक लॉगइन कुंजी,
Social Login Provider,सामाजिक लॉगिन प्रदाता,
Social Logins,सामाजिक लॉगिन,
Soft-Bounced,शीतल बाउंस,
Sort Field,क्रमबद्ध फील्ड,
Sort Order,सॉर्ट क्रम,
Source,स्रोत,
Source Name,स्रोत का नाम,
Source Text,स्रोत इबारत,
Spam,स्पैम,
SparkPost,SparkPost,
Standard,मानक,
Standard Sidebar Menu,स्टैंडर्ड साइडबार मेनू,
Start Date,प्रारंभ दिनांक,
Start Date Field,प्रारंभ दिनांक फ़ील्ड,
Start Time,समय शुरू,
StartTLS,STARTTLS,
Started,शुरू कर दिया है,
Starts on,पर शुरू होता है,
State,राज्य,
State/Province,राज्य / प्रांत,
States,राज्य अमेरिका,
Static Parameters,स्टेटिक पैरामीटर,
Stats,आँकड़े,
Stats Time Interval,आँकड़े समय अंतराल,
Status,हैसियत,
Step,चरण,
Steps,कदम,
Stopped,रोक,
Stores the JSON of last known versions of various installed apps. It is used to show release notes.,स्टोर विभिन्न इंस्टॉल किए गए एप्लिकेशन के अंतिम ज्ञात संस्करणों की JSON। यह रिलीज नोट्स को दिखाने के लिए प्रयोग किया जाता है।,
Style,शैली,
Style Settings,शैली सेटिंग्स,
"Style represents the button color: Success - Green, Danger - Red, Inverse - Black, Primary - Dark Blue, Info - Light Blue, Warning - Orange","- ग्रीन, खतरा - लाल, उलटा - काले, प्राथमिक - डार्क ब्लू जानकारी, लाइट ब्लू, चेतावनी - ऑरेंज सफलता: शैली बटन रंग का प्रतिनिधित्व करता है",
Stylesheet,शैली पत्रक,
"Sub-currency. For e.g. ""Cent""",उप - मुद्रा. उदाहरण के लिए &quot;प्रतिशत&quot;,
Sub-domain provided by erpnext.com,Erpnext.com द्वारा प्रदान की उप - डोमेन,
Subdomain,उपडोमेन,
Subject,विषय,
Subject Field,विषय फ़ील्ड,
Submit,प्रस्तुत करना,
Submit After Import,आयात के बाद सबमिट करें,
Submitted,पेश,
Subsidiary,सहायक,
Subtitle,उपशीर्षक,
Success,सफलता,
Success Action,सफलता की कार्रवाई,
Success Message,सफलता संदेश,
Success URL,सफलता यूआरएल,
Sum,योग,
Sunday,रविवार,
Symbol,प्रतीक,
Sync,सिंक,
Sync with Google Calendar,Google कैलेंडर के साथ सिंक करें,
Sync with Google Contacts,Google संपर्क के साथ सिंक करें,
System,प्रणाली,
System Console,सिस्टम कंसोल,
System Manager,सिस्टम प्रबंधक,
System Notification,सिस्टम अधिसूचना,
System Page,सिस्टम पेज,
System Settings,सिस्टम सेटिंग्स,
System managers are allowed by default,सिस्टम प्रबंधकों को डिफ़ॉल्ट रूप से अनुमति दी जाती है,
Table,तालिका,
Table Break,टेबल ब्रेक,
Table HTML,टेबल HTML,
Table MultiSelect,तालिका मल्टीसेलेक्ट,
Tag,टैग,
Tag Link,टैग लिंक,
Target,लक्ष्य,
Tax Category,कर श्रेणी,
Team Members,टीम के सदस्यों को,
Team Members Heading,टीम के सदस्यों शीर्षक,
Template,टेम्पलेट,
Template Options,टेम्पलेट विकल्प,
Template Warnings,टेम्पलेट चेतावनी,
Text,अक्षर,
Text Align,अक्षर संरेखण,
Text Color,अक्षर का रंग,
Text Content,पाठ्य सामग्री,
Text Editor,लेख संपादक,
The name that will appear in Google Calendar,वह नाम जो Google कैलेंडर में दिखाई देगा,
The user from this field will be rewarded points,इस क्षेत्र के उपयोगकर्ता को पुरस्कृत अंक दिए जाएंगे,
The webhook will be triggered if this expression is true,"यदि यह अभिव्यक्ति सत्य है, तो webhook को ट्रिगर किया जाएगा",
Theme,विषय,
Theme Configuration,थीम कॉन्फ़िगरेशन,
Theme URL,थीम URL,
These values will be automatically updated in transactions and also will be useful to restrict permissions for this user on transactions containing these values.,लेनदेन में इन मूल्यों को स्वचालित रूप से अद्यतन किया जाएगा और भी इन मूल्यों से युक्त लेनदेन पर इस उपयोगकर्ता के लिए अनुमति को प्रतिबंधित करने के लिए उपयोगी हो जाएगा.,
Third Party Authentication,थर्ड पार्टी प्रमाणन,
This card will be available to all Users if this is set,यदि यह सेट है तो यह कार्ड सभी उपयोगकर्ताओं के लिए उपलब्ध होगा,
This chart will be available to all Users if this is set,यदि यह सेट है तो यह चार्ट सभी उपयोगकर्ताओं के लिए उपलब्ध होगा,
This format is used if country specific format is not found,"देश विशिष्ट प्रारूप नहीं मिला है, तो यह प्रारूप प्रयोग किया जाता है",
This goes above the slideshow.,इस स्लाइड शो से ऊपर चला जाता है.,
This is an example Google SERP Preview.,यह एक उदाहरण Google SERP पूर्वावलोकन है।,
This is the number of the last created transaction with this prefix,यह इस उपसर्ग के साथ पिछले बनाई गई लेन - देन की संख्या,
This will be shown in a modal after routing,यह रूटिंग के बाद एक मोडल में दिखाया जाएगा,
This will be shown to the user in a dialog after routing to the report,रिपोर्ट को रूट करने के बाद इसे एक संवाद में उपयोगकर्ता को दिखाया जाएगा,
Thumbnail URL,थंबनेल URL,
Thursday,बृहस्पतिवार,
Time,समय,
Time Format,समय प्रारूप,
Time Interval,समय अंतराल,
Time Series,समय श्रृंखला,
Time Series Based On,समय श्रृंखला के आधार पर,
Time Zone,समय क्षेत्र,
Time Zones,टाइम जोन,
Time format,समय प्रारूप,
Time in seconds to retain QR code image on server. Min:<strong>240</strong>,सर्वर पर QR कोड छवि बनाए रखने के लिए समय सेकंड। न्यूनतम: <strong>240</strong>,
Timeline,समय,
Timeline DocType,इस समय doctype,
Timeline Field,इस समय फील्ड,
Timeline Links,समय लिंक,
Timeline Name,इस समय नाम,
Timeseries,समय श्रृंखला,
Timespan,समय अवधि,
Timestamp,टाइमस्टांप,
Title,शीर्षक,
Title Field,शीर्षक फ़ील्ड,
Title Prefix,शीर्षक उपसर्ग,
To,सेवा मेरे,
To Date,तिथि करने के लिए,
To Date Field,दिनांक फ़ील्ड के लिए,
To and CC,प्रति और प्रतिलिपि,
"To use Slack Channel, add a <a href=""#List/Slack%20Webhook%20URL/List"">Slack Webhook URL</a>.","स्लैक चैनल का उपयोग करने के लिए, <a href=""#List/Slack%20Webhook%20URL/List"">स्लैक वेबहूक URL</a> जोड़ें।",
ToDo,ToDo,
Token,टोकन,
Top,ऊपर,
Top Bar Item,शीर्ष बार आइटम,
Top Bar Items,शीर्ष बार आइटम,
Topic,विषय,
Total Subscribers,कुल ग्राहकों,
Total number of emails to sync in initial sync process ,ईमेल की कुल संख्या प्रारंभिक समन्वयन प्रक्रिया में सिंक करने के लिए,
Traceback,वापस ट्रेस करें,
Track Changes,ट्रैक परिवर्तन,
Track Email Status,ईमेल स्थिति ट्रैक करें,
Track Field,ट्रैक क्षेत्र,
Track Seen,ट्रैक देखा,
Track Views,ट्रैक दृश्य,
Track milestones for any document,किसी भी दस्तावेज़ के लिए ट्रैक मील के पत्थर,
Transaction Hash,लेनदेन हैश,
Transaction Log,लेन देन सुची,
Transaction Log Report,लेनदेन लॉग रिपोर्ट,
Transition Rules,संक्रमण नियम,
Transitions,बदलाव,
Translatable,अनुवाद का लायक़,
Translated Text,अनुवादित पाठ,
Translation,अनुवाद,
Trash,कचरा,
Tree,पेड़,
Tree structures are implemented using Nested Set,नेस्टेड सेट का उपयोग करके पेड़ों की संरचनाओं को लागू किया जाता है,
Trigger Method,ट्रिगर विधि,
"Trigger on valid methods like ""before_insert"", ""after_update"", etc (will depend on the DocType selected)","&quot;Before_insert&quot;, &quot;after_update&quot;, आदि जैसे वैध तरीकों पर ट्रिगर (चयनित doctype पर निर्भर करेगा)",
Tuesday,मंगलवार,
Two Factor Authentication,दो तरीकों से प्रमाणीकरण,
Two Factor Authentication method,दो फैक्टर प्रमाणीकरण विधि,
Type,टाइप,
UID,यूआईडी,
UIDNEXT,UIDNEXT,
UIDVALIDITY,UIDVALIDITY,
UNSEEN,अनदेखी,
URL,यूआरएल,
URL for documentation or help,प्रलेखन या मदद के लिए URL,
URL to go to on clicking the slideshow image,स्लाइड शो छवि पर क्लिक करने के लिए URL,
Unassign Condition,अस्वस्थता की स्थिति,
Unhandled Email,मैनेज्ड ईमेल,
Unique,अजूबा,
Unread,अपठित ग,
Unread Notification Sent,भेजे गए अपठित अधिसूचना,
Unshared,अविभाजित,
Unsubscribe Method,सदस्यता समाप्त विधि,
Unsubscribe Param,सदस्यता समाप्त परम,
Unsubscribed,आपकी सदस्यता समाप्त कर दी,
Update,अद्यतन,
Update Existing Records,मौजूदा रिकॉर्ड अपडेट करें,
Update Field,फील्ड अद्यतन,
Update Series Number,अद्यतन सीरीज नंबर,
Update Settings,सेटिंग अपडेट करें,
Update Value,मूल्य अद्यतन,
Updated,अद्यतित,
Uploaded To Dropbox,ड्रॉपबॉक्स में अपलोड किया गया,
Uploaded To Google Drive,Google ड्राइव पर अपलोड किया गया,
Use % for any non empty value.,किसी भी गैर रिक्त मान के लिए% का उपयोग करें।,
Use ASCII encoding for password,पासवर्ड के लिए ASCII एन्कोडिंग का प्रयोग करें,
Use IMAP,उपयोग आईमैप,
Use POST,पोस्ट का उपयोग करें,
Use Report Chart,रिपोर्ट चार्ट का उपयोग करें,
Use SSL,SSL का उपयोग,
Use TLS,टीएलएस का प्रयोग करें,
Use this fieldname to generate title,शीर्षक उत्पन्न करने के लिए इस FieldName प्रयोग करें,
User,उपयोगकर्ता,
User ,उपयोगकर्ता,
User Agent,उपभोक्ता अभिकर्ता,
User Cannot Create,प्रयोक्ता नहीं बना सकते हैं,
User Cannot Search,प्रयोक्ता नहीं खोज सकते हैं,
User Defaults,प्रोफ़ाइल डिफ़ॉल्ट्स,
User Details,उपभोक्ता का विवरण,
User Email,उपयोगकर्ता ईमेल,
User Emails,उपयोगकर्ता ईमेल,
User Field,प्रयोक्ता फील्ड,
User ID,प्रयोक्ता आईडी,
User ID Property,उपयोगकर्ता आईडी संपत्ति,
User ID of a Blogger,एक ब्लॉगर के यूजर आईडी,
User Id,यूज़र आईडी,
User Image,User Image,
User Name,उपयोगकर्ता नाम,
User Permission,उपयोगकर्ता की अनुमति,
User Profile,उपयोगकर्ता प्रोफ़ाइल,
User Social Login,उपयोगकर्ता सोशल लॉगइन,
User Tags,उपयोगकर्ता के टैग,
User Type,प्रयोक्ता प्रकार,
User can login using Email id or Mobile number,उपयोगकर्ता ईमेल आईडी या मोबाइल नंबर का इस्तेमाल कर लॉगिन कर सकता है,
User can login using Email id or User Name,उपयोगकर्ता ईमेल आईडी या यूज़र नेम से लॉगिन कर सकता है,
User must always select,उपयोगकर्ता हमेशा का चयन करना होगा,
Username,यूजर का नाम,
Users,उपयोगकर्ता,
Users assigned to the reference document will get points.,संदर्भ दस्तावेज़ को सौंपे गए उपयोगकर्ताओं को अंक मिलेंगे।,
Valid,मान्य,
Validate Field,वैधव्य क्षेत्र,
Validity,वैधता,
Value,मूल्य,
Value Based On,मूल्य के आधार पर,
Value Change,मान बदलने,
Value Changed,मान बदल गया,
Value To Be Set,मूल्य निर्धारित करने के लिए,
Value from this field will be set as the due date in the ToDo,इस क्षेत्र से मूल्य ToDo में नियत तारीख के रूप में सेट किया जाएगा,
Value to Validate,मान को मान्य,
Verdana,Verdana,
Verified,सत्यापित,
Version,संस्करण,
Video URL,वीडियो यूआरएल,
View,राय,
View Log,लॉग देखें,
View Properties (via Customize Form),(अनुकूलित फॉर्म के माध्यम से) संपत्तियाँ देखें,
View Report,रिपोर्ट देखें,
View Settings,दृश्य सेटिंग्स,
View Website,वेबसाइट देखें,
Viewed By,द्वारा देखा गया,
Visit,भेंट,
Warehouse,गोदाम,
Warning,चेतावनी,
Watch Video,वीडियो देखेंा,
Web Form,वेब फार्म,
Web Form Field,वेब प्रपत्र फ़ील्ड,
Web Form Fields,वेब प्रपत्र फील्ड्स,
Web Page,वेब पेज,
Web Page Block,वेब पेज ब्लॉक,
Web Page View,वेब पेज देखें,
Web Template,वेब टेम्पलेट,
Web Template Field,वेब टेम्पलेट फ़ील्ड,
Web Template Values,वेब टेम्पलेट मान,
Web View,वेब दृश्य,
Webhook,Webhook,
Webhook Data,वेबहूक डेटा,
Webhook Header,वेबहुआ हैडर,
Webhook Headers,वेहुख हेडर,
Webhook Request,वेबहोक अनुरोध,
Webhook Secret,वेबहूक सीक्रेट,
Webhook Security,Webhook सुरक्षा,
Webhook Trigger,Webhook ट्रिगर,
Webhook URL,वेबहुक यूआरएल,
Website,वेबसाइट,
Website Analytics,वेबसाइट विश्लेषिकी,
Website Manager,वेबसाइट प्रबंधक,
Website Meta Tag,वेबसाइट मेटा टैग,
Website Route Meta,वेबसाइट मार्ग मेटा,
Website Route Redirect,वेबसाइट रूट रीडायरेक्ट,
Website Script,वेबसाइट स्क्रिप्ट,
Website Settings,वेबसाइट सेटिंग,
Website Sidebar,वेबसाइट साइडबार,
Website Sidebar Item,वेबसाइट साइडबार आइटम,
Website Slideshow,वेबसाइट स्लाइड शो,
Website Slideshow Item,वेबसाइट स्लाइड शो आइटम,
Website Theme,वेबसाइट के विषय,
Website Theme Ignore App,वेबसाइट थीम इग्नोर ऐप,
Website Theme Image,वेबसाइट के विषय छवि,
Website Theme Image Link,वेबसाइट थीम छवि लिंक,
Wednesday,बुधवार,
Weekdays,काम करने के दिन,
Weekly,साप्ताहिक,
Weekly Long,साप्ताहिक लंबा,
Welcome Email Template,आपका स्वागत है ईमेल टेम्पलेट,
"When enabled this will allow guests to upload files to your application, You can enable this if you wish to collect files from user without having them to log in, for example in job applications web form.","जब यह सक्षम हो जाता है, तो मेहमान आपके एप्लिकेशन में फ़ाइलें अपलोड करने की अनुमति देंगे, यदि आप बिना लॉग इन किए उपयोगकर्ता से फ़ाइलें एकत्रित करना चाहते हैं, तो उदाहरण के लिए, जॉब एप्लिकेशन वेब फॉर्म में।",
Which view of the associated DocType should this shortcut take you to?,संबंधित DocType का कौन सा दृश्य आपको इस शॉर्टकट तक ले जाना चाहिए?,
Width,चौडाई,
Wildcard Filter,वाइल्डकार्ड फ़िल्टर,
"Will add ""%"" before and after the query",क्वेरी के पहले और बाद में &quot;%&quot; जोड़ देगा,
Will be used in url (usually first name).,यूआरएल (आम तौर पर पहला नाम) में इस्तेमाल किया जाएगा.,
Will run scheduled jobs only once a day for inactive sites. Default 4 days if set to 0.,निष्क्रिय साइटों के लिए दिन में केवल एक बार अनुसूचित नौकरी चलाएंगे। डिफ़ॉल्ट 4 दिन अगर 0 पर सेट किया गया।,
Workflow,कार्यप्रवाह,
Workflow Action,वर्कफ़्लो लड़ाई,
Workflow Action Master,कार्यप्रवाह एक्शन मास्टर,
Workflow Action Name,वर्कफ़्लो कार्य का नाम,
Workflow Action is not created for optional states,वैकल्पिक राज्यों के लिए वर्कफ़्लो एक्शन नहीं बनाया गया है,
Workflow Document State,वर्कफ़्लो दस्तावेज़ राज्य,
Workflow Name,वर्कफ़्लो नाम,
Workflow State,कार्यप्रवाह राज्य,
Workflow State Field,वर्कफ़्लो राज्य फील्ड,
Workflow Transition,वर्कफ़्लो संक्रमण,
Workflow state represents the current state of a document.,कार्यप्रवाह राज्य एक दस्तावेज की वर्तमान स्थिति का प्रतिनिधित्व करता है।,
Write,लिखना,
X Field,एक्स फील्ड,
XLSX,XLSX,
Y Axis,Y अक्ष,
Y Field,वाई फील्ड,
Yahoo Mail,याहू मेल,
Yandex.Mail,Yandex.Mail,
Year,वर्ष,
Yearly,वार्षिक,
Yellow,पीला,
Yes,हाँ,
Your organization name and address for the email footer.,ईमेल पाद लेख के लिए अपने संगठन का नाम और पता।,
Zero means send records updated at anytime,शून्य का मतलब किसी भी समय अपडेट रिकॉर्ड भेजना है,
_doctype,_doctype,
_report,_प्रतिवेदन,
adjust,को समायोजित,
after_insert,after_insert,
align-center,संरेखित करें केंद्र,
align-justify,संरेखित करें - का औचित्य साबित,
align-left,संरेखित करें बाएं,
align-right,संरेखित करें सही,
arrow-down,नीचे तीर,
arrow-left,तीर बाएँ,
arrow-right,तीर सही,
arrow-up,तीर अप,
asterisk,तारांकन,
backward,पिछड़ा,
ban-circle,प्रतिबंध चक्र,
barcode,बारकोड,
bell,घंटी,
blue,नीला,
bold,बोल्ड,
book,पुस्तक,
bookmark,बुकमार्क,
briefcase,ब्रीफ़केस,
bullhorn,bullhorn,
calendar,पंचांग,
camera,कैमरा,
certificate,प्रमाणपत्र,
check,चेक,
chevron-down,शेवरॉन नीचे,
chevron-left,शेवरॉन छोड़ दिया,
chevron-right,शेवरॉन सही,
chevron-up,शहतीर अप,
circle-arrow-down,वृत्त - तीर - नीचे,
circle-arrow-left,वृत्त - तीर बाएँ,
circle-arrow-right,वृत्त - तीर - सही,
circle-arrow-up,वृत्त - तीर अप,
cog,दांत,
comment,टिप्पणी,
darkgrey,गहरा भूरा,
dd-mm-yyyy,डीडी-mm-yyyy,
dd.mm.yyyy,dd.mm.yyyy,
dd/mm/yyyy,dd / mm / yyyy,
download,डाउनलोड,
download-alt,डाउनलोड-Alt,
"e.g. ""Support"", ""Sales"", ""Jerry Yang""","उदाहरण के लिए ""समर्थन "","" बिक्री "","" जैरी यांग """,
e.g. pop.gmail.com / imap.gmail.com,जैसे pop.gmail.com / imap.gmail.com,
e.g. replies@yourcomany.com. All replies will come to this inbox.,जैसे replies@yourcomany.com। सभी जवाब दें इस इनबॉक्स के लिए आ जाएगा।,
e.g. smtp.gmail.com,जैसे smtp.gmail.com,
edit,संपादित करें,
eject,बेदखल करना,
email,ईमेल,
envelope,लिफाफा,
exclamation-sign,विस्मयादिबोधक हस्ताक्षर,
eye-close,आंख को बंद,
eye-open,आंख खोलने के,
facebook,फेसबुक,
facetime-video,FaceTime वीडियो,
fairlogin,fairlogin,
fast-backward,तेजी से पिछड़े,
fast-forward,तेजी से आगे,
file,फ़ाइल,
film,फ़िल्म,
filter,फिल्टर,
fire,आग,
flag,झंडा,
folder-close,फ़ोल्डर बंद,
folder-open,फ़ोल्डर खोलने के,
font,फॉन्ट,
forward,आगे,
fullscreen,fullscreen,
gift,उपहार,
glass,कांच,
globe,ग्लोब,
green,हरा,
hand-down,हाथ नीचे,
hand-left,हाथ बाएँ,
hand-right,हाथ - सही,
hand-up,हाथ,
hdd,hdd,
headphones,headphones,
heart,दिल,
home,घर,
icon,चिह्न,
in minutes,मिनटों में,
inbox,इनबॉक्स,
indent-left,इंडेंट - बाएँ,
indent-right,इंडेंट सही,
info-sign,जानकारी के संकेत,
italic,तिरछा,
leaf,पत्ती,
link,लिंक,
linkedin,लिंक्डइन,
list,सूची,
list-alt,सूची Alt,
lock,ताला,
magnet,चुंबक,
map-marker,नक्शा मार्कर,
minus,ऋण,
minus-sign,ऋण पर हस्ताक्षर,
mm-dd-yyyy,mm-dd-yyyy,
mm/dd/yyyy,dd / mm / yyyy,
module,मॉड्यूल,
move,चाल,
music,संगीत,
no failed attempts,कोई असफल प्रयासों,
off,बंद,
ok,ठीक,
ok-circle,ठीक चक्र,
ok-sign,ठीक है पर हस्ताक्षर,
old_parent,old_parent,
on_cancel,on_cancel,
on_change,परिवर्तन पर,
on_submit,on_submit,
on_trash,on_trash,
on_update,on_update,
on_update_after_submit,on_update_after_submit,
orange,नारंगी,
page,पेज,
pause,ठहराव,
pencil,पेंसिल,
picture,तस्वीर,
plane,विमान,
play,खेल,
play-circle,खेलने सर्कल,
plus,प्लस,
plus-sign,प्लस पर हस्ताक्षर,
print,छाप,
purple,बैंगनी,
qrcode,qrcode,
query-report,प्रश्न-रिपोर्ट,
question-sign,सवाल संकेत,
random,बिना सोचे समझे,
red,लाल,
refresh,ताज़ा करना,
remove,हटाना,
remove-circle,Remove-वृत्त,
remove-sign,हटाने के हस्ताक्षर,
repeat,दोहराना,
resize-full,का आकार परिवर्तन भरा,
resize-horizontal,का आकार परिवर्तन क्षैतिज,
resize-small,का आकार परिवर्तन छोटे,
resize-vertical,का आकार परिवर्तन खड़ी,
response,प्रतिक्रिया,
retweet,retweet,
road,सड़क,
screenshot,स्क्रीनशॉट,
search,खोज,
share,शेयर,
share-alt,शेयर Alt,
shopping-cart,शॉपिंग गाड़ी,
signal,संकेत,
star,सितारा,
star-empty,सितारा खाली,
step-backward,कदम से पिछड़े,
step-forward,कदम आगे,
stop,रुकें,
tag,टैग,
tags,टैग,
tasks,कार्य,
text-height,अक्षर-ऊंचाई,
text-width,अक्षर-चौड़ाई,
th,वें,
th-large,वें बड़े,
th-list,वें सूची,
thumbs-down,नीचे अंगूठे,
thumbs-up,अंगूठे अप,
time,समय,
tint,टिंट,
trash,कचरा,
twitter,ट्विटर,
upload,डालना,
user,उपयोगकर्ता,
volume-down,मात्रा नीचे,
volume-off,वॉल्यूम बंद,
volume-up,मात्रा,
warning-sign,चेतावनी संकेत,
wrench,रिंच,
yellow,पीला,
yyyy-mm-dd,yyyy-mm-dd,
zoom-in,आकार वर्धन,
zoom-out,ज़ूम आउट,
