"""Company History""",&quot;Povijest tvrtke&quot;,
"""Team Members"" or ""Management""","""Članovi tima"" ili ""uprave""",
&lt;head&gt; HTML,&lt;head&gt; HTML,
**Currency** Master,** Valuta ** osnovna,
0 - Draft; 1 - Submitted; 2 - Cancelled,0 - Nepotvrđeno; 1 - Potvrđeno; 2 - Otkazano,
0 is highest,0 je najviši,
A list of resources which the Client App will have access to after the user allows it.<br> e.g. project,Popis sredstava koja će Klijent Aplikacija ima pristup nakon što korisnik dopušta. <br> npr projekta,
A symbol for this currency. For e.g. $,Simbol za ovu valutu. Kao npr. $,
A4,A4,
ALL,Sve,
API,API,
API Access,Pristup API-ju,
API Endpoint,API krajnja točka,
API Endpoint Args,API Endpoint Args,
API Key,API ključ,
API Method,Metoda API,
API Secret,API tajna,
ASC,ASC,
About Us Settings,"Postavke ""O nama""",
About Us Team Member,"""O nama"" član tima",
Access Key ID,ID ključa pristupa,
Access Key Secret,Pristup ključnoj tajni,
Access Log,Dnevnik pristupa,
Access Token,Pristupni token,
Access Token URL,URL za pristup Tokenu,
Account,Račun,
Accounts Manager,Računi Manager,
Accounts User,Računi korisnika,
Action,Akcija,
Action / Route,Akcija / ruta,
Action Timeout (Seconds),Vrijeme djelovanja (sekundi),
Action Type,Vrsta radnje,
Actions,Akcije,
Active,Aktivan,
Active Domains,Aktivne domene,
Activity Log,Dnevnik aktivnosti,
Add Container,Dodaj spremnik,
Add Custom Tags,Dodajte prilagođene oznake,
Add Gray Background,Dodajte sivu pozadinu,
Add Signature,Dodaj potpis,
Add Total Row,Dodaj ukupno redaka,
Add Unsubscribe Link,Dodaj vezu za odjavu,
"Added HTML in the &lt;head&gt; section of the web page, primarily used for website verification and SEO","Dodano HTML u &lt;head&gt; na web stranici, prvenstveno se koristi za web stranice provjere i SEO",
Additional Permissions,Dodatne dozvole,
Address,Adresa,
Address And Contacts,Adresa i kontakti,
Address Line 1,Adresa - linija 1,
Address Line 2,Adresa - linija 2,
Address Template,Predložak adrese,
Address Title,Naziv adrese,
Address Type,Tip adrese,
Address and other legal information you may want to put in the footer.,Adresa i druge pravne informacije koje možda želite staviti u podnožje.,
Addresses And Contacts,Adrese i kontakti,
Adds a custom field to a DocType,Dodaje prilagođeni polje na vrstu dokumenata,
Administrator,Upravitelj,
Advanced,Napredan,
Advanced Control,Napredna kontrola,
Advanced Settings,Napredne postavke,
After Cancel,Nakon Odustani,
After Delete,Nakon brisanja,
After Save,Nakon Spremi,
After Save (Submitted Document),Nakon spremanja (poslani dokument),
After Submit,Nakon predaje,
Aggregate Function Based On,Zbirna funkcija na temelju,
Alert,Upozorenje,
Align Labels to the Right,Poravnajte oznake s desne strane,
Align Right,Poravnajte udesno,
All,svi,
All Day,Svaki dan,
Allocated To,Dodijeljeni Da,
Allot Points To Assigned Users,Dodijelite bodove dodijeljenim korisnicima,
Allow,dopustiti,
Allow Auto Repeat,Dopusti automatsko ponavljanje,
Allow Bulk Edit,Dopusti Skupno uređivanje,
Allow Comments,Dopusti komentare,
Allow Consecutive Login Attempts ,Dopusti pokušaje uzastopnog prijave,
Allow Delete,Dopustite Izbriši,
Allow Dropbox Access,Dopusti pristup Dropbox,
Allow Guest,Dopusti gost,
Allow Guest to View,Dopustite Ocjene se Pogledaj,
Allow Guests to Upload Files,Dopusti gostima da učitaju datoteke,
Allow Import (via Data Import Tool),Dopustite uvoz (putem podataka alat za uvoz),
Allow Incomplete Forms,Dopusti nepotpune Obrasci,
Allow Login After Fail,Dopusti prijava nakon neuspjeha,
Allow Login using Mobile Number,Dopusti prijavu pomoću broja mobilnog telefona,
Allow Login using User Name,Dopusti prijava pomoću Korisničkog imena,
Allow Modules,Dopusti module,
Allow Print,Dopusti Ispis,
Allow Print for Cancelled,Dopusti Ispis za Otkazan,
Allow Print for Draft,Dopusti Ispis za Draft,
Allow Read On All Link Options,Dopusti pročitati sve mogućnosti veze,
Allow Rename,Dopusti preimenovanje,
Allow Roles,Dopusti uloga,
Allow Self Approval,Dopusti samoprovjera,
Allow approval for creator of the document,Dopustite odobrenje autoru dokumenta,
Allow document creation via Email,Omogućite stvaranje dokumenata putem e-pošte,
Allow events in timeline,Dopusti događaje u vremenskoj traci,
Allow in Quick Entry,Dopusti u brzom unosu,
Allow on Submit,Dopusti pri potvrdi,
Allow only one session per user,Dopusti samo jednu sjednicu po korisniku,
Allow page break inside tables,Dopusti stranicu puknuti u tablicama,
Allow saving if mandatory fields are not filled,Dopusti spremanja ako Obavezna polja nisu popunjena,
Allow user to login only after this hour (0-24),Dopustite korisniku da se prijavi tek nakon ovoliko sati (0-24),
Allow user to login only before this hour (0-24),Dopustite korisniku da se prijaviti samo prije ovoliko sati (0-24),
Allowed,Dopušteno,
Allowed In Mentions,Dopušteno u spominjanjima,
"Always add ""Draft"" Heading for printing draft documents",Uvijek dodaj &quot;skica&quot; Na putu za ispis nacrta dokumenata,
Amend,Ispraviti,
Amended From,Izmijenjena Od,
An icon file with .ico extension. Should be 16 x 16 px. Generated using a favicon generator. [favicon-generator.org],Ikona datoteke s ekstenzijom ICO. Treba biti 16 x 16 px. Generira pomoću favicon generator. [favicon-generator.org],
Analytics,Analitika,
Annual,godišnji,
Anonymous,anoniman,
Any string-based printer languages can be used. Writing raw commands requires knowledge of the printer's native language provided by the printer manufacturer. Please refer to the developer manual provided by the printer manufacturer on how to write their native commands. These commands are rendered on the server side using the Jinja Templating Language.,Mogu se koristiti bilo koji jezici pisača na osnovi niza. Za pisanje neobrađenih naredbi potrebno je znanje izvornog jezika pisača koje nudi proizvođač pisača. Pogledajte upute za razvojne programere proizvođača pisača kako napisati nativne naredbe. Te se naredbe prikazuju na strani poslužitelja koristeći jezik Jinja Templating Language.,
App,aplikacija,
App Access Key,App Pristup Ključ,
App Client ID,Aplikacija Client ID,
App Client Secret,Aplikacija tajna klijenta,
App Name,App Naziv,
App Secret Key,Aplikacija Tajni ključ,
Append Emails to Sent Folder,Dodajte e-poštu poslanoj mapi,
Append To,Priložena Da,
Applicable For,primjenjivo za,
Application Logo,Logotip aplikacije,
Application Name,Naziv aplikacije,
Application Version,Verzija aplikacije,
Applied On,Primijenjeno na,
Apply Document Permissions,Primijeni dozvole za dokument,
Apply Only Once,Primjeni samo jednom,
Apply Strict User Permissions,Primijte stroge korisničke dozvole,
Apply To All Document Types,Primijeni na sve vrste dokumenata,
Apply this rule if the User is the Owner,"Nanesite ovo pravilo, ako Korisnik je vlasnik",
Apply this rule only once per document,Primijenite ovo pravilo samo jednom po dokumentu,
Appreciation,Zahvalnost,
Archived,Arhivirano,
Arial,Arial,
Assign Condition,Dodijelite stanje,
Assign To Users,Dodijeli korisnicima,
Assigned,dodijeljena,
Assigned By,Dodjeljuje,
Assigned By Full Name,Dodjeljuje Puni naziv,
Assignment,Zadatak,
Assignment Completed,Dodjela Završena,
Assignment Days,Dani dodjele,
Assignment Rule,Pravilo dodjele,
Assignment Rule Day,Dan pravila o dodjeli,
Assignment Rule User,Korisnik pravila pravila,
Assignment Rules,Pravila dodjele,
Assignments,zadaci,
Attach,Pričvrstiti,
Attach Image,Pričvrstite slike,
Attach Print,Pričvrstite Ispis,
Attached File,Priloženi dokument,
Attached To DocType,U prilogu vrstu dokumenata,
Attached To Field,Priloženo polju,
Attached To Name,U prilogu naziv,
Attachment,Vezanost,
Attachment Limit (MB),Limit Prilog (MB),
Attachment Link,Veza na privitak,
Attachment Removed,prilog je uklonio,
Attachments,Privitci,
Auth URL Data,Podaci o URL-u autentičnosti,
Authentication,Ovjera,
Author,Autor,
Authorization Code,Autorizacijski kod,
Authorize API Indexing  Access,Odobri pristup indeksiranju API-ja,
Authorize Google Calendar Access,Autorizirajte pristup Google kalendaru,
Authorize Google Contacts Access,Autorizirajte pristup Google kontaktima,
Authorize Google Drive Access,Autorizirajte pristup Google disku,
Authorize URL,Autoriziraj URL,
Authorized,Odobreno,
Auto,Auto,
Auto Email Report,Automatski email izvještaja,
Auto Name,Automatski naziv,
Auto Repeat,Automatsko ponavljanje,
Auto Reply Message,Poruka automatskog odgovora,
Automatically Assign Documents to Users,Automatski dodijeli dokumente korisnicima,
Automation,Automatizacija,
Avatar,Avatar,
Average,prosječan,
Awaiting Password,Čeka se lozinka,
Awaiting password,Očekujem Lozinka,
BCC,BCC,
Background Color,Boja pozadine,
Background Workers,Pozadina Radnici,
Backup Details,Pojedinosti o sigurnosnoj kopiji,
Backup Files,Sigurnosne kopije datoteka,
Backup Folder ID,ID sigurnosne kopije mape,
Backup Folder Name,Naziv sigurnosne kopije mape,
Backup Frequency,Backup Frequency,
Backup public and private files along with the database.,Napravite sigurnosnu kopiju javnih i privatnih datoteka zajedno s bazom podataka.,
Backups,Sigurnosne kopije,
Banner,Baner,
Banner HTML,HTML baner,
Banner Image,Slika banera,
Banner is above the Top Menu Bar.,Baner je iznad gornjeg izbornika.,
Bar,Bar,
Barcode,Barkod,
Base Distinguished Name (DN),Baza Distinguished Name (DN),
Base URL,Osnovni URL,
Based On,Na temelju,
Based on Field,Na temelju polja,
Based on Permissions For User,Temeljem dozvole za korisnika,
Basic,Osnovni,
Before Cancel,Prije odustajanja,
Before Delete,Prije brisanja,
Before Insert,Prije umetanja,
Before Save,Prije spremanja,
Before Save (Submitted Document),Prije spremanja (poslani dokument),
Before Submit,Prije slanja,
Beginner,Početnik,
Beta,Beta,
Billing,Naplata,
Bio,Bio,
Birth Date,Datum rođenja,
Block Module,Blok modul,
Block Modules,Blok Moduli,
Blocked,Blokiran,
Blog Category,Kategorije bloga,
Blog Intro,Blog intro,
Blog Introduction,Blog uvod,
Blog Post,Blog članak,
Blog Settings,Postavke bloga,
Blog Title,Naslov bloga,
Blogger,Bloger,
Blue,Plava,
Bold,odvažan,
Bot,Bot,
Bottom,Dno,
Bounced,Odskočiti,
Brand,Brend,
Brand HTML,Brend HTML,
Brand Image,Slika marke,
Breadcrumbs,Krušnim mrvicama,
Browser,Preglednik,
Browser Version,Verzija preglednika,
Brute Force Security,Brute Force Security,
Bucket Name,Naziv segmenta,
Bulk Update,Skupno ažuriranje,
Button,Gumb,
Button Gradients,Gradijenti gumba,
Button Rounded Corners,Gumb zaobljeni kutovi,
Button Shadows,Sjene s gumbima,
Bypass Restricted IP Address Check If Two Factor Auth Enabled,Zaobiđite ograničenu IP adresu Provjerite je li omogućena autorizacija s dva faktora,
Bypass Two Factor Auth for users who login from restricted IP Address,Obilazite dva faktorska autora za korisnike koji se prijavljuju iz ograničene IP adrese,
Bypass restricted IP Address check If Two Factor Auth Enabled,Zaobići ograničenu provjeru IP adrese Ako je omogućena dva faktorska autora,
CC,CC,
CSS,CSS,
CSS Class,CSS klasa,
CSV,CSV,
CTA Label,Oznaka CTA,
CTA URL,CTA URL,
Calendar,Kalendar,
Calendar Name,Naziv kalendara,
Calendar View,Pregled kalendara,
Call,Poziv,
Call To Action,Poziv na akciju,
Call To Action URL,URL poziva na radnju,
Callback Message,Poruka povratnog poziva,
Callback Title,Naslov povratnog poziva,
Campaign,Kampanja,
Cancel,Otkaži,
Cancelled,OTKAZANO,
Card,Kartica,
Cards,Kartice,
Category,Kategorija,
Category Description,Kategorija Opis,
Category Name,Naziv kategorije,
Center,Centar,
Chaining Hash,Lanac Hash,
Change Label (via Custom Translation),Promijeni oznaku (putem Custom Translation),
Change Password,Promijeni lozinku,
Channel,Kanal,
Chart,Grafikon,
Chart Configuration,Konfiguracija grafikona,
Chart Name,Naziv grafikona,
Chart Options,Opcije grafikona,
Chart Source,Izvor grafikona,
Chart Type,Vrsta grafikona,
Charts,Karte,
Chat,Razgovor,
Check,Ček,
Check this if you want to force the user to select a series before saving. There will be no default if you check this.,Označite ovo ako želite prisiliti korisniku odabir seriju prije spremanja. Tu će biti zadana ako to provjerili.,
Checking this will hide custom doctypes and reports cards in Links section,"Ako označite ovo, sakriti će se prilagođeni doktorski tipovi i kartice s izvješćima u odjeljku Veze",
Checksum Version,Verzija čeka,
Child Tables are shown as a Grid in other DocTypes,Podređene tablice prikazane su u obliku mreže u drugim DocTypes,
Choose authentication method to be used by all users,Odaberite način provjere autentičnosti koji će koristiti svi korisnici,
City,Grad,
City/Town,Grad / Mjesto,
Clicked,Kliknuo,
Client,Klijent,
Client Code,Šifra klijenta,
Client Credentials,Mandatno Client,
Client ID,ID klijenta,
Client Information,Informacije o klijentu,
Client Script,Skripta klijenta,
Client Secret,Klijentska tajna,
Client URLs,URL-ovi klijenata,
Close Condition,Zatvori stanje,
Closed,Zatvoreno,
Code,Šifra,
Collapsible,Sklopiva,
Collapsible Depends On,Sklopivi ovisi o,
Color,Boja,
Column Break,Kolona Break,
Column Name,Naziv Stupac,
Columns,Kolumne,
Columns / Fields,Stupci / polja,
Comment,Komentar,
Comment By,Komentar od,
Comment Email,Komentar e-pošte,
Comment Type,Tip komentar,
Comments and Communications will be associated with this linked document,Komentari i komunikacije će biti povezani s ovom vezni dokument,
Commit,Počiniti,
Communication,Mail,
Communication Link,Komunikacijska veza,
Communication Type,Tip Komunikacija,
Compact Item Print,Kompaktni Stavka Print,
Company History,Povijest tvrtke,
Company Introduction,Tvrtka Uvod,
Company Name,Ime tvrtke,
Complete,Kompletna,
Completed,Dovršen,
Component,sastavni dio,
Condition,Stanje,
Conditions,Uvjeti,
Configuration,Konfiguracija,
Confirmation Email Template,Predložak e-pošte za potvrdu,
Console,Konzola,
Console Log,Zapisnik konzole,
Contact,Kontakt,
Contact Details,Kontakt podaci,
Contact Email,Kontakt email,
Contact Numbers,Kontakt brojevi,
Contact Phone,Kontakt telefon,
Contact Us Settings,"Postavke ""Kontaktirajte nas""",
"Contact options, like ""Sales Query, Support Query"" etc each on a new line or separated by commas.","Kontakt opcije, poput &quot;Sales Query, Podrška upit&quot; itd jedni na novoj liniji ili odvojene zarezima.",
Contacts,Kontakti,
Content,Sadržaj,
Content (HTML),Sadržaj (HTML),
Content (Markdown),Sadržaj (Markdown),
Content Hash,Sadržaj Ljestve,
Content Type,Vrsta sadržaja,
Context,Kontekst,
Context Script,Skripta konteksta,
Contributed,pridonijela,
Contribution Document Name,Naziv dokumenta za doprinos,
Contribution Status,Status doprinosa,
Copyright,Autorsko pravo,
Core,Srž,
Count,Računati,
Count Filter,Filter za brojanje,
Counter,Brojač,
Country,Zemlja,
Country Name,Država Ime,
County,Okrug,
Create,Stvoriti,
Create Contacts from Incoming Emails,Stvorite kontakte iz dolazne e-pošte,
Create Entry,Stvori unos,
Create Log,Kreirajte dnevnik,
Create and Send Newsletters,Kreiraj i pošalji bilten,
Created,stvoren,
Criticism,Kritika,
Cron,cron,
Cron Format,Format krona,
Currency,Valuta,
Currency Name,Valuta Ime,
Currency Precision,Preciznost valute,
Current,struja,
Custom,Prilagođeno,
Custom Base URL,URL prilagođenog baze,
Custom CSS,Prilagođeni CSS,
Custom Configuration,Prilagođena konfiguracija,
Custom DocPerm,Prilagođena DocPerm,
Custom Field,Prilagođeno polje,
Custom Format,Prilagođeni format,
Custom HTML Help,Custom HTML Pomoć,
Custom Menu Items,Stavke menija,
Custom Options,Prilagođene mogućnosti,
Custom Overrides,Prilagođena poništavanja,
Custom Report,Prilagođeno izvješće,
Custom Role,Prilagođena uloga,
Custom SCSS,Prilagođeni SCSS,
Custom Sidebar Menu,Prilagođena Bočna Izbornik,
Custom?,Prilagođeno?,
Customization,Prilagođavanje,
Customize Form,Prilagodite obrazac,
Customize Form Field,Prilagodba polja obrasca,
DESC,DESC,
Daily,Svakodnevno,
Daily Long,Svakodnevno,
Danger,Opasnost,
Dark Color,Tamna boja,
Dashboard,kontrolna ploča,
Dashboard Chart,Grafikon nadzorne ploče,
Dashboard Chart Field,Polje grafikona na nadzornoj ploči,
Dashboard Chart Link,Veza veze grafikona na nadzornoj ploči,
Dashboard Chart Source,Izvor grafikona na nadzornoj ploči,
Dashboard Manager,Upravitelj nadzorne ploče,
Dashboard Name,Naziv nadzorne ploče,
Dashboard Settings,Postavke nadzorne ploče,
Dashboards,Nadzorna ploča,
Data,Podaci,
Data Export,Izvoz podataka,
Data Import,Uvoz podataka,
Database Engine,Database Engine,
Date,Datum,
Date Format,Oblik datuma,
Date Range,Raspon datuma,
Date and Number Format,Datum i oblik brojeva,
Datetime,Datum i vrijeme,
Day,Dan,
Day of Week,Dan u tjednu,
Days After,Dani poslije,
Days Before,Dani prije,
Days Before or After,Dana prije ili poslije,
Default,Zadano,
Default Incoming,Zadana Incoming,
Default Letter Head,Default Pismo Head,
Default Outgoing,Zadani odlazni,
Default Portal Home,Zadana početna stranica portala,
Default Print Format,Zadani oblik ispisa,
Default Print Language,Zadani jezik ispisa,
Default Redirect URI,Zadana Preusmjeravanje URI,
Default Role at Time of Signup,Zadana uloga u vrijeme za prijavu za,
Default Sort Field,Zadano polje sortiranja,
Default Sort Order,Zadani redoslijed sortiranja,
Default Value,Zadana vrijednost,
"Default: ""Contact Us""","Zadano: ""Kontaktirajte nas""",
DefaultValue,Zadana vrijednost,
Defaults,Zadani,
Defines actions on states and the next step and allowed roles.,Definira aktivnosti na stanja i na sljedeći korak i dopušteni uloge.,
Defines workflow states and rules for a document.,Određuje tijek rada države i pravila za dokument.,
Delayed,Odgođeno,
Delete,Izbrisati,
Deleted,Izbrisano,
Deleted DocType,Izbrisano DOCTYPE,
Deleted Document,Obrisane dokumenta,
Deleted Name,Izbrisano ime,
Delivery Status,Status isporuke,
Department,Odjel,
Dependencies,ovisnosti,
Depends On,Ovisi o,
Description,Opis,
"Description for listing page, in plain text, only a couple of lines. (max 200 characters)","Opis stranice s popisom, u običnom tekstu, samo nekoliko redaka. (najviše 200 znakova)",
Designation,Oznaka,
Desk,stol,
Desk Access,stol Access,
Desktop Icon,Desktop Icon,
Details,Detalji,
"Different ""States"" this document can exist in. Like ""Open"", ""Pending Approval"" etc.","Različita ""Stanja"", ovaj dokument može postojati u ""Otvoreno"", ""Na čekanju za odobrenje"", itd.",
Digits,Znamenke,
Disable Auto Refresh,Onemogući automatsko osvježavanje,
Disable Comments,Onemogući komentare,
Disable Count,Onemogući brojanje,
Disable SMTP server authentication,Onemogući provjeru autentičnosti SMTP poslužitelja,
Disable Sidebar Stats,Onemogući statistiku bočne trake,
Disable Signup,Ugasiti prijave,
Disable Standard Email Footer,Onemogućite Standardni e podnožje,
Disabled,Ugašeno,
Display,Prikaz,
Display Depends On,Prikaz ovisi o,
Doc Event,Događaj događaja,
Doc Events,Doc događaji,
Doc Status,Doc status,
DocField,DocField,
DocPerm,DocPerm,
DocShare,DocShare,
DocType,DOCTYPE,
DocType Action,Akcija DocType,
DocType Event,DocType događaj,
DocType Link,DocType Link,
DocType View,Prikaz DocType,
DocType is a Table / Form in the application.,DOCTYPE je tablica / obrazac u prijavi.,
DocType on which this Workflow is applicable.,DOCTYPE na koje se primjenjuje ovaj radni proces.,
Doctype,DOCTYPE,
Document,Dokument,
Document Actions,Radnje na dokumentu,
Document Follow,Dokument slijedi,
Document Link,Veza na dokument,
Document Links,Poveznice dokumenata,
Document Name,Dokument Naziv,
Document Naming Rule,Pravilo imenovanja dokumenata,
Document Naming Rule Condition,Stanje pravila za imenovanje dokumenata,
Document Share,Dijeljenje dokumenta,
Document Share Report,Dokument podijele prijava,
Document States,Dokument Države,
Document Tag,Oznaka dokumenta,
Document Title,Naslov dokumenta,
Document Type,Tip dokumenta,
Document Type to Track,Vrsta dokumenta za praćenje,
Document Types,Vrste dokumenata,
Documentation Link,Dokumentacijski link,
Documentation URL,URL dokumentacije,
Domain,Domena,
Domain Settings,Postavke domene,
Domains HTML,Domene HTML,
"Don't HTML Encode HTML tags like &lt;script&gt; or just characters like &lt; or &gt;, as they could be intentionally used in this field","Ne HTML Šifriranje HTML oznake kao što su &lt;script&gt; ili samo likovi poput &lt;ili&gt;, kao što bi mogli biti namjerno koristiti u ovom području",
Don't Override Status,Ne Brisanje statusa,
Don't Send Emails,Ne šaljite e-poštu,
Donut,Krafna,
Download Backups,Preuzmi sigurnosne kopije,
Download Template,Preuzmite predložak,
Dropbox Access Token,Dropbox Access Token,
Dropbox Settings,Postavke Dropbox,
Dropdowns,Padanja,
Due Date,Datum dospijeća,
Due Date Based On,Datum dospijeća na temelju,
Duration,Trajanje,
Dynamic Filters,Dinamički filtri,
Dynamic Filters JSON,Dinamički filtri JSON,
Dynamic Filters Section,Odjeljak za dinamičke filtre,
Dynamic Link,Dinamička poveznica,
Dynamic Report Filters,Filteri dinamičnih izvještaja,
Dynamic Route,Dinamička ruta,
Dynamic Template,Dinamički predložak,
Edit,Uredi,
Edit Values,Uredi vrijednosti,
Editable Grid,Uređivati Grid,
Eg. smsgateway.com/api/send_sms.cgi,Npr.. smsgateway.com / api / send_sms.cgi,
Email,E-mail,
Email Account,E-mail računa,
Email Account Name,E-mail Naziv računa,
Email Address,Email adresa,
Email Address whose Google Contacts are to be synced.,Adresa e-pošte čiji se Google kontakti trebaju sinkronizirati.,
Email Addresses,Email adrese,
Email Domain,Domena e-pošte,
Email Flag Queue,Email Zastava red čekanja,
Email Footer Address,E-mail adresa podnožje,
Email Group,E-mail Group,
Email Group Member,Email član grupe,
Email ID,ID e-pošte,
Email IDs,IDS e-pošte,
Email Id,E-mail ID,
Email Inbox,Inbox e-pošte,
Email Queue,E-red čekanja,
Email Queue Recipient,E-Queue Primatelj,
Email Queue records.,E-Queue zapisa.,
Email Reply Help,Pomoć za odgovor e-pošte,
Email Rule,E-mail pravilo,
Email Sent,E-mail poslan,
Email Settings,Postavke e-pošte,
Email Signature,E-mail potpis,
Email Status,Stanje E-mail,
Email Sync Option,E-mail Mogućnost sinkronizacije,
Email Template,Predložak e-pošte,
Email To,E-mail Da,
Email Unsubscribe,Email Odjava,
Emails will be sent with next possible workflow actions,E-poruke će biti poslane s sljedećim mogućim radnjama u tijeku rada,
Enable,omogućiti,
Enable Auto Reply,Omogućite Auto Odgovor,
Enable Automatic Backup,Omogući automatsku izradu sigurnosnih kopija,
Enable Automatic Linking in Documents,Omogući automatsko povezivanje u dokumentima,
Enable Comments,Omogući komentare,
Enable Email Notifications,Omogući obavijesti putem e-pošte,
Enable Google Indexing,Omogućite Google indeksiranje,
Enable In App Website Tracking,Omogući praćenje web lokacija u aplikaciji,
Enable Incoming,Omogućiti dolazne,
Enable Onboarding,Omogući onboarding,
Enable Outgoing,Omogući odlazni,
Enable Password Policy,Omogući pravila lozinke,
Enable Print Server,Omogući poslužitelj ispisa,
Enable Raw Printing,Omogući sirovi ispis,
Enable Scheduled Jobs,Omogućite rasporedu radnih mjesta,
Enable Security,Omogući sigurnost,
Enable Social Login,Omogući društvenu prijavu,
Enable Social Sharing,Omogući društveno dijeljenje,
Enable Two Factor Auth,Omogući dva faktora aut,
Enabled,Omogućeno,
End Date,Datum završetka,
End Date Field,Polje datuma završetka,
Endpoint URL,URL završetka,
Endpoints,Krajnje točke,
Ends on,Završava,
Energy Point,Točka energije,
Energy Point Log,Evidencija energetske točke,
Energy Point Rule,Pravilo energetske točke,
Energy Point Settings,Postavke energetske točke,
Energy Points,Energetske bodove,
Enter Form Type,Unesite tip obrasca,
"Enter default value fields (keys) and values. If you add multiple values for a field, the first one will be picked. These defaults are also used to set ""match"" permission rules. To see list of fields, go to ""Customize Form"".","Unesite zadanu vrijednost polja (tipke) i vrijednosti. Ako ste dodali više vrijednosti za polje, prvi će se podići. Te zadane također koristi za postavljanje &quot;Usporedi&quot; pravila dopuštenja. Da biste vidjeli popis polja, idite na &quot;Prilagodi obrascu&quot;.",
"Enter static url parameters here (Eg. sender=ERPNext, username=ERPNext, password=1234 etc.)","Unesite statičke parametre URL ovdje (npr. pošiljatelj = ERPNext, username = ERPNext, lozinkom = 1234 itd.)",
Enter url parameter for message,Unesite URL parametar za poruke,
Enter url parameter for receiver nos,Unesite URL parametar za prijemnike br,
Error,Pogreška,
Error Log,Greška Prijava,
Error Message,Poruka o pogrešci,
Event,Događaj,
Event Category,Kategorija događaja,
Event Participants,Sudionici događaja,
Event Type,Vrsta događaja,
Everyone,Svako,
"Ex: ""colors"": [""#d1d8dd"", ""#ff5858""]","Primjer: &quot;boje&quot;: [&quot;# d1d8dd&quot;, &quot;# ff5858&quot;]",
Example,Primjer,
"Example: ""/desk""",Primjer: &quot;/ radni stol&quot;,
Example: #Tree/Account,Primjer: # Stablo / račun,
Example: 00001,Primjer: 00001,
Example: {{ subject }},Primjer: {{subject}},
Excel,nadmašiti,
Exception,Izuzetak,
Execute,Izvršiti,
Expert,Stručnjak,
Expiration time,vrijeme isteka,
Expire Notification On,Isteći Obavijest o,
Expired,Istekla,
Expires In,Istječe,
Expires On,istječe,
Expiry time of QR Code Image Page,Vrijeme isteka QR slike slike,
Export,Izvoz,
Export From,Izvoz iz,
Expose Recipients,izložiti primatelja,
"Expression, Optional","Expression, fakultativno",
Facebook,Facebook,
Failed,Neuspješno,
FavIcon,Favicon,
Fax,Fax,
Featured,Istaknuto,
Feedback,Povratna veza,
Feedback Request,Zahtjev povratne informacije,
Fetch From,Dohvati od,
Field,Polje,
Field Description,Opis polja,
Field Name,Naziv polja,
Field To Check,Polje za provjeru,
Field Type,Vrsta polja,
"Field that represents the Workflow State of the transaction (if field is not present, a new hidden Custom Field will be created)","Područje koje predstavlja tijeka državu transakcije (ako polje nije prisutan, novi skriveno Custom Field će biti stvoren)",
Field to Track,Polje za praćenje,
Fieldname,"Podataka, Naziv Polja",
Fields,Polja,
Fields Multicheck,Polja Multicheck,
"Fields separated by comma (,) will be included in the ""Search By"" list of Search dialog box","Polja odvojene zarezom (,) će biti uključen u &quot;Pretraži po&quot; listi dijaloškom okviru za pretraživanje u",
Fieldtype,Fieldtype,
File,Datoteka,
File Backup,Sigurnosno kopiranje datoteka,
File Information,Podaci o datoteci,
File Name,Naziv datoteke,
File Size,Veličina datoteke,
File Type,Vrsta datoteke,
File URL,URL datoteke,
Files,Datoteke,
Filter Data,Filtriranje podataka,
Filter List,Popis filtara,
Filter Meta,Filter Metu,
Filter Name,Naziv filtra,
Filter Values,Vrijednosti filtriranja,
Filters,Filteri,
Filters Configuration,Konfiguracija filtara,
Filters Display,filteri za prikaz,
Filters JSON,Filtri JSON,
Filters Section,Odjeljak za filtre,
"Filters will be accessible via <code>filters</code>. <br><br>Send output as <code>result = [result]</code>, or for old style <code>data = [columns], [result]</code>","Filteri će biti dostupni putem <code>filters</code> .<br><br> Pošaljite izlaz kao <code>result = [result]</code> ili za <code>data = [columns], [result]</code> starog stila <code>data = [columns], [result]</code>",
Finished,Gotovi,
First Name,Ime,
First Success Message,Prva poruka o uspjehu,
Flag,Zastava,
Float,Plutati,
Float Precision,Float Precision,
Fold,Saviti,
Folder,Mapa,
Font,krstionica,
Font Properties,Svojstva fonta,
Font Size,Veličina fonta,
Fonts,Fontovi,
Footer,Footer,
Footer HTML,HTML podnožja |,
Footer Items,Footer Proizvodi,
Footer Logo,Logotip podnožja,
Footer Template,Predložak podnožja,
Footer Template Values,Vrijednosti predloška podnožja,
Footer will display correctly only in PDF,Footer će prikazati ispravno samo u PDF-u,
For DocType Link / DocType Action,Za vezu DocType / DocType Action,
For Document Event,Za Document Event,
For User,za Korisnika,
For Value,Za vrijednost,
For example: {} Open,Na primjer: {} Otvori,
"For help see <a href=""https://frappeframework.com/docs/user/en/guides/portal-development/web-forms"" target=""_blank"">Client Script API and Examples</a>","Pomoć potražite u <a href=""https://frappeframework.com/docs/user/en/guides/portal-development/web-forms"" target=""_blank"">API-ju i primjerima klijentske skripte</a>",
"For more information, <a class=""text-muted"" href=""https://erpnext.com/docs/user/manual/en/setting-up/email/linking-emails-to-document"">click here</a>.","Za više informacija, <a class=""text-muted"" href=""https://erpnext.com/docs/user/manual/en/setting-up/email/linking-emails-to-document"">kliknite ovdje</a> .",
Force,Sila,
Force Show,Force Show,
Force User to Reset Password,Prisilite korisnika da resetira lozinku,
Form Settings,Postavke obrasca,
Form URL-Encoded,URL obrasca-šifriran,
Format,Format,
Format Data,Format podataka,
Forward To Email Address,Napadač na e-mail adresu,
Fraction,Frakcija,
Fraction Units,Frakcije Jedinice,
Frappe,Frappe,
Frequency,Frekvencija,
Friday,Petak,
From,Od,
From Date,Od datuma,
From Date Field,Iz polja Datum,
From Full Name,Od puno ime i prezime,
From User,Od korisnika,
Full,puni,
Full Name,Ime i prezime,
Full Width,Puna širina,
Function,Funkcija,
GMail,GMail,
Gantt,Gantt,
Gender,Rod,
Generate Keys,Generirajte tipke,
Geo,Geo,
Geolocation,Geolocation,
Get Contacts,Preuzmite kontakte,
Get your globally recognized avatar from Gravatar.com,Get your globalno priznata avatar od Gravatar.com,
Git Branch,Podružnica Git,
GitHub,GitHub,
Global Search DocType,Global Search DocType,
Global Search Settings,Postavke globalne pretrage,
Global Unsubscribe,Globalna Odjava,
Go to Page,Idi na stranicu,
Google,Google,
Google Analytics Anonymize IP,Google Analytics anonimizira IP,
Google Analytics ID,Google Analytics ID,
Google Calendar,Google kalendar,
Google Calendar Event ID,ID događaja Google kalendara,
Google Calendar ID,ID Google kalendara,
Google Contacts,Google kontakti,
Google Contacts Id,ID Google kontakata,
Google Drive,Google Drive,
Google Font,Google Font,
Google Settings,Google postavke,
Google Snippet Preview,Pregled Google isječaka,
Grant Type,Vrsta Grant,
Green,Zelena,
Group,Grupa,
Group By,Grupiranje prema,
Group By Based On,Grupiranje na temelju,
Group By Type,Grupiranje po vrsti,
Guest,Gost,
HH:mm,HH: mm,
HH:mm:ss,HH: mm: ss,
HTML,HTML,
HTML Editor,HTML uređivač,
HTML Page,HTML stranicu,
HTML for header section. Optional,HTML za sekcije zaglavlja. Opcija,
Half,Pola,
Half Yearly,Pola godišnji,
Half-yearly,Polugodišnje,
Has  Attachment,Sadrži prilog,
Has Domain,Ima domene,
Has Role,ima ulogu,
Has Web View,Je li na web-prikaz,
Header,Zaglavlje,
Header HTML,HTML zaglavlja,
Header and Breadcrumbs,Zaglavlje i mrvice kruha,
Headers,zaglavlja,
Heading,Naslov,
Heatmap,Toplinska karta,
Help,Pomoć,
Help Article,Pomoć članak,
Help Articles,Članci pomoći,
Help Category,Pomoć Kategorija,
Help Dropdown,Dropdown za pomoć,
Help HTML,HTML pomoć,
Helvetica,Helvetica,
Hidden,Skriven,
Hide,Sakriti,
Hide Block,Sakrij blok,
Hide Border,Sakrij granicu,
Hide CTA,Sakrij CTA,
Hide Copy,Sakrij Kopija,
Hide Custom DocTypes and Reports,Sakrij prilagođene vrste dokumenata i izvješća,
Hide Days,Sakrij dane,
Hide Footer Signup,Sakrij Footer Prijava,
Hide Login,Sakrij prijavu,
Hide Seconds,Sakrij sekunde,
Hide Standard Menu,Sakrij standardni izbornik,
Hide footer in auto email reports,Sakrij podnožje u izvješćima s automatskim e-poštom,
High,Visok,
Higher priority rule will be applied first,Prvo će se primijeniti pravilo višeg prioriteta,
Highlight,Istaknuto,
Home,dom,
Home Page,Početna stranica,
Home Settings,Početna postavke,
Hourly,na sat,
Hourly Long,Svakodnevno po satu,
Hourly rate limit for generating password reset links,Ograničenje satnice za generiranje veza za poništavanje lozinke,
"How should this currency be formatted? If not set, will use system defaults","Kako bi ova valuta morala biti formatirana? Ako nije postavljeno, koristit će zadane postavke sustava",
ID (name) of the entity whose property is to be set,ID (ime) subjekta čiji je objekt se postaviti,
IP Address,IP adresa,
Icon,Ikona,
Icon will appear on the button,Ikona će se pojaviti na gumbu,
Identity Details,Pojedinosti identiteta,
Idx,idx,
"If Apply Strict User Permission is checked and User Permission is defined for a DocType for a User, then all the documents where value of the link is blank, will not be shown to that User","Ako je odabrana opcija Primijeni stroga korisnička dozvola i Korisnička dozvola definirana za DocType za korisnika, svi se dokumenti u kojima je vrijednost veze prazne neće se prikazati tom korisniku",
If Checked workflow status will not override status in list view,Ako je označeno stanje tijeka rada neće poništiti status u prikazu popisa,
"If Icon is set, it will be shown instead of Label","Ako je postavljena ikona, ona će biti prikazana umjesto Oznaka",
"If checked, all other workflows become inactive.","Ako je označeno, svi ostali tijekovi postaju neaktivne.",
"If checked, users will not see the Confirm Access dialog.","Ako je označeno, korisnici neće vidjeti dijaloški okvir za potvrdu pristupa.",
"If disabled, this role will be removed from all users.","Ako je onemogućen, ova uloga će biti uklonjen iz svih korisnika.",
"If enabled,  user can login from any IP Address using Two Factor Auth, this can also be set for all users in System Settings","Ako je omogućeno, korisnik se može prijaviti s bilo koje IP adrese koristeći Two Factor Auth, a to se može postaviti i za sve korisnike u System Settings",
"If enabled, all users can login from any IP Address using Two Factor Auth. This can also be set only for specific user(s) in User Page","Ako je omogućeno, svi se korisnici mogu prijaviti iz bilo koje IP adrese pomoću Two Factor Auth. To se također može postaviti samo za određene korisnike na Korisničkoj stranici",
"If enabled, changes to the document are tracked and shown in timeline","Ako je omogućeno, promjene dokumenta prate se i prikazuju u vremenskoj traci",
"If enabled, document views are tracked, this can happen multiple times","Ako je omogućeno, prikazi dokumenata prate se, što se može dogoditi više puta",
"If enabled, the document is marked as seen, the first time a user opens it","Ako je omogućen, dokument je označen kao vidljiv, prvi put kada ga korisnik otvori",
"If enabled, the notification will show up in the notifications dropdown on the top right corner of the navigation bar.","Ako je omogućeno, obavijest će se pojaviti u padajućem izborniku obavijesti u gornjem desnom kutu navigacijske trake.",
"If enabled, the password strength will be enforced based on the Minimum Password Score value. A value of 2 being medium strong and 4 being very strong.","Ako je omogućeno, snaga lozinke bit će izvršena na temelju minimalne vrijednosti lozinke. Vrijednost 2 je srednje jaka i 4 vrlo jaka.",
"If enabled, users who login from Restricted IP Address, won't be prompted for Two Factor Auth","Ako je omogućeno, korisnici koji se prijavljuju s Ograničene IP adrese neće biti zatraženi za Dva faktorska autora",
"If enabled, users will be notified every time they login. If not enabled, users will only be notified once.","Ako je omogućeno, korisnici će biti obaviješteni svaki put kada se prijave. Ako to nije omogućeno, korisnici će biti obaviješteni samo jednom.",
If non standard port (e.g. 587),Ako nije standardni port (npr. 587),
"If non standard port (e.g. 587). If on Google Cloud, try port 2525.","Ako nije standardni priključak (npr. 587). Ako ste na Google Cloudu, pokušajte s priključkom 2525.",
"If non-standard port (e.g. POP3: 995/110, IMAP: 993/143)","Ako je nestandardni port (npr. POP3: 995/110, IMAP: 993/143)",
"If not set, the currency precision will depend on number format","Ako nije postavljen, preciznost valute ovisit će o formatu brojeva",
"If the user has any role checked, then the user becomes a ""System User"". ""System User"" has access to the desktop","Ako korisnik ima bilo kakvu ulogu provjeriti, a zatim korisnik postaje &quot;Korisnik sustava&quot;. &quot;Korisnik sustava&quot; ima pristup radnoj površini",
If user is the owner,Ako korisnik je vlasnik,
"If you set this, this Item will come in a drop-down under the selected parent.","Ako postavite ovo , ova stavka će doći u padajućem okviru odabranog roditelja .",
"If your data is in HTML, please copy paste the exact HTML code with the tags.","Ako vaši podaci u HTML, copy paste točan HTML kod sa oznakama.",
Ignore User Permissions,Ignorirajte korisnička dopuštenja,
Ignore XSS Filter,Zanemari XSS filtar,
Ignore attachments over this size,Ignorirajte privitke preko ove veličine,
Ignored Apps,Zanemarene aplikacije,
Image,Slika,
Image Field,Područje slike,
Image Link,Link slike,
Implicit,implicitan,
Import,Uvoz,
Import File,Uvezi datoteku,
Import File Errors and Warnings,Uvezite pogreške i upozorenja datoteke,
Import Log,Uvoz Prijavite,
Import Log Preview,Uvezi pregled pregleda,
Import Preview,Uvezi pregled,
Import Type,Vrsta uvoza,
Import Warnings,Uvozna upozorenja,
Import from Google Sheets,Uvoz iz Google tablica,
In Days,U danima,
In Filter,U filtru,
In Global Search,U Global Search,
In List View,U prikazu popisa,
In Preview,U pregledu,
In Reply To,U odgovoru na,
In Standard Filter,U standardnom Filter,
In points. Default is 9.,U bodovima. Standardni je 9.,
In seconds,Za nekoliko sekundi,
Inbox,Ulazni spremnik,
Inbox User,Korisnik ulazne pošte,
Include Search in Top Bar,Uključi Tražiti u gornjoj traci,
Include Web View Link in Email,Pošaljite vezu web pregleda dokumenta u e-pošti,
Index,Indeks,
Index Web Pages for Search,Indeksirajte web stranice za pretraživanje,
Indexing Authorization Code,Indeksiranje autorizacijskog koda,
Indexing Refresh Token,Oznaka za osvježavanje indeksiranja,
Indicator,Indikator,
Indicator Color,Boja indikatora,
Info,Info,
Initial Sync Count,Početno Sinkronizacija Točka,
InnoDB,InnoDB,
Insert After,Umetni Nakon,
Insert New Records,Umetnite nove zapise,
Insert Style,Umetnite stil,
Installed Application,Instalirana aplikacija,
Installed Applications,Instalirane aplikacije,
Int,Interesi,
Integration Request,Zahtjev integracija,
Integrations,Integracije,
Integrations can use this field to set email delivery status,Integracije mogu koristiti ovo područje za postavljanje statusa isporuke e-mail,
Interests,interesi,
Intermediate,srednji,
Internal record of document shares,Unutarnja rekord dionica dokumenata,
Introduce your company to the website visitor.,Uvesti svoju tvrtku za web stranice posjetitelja.,
Introduction,Uvod,
Introductory information for the Contact Us Page,Uvodni podaci za stranicu Kontaktirajte nas,
Invalid,nevažeći,
Inverse,Inverzan,
Is Active,Je aktivan,
Is Attachments Folder,Je Prilozi mape,
Is Billing Contact,Je li kontakt za naplatu,
Is Child Table,Je Dijete Tablica,
Is Complete,Kompletna je,
Is Completed,je završena,
Is Custom Field,Je Custom Field,
Is Default,Je zadani,
Is Folder,Je mape,
Is Home Folder,Je Početna mapa,
Is Mandatory Field,Je Obvezno polje,
Is Optional State,Neobvezna je država,
Is Primary,Primarno je,
Is Primary Contact,Je primarni kontakt,
Is Primary Mobile,Primarno je mobilni,
Is Primary Phone,Je primarni telefon,
Is Private,Je Privatno,
Is Public,Javno je,
Is Published Field,Je Objavljeno polje,
Is Single,Je Samac,
Is Skipped,Je preskočen,
Is Spam,Spam,
Is Standard,Je standardni,
Is Submittable,Je Submittable,
Is Table,je Tablica,
Is Tree,Je li drvo,
Is Unique,Jedinstven je,
Is Your Company Address,Je li Vaše poduzeće adresa,
Item Label,Oznaka predmeta,
Item Type,Vrsta predmeta,
JS,JS,
JSON,JSON,
JSON Request Body,JSON tijelo zahtjeva,
JavaScript,JavaScript,
JavaScript Format: frappe.query_reports['REPORTNAME'] = {},JavaScript format : frappe.query_reports [ ' REPORTNAME ' ] = { },
Javascript,Javascript,
Jinja,Jinja,
Kanban,Kanban,
Kanban Board,Kanban zajednica,
Kanban Board Column,Stupac Kanban zajednica,
Kanban Board Name,Naziv Kanban zajednica,
Keep track of all update feeds,Pratite sve feedove ažuriranja,
Keeps track of all communications,Prati sve komunikacije,
Key,Ključ,
Keyboard Shortcuts,Prečice na tipkovnici,
Knowledge Base Contributor,Baza znanja Suradnik,
Knowledge Base Editor,Baza znanja Urednik,
LDAP Email Field,LDAP E-mail polje,
LDAP First Name Field,LDAP Ime Polje,
LDAP Group,LDAP grupa,
LDAP Group Field,LDAP grupno polje,
LDAP Group Mapping,Kartiranje LDAP grupe,
LDAP Group Mappings,LDAP grupa mapiranja,
LDAP Last Name Field,LDAP Polje s prezimenom,
LDAP Middle Name Field,Polje LDAP-ovog imena,
LDAP Mobile Field,LDAP Mobile Field,
LDAP Phone Field,LDAP telefonsko polje,
LDAP Search String,LDAP pretraživanje String,
LDAP Security,Sigurnost LDAP-a,
LDAP Server Url,LDAP poslužitelja URL,
LDAP Settings,Postavke LDAP-a,
LDAP User Creation and Mapping,Stvaranje i mapiranje LDAP korisnika,
LDAP Username Field,LDAP korisničko ime Polje,
Label,Oznaka,
Label Help,Oznaka pomoć,
Label and Type,Oznaka i tip,
Landing Page,Odredišna stranica,
Language,Jezik,
Language Code,Jezični kôd,
Language Name,Jezik Naziv,
Last Active,Zadnja Aktivnost,
Last Backup On,Zadnja sigurnosna kopija uključena,
Last Execution,Posljednje izvršenje,
Last IP,Posljednja IP,
Last Known Versions,Zadnji poznati Inačice,
Last Login,Zadnja prijava,
Last Month,Prošli mjesec,
Last Name,Prezime,
Last Password Reset Date,Datum zadnjeg resetiranja lozinke,
Last Point Allocation Date,Datum posljednje dodjele točke,
Last Quarter,Zadnja četvrtina,
Last Sync On,Posljednja sinkronizacija uključena,
Last Synced On,Zadnja sinkronizacija,
Last User,Posljednji korisnik,
Last Week,Prošli tjedan,
Last Year,Prošle godine,
Lead Conversion Time,Vrijeme pretvorbe olova,
Leaderboard,leaderboard,
Leave blank to repeat always,Ostavite prazno ako se uvijek ponavlja,
Ledger,glavna knjiga,
Left,Lijevo,
Legal,pravni,
Length,Duljina,
Letter,Pismo,
Letter Head,Zaglavlje,
Letter Head Based On,Pismo na temelju,
Letter Head Image,Slika glave pisma,
Letter Head Name,Naziv zaglavlja,
Letter Head in HTML,Zaglavlje HTML,
Level,Razina,
Level Name,Naziv razine,
License,licenca,
Light Color,Svijetla boja,
Like,Kao,
Likes,Voli,
Limit,Ograničiti,
Limit Number of DB Backups,Ograničite broj DB sigurnosnih kopija,
Line,Crta,
Link,Veza,
Link Cards,Karte za povezivanje,
Link DocType,Link DOCTYPE,
Link Document Type,Vrsta dokumenta veze,
Link Fieldname,Naziv polja veze,
Link Name,Link Name,
Link Title,Link Naslov,
Link To,Poveznica za,
Link to the page you want to open. Leave blank if you want to make it a group parent.,Link na stranicu koju želite otvoriti. Ostavite prazno ako želite da grupa roditelja čine.,
Linked,Povezani,
Linked Documents,Povezani dokumenti,
Links,Linkovi,
List,Popis,
List Filter,Filtriranje popisa,
List Settings,Postavke popisa,
List View Settings,Postavke prikaza popisa,
"List as [{""label"": _(""Jobs""), ""route"":""jobs""}]","List kao [{ &quot;label&quot;: _ ( &quot;Posao&quot;), &quot;put&quot;: &quot;radnih mjesta&quot;}]",
List of patches executed,Popis izvršenih zakrpa,
Load Balancing,Izravnavanje opterećenja,
Location,Lokacija,
Log,Prijava,
Log Data,Podaci podataka,
Log Setting User,Korisnik za postavljanje dnevnika,
Log Settings,Postavke dnevnika,
Login,Prijava,
Login After,Prijava nakon,
Login Before,Prijava prije,
Login Required,Obvezna prijava,
Logo Width,Širina logotipa,
Logout,Odjava,
Logout All Sessions on Password Reset,Odjava iz svih sesija pri resetiranju lozinke,
Logout From All Devices After Changing Password,Odjava sa svih uređaja nakon promjene lozinke,
Long Text,Dugi tekst,
Low,Nisko,
Main Section,Glavno odjeljenje,
Main Section (HTML),Glavni odjeljak (HTML),
Main Section (Markdown),Glavni odjeljak (Markdown),
Maintenance Manager,Upravitelj održavanja,
Maintenance User,Korisnik održavanja,
"Make ""name"" searchable in Global Search",Napravite &quot;ime&quot; pretraživanje Global Search,
Mandatory,Obavezno,
Mandatory Depends On,Obvezno ovisi o,
Map route parameters into form variables. Example <code>/project/&lt;name&gt;</code>,Mapirajte parametre rute u varijable oblika. Primjer <code>/project/&lt;name&gt;</code>,
Markdown,Smanjenje,
Markdown Editor,Markdown Editor,
Marked As Spam,Označena kao neželjena pošta,
Max 500 records at a time,Maksimalni broj 500 zapisa odjednom,
Max Attachment Size (in MB),Max veličina privitaka (u MB),
Max Attachments,Maksimalno 5 privitaka,
Max Length,Najveća duljina,
Max Value,Max vrijednost,
Maximum,Maksimum,
Maximum Number of Fields,Maksimalan broj polja,
Maximum Points,Maksimalni bodovi,
Medium,Srednji,
Meeting,Sastanak,
Mention,Spomenuti,
Mentions,spominje,
Message,Poruka,
Message (HTML),Poruka (HTML),
Message (Markdown),Poruka (Markdown),
Message Examples,Primjeri poruka,
Message ID,Poruka ID,
Message Parameter,Parametri poruke,
Message-id,Id poruke,
Meta Description,Meta opis,
Meta Image,Meta slika,
Meta Tags,Meta oznake,
Meta Title,Meta naslov,
Method,Metoda,
Middle Name,Srednje ime,
Milestone,Prekretnica,
Milestone Tracker,Tragač za Milestone,
Minimum,Minimum,
Minimum Password Score,Minimalna ocjena zaporke,
Mobile No,Mobitel br,
Module,Modul,
Module Def,Definicija modula,
Module Name,Naziv modula,
Module Onboarding,Uključivanje modula,
Modules HTML,Moduli HTML,
Monday,Ponedjeljak,
Monospace,Monospace,
Monthly,Mjesečno,
Monthly Long,Mjesečno dugo,
More Information,Više informacija,
More content for the bottom of the page.,Više sadržaja za dnu stranice.,
Multiplier Field,Polje množitelja,
Must be a publicly accessible Google Sheets URL,Mora biti javno dostupan URL Google tablica,
"Must be of type ""Attach Image""",Mora biti tipa &quot;Priloži sliku&quot;,
Mute Sounds,Isključivanje zvuka,
MyISAM,MyISAM,
Name,Ime,
Naming,Imenovanje,
Naming Series,Imenovanje serije,
Navbar,Navbar,
Navbar Item,Navbar stavka,
Navbar Settings,Postavke Navbara,
Navbar Template,Navbar predložak,
Navbar Template Values,Vrijednosti Navbar predloška,
New,Novi,
New Name,Novo ime,
New value to be set,Nova vrijednost za postaviti,
Newsletter,Bilten,
Newsletter Email Group,Newsletter Email Grupa,
Newsletter Manager,Newsletter Upravitelj,
Next Action Email Template,Sljedeći predložak e-pošte za radnju,
Next Actions HTML,Sljedeći akcije HTML,
Next Schedule Date,Sljedeći raspored datuma,
Next State,Sljedeća županija,
Next Sync Token,Sljedeći tokeni za sinkronizaciju,
No,Br,
No Copy,Ne kopiraj,
No of Requested SMS,Nema traženih SMS-a,
No of Rows (Max 500),Broj redaka (maksimalno 500),
No of Sent SMS,Broj poslanih SMS-a,
Non Negative,Negativno,
None,nijedan,
Not Sent,Ne poslano,
Note,Zabilješka,
Note Seen By,Napomena vide,
Note: By default emails for failed backups are sent.,Napomena: Prema zadanim se postavkama šalju poruke e-pošte za neuspjelu sigurnosnu kopiju.,
"Note: For best results,  images must be of the same size and width must be greater than height.","Napomena: Za najbolje rezultate slike moraju biti iste veličine, a širina mora biti veća od visine.",
Note: Multiple sessions will be allowed in case of mobile device,Napomena: Više sjednice će biti dopušteno u slučaju mobilnog uređaja,
Notification,Obavijest,
Notification Log,Zapisnik obavijesti,
Notification Recipient,Primatelj obavijesti,
Notification Settings,Postavke obavijesti,
Notification Subscribed Document,Obavijest Pretplaćeni dokument,
Notifications,Obavijesti,
Notifications and bulk mails will be sent from this outgoing server.,Obavijesti i rasuti mailovi biti će poslani sa ovog odlaznog poslužitelja.,
Notify Users On Every Login,Obavijesti korisnike na svakoj prijavi,
Notify by Email,Obavijesti e-poštom,
Notify by email,Obavijesti putem e-pošte,
Notify if unreplied,Obavijesti ako Neodgovoreno,
Notify if unreplied for (in mins),Obavijesti ako Neodgovoreno za (u minutama),
Notify users with a popup when they log in,Obavijesti korisnicima popup kad se prijavite,
Number Card,Kartica s brojevima,
Number Card Link,Veza kartice s brojevima,
Number Cards,Karte s brojevima,
Number Format,Broj formata,
Number of Backups,Broj sigurnosnih kopija,
Number of DB Backups,Broj DB sigurnosnih kopija,
Number of Groups,Broj grupa,
Number of columns for a field in a Grid (Total Columns in a grid should be less than 11),Broj stupaca za polje u mreži (Ukupno Kolone u mreži bi trebao biti manji od 11),
Number of columns for a field in a List View or a Grid (Total Columns should be less than 11),Broj stupaca za polje u prikazu popisa ili mreže (Ukupno Kolumne trebao biti manji od 11),
OAuth Authorization Code,OAuth za autorizaciju kod,
OAuth Bearer Token,OAuth Nositelj token,
OAuth Client,OAuth klijenta,
OAuth Client ID,OAuth ID klijenta,
OAuth Provider Settings,Postavke OAutha Provider,
OTP App,OTP aplikacija,
OTP Issuer Name,Naziv OTP Izdavatelja,
Off,od,
Office,Ured,
Office 365,Ured 365,
Older backups will be automatically deleted,Stariji sigurnosne kopije automatski će se izbrisati,
On Hold,Na čekanju,
Onboarding Permission,Dopuštenje za ukrcaj,
Onboarding Step,Ulazni korak,
Onboarding Step Map,Uključivanje mape koraka,
"Once submitted, submittable documents cannot be changed. They can only be Cancelled and Amended.","Nakon podnošenja, dokumenti koji se mogu podneti ne mogu se mijenjati. Mogu se samo otkazati i dopuniti.",
Only Allow Edit For,Dopusti uređivanje samo za,
Only Send Records Updated in Last X Hours,Pošaljite samo evidencije ažurirane u zadnjih X sati,
Open,Otvoreno,
Open Documents,Otvori dokumente,
Open Reference Document,Otvorite referentni dokument,
Open URL in a New Tab,Otvorite URL na novoj kartici,
Open a dialog with mandatory fields to create a new record quickly,Otvorite dijaloški okvir sa obaveznim poljima za brzo stvaranje novog zapisa,
Opened,Otvoren,
Operation,Operacija,
Optional: Always send to these ids. Each Email Address on a new row,Opcionalno: Uvijek poslati na te IDS. Svaka e-mail adresa na novi redak,
Optional: The alert will be sent if this expression is true,Opcionalno: upozorenje će biti poslana ako ovaj izraz je istina,
Options,Opcije,
Options Help,Opcije - pomoć,
Orange,naranča,
Order,Narudžba,
Org History,org Povijest,
Org History Heading,Org Povijest Heading,
Other,Drugi,
Outlook.com,Outlook.com,
Output,Izlaz,
PDF Page Size,Veličina stranice PDF-a,
PDF Settings,PDF postavke,
Page,Stranica,
Page Break,Prijelom stranice,
Page Builder,Graditelj stranica,
Page Building Blocks,Izgradnja blokova stranice,
Page HTML,HTML stranica,
Page Name,Ime stranice,
Page Settings,Postavke stranice,
Parameter,Parametar,
Parent Field (Tree),Roditeljsko polje (drvo),
Parent Label,Nadređena oznaka,
Partial Success,Djelomičan uspjeh,
Participants,sudionici,
Passive,Pasiva,
Password,Zaporka,
Password Reset Link Generation Limit,Ograničenje generiranja veze za poništavanje lozinke,
Password for Base DN,Lozinka za Base DN,
Patch,Patch,
Patch Log,Patch izvješće,
Path,Staza,
Path to CA Certs File,Put do datoteke sa certifikatima CA,
Path to Server Certificate,Put do certifikata poslužitelja,
Path to private Key File,Put do privatne datoteke s ključevima,
Pending,Na čekanju,
Pending Approval,Čeka se odobrenje,
Pending Verification,Čeka se potvrda,
Percent,Postotak,
Percentage,Postotak,
Period,Razdoblje,
Perm Level,Razina ovlasti,
Permanent,trajan,
Permission Level,Razina ovlasti,
Permission Rules,Pravila ovlasti,
Permissions,Dopuštenja,
Permitted Documents For User,Dopušteni dokumenti za korisnika,
Personal,Osobno,
Personal Data Deletion Request,Zahtjev za brisanje osobnih podataka,
Personal Data Download Request,Zahtjev za preuzimanje osobnih podataka,
Phone,Telefon,
Phone No.,Telefonski broj,
Phone Number,Broj telefona,
Pie,Pita,
Pincode,Poštanski broj,
Plant,Biljka,
Point Allocation Periodicity,Periodičnost raspodjele točke,
Points,točke,
Port,Port,
Portal Menu,Portal Izbornik,
Portal Menu Item,Portal Izbornička stavka,
Portal Settings,Postavke portala,
Position,Položaj,
Postal,Poštanski,
Postal Code,poštanski broj,
Precision,Preciznost,
Preferred Billing Address,Željena adresa za naplatu,
Preferred Shipping Address,Željena Dostava Adresa,
Prefix,Prefiks,
Prepared Report,Pripremljeno izvješće,
Prepared Report User,Korisnik pripremljenog izvješća,
Preview,pregled,
Preview HTML,Pregled HTML,
Preview Message,Pregledajte poruku,
Previous Hash,Prethodni Hash,
Primary,osnovni,
Primary Color,Primarna boja,
Print,otisak,
Print Format,Format ispisa,
Print Format Builder,Graditelj Oblika Ispisa,
Print Format Help,Print Format Pomoć,
Print Format Type,Ispis formatu,
Print Hide,Sakrij ispis,
Print Hide If No Value,Ispis Sakrij Ako nema vrijednost,
Print Server,Poslužitelj ispisa,
Print Settings,Postavke ispisa,
Print Style,Stil ispisa,
Print Style Name,Naziv stila ispisa,
Print Style Preview,Prikaz stila ispisa,
Print UOM after Quantity,Ispis UOM-a nakon količine,
Print Width,Širina ispisa,
"Print Width of the field, if the field is a column in a table","Ispis širina terena, ako polje je stupac u tablici",
Print taxes with zero amount,Ispis poreza s nula iznosa,
Print with letterhead,Ispis s zaglavljem,
Printer Name,Naziv pisača,
Printing,Tiskanje,
Priority,Prioritet,
Private,Privatan,
ProTip: Add <code>Reference: {{ reference_doctype }} {{ reference_name }}</code> to send document reference,"ProTip: Dodaj <code>Reference: {{ reference_doctype }} {{ reference_name }}</code> poslati odgovarajući dokument,",
Property,Vlasništvo,
Property Depends On,Vlasništvo ovisi o,
Property Setter,Nekretnine seter,
Property Setter overrides a standard DocType or Field property,Nekretnine seter nadjačava standardnu vrstu dokumenta ili imovinu Field,
Property Type,Vrsta nekretnine,
Provider,davatelj,
Provider Name,Naziv poslužitelja,
Public,Javni,
Publish,Objaviti,
Published,Objavljen,
Published On,Objavljeno Dana,
Pull from Google Calendar,Povucite iz Google kalendara,
Pull from Google Contacts,Povucite iz Google kontakata,
Pulled from Google Calendar,Preuzeto iz Google kalendara,
Pulled from Google Contacts,Preuzeto iz Google kontakata,
Purchase Manager,Upravitelj nabave,
Purchase Master Manager,Upravitelj predloška nabave,
Purchase User,Korisnik nabave,
Purple,Ljubičasta,
Push to Google Calendar,Pritisnite na Google kalendar,
Push to Google Contacts,Pritisnite &quot;Google kontakti&quot;,
Quarterly,Tromjesečni,
Query,Upit,
Query / Script,Upit / skripta,
Query Options,Opcije upita,
Query Report,Izvješće upita,
Queued,Čekanju,
Quick Entry,Brzi Ulaz,
RAW Information Log,Dnevnik informacija o RAW-u,
Random,Slučajno,
Rating,Ocjena,
Raw Commands,Sirove naredbe,
Raw Email,sirova Email,
Raw Printing,Sirovi tisak,
Read,Pročitaj,
Read Only,Read Only,
Read Only Depends On,Samo za čitanje ovisi,
Read Time,Vrijeme čitanja,
Read by Recipient,Pročitajte po primatelju,
Read by Recipient On,Pročitajte po primatelju,
Reason,Razlog,
Received,primljen,
Receiver By Document Field,Prijemnik po polju dokumenta,
Receiver By Role,Prijemnik prema ulozi,
Receiver Parameter,Prijemnik parametra,
Recipient,Primalac,
Recipient Unsubscribed,Primatelj otkazano,
Recipients,Primatelji,
Recorder,Snimač,
Red,Crvena,
Redirect URI Bound To Auth Code,Preusmjeravanje URI dužni da autentifikacijski kôd,
Redirect URIs,Preusmjeravanje URI,
Redirect URL,URL za preusmjeravanje,
Ref DocType,Ref. DOCTYPE,
Reference,Upućivanje,
Reference Date,Referentni datum,
Reference DocName,Reference DocName,
Reference DocType,Referentni DocType,
Reference Docname,Reference DocName,
Reference Doctype,Referentna DOCTYPEhtml,
Reference Document,Referentni dokument,
Reference Document Name,Referentni naziv dokumenta,
Reference Document Type,Referentna Tip dokumenta,
Reference Name,Naziv poveznice,
Reference Owner,Referentni vlasnika,
Reference Report,Referentno izvješće,
Reference Type,Referentna Tip,
Reference name,Referenca Ime,
Referrer,Preporučitelj,
Refresh Google Sheet,Osvježite Google tablicu,
Refresh Token,Osvježi token,
Rejected,Odbijen,
Relinked,ponovo povezani,
Reload,Reload,
Remember Last Selected Value,Sjeti se posljednja odabrana vrijednost,
Reminder,Podsjetnik,
Repeat On,Ponovite Na,
Repeat Till,Ponovite Do,
Repeat on Day,Ponovite dan,
Repeat on Last Day of the Month,Ponovite zadnji dan u mjesecu,
Repeat this Event,Ponovite ovaj događaj,
Replied,Odgovoreno,
Reply,Odgovoriti,
Report,Prijavi,
Report Builder,Report Builder,
Report Column,Stupac izvješća,
Report Description,Opis izvješća,
Report Filter,Filter izvješća,
Report Filters,Izvješće Filteri,
Report Hide,Prijavi Sakrij,
Report Information,Informacije o izvještaju,
Report Manager,Prijavite Manager,
Report Name,Naziv izvješća,
Report Reference Doctype,Izvještaj o referentnom doktorskom tipu,
Report Type,Prijavi Vid,
Reports,Izvješća,
Represents a User in the system.,Predstavlja korisnika u sustavu.,
Represents the states allowed in one document and role assigned to change the state.,Predstavlja države dopušteni u jednom dokumentu i ulogu dodijeljenu promijeniti stanje.,
Request Data,Zatražite podatke,
Request Structure,Struktura zahtjeva,
Request URL,Zatražite URL,
Requested Numbers,Traženi brojevi,
Require Trusted Certificate,Zahtijevajte pouzdanu potvrdu,
Reset Password Key,Reset Password ključ,
Response,Odgovor,
Response Type,tip odgovora,
Restored,obnovljena,
Restrict IP,Zabraniti IP,
Restrict To Domain,Ograničite na domenu,
Restrict to Domain,Ograničenje na domenu,
Restrict user from this IP address only. Multiple IP addresses can be added by separating with commas. Also accepts partial IP addresses like (111.111.111),Zabraniti korisnika iz ove IP adrese samo. Višestruki IP adrese može biti dodan odvajajući zarezima. Također prihvaća djelomične IP adrese kao što su (111.111.111),
Retry,Pokušaj ponovno,
Reverse Icon Color,Obrnuti boju ikone,
Revert,vratiti se,
Revert Of,Povrat od,
Reverted,Vraćeno,
Review,Pregled,
Review Level,Razina pregleda,
Review Levels,Razine pregleda,
Review Points,Pregledajte bodove,
Revoked,Poništen,
Rich Text,Rich Text,
Right,Desno,
Robots.txt,robots.txt,
Role,Uloga,
Role Name,Naziv uloge,
Role Permission for Page and Report,Uloga Odobrenje za stranicu i Izvješće,
Role Permissions,Ovlasti uloge,
Role Permissions Manager,Upravitelj ovlastima uloga,
Role Profile,Profil uloge,
Role and Level,Uloga i razina ovlasti,
Roles,Uloge,
Roles Assigned,Dodijeljene uloge,
Roles HTML,Uloge HTML,
Roles Html,Uloge Html,
Round Robin,Razigravanje,
Route,put,
Route History,Povijest ruta,
Route Redirects,Preusmjeravanja rute,
"Route: Example ""/desk""",Ruta: Primjer &quot;/ desk&quot;,
Row Index,Indeks redaka,
Row Name,Ime reda,
Rows Added,Redovi Dodana,
Rows Removed,Redovi Uklonjeno,
Rule,Pravilo,
Rule Conditions,Uvjeti pravila,
Rule Name,Naziv pravila,
Rules defining transition of state in the workflow.,Pravila definiraju prijelaz stanja u tijek rada.,
"Rules for how states are transitions, like next state and which role is allowed to change state etc.","Pravila za koliko su države prijelaza, kao i sljedeći države i koja uloga je dozvoljeno da promijeni stanje itd.",
Rules with higher priority number will be applied first.,Prvo će se primijeniti pravila s većim prioritetom.,
Run Jobs only Daily if Inactive For (Days),Radite samo svakodnevno ako je neaktivan (dani),
Run scheduled jobs only if checked,Trčanje rasporedu radnih mjesta samo ako provjeriti,
S3 Backup Settings,S3 sigurnosne postavke,
S3 Bucket Details,Pojedinosti o kašiki S3,
SMS,SMS,
SMS Gateway URL,SMS Gateway URL,
SMS Log,SMS Prijava,
SMS Parameter,SMS parametra,
SMS Settings,SMS postavke,
SMTP Settings for outgoing emails,SMTP postavke za odlaznu e-poštu,
"SQL Conditions. Example: status=""Open""",SQL uvjeti. Primjer: Status = &quot;Open&quot;,
SSL/TLS Mode,SSL / TLS način,
Sales Manager,Sales Manager,
Sales Master Manager,Prodaja Master Manager,
Sales User,Prodaja Korisnik,
Salesforce,Salesforce,
Salutation,Pozdrav,
Sample,Uzorak,
Saturday,Subota,
Save,Spremi,
Scheduled,Planiran,
Scheduled Job,Zakazani posao,
Scheduled Job Log,Zakazani dnevnik poslova,
Scheduled Job Type,Planirana vrsta posla,
Scheduled To Send,Planirano za slanje,
Scheduler Event,Događaj planera,
Scope,djelokrug,
Scopes,Rasponi,
Script,Skripta,
Script Manager,Upravitelj skripti,
Script Report,Skripta Prijavi,
Script Type,Skripta Tip,
Script to attach to all web pages.,Skripta se priključiti na svim web stranicama.,
Search Fields,Polje za pretragu,
Search Priorities,Prioriteti pretraživanja,
Section,Odjeljak,
Section Break,Odjeljak Break,
Security Settings,Sigurnosne postavke,
Seen,Vidio,
Seen By,vide,
Seen By Table,Vidljivo u tablici,
Select,Odabrati,
Select Dashboard,Odaberite Nadzornu ploču,
Select Date Range,Odaberite Raspon datuma,
Select DocType,Odaberite DOCTYPE,
Select Doctype,Odaberite Doctype,
Select Transaction,Odaberite transakciju,
Select an image of approx width 150px with a transparent background for best results.,Odaberite sliku od cca 150px širine s transparentnom pozadinom za najbolje rezultate.,
Select the label after which you want to insert new field.,Odaberite oznaku nakon što želite umetnuti novo polje.,
Send After,Pošalji Nakon,
Send Alert On,Pošalji upozorenje na,
Send Email Alert,Pošaljite e-poštu upozorenja,
Send Email Print Attachments as PDF (Recommended),Pošalji E-mail Ispis privitaka u PDF (preporučeno),
Send Email for Successful Backup,Pošalji e-poštu za uspješnu sigurnosnu kopiju,
Send Email for Successful backup,Pošalji e-poštu za uspješnu sigurnosnu kopiju,
Send Me A Copy of Outgoing Emails,Pošalji mi kopiju odlaznih e-pošte,
Send Notification To,Pošalji obavijest,
Send Notification to,Pošalji obavijest,
Send Notifications For Documents Followed By Me,Pošaljite obavijesti za dokumente koje slijedim,
Send Notifications For Email Threads,Pošaljite obavijesti o nitima e-pošte,
Send Notifications To,Slanje obavijesti,
Send Print as PDF,Pošalji Print as PDF,
Send System Notification,Pošaljite obavijest sustava,
Send To All Assignees,Pošalji svim primateljima,
Send Unsubscribe Link,Pošalji vezu za odjavu,
Send Welcome Email,Pošalji e-mail dobrodošlice,
Send alert if date matches this field's value,Pošalji upozorenje ako datum odgovara vrijednost ovom području je,
Send alert if this field's value changes,Pošalji upozorenje ako se vrijednost mijenja ovom području je,
Send an email reminder in the morning,Pošaljite email podsjetnik ujutro,
Send days before or after the reference date,Pošalji dana prije ili nakon referentnog datuma,
Send enquiries to this email address,Upite slati na ovu e-mail adresu,
Send only if there is any data,Pošaljite samo ako postoji neki podaci,
Send unsubscribe message in email,Pošalji odjaviti poruku e-pošte,
Sender,Pošiljalac,
Sender Email,Pošiljatelja e-pošte,
Sender Name,Pošiljatelj Ime,
Sendgrid,Sendgrid,
Sending,slanje,
Sent,Poslano,
Sent On,Poslan Na,
Sent Read Receipt,Poslano potvrdu čitanja,
Sent To,Poslano Da,
Sent or Received,Poslana ili primljena,
Sent/Received Email,Poslana / primljena e-pošta,
Separator,Separator,
Sequence Id,Slijed Id,
Series List for this Transaction,Serija Popis za ovu transakciju,
Server Action,Akcija poslužitelja,
Server IP,IP poslužitelja,
Server Script,Skripta poslužitelja,
Service,usluga,
Session Default,Zadatak sesije,
Session Default Settings,Zadane postavke sesije,
Session Defaults,Zadani zadaci sesije,
Set Banner from Image,Postavite banner sa slike,
"Set Default Options for all charts on this Dashboard (Ex: ""colors"": [""#d1d8dd"", ""#ff5858""])","Postavite zadane opcije za sve grafikone na ovoj nadzornoj ploči (Primjer: &quot;boje&quot;: [&quot;# d1d8dd&quot;, &quot;# ff5858&quot;])",
Set New Password,Postavite novu lozinku,
Set Property After Alert,Postavljanje entiteta nakon upozorenja,
Set Role For,Postavite uloga,
Set Value,Postavite vrijednost,
Set non-standard precision for a Float or Currency field,Postavite non-standard preciznosti za plovak ili valuta polju,
Settings,postavke,
Settings Dropdown,Padajući izbornik,
Settings for Contact Us Page,Postavke za stranicu Kontaktirajte nas,
Settings for the About Us Page,Postavke za O nama stranice,
Setup,Postavke,
Setup Complete,Postavljanje dovršeno,
Setup Wizard,Čarobnjak za postavljanje,
Share,Udio,
Shared,podijeljen,
Shipping,Utovar,
Shop,Dućan,
Short Name,Kratko Ime,
Shortcuts,prečaci,
Show Attachments,Prikaži privitke,
Show Dashboard,Prikaži nadzornu ploču,
Show Document,Prikaži dokument,
Show Failed Logs,Prikaži neuspjele zapisnike,
Show Form Tour,Pokaži obilazak obrasca,
Show Full Error and Allow Reporting of Issues to the Developer,Prikaži punu pogrešku i dopusti izvješćivanje o problemima razvojnom programeru,
Show Full Form?,Pokazati puni obrazac?,
Show Line Breaks after Sections,Prikaži Line Breaks nakon odjeljcima,
Show Percentage Stats,Prikaži statistiku postotka,
Show Preview Popup,Prikaži skočni prikaz Preview,
Show Report,Prikaži izvješće,
Show Section Headings,Prikaži Naslovi odjeljaka,
Show Sidebar,Prikaži Bočna,
Show Title,Pokaži Naslov,
Show as cc,Prikaži kao cc,
Show full form instead of a quick entry modal,Prikažite puni obrazac umjesto načina brzog unosa,
Show in Module Section,Prikaži u poglavlju modula,
Show in filter,Prikaži u filtru,
Show percentage difference according to this time interval,Prikaži postotnu razliku prema ovom vremenskom intervalu,
"Show title in browser window as ""Prefix - title""",Prikaži naslov u prozoru preglednika kao &quot;prefiks - naslov&quot;,
Sidebar Items,Bočna Stavke,
Sidebar Settings,Bočna Postavke,
Sidebar and Comments,Bočna i komentari,
Signature,Potpis,
"Simple Python Expression, Example: Status in (""Closed"", ""Cancelled"")","Jednostavan Python Expression, Primjer: Status u (&quot;Zatvoreno&quot;, &quot;Otkazano&quot;)",
"Simple Python Expression, Example: Status in (""Invalid"")","Jednostavni Python Expression, Primjer: Status u (&quot;Nevažeći&quot;)",
"Simple Python Expression, Example: status == 'Open' and type == 'Bug'","Jednostavan Python Expression, Primjer: status == &#39;Open&#39; i upišite == &#39;Bug&#39;",
Simultaneous Sessions,Simultano sesije,
Single Types have only one record no tables associated. Values are stored in tabSingles,Pojedinačne vrste imaju samo jedan zapis nema tablice povezane . Vrijednosti su pohranjeni u tabSingles,
Skip Authorization,Preskoči Autorizacija,
Skype,Skype,
Slack,Zatišje,
Slack Channel,Slack Channel,
Slack Webhook URL,Slack Webhook URL,
Slideshow,Slideshow,
Slideshow Items,Slideshow proizvodi,
Slideshow Name,Naziv Slideshow-a,
Slideshow like display for the website,Slideshow kao prikaz za web stranicu,
Small Text,Mali Tekst,
Smallest Currency Fraction Value,Najmanji valuta Frakcija Vrijednost,
Smallest circulating fraction unit (coin). For e.g. 1 cent for USD and it should be entered as 0.01,"Najmanji kruži dio jedinica (kovanice). Za npr 1 posto za USD i to bi trebalo biti upisana kao 0,01",
Social,socijalni,
Social Link Settings,Postavke društvene veze,
Social Link Type,Tip društvene veze,
Social Login Key,Ključ za društvenu prijavu,
Social Login Provider,Davatelj usluge društvenog prijavljivanja,
Social Logins,Društvene prijave,
Soft-Bounced,Soft-Odbijena,
Sort Field,Sortiranje polja,
Sort Order,sortiranje,
Source,Izvor,
Source Name,source Name,
Source Text,Izvorni tekst,
Spam,spam,
SparkPost,SparkPost,
Standard,Standard,
Standard Sidebar Menu,Standardna Bočna Izbornik,
Start Date,Datum početka,
Start Date Field,Polje datuma početka,
Start Time,Vrijeme početka,
StartTLS,STARTTLS,
Started,počeo,
Starts on,Počinje na,
State,država,
State/Province,Država / pokrajina,
States,Županije,
Static Parameters,Statički parametri,
Stats,Statistika,
Stats Time Interval,Statistika Vremenski interval,
Status,Status,
Step,Korak,
Steps,Koraci,
Stopped,Zaustavljen,
Stores the JSON of last known versions of various installed apps. It is used to show release notes.,Trgovine JSON od posljednjih poznatim verzijama raznih instaliranih aplikacija. Ona se koristi za prikaz izdanjima.,
Style,Stil,
Style Settings,Postavke stila,
"Style represents the button color: Success - Green, Danger - Red, Inverse - Black, Primary - Dark Blue, Info - Light Blue, Warning - Orange","Stil predstavlja boju gumba: Uspjeh - zelena, opasnosti - Crvena, Inverzni - crna, Primarni - tamnoplava, info - svjetlo plava, upozorenje - Orange",
Stylesheet,Tablica stilova,
"Sub-currency. For e.g. ""Cent""",Sub-valuta. Za npr. &quot;centi&quot;,
Sub-domain provided by erpnext.com,Pod-domene pruža erpnext.com,
Subdomain,Poddomena,
Subject,Predmet,
Subject Field,Polje predmeta,
Submit,Potvrdi,
Submit After Import,Pošaljite nakon uvoza,
Submitted,Potvrđeno,
Subsidiary,Podružnica,
Subtitle,Titl,
Success,Uspjeh,
Success Action,Uspjeh uspjeha,
Success Message,Uspjeh Poruka,
Success URL,Uspjeh URL,
Sum,Iznos,
Sunday,Nedjelja,
Symbol,Simbol,
Sync,Sinkronizacija,
Sync with Google Calendar,Sinkronizirajte s Google kalendarom,
Sync with Google Contacts,Sinkronizirajte s Google kontaktima,
System,Sustav,
System Console,Konzola sustava,
System Manager,Sustav Manager,
System Notification,Obavijest o sustavu,
System Page,Sustavna stranica,
System Settings,Postavke sustava,
System managers are allowed by default,Upravitelji sustava dopušteni su prema zadanim postavkama,
Table,Stol,
Table Break,Prijelom stola,
Table HTML,Tablica HTML,
Table MultiSelect,Tablica MultiSelect,
Tag,Označiti,
Tag Link,Link oznaka,
Target,Meta,
Tax Category,Porezna kategorija,
Team Members,Članovi tima,
Team Members Heading,Članovi tima Naslov,
Template,Predložak,
Template Options,Opcije predloška,
Template Warnings,Upozorenja predloška,
Text,Tekst,
Text Align,Tekst Poravnajte,
Text Color,Tekst u boji,
Text Content,tekstualni sadržaj,
Text Editor,Tekst Editor,
The name that will appear in Google Calendar,Naziv koji će se pojaviti u Google kalendaru,
The user from this field will be rewarded points,Korisnik iz ovog polja dobit će bodove,
The webhook will be triggered if this expression is true,Webhook će se pokrenuti ako je ovaj izraz istinit,
Theme,Tema,
Theme Configuration,Konfiguracija teme,
Theme URL,URL teme,
These values will be automatically updated in transactions and also will be useful to restrict permissions for this user on transactions containing these values.,"Ove vrijednosti će se automatski ažuriraju u prometu, te će također biti korisno ograničiti dozvole za ovog korisnika o transakcijama koje sadrže te vrijednosti.",
Third Party Authentication,Autentičnosti treće strane,
This card will be available to all Users if this is set,Ova će kartica biti dostupna svim korisnicima ako je postavljena,
This chart will be available to all Users if this is set,"Ako je postavljeno, ovaj će grafikon biti dostupan svim korisnicima",
This format is used if country specific format is not found,Ovaj format se koristi ako država specifičan format nije pronađena,
This goes above the slideshow.,Ovo ide iznad slideshow-a.,
This is an example Google SERP Preview.,Ovo je primjer Google SERP Preview.,
This is the number of the last created transaction with this prefix,To je broj zadnjeg stvorio transakcije s ovim prefiksom,
This will be shown in a modal after routing,To će biti prikazano u modalu nakon usmjeravanja,
This will be shown to the user in a dialog after routing to the report,To će se korisniku prikazati u dijaloškom okviru nakon usmjeravanja na izvješće,
Thumbnail URL,Thumbnail URL,
Thursday,Četvrtak,
Time,Vrijeme,
Time Format,Vremenski format,
Time Interval,Vremenski interval,
Time Series,Vremenske serije,
Time Series Based On,Vremenska serija na temelju,
Time Zone,Time Zone,
Time Zones,Vremenske zone,
Time format,Vremenski format,
Time in seconds to retain QR code image on server. Min:<strong>240</strong>,Vrijeme u sekundama za zadržavanje slike QR koda na poslužitelju. Min: <strong>240</strong>,
Timeline,Vremenska Crta,
Timeline DocType,Kronologija DOCTYPE,
Timeline Field,Kronologija polje,
Timeline Links,Vremenske veze,
Timeline Name,Kronologija Ime,
Timeseries,Vremenske serije,
Timespan,Vremenski raspon,
Timestamp,Vremenski žig,
Title,Naslov,
Title Field,Naslov Field,
Title Prefix,Naslov Prefiks,
To,Do,
To Date,Za datum,
To Date Field,Do današnjeg polja,
To and CC,Da i CC,
"To use Slack Channel, add a <a href=""#List/Slack%20Webhook%20URL/List"">Slack Webhook URL</a>.","Da biste koristili Slack Channel, dodajte <a href=""#List/Slack%20Webhook%20URL/List"">URL Slack Webhook-a</a> .",
ToDo,Za napraviti,
Token,Znak,
Top,Vrh,
Top Bar Item,Najbolje Bar artikla,
Top Bar Items,Top Bar Proizvodi,
Topic,Tema,
Total Subscribers,Ukupno Pretplatnici,
Total number of emails to sync in initial sync process ,Ukupan broj e-pošte za sinkronizaciju u početnom procesu sinkronizacije,
Traceback,Traceback,
Track Changes,Prati promjene,
Track Email Status,Praćenje statusa e-pošte,
Track Field,Trag polje,
Track Seen,Prati Gledano,
Track Views,Praćenje prikaza,
Track milestones for any document,Pratite prekretnice za bilo koji dokument,
Transaction Hash,Transakcijska greška,
Transaction Log,Zapis transakcije,
Transaction Log Report,Izvješće dnevnika transakcija,
Transition Rules,Prijelazna pravila,
Transitions,Prijelazi,
Translatable,prevodljiv,
Translated Text,prevedeno Tekst,
Translation,Prijevod,
Trash,Smeće,
Tree,drvo,
Tree structures are implemented using Nested Set,Strukture stabala implementirane su pomoću Nested Set-a,
Trigger Method,Trigger metoda,
"Trigger on valid methods like ""before_insert"", ""after_update"", etc (will depend on the DocType selected)","Okidač na valjanim metodama kao što su &quot;before_insert&quot;, &quot;after_update&quot;, itd (ovisit će o DOCTYPE odabrane)",
Tuesday,Utorak,
Two Factor Authentication,Dva faktorska provjera autentičnosti,
Two Factor Authentication method,Dva metoda autentifikacije faktora,
Type,Vrsta,
UID,UID,
UIDNEXT,UIDNEXT,
UIDVALIDITY,UIDVALIDITY,
UNSEEN,neviđen,
URL,URL,
URL for documentation or help,URL za dokumentaciju ili pomoć,
URL to go to on clicking the slideshow image,URL na koji idete klikom na slideshow sliku,
Unassign Condition,Odjavite stanje,
Unhandled Email,Neobrađena Email,
Unique,Jedinstvena,
Unread,nepročitan,
Unread Notification Sent,Nepročitana Obavijest Poslano,
Unshared,nedjeljiv,
Unsubscribe Method,odjaviti metoda,
Unsubscribe Param,Otkažite pretplatu Param,
Unsubscribed,Pretplatu,
Update,Ažuriraj,
Update Existing Records,Ažuriranje postojećih zapisa,
Update Field,Update Field,
Update Series Number,Update serije Broj,
Update Settings,Ažuriranje postavki,
Update Value,Ažurirajte vrijednost,
Updated,Obnovljeno,
Uploaded To Dropbox,Preneseno u Dropbox,
Uploaded To Google Drive,Preneseno na Google disk,
Use % for any non empty value.,Upotrijebite% za bilo koju vrijednost koja nije prazna.,
Use ASCII encoding for password,Koristite ASCII kodiranje za lozinku,
Use IMAP,Koristite IMAP,
Use POST,Koristite POST,
Use Report Chart,Koristite grafikon izvješća,
Use SSL,Koristite SSL,
Use TLS,Koristi TLS,
Use this fieldname to generate title,Koristite ovaj fieldname generirati naslov,
User,Korisnik,
User ,Korisnik,
User Agent,Korisnički agent,
User Cannot Create,Korisnik ne može stvoriti,
User Cannot Search,Korisnik ne može tražiti,
User Defaults,Profil Zadano,
User Details,Podaci o korisniku,
User Email,Korisnik Email,
User Emails,e-pošta korisnika,
User Field,Korisničko polje,
User ID,Korisnički ID,
User ID Property,Svojstvo User ID-a,
User ID of a Blogger,Korisnik ID bloger,
User Id,ID korisnika,
User Image,Upute slike,
User Name,Korisničko ime,
User Permission,Korisnička ovlast,
User Profile,Korisnički profil,
User Social Login,Korisnička društvena prijava,
User Tags,Upute Tags,
User Type,Vrsta korisnika,
User can login using Email id or Mobile number,Korisnik se može prijaviti pomoću ID e-pošte ili broja mobitela,
User can login using Email id or User Name,Korisnik se može prijaviti pomoću ID e-pošte ili korisničkog imena,
User must always select,Korisničko uvijek mora odabrati,
Username,Korisničko ime,
Users,Korisnici,
Users assigned to the reference document will get points.,Korisnici dodijeljeni referentnom dokumentu dobit će bodove.,
Valid,vrijedi,
Validate Field,Provjeri polje,
Validity,Valjanost,
Value,Vrijednost,
Value Based On,Vrijednost na temelju,
Value Change,Vrijednost Promjena,
Value Changed,Vrijednost promijenila,
Value To Be Set,Vrijednost koju treba postaviti,
Value from this field will be set as the due date in the ToDo,Vrijednost iz ovog polja postavit će se kao datum dospijeća u ToDo,
Value to Validate,Vrijednost za provjeru,
Verdana,Verdana,
Verified,ovjeren,
Version,Verzija,
Video URL,URL videozapisa,
View,Pogled,
View Log,Prikaz zapisnika,
View Properties (via Customize Form),Pogledaj Nekretnine (preko Customize obrazac),
View Report,Pogledaj izvještaj,
View Settings,Postavke prikaza,
View Website,Pogledaj web stranicu,
Viewed By,Pogledano od strane,
Visit,Posjeti,
Warehouse,Skladište,
Warning,Upozorenje,
Watch Video,Gledaj video,
Web Form,Web obrazac,
Web Form Field,Web Form Field,
Web Form Fields,Polja web obrasca,
Web Page,Web stranica,
Web Page Block,Blok web stranica,
Web Page View,Prikaz web stranice,
Web Template,Web predložak,
Web Template Field,Polje web predloška,
Web Template Values,Vrijednosti web predloška,
Web View,Web View,
Webhook,Webhook,
Webhook Data,Webhook podataka,
Webhook Header,Webhook Header,
Webhook Headers,Webhook Headers,
Webhook Request,Zahtjev za webhook,
Webhook Secret,Webhook Secret,
Webhook Security,Sigurnost webhooka,
Webhook Trigger,Pokretač web kuke,
Webhook URL,Webhook URL,
Website,Web stranica,
Website Analytics,Analitika web stranica,
Website Manager,Web Manager,
Website Meta Tag,Meta oznaka web mjesta,
Website Route Meta,Web stranica Route Meta,
Website Route Redirect,Preusmjeravanje rute web stranice,
Website Script,Skripta web stranice,
Website Settings,Postavke web stranice,
Website Sidebar,Bočna Website,
Website Sidebar Item,Web Bočna predmeta,
Website Slideshow,Klizač web stranice,
Website Slideshow Item,Slajd proizvoda na web stranici,
Website Theme,Web Tema,
Website Theme Ignore App,Aplikacija za zanemarivanje teme web stranice,
Website Theme Image,Web Tema sliku,
Website Theme Image Link,Web Tema poveznica slike,
Wednesday,Srijeda,
Weekdays,Radnim danom,
Weekly,Tjedni,
Weekly Long,Tjedno tjedno,
Welcome Email Template,Predložak e-pošte dobrodošlice,
"When enabled this will allow guests to upload files to your application, You can enable this if you wish to collect files from user without having them to log in, for example in job applications web form.","Kad je ovo omogućeno, gosti će moći prenositi datoteke u vašu aplikaciju, ovo možete omogućiti ako želite prikupiti datoteke od korisnika, a da ih oni ne mogu prijavljivati, primjerice u web obrazac aplikacija za posao.",
Which view of the associated DocType should this shortcut take you to?,Na koji prikaz povezanog DocTypea bi vas trebao odvesti ovaj prečac?,
Width,Širina,
Wildcard Filter,Zamjenski filtar,
"Will add ""%"" before and after the query",Dodati će &quot;%&quot; prije i nakon upita,
Will be used in url (usually first name).,Hoće li se koristi u URL-u (obično ime).,
Will run scheduled jobs only once a day for inactive sites. Default 4 days if set to 0.,Izvoditi će zakazane zadatke samo jednom dnevno za neaktivne stranice. Zadano 4 dana ako je postavljeno na 0.,
Workflow,Hodogram,
Workflow Action,Akcija hodograma,
Workflow Action Master,Workflow Akcija Master,
Workflow Action Name,Workflow Akcija Ime,
Workflow Action is not created for optional states,Radnja tijeka rada nije stvorena za neobavezna stanja,
Workflow Document State,Workflow dokument Država,
Workflow Name,Naziv hodograma,
Workflow State,Stanje hodograma,
Workflow State Field,Workflow Državna polja,
Workflow Transition,Tijek tranzicije,
Workflow state represents the current state of a document.,Stanje hodograma predstavlja trenutno stanje dokumenta.,
Write,Pisati,
X Field,X polje,
XLSX,XLSX,
Y Axis,Y Osovina,
Y Field,Y polje,
Yahoo Mail,Yahoo Mail,
Yandex.Mail,Yandex.Mail,
Year,Godina,
Yearly,Godišnji,
Yellow,Žuta boja,
Yes,Da,
Your organization name and address for the email footer.,Ime Vaše organizacije i adresa za e-podnožje.,
Zero means send records updated at anytime,Nula znači poslati zapise ažurirane u bilo koje vrijeme,
_doctype,_doctype,
_report,_izvješće,
adjust,Prilagodi,
after_insert,after_insert,
align-center,Poravnajte-centar,
align-justify,Poravnajte-opravdati,
align-left,Poravnajte-lijevo,
align-right,Poravnati-desno,
arrow-down,strelica prema dolje,
arrow-left,strelica lijevo,
arrow-right,Strelica desno,
arrow-up,strelica prema gore,
asterisk,zvjezdica,
backward,Natrag,
ban-circle,Krug zabrane,
barcode,barkod,
bell,zvono,
blue,plava,
bold,odvažan,
book,knjiga,
bookmark,bookmark,
briefcase,Aktovka,
bullhorn,bullhorn,
calendar,kalendar,
camera,kamera,
certificate,certifikat,
check,Provjeriti,
chevron-down,Chevron-dolje,
chevron-left,Chevron-lijevo,
chevron-right,Chevron-desno,
chevron-up,Chevron-up,
circle-arrow-down,krug sa strelicom prema dolje,
circle-arrow-left,krug sa strelicom nalijevo,
circle-arrow-right,krug sa strelicom desno,
circle-arrow-up,krug sa strelicom prema gore,
cog,vršak,
comment,Komentiraj,
darkgrey,tamno siva,
dd-mm-yyyy,dd-mm-yyyy,
dd.mm.yyyy,dd.mm.gggg,
dd/mm/yyyy,dd / mm / gggg,
download,Preuzimanje,
download-alt,download-alt,
"e.g. ""Support"", ""Sales"", ""Jerry Yang""","npr ""Podrška "","" Prodaja "","" Jerry Yang """,
e.g. pop.gmail.com / imap.gmail.com,npr pop.gmail.com / imap.gmail.com,
e.g. replies@yourcomany.com. All replies will come to this inbox.,npr replies@yourcomany.com. Svi odgovori će doći na ovu inbox.,
e.g. smtp.gmail.com,npr smtp.gmail.com,
edit,Uredi,
eject,izbaciti,
email,e-mail,
envelope,omotnica,
exclamation-sign,usklik-znak,
eye-close,oka u blizini,
eye-open,oku-otvaranje,
facebook,facebook,
facetime-video,FaceTime-video,
fairlogin,fairlogin,
fast-backward,brzo unatrag,
fast-forward,brzo naprijed,
file,datoteka,
film,film,
filter,filter,
fire,vatra,
flag,zastava,
folder-close,mapa-blizu,
folder-open,mapa otvoriti,
font,krstionica,
forward,naprijed,
fullscreen,fullscreen,
gift,dar,
glass,staklo,
globe,globus,
green,zelena,
hand-down,rukom prema dolje,
hand-left,ruka-lijeva,
hand-right,ruka-desna,
hand-up,ruka-up,
hdd,HDD,
headphones,slušalice,
heart,srce,
home,Dom,
icon,ikona,
in minutes,za nekoliko minuta,
inbox,Ulazni spremnik,
indent-left,alineje-lijevo,
indent-right,alineje-desno,
info-sign,info-znak,
italic,kurzivan,
leaf,list,
link,Poveznica,
linkedin,linkedin,
list,popis,
list-alt,popis-alt,
lock,zaključati,
magnet,magnet,
map-marker,Marker karte,
minus,minus,
minus-sign,minus znak,
mm-dd-yyyy,mm-dd-yyyy,
mm/dd/yyyy,mm-dd-yyyy,
module,modul,
move,pomicati,
music,"glazba, muzika",
no failed attempts,nema neuspjelih pokušaja,
off,isključen,
ok,u redu,
ok-circle,ok-krug,
ok-sign,ok-prijava,
old_parent,old_parent,
on_cancel,on_cancel,
on_change,on_change,
on_submit,on_submit,
on_trash,on_trash,
on_update,on_update,
on_update_after_submit,on_update_after_submit,
orange,narančasta,
page,stranica,
pause,pauza,
pencil,olovka,
picture,slika,
plane,avion,
play,igrati,
play-circle,play-krug,
plus,plus,
plus-sign,plus-potpisati,
print,otisak,
purple,purpurna boja,
qrcode,QR kod,
query-report,query-izvješće,
question-sign,pitanje-prijava,
random,slučajan,
red,Crvena,
refresh,osvježiti,
remove,ukloniti,
remove-circle,uklanjanje-krug,
remove-sign,uklanjanje-potpisati,
repeat,ponoviti,
resize-full,resize-pun,
resize-horizontal,resize-horizontalna,
resize-small,resize-mala,
resize-vertical,resize-vertikalna,
response,odgovor,
retweet,retweet,
road,cesta,
screenshot,slike,
search,traži,
share,udio,
share-alt,Udio-alt,
shopping-cart,shopping-cart,
signal,signal,
star,zvijezda,
star-empty,zvijezda-prazna,
step-backward,korak unatrag,
step-forward,korak naprijed,
stop,Stop,
tag,Privjesak,
tags,oznake,
tasks,zadaci,
text-height,tekst-visina,
text-width,tekst širine,
th,og,
th-large,og veliki,
th-list,og-popis,
thumbs-down,palac dolje,
thumbs-up,palac gore,
time,vrijeme,
tint,nijansa,
trash,smeće,
twitter,cvrkut,
upload,Učitaj,
user,korisnik,
volume-down,glasnoće prema dolje,
volume-off,volumen-off,
volume-up,glasnoće prema gore,
warning-sign,upozorenje-znak,
wrench,ključ,
yellow,žuta boja,
yyyy-mm-dd,gggg-mm-dd,
zoom-in,uvećaj,
zoom-out,umanji,
