"""Company History""",&quot;Saga fyrirtækisins&quot;,
"""Team Members"" or ""Management""",&quot;Team Members&quot; eða &quot;Management&quot;,
&lt;head&gt; HTML,&lt;Head&gt; HTML,
**Currency** Master,** Gjaldmiðill ** Master,
0 - Draft; 1 - Submitted; 2 - Cancelled,0 - Drög; 1 - Sent; 2 - Frestað,
0 is highest,0 er hæst,
A list of resources which the Client App will have access to after the user allows it.<br> e.g. project,Listi yfir auðlindum sem Viðskiptavinur App mun hafa aðgang að eftir að notandinn gerir það. <br> td verkefni,
A symbol for this currency. For e.g. $,Tákn fyrir þennan gjaldmiðil. t.d $,
A4,A4,
ALL,ALLT,
API,API,
API Access,API aðgangur,
API Endpoint,API endapunktur,
API Endpoint Args,API endapunktar Args,
API Key,API Key,
API Method,API aðferð,
API Secret,API Secret,
ASC,ASC,
About Us Settings,Um okkur Stillingar,
About Us Team Member,Um okkur lið félagi,
Access Key ID,Aðgangs lykil auðkenni,
Access Key Secret,Aðgangslykill leyndarmál,
Access Log,Aðgangsskrá,
Access Token,aðgangur Token,
Access Token URL,Aðgangsbirtingarslóð,
Account,Reikningur,
Accounts Manager,Accounts Manager,
Accounts User,notendareikninga,
Action,aðgerð,
Action / Route,Aðgerð / Leið,
Action Timeout (Seconds),Aðgerðstími (sekúndur),
Action Type,Aðgerðategund,
Actions,aðgerðir,
Active,virk,
Active Domains,Virk lén,
Activity Log,virkni Log,
Add Container,Bæta við ílát,
Add Custom Tags,Bættu við sérsniðnum merkjum,
Add Gray Background,Bættu við gráum bakgrunni,
Add Signature,Bæta undirskrift,
Add Total Row,Bæta Samtals Row,
Add Unsubscribe Link,Bæta við Afskrá tengil,
"Added HTML in the &lt;head&gt; section of the web page, primarily used for website verification and SEO","Bætt við HTML í &lt;head&gt; hluta af the vefur blaðsíða, fyrst og fremst notað fyrir vefsvæðið sannprófun og SEO",
Additional Permissions,Önnur Heimildir,
Address,Heimilisfang,
Address And Contacts,Heimilisfang og tengiliðir,
Address Line 1,Heimilisfang lína 1,
Address Line 2,Heimilisfang lína 2,
Address Template,Heimilisfang Snið,
Address Title,Heimilisfang Titill,
Address Type,Heimilisfang Tegund,
Address and other legal information you may want to put in the footer.,Heimilisfang og aðrar lagalegar upplýsingar sem þú vilt kannski að setja á fót.,
Addresses And Contacts,Heimilisföngum og Tengiliðir,
Adds a custom field to a DocType,Bætir við sérsniðnu svæði til DOCTYPE,
Administrator,stjórnandi,
Advanced,Ítarlegri,
Advanced Control,Ítarlegri stjórn,
Advanced Settings,Ítarlegar stillingar,
After Cancel,Eftir að hætta við,
After Delete,Eftir að eyða,
After Save,Eftir Vista,
After Save (Submitted Document),Eftir vistun (sent skjal),
After Submit,Eftir að leggja,
Aggregate Function Based On,Samanlagð aðgerð byggð á,
Alert,Viðvörun,
Align Labels to the Right,Leiðrétta merki til hægri,
Align Right,Align Right,
All,Allt,
All Day,Allan daginn,
Allocated To,úthlutað til,
Allot Points To Assigned Users,Úthlutaðu stigum til úthlutaðra notenda,
Allow,Leyfa,
Allow Auto Repeat,Leyfa sjálfvirka endurtekningu,
Allow Bulk Edit,Leyfa magnsstjórnun,
Allow Comments,leyfa athugasemdir,
Allow Consecutive Login Attempts ,Leyfa tilraunir til innskráningar í röð,
Allow Delete,leyfa Eyða,
Allow Dropbox Access,Leyfa Dropbox aðgang,
Allow Guest,Leyfa gesti,
Allow Guest to View,Leyfa Guest til að sjá,
Allow Guests to Upload Files,Leyfa gestum að hlaða upp skrám,
Allow Import (via Data Import Tool),Leyfa Import (með Data Import Tool),
Allow Incomplete Forms,Leyfa Incomplete Eyðublöð,
Allow Login After Fail,Leyfa innskráningu eftir mistök,
Allow Login using Mobile Number,Leyfa Innskráning með því að nota farsímanúmer,
Allow Login using User Name,Leyfa Innskráning með notandanafni,
Allow Modules,Leyfa mát,
Allow Print,leyfa Prenta,
Allow Print for Cancelled,Leyfa Prenta fyrir Hætt,
Allow Print for Draft,Leyfa prenta fyrir Draft,
Allow Read On All Link Options,Leyfa lestur á öllum hlekkvalkostum,
Allow Rename,leyfa Rename,
Allow Roles,leyfa Hlutverk,
Allow Self Approval,Leyfa sjálfs samþykki,
Allow approval for creator of the document,Leyfa samþykki fyrir höfundur skjalsins,
Allow document creation via Email,Leyfa að búa til skjöl með tölvupósti,
Allow events in timeline,Leyfa atburðir á tímalínu,
Allow in Quick Entry,Leyfa í flýtiritun,
Allow on Submit,Leyfa á Senda,
Allow only one session per user,Leyfa aðeins einn fundur á hvern notanda,
Allow page break inside tables,Leyfa síðu hlé inni borðum,
Allow saving if mandatory fields are not filled,Leyfa sparnaður ef nauðsynlega reiti eru ekki fyllt,
Allow user to login only after this hour (0-24),Leyfa notanda að skráðu aðeins eftir þessum klukkutíma (0-24),
Allow user to login only before this hour (0-24),Leyfa notanda að skráðu aðeins áður en þetta klukkustund (0-24),
Allowed,leyfð,
Allowed In Mentions,Leyfð í nefnum,
"Always add ""Draft"" Heading for printing draft documents",Alltaf að bæta &quot;Draft&quot; Heading fyrir prentun drög skjölum,
Amend,Breyta,
Amended From,breytt Frá,
An icon file with .ico extension. Should be 16 x 16 px. Generated using a favicon generator. [favicon-generator.org],An táknið skrá með ICO framlengingu. Ætti að vera 16 x 16 px. Mynda með því að nota favicon rafall. [Favicon-generator.org],
Analytics,Analytics,
Annual,Árleg,
Anonymous,Nafnlaus,
Any string-based printer languages can be used. Writing raw commands requires knowledge of the printer's native language provided by the printer manufacturer. Please refer to the developer manual provided by the printer manufacturer on how to write their native commands. These commands are rendered on the server side using the Jinja Templating Language.,Hægt er að nota hvaða strengjatengda prentar tungumál sem er. Að skrifa hráar skipanir þarf þekkingu á móðurmál prentarans sem framleiðandi prentarans veitir. Vinsamlegast vísið til þróunarhandbókarinnar sem framleiðandi prentarans veitir um hvernig eigi að skrifa innfæddar skipanir. Þessar skipanir eru gefnar upp á netþjóninum með Jinja Templating Language.,
App,app,
App Access Key,App Access Key,
App Client ID,App Viðskiptavinur ID,
App Client Secret,App Viðskiptavinur Secret,
App Name,app Name,
App Secret Key,App Secret Key,
Append Emails to Sent Folder,Bættu tölvupósti við senda möppu,
Append To,bæta við,
Applicable For,gildir til,
Application Logo,Umsóknarmerki,
Application Name,Umsóknarheiti,
Application Version,Umsóknarútgáfa,
Applied On,Beitt á,
Apply Document Permissions,Notaðu heimildir fyrir skjöl,
Apply Only Once,Notið aðeins einu sinni,
Apply Strict User Permissions,Sækja um strangar notendaskilmálar,
Apply To All Document Types,Gildir um allar skjalategundir,
Apply this rule if the User is the Owner,Beita þessari reglu ef notandinn er eigandi,
Apply this rule only once per document,Notaðu þessa reglu aðeins einu sinni í hverju skjali,
Appreciation,Þakklæti,
Archived,Eldri,
Arial,Arial,
Assign Condition,Úthluta ástandi,
Assign To Users,Úthluta notendum,
Assigned,Úthlutað,
Assigned By,úthlutað af,
Assigned By Full Name,Úthlutað undir fullu nafni,
Assignment,framsal,
Assignment Completed,framsal Lokið,
Assignment Days,Verkefnadagar,
Assignment Rule,Verkefnisregla,
Assignment Rule Day,Verkefnisdagur,
Assignment Rule User,Notandi úthlutunarreglu,
Assignment Rules,Verkefnisreglur,
Assignments,Verkefni,
Attach,hengja,
Attach Image,hengja mynd,
Attach Print,hengja Prenta,
Attached File,Viðhengi,
Attached To DocType,Meðfylgjandi Til DOCTYPE,
Attached To Field,Viðhengi við svæðið,
Attached To Name,Meðfylgjandi Til Nafn,
Attachment,viðhengi,
Attachment Limit (MB),Attachment Limit (MB),
Attachment Link,Viðhengistengill,
Attachment Removed,viðhengi Fjarlægt,
Attachments,viðhengi,
Auth URL Data,Sjálfvirk vefslóð,
Authentication,Auðkenning,
Author,Höfundur,
Authorization Code,heimild Code,
Authorize API Indexing  Access,Leyfa API skráningaraðgang,
Authorize Google Calendar Access,Leyfa aðgang að dagatali Google,
Authorize Google Contacts Access,Leyfa aðgang Google tengiliða,
Authorize Google Drive Access,Leyfa aðgang að Google Drive,
Authorize URL,Leyfa vefslóð,
Authorized,Leyft,
Auto,Auto,
Auto Email Report,Auto Email Report,
Auto Name,Auto Name,
Auto Repeat,Sjálfvirk endurtaka,
Auto Reply Message,Auto Svara Message,
Automatically Assign Documents to Users,Úthluta skjölum sjálfkrafa til notenda,
Automation,Sjálfvirkni,
Avatar,Avatar,
Average,Meðaltal,
Awaiting Password,Bíð eftir lykilorði,
Awaiting password,Bíð eftir lykilorði,
BCC,BCC,
Background Color,Bakgrunns litur,
Background Workers,Bakgrunnur Workers,
Backup Details,Upplýsingar um öryggisafrit,
Backup Files,Afritunarskrár,
Backup Folder ID,Auðkenni öryggisafrita möppu,
Backup Folder Name,Nafn afritunar möppu,
Backup Frequency,Backup Tíðni,
Backup public and private files along with the database.,Taktu öryggisafrit af opinberum og einkaskrám ásamt gagnagrunninum.,
Backups,afrit,
Banner,Banner,
Banner HTML,Banner HTML,
Banner Image,Banner Image,
Banner is above the Top Menu Bar.,Banner er yfir í aðalvalmynd Bar.,
Bar,Bar,
Barcode,Strikamerki,
Base Distinguished Name (DN),Base Distinguished Name (DN),
Base URL,Undirstaða vefslóð,
Based On,Byggt á,
Based on Field,Byggt á sviði,
Based on Permissions For User,Byggt á heimildir fyrir notandann,
Basic,Basic,
Before Cancel,Áður en hætt er við,
Before Delete,Áður en eytt er,
Before Insert,Áður en það er sett í,
Before Save,Áður en vista,
Before Save (Submitted Document),Áður en þú vistar (sent skjal),
Before Submit,Áður en þú leggur fram,
Beginner,Beginner,
Beta,beta,
Billing,innheimtu,
Bio,bio,
Birth Date,Fæðingardagur,
Block Module,Block Module,
Block Modules,blokk Modules,
Blocked,Bannaður,
Blog Category,Blog Category,
Blog Intro,Blog Intro,
Blog Introduction,Blog Inngangur,
Blog Post,Blog Post,
Blog Settings,Blog Stillingar,
Blog Title,Blog Title,
Blogger,Blogger,
Blue,Blue,
Bold,Djarfur,
Bot,Bot,
Bottom,Neðst,
Bounced,hopp,
Brand,vörumerki,
Brand HTML,vörumerki HTML,
Brand Image,Brand Image,
Breadcrumbs,breadcrumbs,
Browser,Vafri,
Browser Version,Vafraútgáfa,
Brute Force Security,Brute Force Security,
Bucket Name,Fataheiti,
Bulk Update,Magn Uppfæra,
Button,Button,
Button Gradients,Hnappastigull,
Button Rounded Corners,Hnappur ávalar horn,
Button Shadows,Hnappaskuggi,
Bypass Restricted IP Address Check If Two Factor Auth Enabled,Hliðarbraut takmarkaðrar IP-tölu Athugaðu hvort tveggja þátta heimild er virk,
Bypass Two Factor Auth for users who login from restricted IP Address,Bypass Two Factor Auth fyrir notendur sem skrá þig inn frá takmörkuðum IP Address,
Bypass restricted IP Address check If Two Factor Auth Enabled,Beinlínuskipta takmörkuð IP-töluathugun Ef tveir þáttur er virkur virkur,
CC,CC,
CSS,CSS,
CSS Class,CSS Class,
CSV,CSV,
CTA Label,CTA merki,
CTA URL,Vefslóð CTA,
Calendar,Dagatal,
Calendar Name,Nafn dagsins,
Calendar View,Dagatal Skoða,
Call,Call,
Call To Action,Kalla til aðgerða,
Call To Action URL,Vefslóð símtala,
Callback Message,Hringingarskilaboð,
Callback Title,Titill svarhringingar,
Campaign,Herferð,
Cancel,Hætta,
Cancelled,Hætt við,
Card,Spil,
Cards,Spil,
Category,Flokkur,
Category Description,Flokkur Lýsing,
Category Name,Flokkur Nafn,
Center,Center,
Chaining Hash,Keðja Hash,
Change Label (via Custom Translation),Breyta merki (með Custom Þýðing),
Change Password,Breyta lykilorði,
Channel,Rás,
Chart,Mynd,
Chart Configuration,Stillingar myndar,
Chart Name,Nafn töflu,
Chart Options,Valkostir á myndriti,
Chart Source,Uppruni myndar,
Chart Type,Myndategund,
Charts,Töflur,
Chat,Spjallaðu,
Check,Athugaðu,
Check this if you want to force the user to select a series before saving. There will be no default if you check this.,Hakaðu við þetta ef þú vilt að þvinga notendur til að velja röð áður en þú vistar. Það verður ekkert sjálfgefið ef þú athuga þetta.,
Checking this will hide custom doctypes and reports cards in Links section,Ef þetta er athugað leynast sérsniðnar skjalategundir og skýrslukort í tenglinum,
Checksum Version,Athugunarútgáfa,
Child Tables are shown as a Grid in other DocTypes,Barntöflur eru sýndar sem töflu í öðrum DocTypes,
Choose authentication method to be used by all users,Veldu auðkenningaraðferð sem allir notendur nota,
City,Borg,
City/Town,City / Town,
Clicked,smellt,
Client,viðskiptavinur,
Client Code,Viðskiptavinakóði,
Client Credentials,viðskiptavinur persónuskilríki,
Client ID,Viðskiptavinur ID,
Client Information,Upplýsingar viðskiptavinar,
Client Script,Viðskiptavinur Script,
Client Secret,Viðskiptavinur Secret,
Client URLs,Vefslóðir viðskiptavinar,
Close Condition,Loka ástand,
Closed,lokað,
Code,code,
Collapsible,fellanlegur,
Collapsible Depends On,Fellanlegur veltur á,
Color,Litur,
Column Break,dálkur Break,
Column Name,dálkur Name,
Columns,dálkar,
Columns / Fields,Súlur / reitir,
Comment,Athugasemd,
Comment By,Athugasemd eftir,
Comment Email,Sendu tölvupóst,
Comment Type,athugasemd Type,
Comments and Communications will be associated with this linked document,Athugasemdir og Communications verður í tengslum við þetta tengda skjal,
Commit,Skuldbinda þig,
Communication,Samskipti,
Communication Link,Samskiptatengill,
Communication Type,Samskipti Type,
Compact Item Print,Compact Item Prenta,
Company History,Saga fyrirtækisins,
Company Introduction,fyrirtæki Inngangur,
Company Name,nafn fyrirtækis,
Complete,Complete,
Completed,lokið,
Component,Component,
Condition,Ástand,
Conditions,Skilyrði,
Configuration,Stillingar,
Confirmation Email Template,Staðfestingarnetfang sniðmát,
Console,Stjórnborð,
Console Log,Console Log,
Contact,Viltu samband við,
Contact Details,Tengiliðaupplýsingar,
Contact Email,Netfang tengiliðar,
Contact Numbers,Hafðu númer,
Contact Phone,Hafðu samband við síma,
Contact Us Settings,Hafðu samband Stillingar,
"Contact options, like ""Sales Query, Support Query"" etc each on a new line or separated by commas.","Samskiptakostir, eins og &quot;Velta fyrirspurn, Support Fyrirspurn&quot; osfrv hver á nýja línu eða aðskilin með kommum.",
Contacts,Tengiliðir,
Content,innihald,
Content (HTML),Innihald (HTML),
Content (Markdown),Innihald (Markdown),
Content Hash,Efni Hash,
Content Type,content Type,
Context,Samhengi,
Context Script,Samhengishandrit,
Contributed,Framlag,
Contribution Document Name,Nafn framlagsskjals,
Contribution Status,Framlagsstaða,
Copyright,Copyright,
Core,Core,
Count,Telja,
Count Filter,Telja síu,
Counter,Counter,
Country,Land,
Country Name,Land Name,
County,County,
Create,Búa,
Create Contacts from Incoming Emails,Búðu til tengiliði úr tölvupósti,
Create Entry,Búðu til færslu,
Create Log,Búðu til annál,
Create and Send Newsletters,Búa til og senda Fréttabréf,
Created,Búið til,
Criticism,Gagnrýni,
Cron,Cron,
Cron Format,Cron snið,
Currency,Gjaldmiðill,
Currency Name,Gjaldmiðill Name,
Currency Precision,Gjaldmiðill nákvæmni,
Current,Núverandi,
Custom,Custom,
Custom Base URL,Sérsniðin grunnslóð,
Custom CSS,Custom CSS,
Custom Configuration,Sérsniðin stilling,
Custom DocPerm,Custom DocPerm,
Custom Field,Custom Field,
Custom Format,Custom Format,
Custom HTML Help,Custom HTML Hjálp,
Custom Menu Items,Custom valmyndaratriði,
Custom Options,Sérsniðnir valkostir,
Custom Overrides,Sérsniðin hnekkt,
Custom Report,Sérsniðin skýrsla,
Custom Role,Custom hlutverk,
Custom SCSS,Sérsniðin SCSS,
Custom Sidebar Menu,Custom Sidebar Matseðill,
Custom?,Custom?,
Customization,Sérsniðin,
Customize Form,sérsníða Form,
Customize Form Field,Sérsníða Form Field,
DESC,DESC,
Daily,Daily,
Daily Long,Daglega langur,
Danger,Hætta,
Dark Color,Dökk litur,
Dashboard,Mælaborð,
Dashboard Chart,Mælaborði,
Dashboard Chart Field,Mælaborði reiturinn,
Dashboard Chart Link,Mælikvarði á myndatöflu,
Dashboard Chart Source,Uppruni mælaborðsins,
Dashboard Manager,Stjórnborð stjórnanda,
Dashboard Name,Nafn stjórnborðs,
Dashboard Settings,Stillingar stjórnborðs,
Dashboards,Mælaborð,
Data,gögn,
Data Export,Útflutningur gagna,
Data Import,Gagnaflutningur,
Database Engine,Database Engine,
Date,Dagsetning,
Date Format,Dagsetning Format,
Date Range,Tímabil,
Date and Number Format,Dagsetning og Number Format,
Datetime,datetime,
Day,dagur,
Day of Week,Vikudagur,
Days After,dögum eftir,
Days Before,dögum áður,
Days Before or After,Daga fyrir eða eftir,
Default,Sjálfgefið,
Default Incoming,Sjálfgefið Komandi,
Default Letter Head,Sjálfgefin bréf höfuð,
Default Outgoing,Sjálfgefið Outgoing,
Default Portal Home,Sjálfgefið heimagátt,
Default Print Format,Sjálfgefið Prenta Format,
Default Print Language,Sjálfgefið prentmál,
Default Redirect URI,Sjálfgefið Beina URI,
Default Role at Time of Signup,Sjálfgefið Hlutverk meðan á innskráningarinneign,
Default Sort Field,Sjálfgefið raða reit,
Default Sort Order,Sjálfgefin röðunarröð,
Default Value,sjálfgefna gildið,
"Default: ""Contact Us""",Default: &quot;Hafðu samband&quot;,
DefaultValue,DefaultValue,
Defaults,vanskil,
Defines actions on states and the next step and allowed roles.,Skilgreinir aðgerðir á ríkjum og næsta skref og leyfa hlutverkum.,
Defines workflow states and rules for a document.,Skilgreinir workflow ríki og reglur um skjal.,
Delayed,seinkað,
Delete,eyða,
Deleted,eytt,
Deleted DocType,eytt DOCTYPE,
Deleted Document,eytt Document,
Deleted Name,eytt Name,
Delivery Status,Afhending Staða,
Department,deild,
Dependencies,Ósjálfstæði,
Depends On,Veltur á,
Description,Lýsing,
"Description for listing page, in plain text, only a couple of lines. (max 200 characters)","Lýsing fyrir skráningarsíðu, í venjulegum texta, aðeins nokkrar línur. (hámark 200 stafir)",
Designation,Tilnefning,
Desk,Desk,
Desk Access,Desk Aðgangur,
Desktop Icon,Desktop Icon,
Details,Nánar,
"Different ""States"" this document can exist in. Like ""Open"", ""Pending Approval"" etc.","Öðruvísi &quot;States&quot; þetta skjal getur verið í. Eins og &quot;Open&quot;, &quot;bíður samþykkis&quot; osfrv",
Digits,Tölur,
Disable Auto Refresh,Slökkva á sjálfvirkri endurnýjun,
Disable Comments,Slökkva á athugasemdum,
Disable Count,Slökkva á talningu,
Disable SMTP server authentication,Slökkva á staðfestingu SMTP netþjóns,
Disable Sidebar Stats,Slökkva á tölfræði hliðarstiku,
Disable Signup,slökkva á innskráningarinneign,
Disable Standard Email Footer,Slökkva á Standard Email Footer,
Disabled,Fatlaðir,
Display,Sýna,
Display Depends On,Skjánum fer eftir,
Doc Event,Doc Event,
Doc Events,Doc viðburðir,
Doc Status,Doc Staða,
DocField,DocField,
DocPerm,DocPerm,
DocShare,DocShare,
DocType,DocType,
DocType Action,DocType aðgerð,
DocType Event,DocType atburður,
DocType Link,DocType hlekkur,
DocType View,DocType View,
DocType is a Table / Form in the application.,DOCTYPE er Table / Form í umsókn.,
DocType on which this Workflow is applicable.,DOCTYPE sem þessi Workflow er við.,
Doctype,DOCTYPE,
Document,Skjal,
Document Actions,Aðgerðir skjala,
Document Follow,Fylgdu skjali,
Document Link,Skjalatengill,
Document Links,Skjalatenglar,
Document Name,Document Name,
Document Naming Rule,Regla um heiti skjala,
Document Naming Rule Condition,Skil heiti regluástands,
Document Share,Hlutdeild skjals,
Document Share Report,Skjal Share Skýrsla,
Document States,skjal States,
Document Tag,Skjalamerki,
Document Title,Heiti skjals,
Document Type,Document Type,
Document Type to Track,Gerð skjals til að fylgjast með,
Document Types,skjal Tegundir,
Documentation Link,Skjölunartengill,
Documentation URL,Vefslóð skjalagerðar,
Domain,Domain,
Domain Settings,Lénstillingar,
Domains HTML,Lén HTML,
"Don't HTML Encode HTML tags like &lt;script&gt; or just characters like &lt; or &gt;, as they could be intentionally used in this field","Ekki HTML Encode HTML tög eins &lt;script&gt; eða bara stafi eins &lt;eða&gt;, eins og þeir gætu verið notuð af ásetningi á þessu sviði",
Don't Override Status,Ekki Hunsa Status,
Don't Send Emails,Ekki senda tölvupóst,
Donut,Kleinuhringur,
Download Backups,sækja Afrit,
Download Template,Sækja Snið,
Dropbox Access Token,Dropbox Access Token,
Dropbox Settings,Dropbox Stillingar,
Dropdowns,Brottfall,
Due Date,Skiladagur,
Due Date Based On,Gjalddagi Byggt á,
Duration,Lengd,
Dynamic Filters,Dynamic Filters,
Dynamic Filters JSON,Kvikmyndasíur JSON,
Dynamic Filters Section,Dynamic Filters hluti,
Dynamic Link,dynamic Link,
Dynamic Report Filters,Dynamic Report Síur,
Dynamic Route,Dynamic Route,
Dynamic Template,Dynamískt sniðmát,
Edit,Breyta,
Edit Values,Breyta gildum,
Editable Grid,editable Grid,
Eg. smsgateway.com/api/send_sms.cgi,Td. smsgateway.com/api/send_sms.cgi,
Email,Tölvupóstur,
Email Account,netfangs,
Email Account Name,Email Account Name,
Email Address,Netfang,
Email Address whose Google Contacts are to be synced.,Netfang þar sem samstillt er Google tengiliði,
Email Addresses,netföng,
Email Domain,Tölvupóstslén,
Email Flag Queue,Tölvupóstur Flag Biðröð,
Email Footer Address,Email Footer Address,
Email Group,Tölvupóstur Group,
Email Group Member,Sendu hópmeðlimur,
Email ID,Netfang,
Email IDs,email ids,
Email Id,Netfang,
Email Inbox,Sendu pósthólf,
Email Queue,Tölvupóstur Biðröð,
Email Queue Recipient,Tölvupóstur Biðröð Viðtakandi,
Email Queue records.,Netfang Biðröð færslur.,
Email Reply Help,Email Svara Hjálp,
Email Rule,Tölvupóstur Regla,
Email Sent,Tölvupóstur sendur,
Email Settings,tölvupóststillingar,
Email Signature,Netfang Undirskrift,
Email Status,Tölvupóstur Staða,
Email Sync Option,Tölvupóstur Sync Valkostur,
Email Template,Email Sniðmát,
Email To,Tölvupóstur Til,
Email Unsubscribe,Tölvupóstur Afskrá,
Emails will be sent with next possible workflow actions,Tölvupóstur verður sendur með næstu mögulegum vinnustraumum,
Enable,Virkja,
Enable Auto Reply,Virkja sjálfvirka svar,
Enable Automatic Backup,Virkja sjálfvirkan öryggisafrit,
Enable Automatic Linking in Documents,Virkja sjálfvirk tenging í skjölum,
Enable Comments,Virkja Athugasemdir,
Enable Email Notifications,Virkja tölvupósttilkynningar,
Enable Google Indexing,Virkja Google flokkun,
Enable In App Website Tracking,Virkja í rekstri vefsíðu forrits,
Enable Incoming,Virkja á Móttaka,
Enable Onboarding,Virkja um borð,
Enable Outgoing,Virkja Outgoing,
Enable Password Policy,Virkja lykilorði,
Enable Print Server,Virkja prentþjón,
Enable Raw Printing,Virkja hráa prentun,
Enable Scheduled Jobs,Virkja Tímaáætlun Jobs,
Enable Security,virkja Öryggi,
Enable Social Login,Virkja félagslega innskráningu,
Enable Social Sharing,Virkja samnýtingu,
Enable Two Factor Auth,Virkja tvo þætti auth,
Enabled,virkt,
End Date,Lokadagur,
End Date Field,Lokadagur,
Endpoint URL,Endapunkts slóð,
Endpoints,Endapunktar,
Ends on,Endar á,
Energy Point,Orkupunktur,
Energy Point Log,Energy Point Log,
Energy Point Rule,Reglu um orkupunkta,
Energy Point Settings,Stillingar orkupunkta,
Energy Points,Orkupunktar,
Enter Form Type,Sláðu Form Tegund,
"Enter default value fields (keys) and values. If you add multiple values for a field, the first one will be picked. These defaults are also used to set ""match"" permission rules. To see list of fields, go to ""Customize Form"".","Sláðu Sjálfgefna gildið sviðum (lykla) og gildi. Ef þú bætir mörg gildi fyrir sviði, sá fyrsti verður valinn. Þessar vanskil eru einnig notuð til að setja &quot;passa&quot; leyfi reglur. Til að sjá lista yfir sviðum, fara í &quot;Customize Form&quot;.",
"Enter static url parameters here (Eg. sender=ERPNext, username=ERPNext, password=1234 etc.)","Sláðu truflanir vefslóðabreytur hér (td. Sendanda = ERPNext, username = ERPNext, password = 1234 osfrv)",
Enter url parameter for message,Sláðu url breytu fyrir skilaboð,
Enter url parameter for receiver nos,Sláðu url breytu til móttakara Nos,
Error,villa,
Error Log,Villuannál,
Error Message,Villu skilaboð,
Event,Event,
Event Category,Viðburð Flokkur,
Event Participants,Atburður þátttakendur,
Event Type,Event Type,
Everyone,allir,
"Ex: ""colors"": [""#d1d8dd"", ""#ff5858""]","Dæmi: &quot;litir&quot;: [&quot;# d1d8dd&quot;, &quot;# ff5858&quot;]",
Example,Dæmi,
"Example: ""/desk""",Dæmi: &quot;/ skrifborð&quot;,
Example: #Tree/Account,Dæmi: # Tree / Account,
Example: 00001,Dæmi: 00001,
Example: {{ subject }},Dæmi: {{subject}},
Excel,Excel,
Exception,undantekning,
Execute,Framkvæma,
Expert,Expert,
Expiration time,gildistíma,
Expire Notification On,Renna tilkynningar á,
Expired,útrunnið,
Expires In,rennur Í,
Expires On,rennur út,
Expiry time of QR Code Image Page,Útgáfustími QR kóða myndasíðu,
Export,útflutningur,
Export From,Flytja út frá,
Expose Recipients,Haldið viðtakendum,
"Expression, Optional","Tjáningu, Valfrjálst",
Facebook,Facebook,
Failed,mistókst,
FavIcon,síðumerkis,
Fax,Fax,
Featured,Valin,
Feedback,athugasemdir,
Feedback Request,athugasemdir Beiðni,
Fetch From,Hentu frá,
Field,Field,
Field Description,Field Lýsing,
Field Name,Field Name,
Field To Check,Reit til að athuga,
Field Type,reitur Tegund,
"Field that represents the Workflow State of the transaction (if field is not present, a new hidden Custom Field will be created)","Field sem táknar Workflow ríki viðskiptanna (ef reitur er ekki til staðar, ný falinn Custom Field verður búin)",
Field to Track,Reitur til að fylgjast með,
Fieldname,FIELDNAME,
Fields,Fields,
Fields Multicheck,Fields Multicheck,
"Fields separated by comma (,) will be included in the ""Search By"" list of Search dialog box","Fields aðskilin með kommu (,) verður að vera með í &quot;Leita eftir&quot; listanum Leita valmynd",
Fieldtype,Fieldtype,
File,Skrá,
File Backup,File Backup,
File Information,Upplýsingar um skjöl,
File Name,Skráarnafn,
File Size,Skjala stærð,
File Type,Tegund skráar,
File URL,File URL,
Files,skrár,
Filter Data,Sía gögn,
Filter List,Sía listi,
Filter Meta,Sía Meta,
Filter Name,Síaheiti,
Filter Values,Sía gildi,
Filters,síur,
Filters Configuration,Stillingar sía,
Filters Display,síur Sýna,
Filters JSON,Síur JSON,
Filters Section,Síudeild,
"Filters will be accessible via <code>filters</code>. <br><br>Send output as <code>result = [result]</code>, or for old style <code>data = [columns], [result]</code>","Síur verða aðgengilegar með <code>filters</code> .<br><br> Senda framleiðslu sem <code>result = [result]</code> , eða fyrir gömul stílgögn <code>data = [columns], [result]</code>",
Finished,Lokið,
First Name,Fyrsta nafn,
First Success Message,Fyrsta velgengni skilaboð,
Flag,Flag,
Float,Float,
Float Precision,fljóta Precision,
Fold,Fold,
Folder,mappa,
Font,Leturgerð,
Font Properties,Eiginleikar leturgerða,
Font Size,Leturstærð,
Fonts,Skírnarfontur,
Footer,Footer,
Footer HTML,Footer HTML,
Footer Items,Footer Items,
Footer Logo,Fótamerki,
Footer Template,Fótasniðmát,
Footer Template Values,Gildi fóttsniðmát,
Footer will display correctly only in PDF,Footer mun aðeins birtast rétt á PDF skjali,
For DocType Link / DocType Action,Fyrir DocType Link / DocType Action,
For Document Event,Fyrir skjalatburð,
For User,fyrir notanda,
For Value,Fyrir gildi,
For example: {} Open,Til dæmis: {} Opið,
"For help see <a href=""https://frappeframework.com/docs/user/en/guides/portal-development/web-forms"" target=""_blank"">Client Script API and Examples</a>","Fyrir hjálp, sjá <a href=""https://frappeframework.com/docs/user/en/guides/portal-development/web-forms"" target=""_blank"">Client Script API og dæmi</a>",
"For more information, <a class=""text-muted"" href=""https://erpnext.com/docs/user/manual/en/setting-up/email/linking-emails-to-document"">click here</a>.","<a class=""text-muted"" href=""https://erpnext.com/docs/user/manual/en/setting-up/email/linking-emails-to-document"">Smelltu hér</a> til að fá frekari upplýsingar.",
Force,Force,
Force Show,Force Sýna,
Force User to Reset Password,Þvinga notanda til að endurstilla lykilorð,
Form Settings,Form stillingar,
Form URL-Encoded,Form URL-kóðuð,
Format,Format,
Format Data,Format Data,
Forward To Email Address,Forward á netfangið,
Fraction,brot,
Fraction Units,brot Einingar,
Frappe,frappe,
Frequency,Tíðni,
Friday,föstudagur,
From,frá,
From Date,frá Dagsetning,
From Date Field,Frá dagsetningu reit,
From Full Name,Frá Fullt nafn,
From User,Frá notanda,
Full,Fullt,
Full Name,Fullt nafn,
Full Width,Full breidd,
Function,Virka,
GMail,GMail,
Gantt,Gantt,
Gender,kyn,
Generate Keys,Búa til lykla,
Geo,geo,
Geolocation,Geolocation,
Get Contacts,Fáðu tengiliði,
Get your globally recognized avatar from Gravatar.com,Fá heimsvísu viðurkennd avatar þinn frá Gravatar.com,
Git Branch,Git útibú,
GitHub,GitHub,
Global Search DocType,Alheimsleit DocType,
Global Search Settings,Alheimsleitarstillingar,
Global Unsubscribe,Global Afskrá,
Go to Page,Farðu á síðu,
Google,Google,
Google Analytics Anonymize IP,Google Analytics nafnlaus IP,
Google Analytics ID,Google Analytics ID,
Google Calendar,Google dagatal,
Google Calendar Event ID,Auðkenni Google dagatals,
Google Calendar ID,Google Dagatal ID,
Google Contacts,Google tengiliðir,
Google Contacts Id,Auðkenni Google tengiliða,
Google Drive,Google Drive,
Google Font,Google leturgerð,
Google Settings,Stillingar Google,
Google Snippet Preview,Forskoðun á Google bútum,
Grant Type,Grant Type,
Green,grænn,
Group,Group,
Group By,Hópa eftir,
Group By Based On,Flokkast eftir grunni,
Group By Type,Hópur eftir tegund,
Guest,Guest,
HH:mm,HH: mm,
HH:mm:ss,HH: mm: ss,
HTML,HTML,
HTML Editor,HTML ritstjóri,
HTML Page,HTML síðu,
HTML for header section. Optional,HTML til síðuhaushlutum. valfrjálst,
Half,Helmingur,
Half Yearly,Half Árlega,
Half-yearly,Hálft árlega,
Has  Attachment,hefur viðhengi,
Has Domain,Hefur lén,
Has Role,hefur hlutverki,
Has Web View,Hefur Web View,
Header,haus,
Header HTML,Haus haus,
Header and Breadcrumbs,Haus og brauðmola,
Headers,Fyrirsagnir,
Heading,Fyrirsögn,
Heatmap,Hitakort,
Help,Hjálp,
Help Article,Hjálp gr,
Help Articles,Hjálp Greinar,
Help Category,Hjálp Flokkur,
Help Dropdown,Hjálp fellilista,
Help HTML,Hjálp HTML,
Helvetica,Helvetica,
Hidden,Falið,
Hide,Fela,
Hide Block,Fela Block,
Hide Border,Fela landamæri,
Hide CTA,Fela CTA,
Hide Copy,fela Afrita,
Hide Custom DocTypes and Reports,Fela sérsniðnar skjalategundir og skýrslur,
Hide Days,Fela daga,
Hide Footer Signup,Fela Footer innskráningarinneign,
Hide Login,Fela innskráningu,
Hide Seconds,Fela sekúndur,
Hide Standard Menu,Fela Standard Valmynd,
Hide footer in auto email reports,Fela fótur í sjálfvirkum tölvupóstskýrslum,
High,Hár,
Higher priority rule will be applied first,Reglu um hærri forgang verður fyrst beitt,
Highlight,Highlight,
Home,Home,
Home Page,Page Heim,
Home Settings,Heimastillingar,
Hourly,Klukkutíma,
Hourly Long,Klukkutíma langur,
Hourly rate limit for generating password reset links,Tímatakmörkun til að búa til tengla sem endurstilla lykilorð,
"How should this currency be formatted? If not set, will use system defaults","Hvernig ætti þetta gjaldmiðil vera sniðinn? Ef ekkert er valið, mun nota kerfið sjálfgefnar stillingar",
ID (name) of the entity whose property is to be set,ID (nafn) einingarinnar sem eign er að setja,
IP Address,IP-tölu,
Icon,Táknmynd,
Icon will appear on the button,Helgimynd vilja birtast á the hnappur,
Identity Details,Upplýsingar um auðkenni,
Idx,IDX,
"If Apply Strict User Permission is checked and User Permission is defined for a DocType for a User, then all the documents where value of the link is blank, will not be shown to that User","Ef beitt er strangt notendavottorð er valið og notendaskilyrði skilgreint fyrir DocType fyrir notanda, þá munu öll skjölin þar sem gildi hlekksins er tóm, ekki sýndur til notandans",
If Checked workflow status will not override status in list view,Ef hakað workflow staða mun ekki forgang stöðu í listayfirliti,
"If Icon is set, it will be shown instead of Label",Ef tákn er stillt verður það sýnt í stað merkimiða,
"If checked, all other workflows become inactive.",Ef hakað verða allar aðrar Verkferlar óvirkt.,
"If checked, users will not see the Confirm Access dialog.",Ef hakað notendur munu ekki sjá að staðfesta aðgang valmynd.,
"If disabled, this role will be removed from all users.","Ef fatlaður, þetta hlutverk verður fjarlægt úr öllum notendum.",
"If enabled,  user can login from any IP Address using Two Factor Auth, this can also be set for all users in System Settings","Ef þetta er virkt getur notandi skráð sig inn frá hvaða IP-tölu sem er með tveggja þátta auðkenningu, þetta er einnig hægt að stilla fyrir alla notendur í kerfisstillingum",
"If enabled, all users can login from any IP Address using Two Factor Auth. This can also be set only for specific user(s) in User Page",Ef það er virkt geta allir notendur tengt frá hvaða IP-tölu sem er með því að nota Two Factor Auth. Þetta er einnig hægt að stilla aðeins fyrir tiltekna notendur í User Page,
"If enabled, changes to the document are tracked and shown in timeline",Ef það er virkt er fylgst með breytingum á skjalinu og þær sýndar á tímalínu,
"If enabled, document views are tracked, this can happen multiple times","Ef það er virkt er fylgst með skjalaskoðun, þetta getur gerst margoft",
"If enabled, the document is marked as seen, the first time a user opens it","Ef þetta er virkt er skjalið merkt sem sést, í fyrsta skipti sem notandi opnar það",
"If enabled, the notification will show up in the notifications dropdown on the top right corner of the navigation bar.",Ef það er virkt mun tilkynningin birtast í fellivalmyndinni í tilkynningum efst í hægra horni stýristikunnar.,
"If enabled, the password strength will be enforced based on the Minimum Password Score value. A value of 2 being medium strong and 4 being very strong.","Ef slökkt er á, verður lykilorðsstyrkurinn framfylgt miðað við lágmarksviðmiðið. Gildi 2 er miðlungs sterk og 4 er mjög sterk.",
"If enabled, users who login from Restricted IP Address, won't be prompted for Two Factor Auth","Ef slökkt er á, verður ekki beðið um notendur sem skráir sig inn frá Takmarkað IP-tölu fyrir Two Factor Auth",
"If enabled, users will be notified every time they login. If not enabled, users will only be notified once.",Ef slökkt er á notendum verður tilkynnt hvert skipti sem þeir skrá þig inn. Ef ekki er gert kleift að tilkynna notendum einu sinni einu sinni.,
If non standard port (e.g. 587),Ef ekki venjulegu tengi (td 587),
"If non standard port (e.g. 587). If on Google Cloud, try port 2525.",Ef ekki staðlað höfn (td 587). Ef þú ert í Google Cloud skaltu prófa höfn 2525.,
"If non-standard port (e.g. POP3: 995/110, IMAP: 993/143)","Ef óstöðluð tengi (td POP3: 995/110, IMAP: 993/143)",
"If not set, the currency precision will depend on number format",Ef ekki er stillt mun gjaldmiðilsnákvæmni ráðast á númerasnið,
"If the user has any role checked, then the user becomes a ""System User"". ""System User"" has access to the desktop","Ef notandinn hefur hvaða hlutverk köflóttur, þá verður notandinn að &quot;System User&quot;. &quot;System Notandi&quot; hefur aðgang að skjáborðinu",
If user is the owner,Ef notandinn er eigandi,
"If you set this, this Item will come in a drop-down under the selected parent.","Ef þú stillir þetta, þetta lið mun koma í fellivalmyndinni undir völdu foreldri.",
"If your data is in HTML, please copy paste the exact HTML code with the tags.",Ef gögn er í HTML skaltu afrita líma nákvæmlega HTML kóðann með merkjunum.,
Ignore User Permissions,Hunsa notanda Heimildir,
Ignore XSS Filter,Hunsa XSS Sía,
Ignore attachments over this size,Hunsa viðhengi yfir þessari stærð,
Ignored Apps,Hunsað forrit,
Image,Mynd,
Image Field,Mynd Field,
Image Link,Mynd Link,
Implicit,óbeina,
Import,innflutningur,
Import File,Flytja inn skrá,
Import File Errors and Warnings,Flytja inn villur og viðvaranir á skrám,
Import Log,innflutningur Log,
Import Log Preview,Forskoðun innflutningsskrár,
Import Preview,Forskoðun innflutnings,
Import Type,Tegund innflutnings,
Import Warnings,Innflutningsviðvaranir,
Import from Google Sheets,Flytja inn frá Google töflureiknum,
In Days,Á dögum,
In Filter,í Sía,
In Global Search,Í Global Leita,
In List View,Í listayfirliti,
In Preview,Í forsýningu,
In Reply To,Sem svar við,
In Standard Filter,Í Standard Filter,
In points. Default is 9.,Í liðum. Sjálfgefið er 9.,
In seconds,Í sekúndum,
Inbox,Innhólf,
Inbox User,Innhólf notandi,
Include Search in Top Bar,Eru Leit í Top Bar,
Include Web View Link in Email,Senda skjal Web View hlekkur í tölvupósti,
Index,Index,
Index Web Pages for Search,Veftré vefsíður fyrir leit,
Indexing Authorization Code,Leyfisreglur um verðtryggingu,
Indexing Refresh Token,Verðtrygging hressa tákn,
Indicator,vísir,
Indicator Color,Vísir Litur,
Info,upplýsingar,
Initial Sync Count,Upphaflegt Sync Count,
InnoDB,InnoDB,
Insert After,Settu Eftir,
Insert New Records,Setjið inn nýjar færslur,
Insert Style,Setja inn Style,
Installed Application,Uppsett forrit,
Installed Applications,Uppsett forrit,
Int,Int,
Integration Request,Sameining Beiðni,
Integrations,Integrations,
Integrations can use this field to set email delivery status,Samþætting getur notað þennan reit til að stilla tölvupósti sending stöðu,
Interests,Áhugasvið,
Intermediate,Intermediate,
Internal record of document shares,Innri met skjal hluta,
Introduce your company to the website visitor.,Kynna fyrirtækið þitt the website gestur.,
Introduction,kynning,
Introductory information for the Contact Us Page,Inngangs upplýsingum fyrir Hafðu samband síðunni,
Invalid,Ógilt,
Inverse,andhverfa,
Is Active,er Active,
Is Attachments Folder,Er Viðhengi Folder,
Is Billing Contact,Er tengiliður við innheimtu,
Is Child Table,Er Child Tafla,
Is Complete,Er lokið,
Is Completed,er lokið,
Is Custom Field,Er Custom Field,
Is Default,er Default,
Is Folder,er Folder,
Is Home Folder,Er Home Folder,
Is Mandatory Field,Er nauðsynlegur Field,
Is Optional State,Er valfrjáls ríki,
Is Primary,Er aðal,
Is Primary Contact,Er Primary samband við,
Is Primary Mobile,Er aðal farsími,
Is Primary Phone,Er aðalsími,
Is Private,er Einkamál,
Is Public,Er opinber,
Is Published Field,Er birt Field,
Is Single,er Single,
Is Skipped,Er sleppt,
Is Spam,er ruslpóstur,
Is Standard,er Standard,
Is Submittable,er Submittable,
Is Table,er Tafla,
Is Tree,Er tré,
Is Unique,Er Einstök,
Is Your Company Address,Er fyrirtækið Heimilisfang þitt,
Item Label,Vörumerki,
Item Type,Gerð hlutar,
JS,JS,
JSON,JSON,
JSON Request Body,JSON beiðnaraðili,
JavaScript,javascript,
JavaScript Format: frappe.query_reports['REPORTNAME'] = {},JavaScript Format: frappe.query_reports [ &#39;REPORTNAME&#39;] = {},
Javascript,Javascript,
Jinja,Jinja,
Kanban,Kanban,
Kanban Board,Kanban Board,
Kanban Board Column,Kanban Board Column,
Kanban Board Name,Kanban Board Name,
Keep track of all update feeds,Fylgstu með öllum uppfærslumiðum,
Keeps track of all communications,Heldur utan um öll samskipti,
Key,Key,
Keyboard Shortcuts,Flýtilyklar,
Knowledge Base Contributor,Knowledge Base Framlög,
Knowledge Base Editor,Knowledge Base Editor,
LDAP Email Field,LDAP Email Field,
LDAP First Name Field,LDAP First Name Field,
LDAP Group,LDAP hópur,
LDAP Group Field,LDAP hópsvið,
LDAP Group Mapping,Kortlagning LDAP hóps,
LDAP Group Mappings,LDAP Group kortlagning,
LDAP Last Name Field,LDAP Eftirnafn Reitur,
LDAP Middle Name Field,LDAP miðnafnsreitur,
LDAP Mobile Field,LDAP Mobile Field,
LDAP Phone Field,LDAP símasvið,
LDAP Search String,LDAP Leitarstrengur,
LDAP Security,LDAP öryggi,
LDAP Server Url,LDAP Server Url,
LDAP Settings,LDAP stillingar,
LDAP User Creation and Mapping,Notkun LDAP og kortlagning notanda,
LDAP Username Field,LDAP Notandanafn Field,
Label,Label,
Label Help,Label Hjálp,
Label and Type,Label og Type,
Landing Page,Landing Page,
Language,Tungumál,
Language Code,Tungumál Code,
Language Name,Tungumál Name,
Last Active,Síðast virk,
Last Backup On,Síðasta afritun kveikt,
Last Execution,Last Framkvæmd,
Last IP,Síðasta IP,
Last Known Versions,Síðustu þekkt útgáfur,
Last Login,Last Login,
Last Month,Í síðasta mánuði,
Last Name,Eftirnafn,
Last Password Reset Date,Síðasti dagsetning endurstillingar lykilorðs,
Last Point Allocation Date,Síðasti úthlutunardagur,
Last Quarter,Síðasta fjórðung,
Last Sync On,Síðasta samstilling á,
Last Synced On,Síðast samstillt á,
Last User,Síðasti notandi,
Last Week,Síðustu viku,
Last Year,Síðasta ár,
Lead Conversion Time,Leiða viðskipta tími,
Leaderboard,Leaderboard,
Leave blank to repeat always,Skildu eftir autt til að endurtaka alltaf,
Ledger,Ledger,
Left,vinstri,
Legal,Legal,
Length,Lengd,
Letter,Letter,
Letter Head,Letter Head,
Letter Head Based On,Bréf höfuð byggt á,
Letter Head Image,Bréfahöfuðmynd,
Letter Head Name,Letter Head Name,
Letter Head in HTML,Letter Head í HTML,
Level,Level,
Level Name,Stigheiti,
License,License,
Light Color,Ljós litur,
Like,Eins og,
Likes,líkar,
Limit,Limit,
Limit Number of DB Backups,Takmarka Fjöldi DB Backups,
Line,Lína,
Link,Hlekkur,
Link Cards,Krækjukort,
Link DocType,Link DOCTYPE,
Link Document Type,Krækjið gerð skjals,
Link Fieldname,Reitnafn tengils,
Link Name,Link Name,
Link Title,Link Title,
Link To,Hlekkur á,
Link to the page you want to open. Leave blank if you want to make it a group parent.,Tengill á síðuna sem þú vilt opna. Skildu eftir autt ef þú vilt gera það hópur foreldri.,
Linked,Linked,
Linked Documents,Tengd skjöl,
Links,Tenglar,
List,List,
List Filter,Listasía,
List Settings,Stillingar lista,
List View Settings,Stillingar listaskjás,
"List as [{""label"": _(""Jobs""), ""route"":""jobs""}]","List og [{ &quot;label&quot;: _ ( &quot;Jobs&quot;), &quot;leiðinni&quot;: &quot;störf&quot;}]",
List of patches executed,Listi yfir plástra keyrð,
Load Balancing,Hlaðajafnvægi,
Location,Staðsetning,
Log,Log,
Log Data,Loggögn,
Log Setting User,Notandi logstillingar,
Log Settings,Notkunarstillingar,
Login,Skrá inn,
Login After,Innskráning eftir,
Login Before,Innskráning Áður,
Login Required,Innskráning Required,
Logo Width,Merki breidd,
Logout,Útskráning,
Logout All Sessions on Password Reset,Skráðu þig út allar lotur við endurstillingu lykilorðs,
Logout From All Devices After Changing Password,Útskráning frá öllum tækjum eftir að lykilorði hefur verið breytt,
Long Text,Long Texti,
Low,Low,
Main Section,Main Section,
Main Section (HTML),Aðalhluti (HTML),
Main Section (Markdown),Aðalhluti (Markdown),
Maintenance Manager,viðhald Manager,
Maintenance User,viðhald User,
"Make ""name"" searchable in Global Search",Gera &quot;nafn&quot; leita í Global Leita,
Mandatory,nauðsynlegur,
Mandatory Depends On,Skylda fer eftir,
Map route parameters into form variables. Example <code>/project/&lt;name&gt;</code>,Kortaðu breytur leiðar í formbreytur. Dæmi <code>/project/&lt;name&gt;</code>,
Markdown,Markdown,
Markdown Editor,Markdown Editor,
Marked As Spam,Merkt sem ruslefni,
Max 500 records at a time,Max 500 færslur í einu,
Max Attachment Size (in MB),Max Attachment Stærð (í MB),
Max Attachments,Max Viðhengi,
Max Length,max Length,
Max Value,max Value,
Maximum,Hámark,
Maximum Number of Fields,Hámarksfjöldi reita,
Maximum Points,Hámarks stig,
Medium,Medium,
Meeting,Fundur,
Mention,Nefna,
Mentions,Mentions,
Message,Skilaboð,
Message (HTML),Skilaboð (HTML),
Message (Markdown),Skilaboð (Markdown),
Message Examples,Skilaboða Dæmi,
Message ID,skilaboð ID,
Message Parameter,Message Parameter,
Message-id,Kennistrengur,
Meta Description,Meta Lýsing,
Meta Image,Meta mynd,
Meta Tags,Metatög,
Meta Title,Meta titill,
Method,aðferð,
Middle Name,Millinafn,
Milestone,Áfangi,
Milestone Tracker,Milestone Tracker,
Minimum,Lágmark,
Minimum Password Score,Lágmarks Lykilorðsstig,
Mobile No,Mobile Nei,
Module,Module,
Module Def,Module Def,
Module Name,Module Name,
Module Onboarding,Module um borð,
Modules HTML,Modules HTML,
Monday,Mánudagur,
Monospace,Jafnbreitt,
Monthly,Mánaðarleg,
Monthly Long,Mánaðarlega langur,
More Information,Meiri upplýsingar,
More content for the bottom of the page.,Meira efni fyrir neðst á síðunni.,
Multiplier Field,Margfaldari sviði,
Must be a publicly accessible Google Sheets URL,Verður að vera slóð Google Sheets fyrir almenning,
"Must be of type ""Attach Image""",Verður að vera af gerðinni &quot;Hengja mynd&quot;,
Mute Sounds,Slökkva á hljóði,
MyISAM,MyISAM,
Name,heiti,
Naming,nafngiftir,
Naming Series,nafngiftir Series,
Navbar,Navbar,
Navbar Item,Navbar hlutur,
Navbar Settings,Stillingar Navbar,
Navbar Template,Navbar sniðmát,
Navbar Template Values,Gildi sniðmát Navbar,
New,Nýtt,
New Name,nýtt nafn,
New value to be set,Ný gildi til að setja,
Newsletter,Fréttabréf,
Newsletter Email Group,Fréttabréf Email Group,
Newsletter Manager,Fréttabréf Manager,
Next Action Email Template,Next Action Email Sniðmát,
Next Actions HTML,Næsta aðgerð HTML,
Next Schedule Date,Næsta Dagsetning Dagsetning,
Next State,næsta State,
Next Sync Token,Næsta Sync Token,
No,engin,
No Copy,engin Afrita,
No of Requested SMS,Ekkert af Beðið um SMS,
No of Rows (Max 500),Engin lína (Max 500),
No of Sent SMS,Ekkert af Sendir SMS,
Non Negative,Ekki neikvætt,
None,Enginn,
Not Sent,ekki send,
Note,Note,
Note Seen By,Athugasemd séð af,
Note: By default emails for failed backups are sent.,Til athugunar: Sjálfgefið tölvupóstar fyrir mistókst afrit eru send.,
"Note: For best results,  images must be of the same size and width must be greater than height.",Athugasemd: Til að ná sem bestum árangri verða myndir að vera í sömu stærð og breidd verður að vera meiri en hæð.,
Note: Multiple sessions will be allowed in case of mobile device,Ath: Margar fundur verður leyft að ræða farsíma,
Notification,Tilkynning,
Notification Log,Tilkynningaskrá,
Notification Recipient,Tilkynningarmóttakandi,
Notification Settings,Tilkynningarstillingar,
Notification Subscribed Document,Tilkynnt áskrift skjal,
Notifications,Tilkynningar,
Notifications and bulk mails will be sent from this outgoing server.,Tilkynningar og magn póstur verður sendur frá þessum sendan póst.,
Notify Users On Every Login,Tilkynna notendur um hvert innskráningu,
Notify by Email,Látið vita með tölvupósti,
Notify by email,Tilkynna með tölvupósti,
Notify if unreplied,Tilkynna ef unreplied,
Notify if unreplied for (in mins),Tilkynna ef unreplied fyrir (í mín),
Notify users with a popup when they log in,Tilkynna notendum með almenningur þegar þeir skrá í,
Number Card,Númerakort,
Number Card Link,Númerakortatengill,
Number Cards,Fjöldakort,
Number Format,Fjöldi Format,
Number of Backups,Fjöldi Varabúnaður,
Number of DB Backups,Fjöldi DB öryggisafrita,
Number of Groups,Fjöldi hópa,
Number of columns for a field in a Grid (Total Columns in a grid should be less than 11),Fjöldi dálka fyrir a sviði í töflu (Samtals Columns í rist ætti að vera minna en 11),
Number of columns for a field in a List View or a Grid (Total Columns should be less than 11),Fjöldi dálka fyrir sviði í listayfirliti eða Grid (Samtals Columns ætti að vera minna en 11),
OAuth Authorization Code,OAuth Heimild Code,
OAuth Bearer Token,OAuth Bearer Token,
OAuth Client,OAuth Viðskiptavinur,
OAuth Client ID,Auðkenni viðskiptavinar OAuth,
OAuth Provider Settings,OAuth Provider Stillingar,
OTP App,OTP forrit,
OTP Issuer Name,OTP Útgefandi Nafn,
Off,Af,
Office,Office,
Office 365,Skrifstofa 365,
Older backups will be automatically deleted,Eldri afrit verður sjálfkrafa eytt,
On Hold,Á bið,
Onboarding Permission,Leyfi um borð,
Onboarding Step,Um borð skref,
Onboarding Step Map,Stigakort um borð,
"Once submitted, submittable documents cannot be changed. They can only be Cancelled and Amended.",Þegar þeim hefur verið skilað er ekki hægt að breyta framsend skjölum. Aðeins er hægt að hætta við þær og breyta þeim.,
Only Allow Edit For,Aðeins Leyfa Breyta til,
Only Send Records Updated in Last X Hours,Aðeins Senda Records Uppfært í síðustu X Hours,
Open,Open,
Open Documents,Opna skjöl,
Open Reference Document,Opna tilvísunarskjal,
Open URL in a New Tab,Opnaðu slóð í nýjum flipa,
Open a dialog with mandatory fields to create a new record quickly,Opnaðu glugga með skyldum reitum til að búa til nýja skrá fljótt,
Opened,opnað,
Operation,Operation,
Optional: Always send to these ids. Each Email Address on a new row,Valfrjálst: Alltaf senda þessum auðkenni. Hver Netfang á nýju röð,
Optional: The alert will be sent if this expression is true,Valfrjálst: The viðvörun verður send ef þessi tjáning er satt,
Options,Valmöguleikar,
Options Help,valkostir Hjálp,
Orange,Appelsínugult,
Order,Panta,
Org History,org Saga,
Org History Heading,Org Saga Fyrirsögn,
Other,Annað,
Outlook.com,Outlook.com,
Output,Output,
PDF Page Size,PDF Page Size,
PDF Settings,PDF Stillingar,
Page,Síðu,
Page Break,Page Break,
Page Builder,Síðuhönnuður,
Page Building Blocks,Síðu byggingareiningar,
Page HTML,Page HTML,
Page Name,Page Name,
Page Settings,Page Stillingar,
Parameter,Parameter,
Parent Field (Tree),Foreldravöllur (tré),
Parent Label,Parent Label,
Partial Success,Hlutlaus velgengni,
Participants,Þátttakendur,
Passive,Hlutlaus,
Password,Lykilorð,
Password Reset Link Generation Limit,Endurstilla lykilorð takmarka kynslóðarmörk,
Password for Base DN,Lykilorð fyrir Base DN,
Patch,Patch,
Patch Log,Patch Log,
Path,Leið,
Path to CA Certs File,Slóð til CA Certs skrá,
Path to Server Certificate,Slóð til netþjónsvottorðs,
Path to private Key File,Slóð að einkalykilskrá,
Pending,Bíður,
Pending Approval,Bíður staðfestingar,
Pending Verification,Bíður staðfestingar,
Percent,prósent,
Percentage,Hlutfall,
Period,tímabil,
Perm Level,Perm Level,
Permanent,Varanleg,
Permission Level,leyfi Level,
Permission Rules,aðgangsheimildir Reglur,
Permissions,heimildir,
Permitted Documents For User,Heimilar Skjöl fyrir notanda,
Personal,Starfsfólk,
Personal Data Deletion Request,Beiðni um eyðingu persónuupplýsinga,
Personal Data Download Request,Beiðni um niðurhal persónuupplýsinga,
Phone,Sími,
Phone No.,Sími nei.,
Phone Number,Símanúmer,
Pie,Baka,
Pincode,PIN númer,
Plant,Plant,
Point Allocation Periodicity,Tímabil úthlutunar liða,
Points,Stig,
Port,Port,
Portal Menu,Portal Matseðill,
Portal Menu Item,Portal Menu Item,
Portal Settings,Portal Stillingar,
Position,Staða,
Postal,pósti,
Postal Code,póstnúmer,
Precision,Precision,
Preferred Billing Address,Valinn Billing Address,
Preferred Shipping Address,Valinn Shipping Address,
Prefix,forskeyti,
Prepared Report,Tilbúinn skýrsla,
Prepared Report User,Undirbúinn skýrslu notandi,
Preview,Preview,
Preview HTML,Preview HTML,
Preview Message,Preview Message,
Previous Hash,Fyrri Hash,
Primary,Primary,
Primary Color,Aðallitur,
Print,Prenta,
Print Format,Print Format,
Print Format Builder,Print Format Builder,
Print Format Help,Print snið hjálp,
Print Format Type,Print Format Tegund,
Print Hide,Print Fela,
Print Hide If No Value,Prenta Fela Ef No Value,
Print Server,Prentari,
Print Settings,prentstillingar,
Print Style,Print Style,
Print Style Name,Prenta Style Name,
Print Style Preview,Print Style Forskoða,
Print UOM after Quantity,Prentaðu UOM eftir magni,
Print Width,Breidd prenta,
"Print Width of the field, if the field is a column in a table","Útprentun á sviði, ef svæðið er dálkur í töflunni",
Print taxes with zero amount,Prenta skatta með núll upphæð,
Print with letterhead,Prenta með bréfshaus,
Printer Name,Printer Name,
Printing,Prentun,
Priority,Forgangur,
Private,Private,
ProTip: Add <code>Reference: {{ reference_doctype }} {{ reference_name }}</code> to send document reference,ProTip: Bæta <code>Reference: {{ reference_doctype }} {{ reference_name }}</code> til að senda skjal tilvísun,
Property,Property,
Property Depends On,Eign fer eftir,
Property Setter,Property Setter,
Property Setter overrides a standard DocType or Field property,Eign Setter hnekkir staðlað DOCTYPE eða Field eign,
Property Type,Property Type,
Provider,Útgefandi,
Provider Name,Nafn birgis,
Public,Public,
Publish,Birta,
Published,Útgefið,
Published On,birt á,
Pull from Google Calendar,Dragðu úr Google dagatalinu,
Pull from Google Contacts,Dragðu úr Google tengiliðum,
Pulled from Google Calendar,Dregið úr Google dagatalinu,
Pulled from Google Contacts,Dregið úr Google tengiliðum,
Purchase Manager,kaup Manager,
Purchase Master Manager,Kaup Master Manager,
Purchase User,kaup User,
Purple,Fjólublátt,
Push to Google Calendar,Ýttu á Google dagatalið,
Push to Google Contacts,Ýttu á Google tengiliði,
Quarterly,ársfjórðungslega,
Query,fyrirspurn,
Query / Script,Fyrirspurn / skrift,
Query Options,fyrirspurn Options,
Query Report,fyrirspurn Report,
Queued,biðröð,
Quick Entry,Quick Entry,
RAW Information Log,RAW upplýsingaskrá,
Random,Handahófi,
Rating,einkunn,
Raw Commands,Hráar skipanir,
Raw Email,Raw Email,
Raw Printing,Hráprentun,
Read,Lesa,
Read Only,Lesið aðeins,
Read Only Depends On,Lesa fer aðeins eftir,
Read Time,Lestu Tímann,
Read by Recipient,Lesið af viðtakanda,
Read by Recipient On,Lesið af viðtakanda,
Reason,Ástæðan,
Received,fékk,
Receiver By Document Field,Móttakandi eftir skjalareit,
Receiver By Role,Viðtakandi með hlutverk,
Receiver Parameter,Receiver Parameter,
Recipient,viðtakandi,
Recipient Unsubscribed,viðtakandi Áskrift sagt,
Recipients,viðtakendur,
Recorder,Upptökutæki,
Red,Red,
Redirect URI Bound To Auth Code,Beina URI Bound To Auth Code,
Redirect URIs,Framsendingarslóðir,
Redirect URL,Framsendingarslóð,
Ref DocType,Ref DOCTYPE,
Reference,Tilvísun,
Reference Date,viðmiðunardagur,
Reference DocName,Tilvísun DocName,
Reference DocType,Tilvísun DocType,
Reference Docname,Tilvísun DOCNAME,
Reference Doctype,Tilvísun DOCTYPE,
Reference Document,Tilvísun Document,
Reference Document Name,Tilvísun skjal nafn,
Reference Document Type,Tilvísun skjal tegund,
Reference Name,Tilvísunarnafn,
Reference Owner,Tilvísun Eigandi,
Reference Report,Tilvísunarskýrsla,
Reference Type,Tilvísun Type,
Reference name,Tilvísun Name,
Referrer,Vísar,
Refresh Google Sheet,Endurnýjaðu Google töfluna,
Refresh Token,Uppfæra Token,
Rejected,hafnað,
Relinked,var tengdur,
Reload,endurhlaða,
Remember Last Selected Value,Mundu Síðasta völdu gildi,
Reminder,Áminning,
Repeat On,endurtaka á,
Repeat Till,endurtaka Till,
Repeat on Day,Endurtaka á dag,
Repeat on Last Day of the Month,Endurtaktu á síðasta degi mánaðarins,
Repeat this Event,Endurtaktu þennan atburð,
Replied,svaraði,
Reply,Svara,
Report,skýrsla,
Report Builder,skýrsla Builder,
Report Column,Tilkynna dálk,
Report Description,Lýsing skýrslu,
Report Filter,Tilkynna síu,
Report Filters,Tilkynna síur,
Report Hide,skýrsla Fela,
Report Information,Skýrðu upplýsingar,
Report Manager,skýrsla Manager,
Report Name,skýrsla Name,
Report Reference Doctype,Skýrsla tilvísunar Doctype,
Report Type,Tegund skýrslu,
Reports,skýrslur,
Represents a User in the system.,Táknar notandi í kerfinu.,
Represents the states allowed in one document and role assigned to change the state.,Táknar ríki leyfðir í einu skjali og hlutverk sem breyta stöðu.,
Request Data,Beiðni gagna,
Request Structure,Biðja um uppbyggingu,
Request URL,Beiðnir slóð,
Requested Numbers,umbeðin Numbers,
Require Trusted Certificate,Krefjast trausts vottorðs,
Reset Password Key,Endurstilla lykilorð Key,
Response,Svar,
Response Type,svar Type,
Restored,Endurheimti,
Restrict IP,Takmarka IP,
Restrict To Domain,Takmarka að léni,
Restrict to Domain,Takmarka að léni,
Restrict user from this IP address only. Multiple IP addresses can be added by separating with commas. Also accepts partial IP addresses like (111.111.111),Takmarka notandi frá þessari IP-tölu eingöngu. Margar IP tölur má bæta með því að aðskilja með kommum. Einnig tekur hluta IP tölu eins og (111.111.111),
Retry,Reyndu aftur,
Reverse Icon Color,Reverse Icon Litur,
Revert,Aftur,
Revert Of,Aftur á móti,
Reverted,Aftur á móti,
Review,Endurskoðun,
Review Level,Endurskoðunarstig,
Review Levels,Farið yfir stig,
Review Points,Skoðaðu stig,
Revoked,afturkallað,
Rich Text,Rich Text,
Right,Hægri,
Robots.txt,robots.txt,
Role,hlutverk,
Role Name,hlutverk Name,
Role Permission for Page and Report,Hlutverk Leyfi fyrir Page og skýrslu,
Role Permissions,hlutverk Heimildir,
Role Permissions Manager,Hlutverk Heimildir Manager,
Role Profile,Hlutverkaskrá,
Role and Level,Hlutverk og Level,
Roles,hlutverk,
Roles Assigned,hlutverk Úthlutað,
Roles HTML,hlutverk HTML,
Roles Html,Hlutverk HTML,
Round Robin,Umferð Robin,
Route,Route,
Route History,Leiðsaga,
Route Redirects,Leiðbeiningar,
"Route: Example ""/desk""",Leið: Dæmi „/ skrifborð“,
Row Index,Row Index,
Row Name,Nafn raða,
Rows Added,raðir bætt,
Rows Removed,raðir Fjarlægt,
Rule,Regla,
Rule Conditions,Regluskilyrði,
Rule Name,Regluheiti,
Rules defining transition of state in the workflow.,Reglur skilgreina umskipti ríkisins í workflow.,
"Rules for how states are transitions, like next state and which role is allowed to change state etc.","Reglur um hvernig ríki eru umbreytingum, eins næsta ríki og sem hlutverk er heimilt að breyta stöðu o.fl.",
Rules with higher priority number will be applied first.,Reglum með hærra forgangsnúmer verður beitt fyrst.,
Run Jobs only Daily if Inactive For (Days),Keyra störf aðeins daglega ef þau eru óvirk í (daga),
Run scheduled jobs only if checked,Keyra áætlunarflug störf aðeins ef hakað,
S3 Backup Settings,S3 Backup Settings,
S3 Bucket Details,Upplýsingar um S3 fötu,
SMS,smáskilaboð,
SMS Gateway URL,SMS Gateway URL,
SMS Log,SMS Log,
SMS Parameter,SMS Parameter,
SMS Settings,SMS-stillingar,
SMTP Settings for outgoing emails,SMTP stillingar fyrir sendan tölvupóst,
"SQL Conditions. Example: status=""Open""",SQL Skilyrði. Dæmi: Staða = &quot;Open&quot;,
SSL/TLS Mode,SSL / TLS stilling,
Sales Manager,Sölufulltrúi,
Sales Master Manager,Velta Master Manager,
Sales User,velta User,
Salesforce,Sölustjóri,
Salutation,Kveðjan,
Sample,Dæmi um,
Saturday,laugardagur,
Save,Vista,
Scheduled,áætlunarferðir,
Scheduled Job,Skipulagt starf,
Scheduled Job Log,Skipulögð starfaskrá,
Scheduled Job Type,Áætluð starfstegund,
Scheduled To Send,Áætlunarferðir til að senda,
Scheduler Event,Tímasetningaratburður,
Scope,Umfang,
Scopes,mælar,
Script,Script,
Script Manager,Handritastjóri,
Script Report,Script Report,
Script Type,Script Type,
Script to attach to all web pages.,Script til að hengja öllum vefsíðum.,
Search Fields,Leit Fields,
Search Priorities,Forgangsröðun við leit,
Section,Kafli,
Section Break,Hluti Break,
Security Settings,Öryggi Stillingar,
Seen,séð,
Seen By,séð af,
Seen By Table,Séð af töflu,
Select,Veldu,
Select Dashboard,Veldu stjórnborð,
Select Date Range,Veldu dagsetningarsvið,
Select DocType,Veldu DOCTYPE,
Select Doctype,Veldu DocType,
Select Transaction,Veldu Transaction,
Select an image of approx width 150px with a transparent background for best results.,Veldu mynd af ca breidd 150 px með gagnsæjum bakgrunni fyrir besta árangur.,
Select the label after which you want to insert new field.,Veldu merkimiða eftir sem þú vilt að setja nýja sviði.,
Send After,Senda Eftir,
Send Alert On,Senda viðvörun á,
Send Email Alert,Senda tölvupóststilkynningu,
Send Email Print Attachments as PDF (Recommended),Senda Email Prenta viðhengi sem PDF (Mælt),
Send Email for Successful Backup,Senda tölvupóst til að ná árangri,
Send Email for Successful backup,Sendu tölvupóst til að ná árangri,
Send Me A Copy of Outgoing Emails,Sendu mér afrit af sendan tölvupósti,
Send Notification To,Senda tilkynningu til,
Send Notification to,Senda tilkynningu til,
Send Notifications For Documents Followed By Me,Sendu tilkynningar vegna skjala sem fylgja mér,
Send Notifications For Email Threads,Sendu tilkynningar fyrir þræði í tölvupósti,
Send Notifications To,Senda tilkynningar til,
Send Print as PDF,Senda Prenta sem PDF,
Send System Notification,Senda kerfistilkynningu,
Send To All Assignees,Senda til allra framseldra,
Send Unsubscribe Link,Senda Afskrá tengil,
Send Welcome Email,Senda Welcome tölvupóst,
Send alert if date matches this field's value,Senda póst ef dagsetning passar gildi Þessi reitur er,
Send alert if this field's value changes,Senda viðvörun ef breytingar á gangvirði þessu sviði er,
Send an email reminder in the morning,Senda áminningu í tölvupósti í morgun,
Send days before or after the reference date,Senda dögum fyrir eða eftir frestdag,
Send enquiries to this email address,Senda fyrirspurnir á þetta netfang,
Send only if there is any data,Senda einungis ef það er einhver gögn,
Send unsubscribe message in email,Senda afskrá skilaboð í tölvupósti,
Sender,sendanda,
Sender Email,Sendandi tölvupóstur,
Sender Name,Sendandi Nafn,
Sendgrid,Sendgrid,
Sending,Sendir,
Sent,sendir,
Sent On,sendi á,
Sent Read Receipt,Sendur lestrarkvittun,
Sent To,send til,
Sent or Received,Send eða móttekin,
Sent/Received Email,Send / móttekið tölvupóstur,
Separator,Aðskilnaður,
Sequence Id,Raðkenni,
Series List for this Transaction,Series List fyrir þessa færslu,
Server Action,Aðgerð miðlarans,
Server IP,Server IP,
Server Script,Framreiðslumaður handrit,
Service,þjónusta,
Session Default,Sjálfgefið seta,
Session Default Settings,Sjálfgefnar stillingar setu,
Session Defaults,Sjálfgefin seta,
Set Banner from Image,Setja Banner frá Image,
"Set Default Options for all charts on this Dashboard (Ex: ""colors"": [""#d1d8dd"", ""#ff5858""])","Stilltu sjálfgefna valkosti fyrir öll töflur á þessu mælaborði (td: &quot;litir&quot;: [&quot;# d1d8dd&quot;, &quot;# ff5858&quot;])",
Set New Password,Setja nýtt lykilorð,
Set Property After Alert,Setja eign eftir viðvörun,
Set Role For,Stilla hlutverk,
Set Value,Setja Value,
Set non-standard precision for a Float or Currency field,Setja non-staðall nákvæmni fyrir Float eða Gjaldmiðill sviði,
Settings,Stillingar,
Settings Dropdown,Stillingar fellivalmynd,
Settings for Contact Us Page,Stillingar fyrir Hafðu samband síðunni,
Settings for the About Us Page,Stillingar fyrir Um okkur Page,
Setup,Setja upp,
Setup Complete,skipulag Complete,
Setup Wizard,skipulag Wizard,
Share,Deila,
Shared,Sameiginlegt,
Shipping,Sendingar,
Shop,Shop,
Short Name,Short Name,
Shortcuts,Flýtileiðir,
Show Attachments,Sýna viðhengi,
Show Dashboard,Sýna stjórnborð,
Show Document,Sýna skjal,
Show Failed Logs,Sýna mistök í annálum,
Show Form Tour,Sýna Form Tour,
Show Full Error and Allow Reporting of Issues to the Developer,Sýna fullt villa og leyfa tilkynningu um vandamál til þróunaraðila,
Show Full Form?,Sýna fullt form?,
Show Line Breaks after Sections,Sýna Line Breaks eftir köflum,
Show Percentage Stats,Sýna prósentutölur,
Show Preview Popup,Sýna sprettiglugga,
Show Report,Sýna skýrslu,
Show Section Headings,Sýna Kafli Fyrirsagnir,
Show Sidebar,Sýna Sidebar,
Show Title,Sýna Title,
Show as cc,Sýna sem CC,
Show full form instead of a quick entry modal,Sýnið fullt form í stað snöggs inngangsforms,
Show in Module Section,Sýna í Module kafla,
Show in filter,Sýna í síu,
Show percentage difference according to this time interval,Sýnið prósentumun eftir þessu tímabili,
"Show title in browser window as ""Prefix - title""",Sýna titil í glugga sem &quot;forskeytið - titill&quot;,
Sidebar Items,Skenkur Items,
Sidebar Settings,Skenkur Stillingar,
Sidebar and Comments,Skenkur og athugasemdir,
Signature,undirskrift,
"Simple Python Expression, Example: Status in (""Closed"", ""Cancelled"")","Einföld Python-tjáning, dæmi: Staða í („lokað“, „aflýst“)",
"Simple Python Expression, Example: Status in (""Invalid"")","Einföld Python-tjáning, dæmi: Staða í („ógilt“)",
"Simple Python Expression, Example: status == 'Open' and type == 'Bug'","Einföld Python-tjáning, dæmi: status == &#39;Open&#39; og tegund == &#39;Bug&#39;",
Simultaneous Sessions,samtímis Sessions,
Single Types have only one record no tables associated. Values are stored in tabSingles,Single Tegundir hafa aðeins einn taka ekki töflur tengd. Gildin eru geymd í tabSingles,
Skip Authorization,Sleppa Authorization,
Skype,Skype,
Slack,Slaki,
Slack Channel,Slaka rás,
Slack Webhook URL,Slaka Webhook URL,
Slideshow,Slideshow,
Slideshow Items,Slideshow Items,
Slideshow Name,Myndasýning,
Slideshow like display for the website,Slideshow eins skjá fyrir the website,
Small Text,lítill texti,
Smallest Currency Fraction Value,Minnsta Gjaldmiðill Brot Value,
Smallest circulating fraction unit (coin). For e.g. 1 cent for USD and it should be entered as 0.01,"Minnsta blóðrás brot einingu (mynt). Fyrir td 1 prósent fyrir USD og það ætti að vera slegið eins 0,01",
Social,Félagsleg,
Social Link Settings,Stillingar fyrir félagslegan tengil,
Social Link Type,Félagsleg tengslategund,
Social Login Key,Félagsleg innsláttarkóði,
Social Login Provider,Félagsleg innskráningaraðili,
Social Logins,Félagsleg innskráning,
Soft-Bounced,Soft-Hopp,
Sort Field,Raða Field,
Sort Order,Raða Order,
Source,Source,
Source Name,Source Name,
Source Text,Heimild Texti,
Spam,Ruslpóstur,
SparkPost,SparkPost,
Standard,Standard,
Standard Sidebar Menu,Standard Sidebar Matseðill,
Start Date,Upphafsdagur,
Start Date Field,Start Date Field,
Start Time,Byrjunartími,
StartTLS,StartTLS,
Started,Byrjað,
Starts on,byrjar á,
State,Ríki,
State/Province,Ríki / hérað,
States,Ríki,
Static Parameters,Static Parameters,
Stats,Tölfræði,
Stats Time Interval,Tölubils tölfræði,
Status,Staða,
Step,Skref,
Steps,Skref,
Stopped,Tappi,
Stores the JSON of last known versions of various installed apps. It is used to show release notes.,Geymir JSON af síðustu þekkt útgáfur af ýmsum uppsett forrit. Það er notað til að sýna Útgáfuupplýsingarnar.,
Style,Style,
Style Settings,Style Stillingar,
"Style represents the button color: Success - Green, Danger - Red, Inverse - Black, Primary - Dark Blue, Info - Light Blue, Warning - Orange","Style táknar hnappinn litur: Velgengni - grænn, Danger - rautt, andhverfu - Black, aðal - dökk blár, Upplýsingar - ljósblátt Aðvörun - Orange",
Stylesheet,Stílblað,
"Sub-currency. For e.g. ""Cent""",Sub-mynt. Fyrir td &quot;Cent&quot;,
Sub-domain provided by erpnext.com,Sub-lén veitt af erpnext.com,
Subdomain,undirlén,
Subject,Subject,
Subject Field,Subject Field,
Submit,Senda,
Submit After Import,Sendu inn eftir innflutning,
Submitted,lögð,
Subsidiary,dótturfélag,
Subtitle,Undirtitill,
Success,Árangur,
Success Action,Velgengni Aðgerð,
Success Message,Velgengni skilaboð,
Success URL,Velgengni URL,
Sum,Summa,
Sunday,sunnudagur,
Symbol,tákn,
Sync,Samstilla,
Sync with Google Calendar,Samstillt við Google dagatalið,
Sync with Google Contacts,Samstillt við Google tengiliði,
System,System,
System Console,Kerfisstýring,
System Manager,System Manager,
System Notification,Kerfis tilkynning,
System Page,System Page,
System Settings,System Settings,
System managers are allowed by default,Kerfisstjórar eru sjálfgefnir leyfðir,
Table,Tafla,
Table Break,Taflahlé,
Table HTML,Tafla HTML,
Table MultiSelect,Tafla MultiSelect,
Tag,Merki,
Tag Link,Merkingartengill,
Target,Target,
Tax Category,Skattaflokkur,
Team Members,Liðsfélagar,
Team Members Heading,Liðsmenn Fyrirsögn,
Template,Snið,
Template Options,Valkostir sniðmáts,
Template Warnings,Viðvaranir sniðmáts,
Text,Texti,
Text Align,jöfnun texta,
Text Color,Litur texta,
Text Content,Texti Content,
Text Editor,Text Editor,
The name that will appear in Google Calendar,Nafnið sem birtist í Google Dagatal,
The user from this field will be rewarded points,Notandinn á þessu sviði fær verðlaun stig,
The webhook will be triggered if this expression is true,Vefhefillinn verður kveiktur ef þessi tjáning er sönn,
Theme,Þema,
Theme Configuration,Þema stillingar,
Theme URL,Slóð að þema,
These values will be automatically updated in transactions and also will be useful to restrict permissions for this user on transactions containing these values.,Þessi gildi verða sjálfkrafa uppfærð í viðskiptum og einnig verður gagnlegt að takmarka heimildir fyrir þessum notanda um viðskipti sem innihalda þessi gildi.,
Third Party Authentication,Þriðji aðili Auðkenning,
This card will be available to all Users if this is set,Þetta kort verður í boði fyrir alla notendur ef þetta er stillt,
This chart will be available to all Users if this is set,Þetta mynd verður aðgengilegt öllum notendum ef þetta er stillt,
This format is used if country specific format is not found,Þetta snið er notað ef landið sérstakur snið er ekki að finna,
This goes above the slideshow.,Þetta fer ofan slideshow.,
This is an example Google SERP Preview.,Þetta er dæmi Google SERP Preview.,
This is the number of the last created transaction with this prefix,Þetta er fjöldi síðustu búin færslu með þessu forskeyti,
This will be shown in a modal after routing,Þetta verður sýnt í formi eftir vegvísun,
This will be shown to the user in a dialog after routing to the report,Þetta verður sýnt notandanum í glugga eftir að hann hefur verið vísað til skýrslunnar,
Thumbnail URL,Smámynd URL,
Thursday,fimmtudagur,
Time,Tími,
Time Format,Tímasnið,
Time Interval,Tímabil,
Time Series,Tímaröð,
Time Series Based On,Tímaröð byggð á,
Time Zone,Tímabelti,
Time Zones,Tími Zones,
Time format,Tímasnið,
Time in seconds to retain QR code image on server. Min:<strong>240</strong>,Tími í sekúndum til að halda QR kóða mynd á miðlara. Mín: <strong>240</strong>,
Timeline,Tímalína,
Timeline DocType,tímalína DOCTYPE,
Timeline Field,tímalína Field,
Timeline Links,Tímalínutenglar,
Timeline Name,Timeline Name,
Timeseries,Tímaröð,
Timespan,Tímabil,
Timestamp,timestamp,
Title,Title,
Title Field,Title Field,
Title Prefix,Title forskeyti,
To,Til,
To Date,Hingað til,
To Date Field,Til dagsetningarsviðs,
To and CC,Til og CC,
"To use Slack Channel, add a <a href=""#List/Slack%20Webhook%20URL/List"">Slack Webhook URL</a>.","Til að nota Slack Channel skaltu bæta við <a href=""#List/Slack%20Webhook%20URL/List"">Slack Webhook URL</a> .",
ToDo,Að gera,
Token,Token,
Top,Toppur,
Top Bar Item,Top Bar Item,
Top Bar Items,Top Bar Items,
Topic,Topic,
Total Subscribers,Samtals Áskrifendur,
Total number of emails to sync in initial sync process ,Heildarfjöldi tölvupósta samstilla í upphaflegu sync ferli,
Traceback,Rekja aftur,
Track Changes,Track Changes,
Track Email Status,Track Email Status,
Track Field,Brautarvöllur,
Track Seen,Track Séð,
Track Views,Track skoðanir,
Track milestones for any document,Fylgdu tímamótum fyrir skjöl,
Transaction Hash,Transaction Hash,
Transaction Log,Viðskiptaskrá,
Transaction Log Report,Viðskiptaskrárskýrsla,
Transition Rules,umskipti Reglur,
Transitions,umbreytingum,
Translatable,Þýðanleg,
Translated Text,þýtt Texti,
Translation,þýðingar,
Trash,Rusl,
Tree,Tree,
Tree structures are implemented using Nested Set,Trébygging er útfærð með Nested Set,
Trigger Method,Trigger Aðferð,
"Trigger on valid methods like ""before_insert"", ""after_update"", etc (will depend on the DocType selected)","Trigger á viðurkenndum aðferðum eins og &quot;before_insert&quot;, &quot;after_update&quot;, etc (fer eftir DOCTYPE valið)",
Tuesday,þriðjudagur,
Two Factor Authentication,Tveir þættir staðfestingar,
Two Factor Authentication method,Tvær þættir staðfestingaraðferð,
Type,Gerð,
UID,UID,
UIDNEXT,UIDNEXT,
UIDVALIDITY,UIDVALIDITY,
UNSEEN,óséður,
URL,URL,
URL for documentation or help,Vefslóð fyrir skjöl eða hjálp,
URL to go to on clicking the slideshow image,Slóð til að fara í þegar þú smellir á myndasýningarmyndina,
Unassign Condition,Aðskilja ekki skilyrði,
Unhandled Email,Óvænt Email,
Unique,Unique,
Unread,ólesið,
Unread Notification Sent,Ólesið tilkynning send,
Unshared,unshared,
Unsubscribe Method,afskrá Aðferð,
Unsubscribe Param,afskrá Gildi,
Unsubscribed,afskráður,
Update,Uppfæra,
Update Existing Records,Uppfæra núverandi skrár,
Update Field,Uppfæra Field,
Update Series Number,Uppfæra Series Number,
Update Settings,Uppfærðu stillingar,
Update Value,Uppfæra Value,
Updated,Uppfært,
Uploaded To Dropbox,Hlaðið inn í Dropbox,
Uploaded To Google Drive,Hlaðið upp á Google Drive,
Use % for any non empty value.,Notaðu% fyrir öll tóm gildi.,
Use ASCII encoding for password,Notaðu ASCII kóðun fyrir lykilorð,
Use IMAP,Nota IMAP,
Use POST,Notaðu POST,
Use Report Chart,Notaðu skýrslutöflu,
Use SSL,Nota SSL,
Use TLS,Nota TLS,
Use this fieldname to generate title,Notaðu þessa FIELDNAME að búa titilinn,
User,Notandi,
User ,Notandi,
User Agent,Umboðsmaður notanda,
User Cannot Create,Notandi getur ekki búið,
User Cannot Search,Notandi getur ekki leitað,
User Defaults,User Vanskil,
User Details,Upplýsingar um notendur,
User Email,User Email,
User Emails,notandi póst,
User Field,Notendasvið,
User ID,notandanafn,
User ID Property,Notandakenni eign,
User ID of a Blogger,User ID á Blogger,
User Id,Notandanafn,
User Image,User Image,
User Name,Notandanafn,
User Permission,Notendaleyfi,
User Profile,Notandasnið,
User Social Login,Notandi félagsleg innskráning,
User Tags,User Tags,
User Type,Gerð notanda,
User can login using Email id or Mobile number,Notandi getur skráð þig inn með tölvupósti eða farsímanúmeri,
User can login using Email id or User Name,Notandi getur skráð þig inn með tölvupósti eða notendanafni,
User must always select,Notandi verður alltaf að velja,
Username,Notandanafn,
Users,Notendur,
Users assigned to the reference document will get points.,Notendur sem fá úthlutað tilvísunarskjali fá stig.,
Valid,gildir,
Validate Field,Staðfestu reit,
Validity,gildi,
Value,Gildi,
Value Based On,Gildi byggist á,
Value Change,gildi Breyta,
Value Changed,gildi Breytt,
Value To Be Set,Gildi til að setja,
Value from this field will be set as the due date in the ToDo,Gildi frá þessum reit verða stillt sem gjalddagi í ToDo,
Value to Validate,Gildi að staðfesta,
Verdana,Verdana,
Verified,Staðfest,
Version,útgáfa,
Video URL,Vefslóð vídeós,
View,Útsýni,
View Log,Skoða þig inn,
View Properties (via Customize Form),Skoða Properties (með Customize Form),
View Report,Skoða skýrslu,
View Settings,Skoða stillingar,
View Website,view Website,
Viewed By,Skoðað eftir,
Visit,heimsókn,
Warehouse,Vöruhús,
Warning,Viðvörun,
Watch Video,Horfa á myndband,
Web Form,web Form,
Web Form Field,Web Form Field,
Web Form Fields,Vefform Fields,
Web Page,Vefsíða,
Web Page Block,Vefsíðublokk,
Web Page View,Skoða vefsíðu,
Web Template,Vefssniðmát,
Web Template Field,Vefssniðmátasvið,
Web Template Values,Gildi fyrir sniðmát vefsins,
Web View,web View,
Webhook,Webhook,
Webhook Data,Webhook Gögn,
Webhook Header,Webhook Header,
Webhook Headers,Webhook Headers,
Webhook Request,Webhook Beiðni,
Webhook Secret,Webhook Secret,
Webhook Security,Vefhooköryggi,
Webhook Trigger,Vefhook trigger,
Webhook URL,Webhook URL,
Website,Vefsíða,
Website Analytics,Vefgreining,
Website Manager,Vefsíða Manager,
Website Meta Tag,Meta merki vefsíðu,
Website Route Meta,Route Route Meta,
Website Route Redirect,Leiðbeiningar á heimasíðu leiðar,
Website Script,Vefsíða Script,
Website Settings,Vefsíða Stillingar,
Website Sidebar,Vefsíða Sidebar,
Website Sidebar Item,Vefsíða Sidebar Item,
Website Slideshow,Vefsíða Slideshow,
Website Slideshow Item,Vefsíða Slideshow Item,
Website Theme,Vefsíða Þema,
Website Theme Ignore App,Vefsíðaþema hunsa forrit,
Website Theme Image,Vefsíða Þema Image,
Website Theme Image Link,Vefsíða Þema Image Link,
Wednesday,miðvikudagur,
Weekdays,Virka daga,
Weekly,Vikuleg,
Weekly Long,Vikulega löng,
Welcome Email Template,Velkomin tölvupóstsniðmát,
"When enabled this will allow guests to upload files to your application, You can enable this if you wish to collect files from user without having them to log in, for example in job applications web form.","Þegar þetta er virkt gerir gestum kleift að hlaða skrám inn í umsókn þína. Þú getur gert það kleift ef þú vilt safna skrám frá notanda án þess að hafa þá til að skrá sig inn, til dæmis á vefsíðuformi atvinnuumsókna.",
Which view of the associated DocType should this shortcut take you to?,Í hvaða sýn á tilheyrandi DocType ætti þessi flýtileið að taka þig?,
Width,breidd,
Wildcard Filter,Wildcard sía,
"Will add ""%"" before and after the query",Bætir við „%“ fyrir og eftir fyrirspurnina,
Will be used in url (usually first name).,Verður notað í url (yfirleitt fyrsta nafn).,
Will run scheduled jobs only once a day for inactive sites. Default 4 days if set to 0.,Mun keyra tímaáætlun aðeins einu sinni á dag fyrir óvirka vefi. Sjálfgefið 4 daga ef stillt er á 0.,
Workflow,workflow,
Workflow Action,workflow Action,
Workflow Action Master,Workflow Action Master,
Workflow Action Name,Workflow Action Name,
Workflow Action is not created for optional states,Verkflæðisaðgerð er ekki búin til fyrir valkvæð ríki,
Workflow Document State,Workflow skjal State,
Workflow Name,workflow Name,
Workflow State,workflow State,
Workflow State Field,Workflow State Field,
Workflow Transition,workflow Umskipti,
Workflow state represents the current state of a document.,Workflow ástand táknar núverandi stöðu skjals.,
Write,skrifaðu,
X Field,X akur,
XLSX,XLSX,
Y Axis,Y ás,
Y Field,Y Field,
Yahoo Mail,Yahoo póstur,
Yandex.Mail,Yandex.Mail,
Year,ár,
Yearly,Árlega,
Yellow,Gulur,
Yes,Já,
Your organization name and address for the email footer.,Samtökin nafn þitt og heimilisfang fyrir the email fót.,
Zero means send records updated at anytime,Núll þýðir að senda skrár uppfærð hvenær sem er,
_doctype,_doctype,
_report,_report,
adjust,stilla,
after_insert,after_insert,
align-center,samræma-miðstöð,
align-justify,samræma-réttlæta,
align-left,samræma vinstri,
align-right,samræma hægri,
arrow-down,arrow niður,
arrow-left,arrow vinstri,
arrow-right,arrow hægri,
arrow-up,ör-upp,
asterisk,Stjörnumerki,
backward,afturábak,
ban-circle,bann hring,
barcode,Barcode,
bell,bjalla,
blue,blár,
bold,Djarfur,
book,bók,
bookmark,bókamerki,
briefcase,skjalataska,
bullhorn,bullhorn,
calendar,dagatal,
camera,myndavél,
certificate,vottorð,
check,Athugaðu,
chevron-down,Chevron niður,
chevron-left,Chevron-vinstri,
chevron-right,Chevron hægri,
chevron-up,Chevron upp,
circle-arrow-down,hring-arrow-niður,
circle-arrow-left,hring-ör-vinstri,
circle-arrow-right,hring-ör-hægri,
circle-arrow-up,hring-ör-upp,
cog,Cog,
comment,athugasemd,
darkgrey,dökk grár,
dd-mm-yyyy,dd-mm-áááá,
dd.mm.yyyy,dd.mm.aaaa,
dd/mm/yyyy,dd / mm / áááá,
download,Niðurhal,
download-alt,sækja-alt,
"e.g. ""Support"", ""Sales"", ""Jerry Yang""","td &quot;Support&quot;, &quot;Sala&quot;, &quot;Jerry Yang&quot;",
e.g. pop.gmail.com / imap.gmail.com,td pop.gmail.com / imap.gmail.com,
e.g. replies@yourcomany.com. All replies will come to this inbox.,td replies@yourcomany.com. Öll svör munu koma til þessa pósthólfið.,
e.g. smtp.gmail.com,td smtp.gmail.com,
edit,breyta,
eject,kasta,
email,tölvupóstur,
envelope,umslag,
exclamation-sign,upphrópun-merki,
eye-close,auga-loka,
eye-open,auga-opinn,
facebook,facebook,
facetime-video,FaceTime-video,
fairlogin,fairlogin,
fast-backward,fljótur-afturábak,
fast-forward,hraðspóla,
file,skrá,
film,Myndin,
filter,sía,
fire,eldur,
flag,merkja,
folder-close,mappa-loka,
folder-open,mappa opinn,
font,letur,
forward,áfram,
fullscreen,Forrit sem notar alla,
gift,gjöf,
glass,gler,
globe,heim,
green,grænt,
hand-down,hönd-niður,
hand-left,hönd-vinstri,
hand-right,hönd-rétt,
hand-up,hönd upp,
hdd,HDD,
headphones,heyrnartól,
heart,hjarta,
home,heim,
icon,táknmynd,
in minutes,á nokkrum mínútum,
inbox,Inbox,
indent-left,inndráttur vinstri,
indent-right,inndráttur hægri,
info-sign,Upplýsingar-merki,
italic,skáletrað,
leaf,blaða,
link,Link,
linkedin,hlekkur,
list,Listi,
list-alt,lista-alt,
lock,læsa,
magnet,segull,
map-marker,map-merki,
minus,mínus,
minus-sign,mínus-merki,
mm-dd-yyyy,mm-dd-áááá,
mm/dd/yyyy,mm / dd / áááá,
module,Module,
move,Færa,
music,tónlist,
no failed attempts,nei misheppnaðar tilraunir,
off,burt,
ok,allt í lagi,
ok-circle,OK-hring,
ok-sign,OK-merki,
old_parent,old_parent,
on_cancel,on_cancel,
on_change,on_change,
on_submit,on_submit,
on_trash,on_trash,
on_update,on_update,
on_update_after_submit,on_update_after_submit,
orange,appelsínugulur,
page,Page,
pause,hlé,
pencil,blýantur,
picture,mynd,
plane,flugvél,
play,spila,
play-circle,spila-hring,
plus,plús,
plus-sign,plús-merki,
print,Print,
purple,fjólublátt,
qrcode,qrcode,
query-report,query-skýrsla,
question-sign,spurning-merki,
random,handahófi,
red,rauður,
refresh,Endurnærðu,
remove,fjarlægja,
remove-circle,fjarlægja-hring,
remove-sign,fjarlægja-merki,
repeat,endurtaka,
resize-full,resize-fullur,
resize-horizontal,resize-lárétt,
resize-small,resize-lítið,
resize-vertical,resize-lóðrétt,
response,svar,
retweet,retweet,
road,vegurinn,
screenshot,screenshot,
search,Leita,
share,hlut,
share-alt,hlut-alt,
shopping-cart,innkaupakerra,
signal,merki,
star,stjörnu,
star-empty,stjörnu-tómt,
step-backward,skref-afturábak,
step-forward,skref áfram,
stop,Hættu,
tag,tag,
tags,merki,
tasks,verkefni,
text-height,texti-hæð,
text-width,texti-breidd,
th,Þ,
th-large,Th-stór,
th-list,Th-lista,
thumbs-down,Thumbs niður,
thumbs-up,Thumbs upp,
time,Tími,
tint,blær,
trash,rugl,
twitter,kvak,
upload,Hlaða inn,
user,notandi,
volume-down,rúmmál niður,
volume-off,bindi-burt,
volume-up,hækka,
warning-sign,viðvörun-skilti,
wrench,skiptilykill,
yellow,gulur,
yyyy-mm-dd,áááá-mm-dd,
zoom-in,stækka í,
zoom-out,Zoom-út,
