"""Company History""",&quot;Dîroka Company&quot;,
"""Team Members"" or ""Management""",&quot;Tîma Endam&quot; an &quot;Management&quot;,
&lt;head&gt; HTML,&lt;Head&gt; HTML,
**Currency** Master,** Exchange ** Master,
0 - Draft; 1 - Submitted; 2 - Cancelled,0 - Pêşnûmeya; 1 - Submitted; 2 - weş,
0 is highest,0 بەرزترین,
A list of resources which the Client App will have access to after the user allows it.<br> e.g. project,"A list of çavkaniyên ku App Client dê bikaribin piştî ku bikarhênerek bikim, ew destûrê heye. <br> wek nimûne projeya",
A symbol for this currency. For e.g. $,"A sembola ji bo vê currency. Ji bo nimûne, $",
A4,A4,
ALL,GIŞT,
API,API,
API Access,API Access,
API Endpoint,API Endpoint,
API Endpoint Args,API Endpoint Args,
API Key,Key API,
API Method,Rêbaza API,
API Secret,API Secret,
ASC,ASC,
About Us Settings,About Us Settings,
About Us Team Member,About Us Team Member,
Access Key ID,Nasnameyeke Key,
Access Key Secret,Gihîştina Key Key,
Access Log,Têketin Têkeve,
Access Token,Têketinê Token,
Access Token URL,URL,
Account,Konto,
Accounts Manager,Manager bikarhênerên,
Accounts User,hesabên bikarhêneran,
Action,Çalakî,
Action / Route,Çalakî / Rê,
Action Timeout (Seconds),Çalakiya Demjimêr (Seconds),
Action Type,Cureya Actionalakiyê,
Actions,Actions,
Active,Jîr,
Active Domains,Domain ji Active,
Activity Log,Activity bike Têkeve Têkeve,
Add Container,Konteynirê zêde bikin,
Add Custom Tags,Tagên xwerû zêde bikin,
Add Gray Background,Background Grey lê zêde bike,
Add Signature,Sîgnatûr pêvebike,
Add Total Row,Lê zêde bike Total Row,
Add Unsubscribe Link,Lê zêde bike Unsubscribe Link,
"Added HTML in the &lt;head&gt; section of the web page, primarily used for website verification and SEO","Ev babete ji layê HTML di &lt;head&gt; beşa web page de, di serî de ji bo piştrastkirin malpera û SEO bikaranîn",
Additional Permissions,Permissions Additional,
Address,Navnîşan,
Address And Contacts,Navnîşan Contacts Têkilî,
Address Line 1,Xeta Navnîşanê 1,
Address Line 2,Line Address 2,
Address Template,Address Şablon,
Address Title,Address Title,
Address Type,Address Type,
Address and other legal information you may want to put in the footer.,Adres û din agahî qanûnî hûn dixwazin di footer danîn.,
Addresses And Contacts,Navnîşan û Têkilî,
Adds a custom field to a DocType,Dixe nav zeviyê adeta ji bo DocType,
Administrator,Birêvebir,
Advanced,Pêşveçû,
Advanced Control,Control Control,
Advanced Settings,Mîhengên pêşkeftî,
After Cancel,Piştî betalkirinê,
After Delete,Piştî Paqijkirinê,
After Save,Piştî Save,
After Save (Submitted Document),After Save (Belgeya radestkirî),
After Submit,Piştî şandin,
Aggregate Function Based On,Fonksiyona yekane ya li ser bingehê,
Alert,Hişyar,
Align Labels to the Right,Şîfre li ser rast,
Align Right,Rast Rast bikin,
All,Gişt,
All Day,All Day,
Allocated To,bi rêk û To,
Allot Points To Assigned Users,Hemî Pûanan Bikaribin Bikarhênerên Nirxandî,
Allow,Destûrdan,
Allow Auto Repeat,Destûrê bide xwerû,
Allow Bulk Edit,Destûrê bide Edit Bulk,
Allow Comments,Destûrê bide Comments,
Allow Consecutive Login Attempts ,Destnîşanên Têkilî Bi Têkilî Bikin,
Allow Delete,Destûrê bide Vemirandina,
Allow Dropbox Access,Destûrê bide Têketinê Dropbox,
Allow Guest,Hemû Mêvan,
Allow Guest to View,Destûrê bide Mêvan ji bo View,
Allow Guests to Upload Files,Hemî mêvanan bihêlin pelan hilînin,
Allow Import (via Data Import Tool),Destûrê bide Import (bi rêya Data Import Tool),
Allow Incomplete Forms,Destûrê bide Cureyên Incomplete,
Allow Login After Fail,Piştre Têketinê Piştî Pevçûnê,
Allow Login using Mobile Number,Destûrê bide Login bikaranîna Hejmara Mobile,
Allow Login using User Name,Destûrê bikar bîne Navê bikarhênerê bikar bînin,
Allow Modules,Modulên destûr bidin,
Allow Print,Destûrê bide bo çapkirinê,
Allow Print for Cancelled,Destûrê bide bo çapkirinê bo Hilandin,
Allow Print for Draft,Destûrê bide Print ji bo Pêşnûmeya,
Allow Read On All Link Options,Destûra Hemû Lînkên Hilbijêre Li Hev bixwînin,
Allow Rename,Destûrê bide rename,
Allow Roles,Destûrê bide ristên,
Allow Self Approval,Destûrê Xweser bike,
Allow approval for creator of the document,Destûrê ji bo creatorê belgeyê erê bide pejirandin,
Allow document creation via Email,Destûrê bide afirandina belgeyê bi rêya E-nameyê,
Allow events in timeline,Çalakî di demê de,
Allow in Quick Entry,Destûra Zûtirîn Bilez,
Allow on Submit,Destûrê bide li ser Submit,
Allow only one session per user,Destûrê bide tenê yek session per user,
Allow page break inside tables,Destûrê bide break rûpel hundir maseyên,
Allow saving if mandatory fields are not filled,"Destûrê bide tomarkirinê, eger zeviyên diyarkirî bi tije ne",
Allow user to login only after this hour (0-24),Destûrê bide bikarhêneran ku login tenê piştî vê saetê (0-24),
Allow user to login only before this hour (0-24),Destûrê bide bikarhêneran ku login tenê berî vê saetê (0-24),
Allowed,destûr,
Allowed In Mentions,Di entêweyan de Destûrdan,
"Always add ""Draft"" Heading for printing draft documents",Her tim &quot;Pêşnûmeya&quot; lê zêde bike Berev ji bo çapkirinê pêşnûma belge,
Amend,Serrastkirin,
Amended From,de guherîn From,
An icon file with .ico extension. Should be 16 x 16 px. Generated using a favicon generator. [favicon-generator.org],An file icon bi .ico extension. Divê be 16 x 16 px. Bi giştî bi bikaranîna a generator favicon. [Favicon-generator.org],
Analytics,Analytics,
Annual,Yeksalî,
Anonymous,Bênav,
Any string-based printer languages can be used. Writing raw commands requires knowledge of the printer's native language provided by the printer manufacturer. Please refer to the developer manual provided by the printer manufacturer on how to write their native commands. These commands are rendered on the server side using the Jinja Templating Language.,Pêdivî ye ku zimanên çapkirinê yên bin-string bikar bînin. Nivîsandina fermanên xwerû hewceyê zanîna zimanê zikmakî yê çapê yê ji hêla hilberînerê çapê ve hatî peyda kirin hewce dike. Ji kerema xwe li ser manuala pêşvebirinê ya ku ji hêla hilberînerê çapê ve hatî peyda kirin re li ser ka meriv çawa emrên xweyê binivîsîne binihêrin. Van fermanan li ser serverê bi kar tînin Zimanê plablonê Jinja.,
App,App,
App Access Key,App Têketinê Key,
App Client ID,App Client ID,
App Client Secret,App Client Secret,
App Name,Navê App,
App Secret Key,App Secret Key,
Append Emails to Sent Folder,Emails bişînin Peldanka entandî,
Append To,Append To,
Applicable For,"wergirtinê, çimkî",
Application Logo,Logo Serlêdanê,
Application Name,Navê Serlêdanê,
Application Version,Guhertoya Serîlêdanê,
Applied On,Serlêdan Li,
Apply Document Permissions,Destûrên Belgeyê Bikin,
Apply Only Once,Tenê carekê bicîh bikin,
Apply Strict User Permissions,Apply Permissions User Strict,
Apply To All Document Types,Li Hemî Tîpên Belgefîlmê Bikin,
Apply this rule if the User is the Owner,"Apply vê qeydeyî, eger User xwediyę e",
Apply this rule only once per document,Vê rêziknameyê tenê carekê li belgeyê bicîh bînin,
Appreciation,Rûmetdanî,
Archived,arşîvkirin,
Arial,Tahoma,
Assign Condition,Condertê bide alî,
Assign To Users,Ji bikarhêneran re bisekinin,
Assigned,rêdan,
Assigned By,rêdan By,
Assigned By Full Name,Rêdan By Name Full,
Assignment,Danî,
Assignment Completed,assignment Qediya,
Assignment Days,Rojên tayînkirinê,
Assignment Rule,Rêzika erkdariyê,
Assignment Rule Day,Roja Rêzimana Deynê,
Assignment Rule User,Ragihandina Rêzeya Bikarhêner,
Assignment Rules,Rêzên erkdariyê,
Assignments,Cîhan,
Attach,Pêvcebirandin,
Attach Image,attach Wêne,
Attach Print,attach bo çapkirinê,
Attached File,Pelê Pêvekirî,
Attached To DocType,Girêdayî To DocType,
Attached To Field,Têkilî Çevê,
Attached To Name,Girêdayî To Name,
Attachment,Attachment,
Attachment Limit (MB),Attachment Sînora (MB),
Attachment Link,Zencîreya Attachment,
Attachment Removed,Attachment Rakirin,
Attachments,Attachments,
Auth URL Data,Daneyên Danûstandinê,
Authentication,Piştrastkirina,
Author,Nivîskar,
Authorization Code,Code Authorization,
Authorize API Indexing  Access,Destûra Destnîşankirina API-yê destûr bidin,
Authorize Google Calendar Access,Destûrdayîna Salnameya Google-ê destûr bide,
Authorize Google Contacts Access,Destûrdayîna Têkiliyên Google Destûr bide,
Authorize Google Drive Access,Destûrdayîna Google Drive-ê destûr bide,
Authorize URL,URL,
Authorized,bi destûr,
Auto,Auto,
Auto Email Report,Auto Report Email,
Auto Name,Navê Auto,
Auto Repeat,Auto Repeat,
Auto Reply Message,Auto binivîse Message,
Automatically Assign Documents to Users,Bixweber belgeyan ji bikarhêneran re vebirin,
Automation,Otomatîkî,
Avatar,Avatar,
Average,Navoser,
Awaiting Password,Wêriya Şîfreyê,
Awaiting password,Wêriya Şîfreyê,
BCC,BCC,
Background Color,background Color,
Background Workers,Karkerên background,
Backup Details,Agahdariyên Backup,
Backup Files,Pelên Paşve,
Backup Folder ID,IDya Peldanka Bişkêş,
Backup Folder Name,Navê Peldanka Barker,
Backup Frequency,Frequency Backup,
Backup public and private files along with the database.,Li gel danegehê pelên giştî û yên taybet ên paşde vekişînin.,
Backups,Backups,
Banner,Banner,
Banner HTML,Banner HTML,
Banner Image,Banner Wêne,
Banner is above the Top Menu Bar.,Banner e li jor Bar Menu Top.,
Bar,Bar,
Barcode,Barcode,
Base Distinguished Name (DN),Base Name Hêja (DN),
Base URL,Navnîşa bingehîn,
Based On,Çi qewimî,
Based on Field,Li gorî Zeviyê,
Based on Permissions For User,Li ser bingeha Permissions Ji bo User,
Basic,Bingehîn,
Before Cancel,Berî ku betalkirin,
Before Delete,Berî Dabeşandinê,
Before Insert,Berî Insert,
Before Save,Berî Xilasbûnê,
Before Save (Submitted Document),Berî Xilaskirinê (Belgeya Belandî),
Before Submit,Berî Nivisandinê,
Beginner,Despêkevan,
Beta,beta,
Billing,Billing,
Bio,Bio,
Birth Date,Date jidayikbûnê,
Block Module,Module block,
Block Modules,Bloka Modûlan,
Blocked,asteng kir,
Blog Category,Blog Kategorî,
Blog Intro,Blog Intro,
Blog Introduction,Blog Introduction,
Blog Post,Blog Post,
Blog Settings,Settings Blog,
Blog Title,Title Blog,
Blogger,Blogger,
Blue,Şîn,
Bold,Hesabî,
Bot,bot,
Bottom,Erd,
Bounced,tayekî,
Brand,Şanika şewatê,
Brand HTML,Brand HTML,
Brand Image,Brand Wêne,
Breadcrumbs,Menûyên,
Browser,Gerok,
Browser Version,Guhertoya Gerokê,
Brute Force Security,Ewlekariya Hêza Brute,
Bucket Name,Navê kepçeyê,
Bulk Update,Update Gir,
Button,Pişkov,
Button Gradients,Gradients Bişkojk,
Button Rounded Corners,Quncikên Rounded Button,
Button Shadows,Siya Bişkojkê,
Bypass Restricted IP Address Check If Two Factor Auth Enabled,Ger Navnîşana IP-yê Tixûbdar Bibin Kontrol Bi Navnîşana IP-Sînorkirî Vebijêrin,
Bypass Two Factor Auth for users who login from restricted IP Address,Ji bo bikarhênerên ku ji Ji Navnîşana IP-ê ve girêdayî ye,
Bypass restricted IP Address check If Two Factor Auth Enabled,Dîtina IP-IP-sînor qedexe ye Ku Heke Du Factor Auth-Enabled,
CC,CC,
CSS,CSS,
CSS Class,CSS Class,
CSV,CSV,
CTA Label,Labelê CTA,
CTA URL,URL-ya CTA,
Calendar,Salname,
Calendar Name,Navê Peldanka,
Calendar View,Calendar View,
Call,Bang,
Call To Action,Banga Çalakiyê,
Call To Action URL,URL-ya Çalakiyê Banga,
Callback Message,Peyama Vegerandinê,
Callback Title,Sernavê Vegerê,
Campaign,Bêşvekirin,
Cancel,Bişûndekirin,
Cancelled,CANCELED,
Card,Qert,
Cards,Kartên,
Category,Liq,
Category Description,Category Description,
Category Name,Category Name,
Center,Navîne,
Chaining Hash,Chaining Hash,
Change Label (via Custom Translation),Change Label (via Custom wergeran),
Change Password,Şîfre Biguherîne,
Channel,Qenal,
Chart,Qebale,
Chart Configuration,Veavakirina Chart,
Chart Name,Navê Chart,
Chart Options,Vebijarkên Chart,
Chart Source,Avkanîya Chart,
Chart Type,Tîpa Çartê,
Charts,Charts,
Chat,Galgalî,
Check,Berçavkirinî,
Check this if you want to force the user to select a series before saving. There will be no default if you check this.,"vê kontrol bike, eger hûn dixwazin bi reya ku bikarhêner hilbijêre rêze berî tomarkirinê. Dê tune be default, eger tu vê kontrol bike.",
Checking this will hide custom doctypes and reports cards in Links section,Vekirina vê yekê dê doktîpên xwerû û kartên raporan di beşa Girêdanan de veşêre,
Checksum Version,Zebûr,
Child Tables are shown as a Grid in other DocTypes,Tabloyên Zarokan di DocTypesên din de wekî Grid têne nîşandan,
Choose authentication method to be used by all users,Ji hêla hemî bikarhêneran ve tê bikaranîn rêbazek pejirandinê hilbijêre,
City,Bajar,
City/Town,City / Town,
Clicked,bi opsîyona,
Client,Kirrîxwaz,
Client Code,Koda Kiriyar,
Client Credentials,"negihuriye, Client",
Client ID,ID Client,
Client Information,Agahiya Client,
Client Script,Lîsteya Client,
Client Secret,Client Secret,
Client URLs,URLsên mişter,
Close Condition,Rewşa nêzîk,
Closed,Girtî,
Code,Navê dizî,
Collapsible,Navbar,
Collapsible Depends On,Navbar Dimîne li ser,
Color,Reng,
Column Break,Break stûna,
Column Name,Navê stûna,
Columns,Stûn,
Columns / Fields,Kolan / Zevî,
Comment,Agahkişîn,
Comment By,Şîrove kirin,
Comment Email,Email şirove,
Comment Type,Raya Type,
Comments and Communications will be associated with this linked document,Comments û Communications dê bi vê belgeya girêdayî têkildarkirin,
Commit,Bikaranîn,
Communication,Agahhesînî,
Communication Link,Girêdana ragihandinê,
Communication Type,Type-Ragihandin,
Compact Item Print,Babetê Compact bo çapkirinê,
Company History,Dîroka Company,
Company Introduction,Company Introduction,
Company Name,Navê Company,
Complete,Tevî,
Completed,Qediya,
Component,Perçe,
Condition,Rewş,
Conditions,Şertên,
Configuration,Veavakirina,
Confirmation Email Template,Irmablonê E-nameya Piştrastkirinê,
Console,Konsol,
Console Log,Log Console,
Contact,Têkelî,
Contact Details,Contact Details,
Contact Email,Contact Email,
Contact Numbers,Hejmarên Têkilî,
Contact Phone,Têkiliya Telefonê,
Contact Us Settings,Contact Us Settings,
"Contact options, like ""Sales Query, Support Query"" etc each on a new line or separated by commas.","Vebijarkên Contact, wek &quot;Sales Query, Support Query&quot; û hwd her yek li ser xeta nû an jî ji aliyê cureyên cuda.",
Contacts,Têkilî,
Content,Dilşad,
Content (HTML),Naverok (HTML),
Content (Markdown),Naverok (Markdown),
Content Hash,Hash Content,
Content Type,Content Type,
Context,Hevgirêk,
Context Script,Nivîsara Naverok,
Contributed,Beşdar kirin,
Contribution Document Name,Navê Belgeya Tevkariyê,
Contribution Status,Rewşa Alîkariyê,
Copyright,Copyright,
Core,Navik,
Count,Jimartin,
Count Filter,Filterê bijmêrin,
Counter,Masa dûkanan,
Country,Welat,
Country Name,Navê welatê,
County,County,
Create,Xûliqandin,
Create Contacts from Incoming Emails,Ji E-nameyên Hatî Têkiliyan çêbikin,
Create Entry,Navnîşê çêbikin,
Create Log,Têketin biafirînin,
Create and Send Newsletters,Create û Send Şandin,
Created,Afirandin,
Criticism,Rexne,
Cron,Cron,
Cron Format,Forma Cron,
Currency,Diravcins,
Currency Name,Navê Exchange,
Currency Precision,Precision Exchange,
Current,Vêga,
Custom,Hûnbunî,
Custom Base URL,URL,
Custom CSS,CSS Custom,
Custom Configuration,Veavakirina Adetî,
Custom DocPerm,DocPerm Custom,
Custom Field,Custom Field,
Custom Format,Format Custom,
Custom HTML Help,Custom HTML Alîkarî,
Custom Menu Items,Nawy Menu Custom,
Custom Options,Vebijarkên xwerû,
Custom Overrides,Custom Overrides,
Custom Report,Rapora Mişterî,
Custom Role,Role Custom,
Custom SCSS,SCSS xwerû,
Custom Sidebar Menu,Menu Custom Kêlekê,
Custom?,Hûnbunî?,
Customization,Rêzkirinbûn,
Customize Form,kesanekirina Form,
Customize Form Field,Kesanekirina Form Field,
DESC,DESC,
Daily,Rojane,
Daily Long,Daily Long,
Danger,Talûke,
Dark Color,Rengê tarî,
Dashboard,Dashboard,
Dashboard Chart,Chartboard dashboard,
Dashboard Chart Field,Dashboard Chart Field,
Dashboard Chart Link,Lînka Dashboard,
Dashboard Chart Source,Source Chart Source,
Dashboard Manager,Gerînendeyê panelê,
Dashboard Name,Navê Dashboard,
Dashboard Settings,Mîhengên Dashboard,
Dashboards,Dashboards,
Data,Jimare,
Data Export,Export Data,
Data Import,Import Import,
Database Engine,Engine Database,
Date,Rojek,
Date Format,Date Format,
Date Range,Date Range,
Date and Number Format,Dîrok û Number Format,
Datetime,datetime,
Day,Roj,
Day of Week,Day of Week,
Days After,rojan Piştî,
Days Before,roj berî,
Days Before or After,Rojan berî an jî piştî,
Default,Destçûnî,
Default Incoming,Default Incoming,
Default Letter Head,Default Letter Head,
Default Outgoing,Default Afganî,
Default Portal Home,Malê Malpera Portal,
Default Print Format,Default Format bo çapkirinê,
Default Print Language,Default Language çapkirinê,
Default Redirect URI,Default beralî bike URI,
Default Role at Time of Signup,Role Default li Time of Signup,
Default Sort Field,Default Sort Field,
Default Sort Order,Fermana Sortkariyê ya Default,
Default Value,Nirx Default,
"Default: ""Contact Us""",Default: &quot;Contact Us&quot;,
DefaultValue,DefaultValue,
Defaults,Têrbûn,
Defines actions on states and the next step and allowed roles.,Dinasîne çalakiyên li ser dewletan û gava li pêş û rolên destûr.,
Defines workflow states and rules for a document.,Dinasîne dewletên workflow û qaîdeyên ji bo Belgeya.,
Delayed,bi derengî,
Delete,Vemirandina,
Deleted,deleted,
Deleted DocType,DocType deleted,
Deleted Document,Dokumentê deleted,
Deleted Name,Navê deleted,
Delivery Status,Rewş Delivery,
Department,Liq,
Dependencies,Zehmetiyên,
Depends On,Dimîne li ser,
Description,Terîf,
"Description for listing page, in plain text, only a couple of lines. (max 200 characters)","Danasîn ji bo rûpela navnîşkirinê, bi nivîsek zelal, tenê çend rêzik. (herî zêde 200 tîp)",
Designation,teklîfê,
Desk,Meza nivîsê,
Desk Access,desk Têketinê,
Desktop Icon,Icon Desktop,
Details,Details,
"Different ""States"" this document can exist in. Like ""Open"", ""Pending Approval"" etc.","Cuda &quot;Amerîka&quot; ku ev belge di dikarin hene. Like &quot;Open&quot;, &quot;Pending Destûrê&quot; hwd.",
Digits,Digits,
Disable Auto Refresh,Ji nûvekirina Auto-ya Nekêş bike,
Disable Comments,Commentsîroveyan Neçalak bikin,
Disable Count,Hejmartin disekinî,
Disable SMTP server authentication,Nasnameya servera SMTP-ê nekêşînin,
Disable Sidebar Stats,Stêrên Sidebar Nexşe bikin,
Disable Signup,Disable Signup,
Disable Standard Email Footer,Disable Rêza Email Standard,
Disabled,Bêmecel,
Display,Pêşkêşî,
Display Depends On,Display Dimîne li ser,
Doc Event,Doc Event,
Doc Events,Doc Events,
Doc Status,Rewş Doc,
DocField,DocField,
DocPerm,DocPerm,
DocShare,DocShare,
DocType,DocType,
DocType Action,Talakiya DocType,
DocType Event,Bûyera DocType,
DocType Link,Girêdana DocType,
DocType View,Dîtina DocType,
DocType is a Table / Form in the application.,DocType a Table / Form di sepanê de ye.,
DocType on which this Workflow is applicable.,DocType ku li ser vê Workflow di rewacê de ye.,
Doctype,Doctype,
Document,Belge,
Document Actions,Çalakiyên Belgeyê,
Document Follow,Belge şopandin,
Document Link,Zencîreya Belgeyê,
Document Links,Zencîreyên Belgeyê,
Document Name,Name belgeya,
Document Naming Rule,Rêziknameya Navkirina Belgeyê,
Document Naming Rule Condition,Rewşa Ruleya Navnîşkirina Belgeyê,
Document Share,Belge parve kir,
Document Share Report,Dokumentê Share Report,
Document States,Welatên document,
Document Tag,Tag belge,
Document Title,Sernavê Belgeyê,
Document Type,Corî dokumênt,
Document Type to Track,Jibo şopandina belgeyê,
Document Types,Types belge,
Documentation Link,Girêdana belgekirinê,
Documentation URL,URL-ya Belgekirinê,
Domain,Domain,
Domain Settings,Settings Domain,
Domains HTML,Navneteweyî HTML,
"Don't HTML Encode HTML tags like &lt;script&gt; or just characters like &lt; or &gt;, as they could be intentionally used in this field","Ma ne tags HTML Encode HTML mîna &lt;script&gt;, yan jî tenê characters wek &lt;an&gt;, çawa ew dibe bê bi zanebûn di vê qadê de bi kar",
Don't Override Status,Ma Status Override ne,
Don't Send Emails,E-nameyan neşînin,
Donut,Donut,
Download Backups,download Backups,
Download Template,download Şablon,
Dropbox Access Token,Dropbox Access Token,
Dropbox Settings,Settings Dropbox,
Dropdowns,Daketin,
Due Date,Serdem,
Due Date Based On,Li ser Bingeha Dîroka Girêdanê,
Duration,Demajok,
Dynamic Filters,Parzûnên Dînamîk,
Dynamic Filters JSON,Parzûnên Dînamîk JSON,
Dynamic Filters Section,Beşa Parzûnên Dînamîk,
Dynamic Link,Link dînamîk,
Dynamic Report Filters,Filters Report Dynamic,
Dynamic Route,Riya Dînamîk,
Dynamic Template,Dablonê Dînamîk,
Edit,Weşandin,
Edit Values,Nirxên Biguherîne,
Editable Grid,Navigation Bar Grid,
Eg. smsgateway.com/api/send_sms.cgi,Eg. smsgateway.com/api/send_sms.cgi,
Email,Email,
Email Account,Account Email,
Email Account Name,Email Name Account,
Email Address,Navnîşana emailê,
Email Address whose Google Contacts are to be synced.,Navnîşana e-nameyê ya ku Têkiliyên Google-yê wê bên hevaheng kirin.,
Email Addresses,Navnîşan Email,
Email Domain,Domain Email,
Email Flag Queue,Email Dorê Flag,
Email Footer Address,Email Rêza Address,
Email Group,Email Group,
Email Group Member,Email Pol Member,
Email ID,Nasnameya Îmêlê,
Email IDs,Email nasname,
Email Id,ID Email,
Email Inbox,E-nameya e-nameyê,
Email Queue,Raweste Email,
Email Queue Recipient,Email Recipient Dorê,
Email Queue records.,records Email Dorê.,
Email Reply Help,Alîkariya Navnîşan Email,
Email Rule,Rule Email,
Email Sent,Email Sent,
Email Settings,Settings Email,
Email Signature,Email îmza,
Email Status,Rewş Email,
Email Sync Option,Email Syncê Vebijarka,
Email Template,Şablon,
Email To,Email To,
Email Unsubscribe,Email Unsubscribe,
Emails will be sent with next possible workflow actions,Emails dê bi karmendên karkeran ên bêtir şandin,
Enable,Bikêrkirin,
Enable Auto Reply,Çalak binivîse Auto,
Enable Automatic Backup,Vebijêrkek otomatîk çalak bike,
Enable Automatic Linking in Documents,Di belgeyan de girêdana otomatîkî çalak bikin,
Enable Comments,çalak Comments,
Enable Email Notifications,Nîşeyên E-nameyê çalak bikin,
Enable Google Indexing,Google Indexing-ê çalak bikin,
Enable In App Website Tracking,Di Websiteopandina Malpera Appê de çalak bikin,
Enable Incoming,çalak Incoming,
Enable Onboarding,Onboarding çalak bike,
Enable Outgoing,çalak Afganî,
Enable Password Policy,Çalak Policy Password,
Enable Print Server,Pêşkêşkara çapkirinê,
Enable Raw Printing,Çapkirina Raw فعال bike,
Enable Scheduled Jobs,Çalak Jobs Scheduled,
Enable Security,Ewlekariyê çalak bikin,
Enable Social Login,Têketina Civakî çalak bike,
Enable Social Sharing,Parvekirina Civakî Çalak bikin,
Enable Two Factor Auth,Authenticê Du Faktorê Çalak bike,
Enabled,çalake,
End Date,Date End,
End Date Field,Dîroka Dîroka Dawîn,
Endpoint URL,URL,
Endpoints,Endpoints,
Ends on,Ends li ser,
Energy Point,Pêla Enerjiyê,
Energy Point Log,Log Têkoşîna Enerjiyê,
Energy Point Rule,Rêza Panêla Enerjiyê,
Energy Point Settings,Mîhengên Nîşana Enerjiyê,
Energy Points,Xalên Enerjiyê,
Enter Form Type,Enter Type Form,
"Enter default value fields (keys) and values. If you add multiple values for a field, the first one will be picked. These defaults are also used to set ""match"" permission rules. To see list of fields, go to ""Customize Form"".","zeviyên nirxa default (keys) û nirxên binivîse. Ger tu lê zêde bike nirxên multiple ji bo zeviyek, ji ya pêşî hildan, wê bê. Ev standard tê bikaranîn ji bo danîna &quot;match&quot; qaîdeyên destûr. Ji bo lîsteya zeviyên bibînin, ji bo &quot;Form Customize&quot; herin.",
"Enter static url parameters here (Eg. sender=ERPNext, username=ERPNext, password=1234 etc.)","Parametreyên url statîk vir binivîse (Eg. virrêkerî = ERPNext, username = ERPNext, password = 1234 û hwd.)",
Enter url parameter for message,parametre url ji bo peyamek binivîse,
Enter url parameter for receiver nos,parametre url Enter ji bo destikê nos,
Error,Şaşî,
Error Log,Têkeve Error,
Error Message,Peyama çewtiyê,
Event,Bûyer,
Event Category,Category Category,
Event Participants,Beşdarvanên Çalakiyê,
Event Type,Type Event,
Everyone,Her kesê,
"Ex: ""colors"": [""#d1d8dd"", ""#ff5858""]","Ex: &quot;reng&quot;: [&quot;# d1d8dd&quot;, &quot;# ff5858&quot;]",
Example,Mînak,
"Example: ""/desk""",Mînak: &quot;/ maseyê&quot;,
Example: #Tree/Account,Mînak: # Dar / Hesab,
Example: 00001,Mînak: 00001,
Example: {{ subject }},Mînak: {{mijara,
Excel,Excel,
Exception,Îstîsna,
Execute,Dardekirin,
Expert,Pispor,
Expiration time,dem boriye,
Expire Notification On,Expire Hişyariya ser,
Expired,kapê de,
Expires In,bidawîbûnê In,
Expires On,ketin ser,
Expiry time of QR Code Image Page,Demjimêra Qeydkirina QR Code Image Page,
Export,Eksport,
Export From,Export From,
Expose Recipients,puxteyî Recipients,
"Expression, Optional","Bîr û bawerî, Bijarî",
Facebook,facebook,
Failed,bi ser neket,
FavIcon,Favicon,
Fax,Fax,
Featured,Featured,
Feedback,Feedback,
Feedback Request,Daxwaza Deng,
Fetch From,Fetch Ji,
Field,Erd,
Field Description,Field Description,
Field Name,Navê Field,
Field To Check,Field To Kontrol bike,
Field Type,Type Field,
"Field that represents the Workflow State of the transaction (if field is not present, a new hidden Custom Field will be created)","Field ku nûneriya Workflow Dewletê ya muameleyan (eger zeviyê be amade ne, veşartî a Field Custom nû tên afirandin, wê bê)",
Field to Track,Field to Track,
Fieldname,Fieldname,
Fields,Fields,
Fields Multicheck,Zeviyên Multicheck,
"Fields separated by comma (,) will be included in the ""Search By"" list of Search dialog box","Warên cuda bi kommayê (,) dê di nav de li &quot;Search By&quot; list of Search box dialog",
Fieldtype,Fieldtype,
File,Dosî,
File Backup,Backup,
File Information,Agahdariya Pelê,
File Name,file Name,
File Size,file Size,
File Type,Cureyê pelê,
File URL,URL Wêne,
Files,files,
Filter Data,Filter Data,
Filter List,Lîsteya Filîteyê,
Filter Meta,Filter Meta,
Filter Name,Navnîşa Navekî,
Filter Values,Nirxên nirxandin,
Filters,Parzûn,
Filters Configuration,Veavakirina Parzûnan,
Filters Display,Parzûn Display,
Filters JSON,Filters JSON,
Filters Section,Beşa Parzûnan,
"Filters will be accessible via <code>filters</code>. <br><br>Send output as <code>result = [result]</code>, or for old style <code>data = [columns], [result]</code>","Filters dê bi hêla <code>filters</code> ve bigihîjin.<br><br> <code>result = [result]</code> wekî <code>result = [result]</code> bişînin <code>result = [result]</code> , an jî ji bo <code>data = [columns], [result]</code> şêwaza kevn <code>data = [columns], [result]</code>",
Finished,Qedandin,
First Name,Nav,
First Success Message,Pêşkeftina Peyama Pêşîn,
Flag,Al,
Float,Avbazîn,
Float Precision,Precision float,
Fold,Pêçan,
Folder,Pêçek,
Font,Font,
Font Properties,Taybetmendiyên nivîsê,
Font Size,Size font,
Fonts,Fonts,
Footer,footer,
Footer HTML,Footer HTML,
Footer Items,Nawy footer,
Footer Logo,Footer Logo,
Footer Template,Footer Template,
Footer Template Values,Nirxên plateablonên Footer,
Footer will display correctly only in PDF,Footer dê tenê di PDF de bi rengek rast nîşan bide,
For DocType Link / DocType Action,Ji bo Girêdana DocType / Çalakiya DocType,
For Document Event,Ji bo Bûyera Belgeyê,
For User,ji bo User,
For Value,Ji bo Nirxê,
For example: {} Open,Mînak: {} Vek vekir,
"For help see <a href=""https://frappeframework.com/docs/user/en/guides/portal-development/web-forms"" target=""_blank"">Client Script API and Examples</a>","Ji bo alîkariyê <a href=""https://frappeframework.com/docs/user/en/guides/portal-development/web-forms"" target=""_blank"">API û Mînakên Nivîskarê Client</a> bibînin",
"For more information, <a class=""text-muted"" href=""https://erpnext.com/docs/user/manual/en/setting-up/email/linking-emails-to-document"">click here</a>.","Ji bo bêtir agahdarî, <a class=""text-muted"" href=""https://erpnext.com/docs/user/manual/en/setting-up/email/linking-emails-to-document"">li vir bikirtînin</a> .",
Force,Cebir,
Force Show,hêza nîşan,
Force User to Reset Password,Zencîre bikarhêner bikin ku şîfreyê Veşêrin,
Form Settings,Mîhengên Formê,
Form URL-Encoded,Forma URL-Veşandî,
Format,Çap,
Format Data,Data bi formata,
Forward To Email Address,Pêş To Email Address,
Fraction,fraction,
Fraction Units,Yekîneyên fraction,
Frappe,frappe,
Frequency,Pircarînî,
Friday,Roja Înê,
From,Ji,
From Date,ji Date,
From Date Field,Ji Date Field,
From Full Name,Ji Name Full,
From User,Ji Bikarhêner,
Full,Tije,
Full Name,Navê tam,
Full Width,Firehiya Tevahî,
Function,Karî,
GMail,Gmail,
Gantt,Gantt,
Gender,Regez,
Generate Keys,Keys Generate,
Geo,Geo,
Geolocation,Geolocation,
Get Contacts,Têkilî bibin,
Get your globally recognized avatar from Gravatar.com,Get avatar global naskirin xwe ji Gravatar.com,
Git Branch,Itaxê Git,
GitHub,GitHub,
Global Search DocType,DocType Lêgerîna Gloverî,
Global Search Settings,Mîhengên Lêgerîna Gloverî,
Global Unsubscribe,Global Unsubscribe,
Go to Page,Herin Rûpelê,
Google,Gûgil,
Google Analytics Anonymize IP,Google Analytics IP-yê Anonîm Bike,
Google Analytics ID,ID Analytics Google,
Google Calendar,Salnameya Google,
Google Calendar Event ID,ID Event Event Google,
Google Calendar ID,Nasnameya Google Calendar,
Google Contacts,Têkiliyên Google,
Google Contacts Id,Id Têkiliyên Google,
Google Drive,Google Drive,
Google Font,Google Font,
Google Settings,Mîhengên Google,
Google Snippet Preview,Pêşniyara Snippet Google,
Grant Type,Type Grant,
Green,Kesk,
Group,Kom,
Group By,Koma By,
Group By Based On,Koma Li Ser Damezrandinê,
Group By Type,Koma Bi Tîpa,
Guest,Mêvan,
HH:mm,HH: mm,
HH:mm:ss,HH: mm: ss,
HTML,HTML,
HTML Editor,Edîtora HTML,
HTML Page,Rûpela HTML,
HTML for header section. Optional,HTML ji bo beşa header. Bixwe,
Half,Nîv,
Half Yearly,nîv Hit,
Half-yearly,Nîv salî,
Has  Attachment,has Attachment,
Has Domain,has Domain,
Has Role,has Role,
Has Web View,Has Web View,
Header,header,
Header HTML,Header HTML,
Header and Breadcrumbs,Serî û readûnpêdan,
Headers,Headers,
Heading,Sernivîs,
Heatmap,Nexşeya germê,
Help,Alîkarî,
Help Article,alîkarî Babet,
Help Articles,alîkarî babetî,
Help Category,alîkarî Kategorî,
Help Dropdown,Alîkariya Dropdownê bikin,
Help HTML,alîkarî HTML,
Helvetica,Helvetica,
Hidden,Veşartî,
Hide,Veşartin,
Hide Block,Blokê veşêrin,
Hide Border,Sînor Veşêre,
Hide CTA,CTA veşêre,
Hide Copy,Naverokan veşêre Copy,
Hide Custom DocTypes and Reports,DocTypes û Raporên Xweser veşêrin,
Hide Days,Rojan Veşêre,
Hide Footer Signup,Naverokan veşêre Rêza Signup,
Hide Login,Login veşêre,
Hide Seconds,Seconds Veşêre,
Hide Standard Menu,Naverokan veşêre Menu Standard,
Hide footer in auto email reports,Di raporên emailên otomobîlan de veşêre,
High,Bilind,
Higher priority rule will be applied first,Rêza pêşînek mezintir dê pêşî were sepandin,
Highlight,highlight,
Home,Xane,
Home Page,Home Page,
Home Settings,Mîhengên Xanî,
Hourly,Seetî,
Hourly Long,Demjimêr dirêj,
Hourly rate limit for generating password reset links,Sînora rêjeya demjimêr ji bo hilberîna girêdanên vesazkirina şîfreyê,
"How should this currency be formatted? If not set, will use system defaults","Divê çawa vê currency were formatkirin? Heke ne, wê nirxên standard pergalê bi kar bîne",
ID (name) of the entity whose property is to be set,ID (name) ji aliyekê milkên e ku were damezirandin,
IP Address,Navnîşana IP&#39;yê,
Icon,Îkon,
Icon will appear on the button,Icon di ser bişkojka dê çawa xuya,
Identity Details,Agahiya Navnîşan,
Idx,IDX,
"If Apply Strict User Permission is checked and User Permission is defined for a DocType for a User, then all the documents where value of the link is blank, will not be shown to that User","Ger Apply Strict Destûr User kontrolkirin û Destûr User is bo DOCTYPE ji bo User danasîn, wê demê hemû belgeyên ku value of the link vala ye, dê ji bo ku bikarhêner li banî tê ne",
If Checked workflow status will not override status in list view,Ger statûya workflow Checked wê statûya li view lîsteya override ne,
"If Icon is set, it will be shown instead of Label","Heke îkon were saz kirin, ew ê li şûna Labelê were nîşandan",
"If checked, all other workflows become inactive.","Eger kontrolkirin, hemû qelizandin din neçalak bibin.",
"If checked, users will not see the Confirm Access dialog.","Eger kontrolkirin, bikarhênerên bi wê dialog Confirm Têketinê bibînin.",
"If disabled, this role will be removed from all users.","Ger qedexekirin, ev rola wê ji hemû bikarhêneran rakirin.",
"If enabled,  user can login from any IP Address using Two Factor Auth, this can also be set for all users in System Settings","Ger çalak be, bikarhêner dikare ji Navnîşana IP-yê têkeve nav Autor du Faktor têkevî, ev jî dikare ji bo hemî bikarhêneran di Sîstemên Sîstemê de were danîn.",
"If enabled, all users can login from any IP Address using Two Factor Auth. This can also be set only for specific user(s) in User Page","Heke çalak kirin, hemî bikarhêner dikarin ji bikarhênerên IP-ê bikar bînin bikar bînin. Ev dikare tenê ji bo bikarhênerên taybet yên di nav Page",
"If enabled, changes to the document are tracked and shown in timeline","Heke were gengaz kirin, guharîn li belgeyê hatî şopandin û di demê de têne xuyang kirin",
"If enabled, document views are tracked, this can happen multiple times","Heke çalak be, nêrînên belgeyê şopandin, ev dikare gelek caran çêbibe",
"If enabled, the document is marked as seen, the first time a user opens it","Heke ku were gengaz kirin, belge wekî tê dîtin, cara yekem e ku bikarhênerek wê vedibe",
"If enabled, the notification will show up in the notifications dropdown on the top right corner of the navigation bar.","Heke were çalak kirin, dê notification di dropdown notifications de li goşeyê rastê jorîn ê barê navîgasyonê nîşan bide.",
"If enabled, the password strength will be enforced based on the Minimum Password Score value. A value of 2 being medium strong and 4 being very strong.","Heke hilbijartî be, hêza vê şîfreya dê li ser bingeha herî kêm nirxê Password Score bi zorê. A value of 2 bûyîna navîn bi hêz û 4 ku pir xurt.",
"If enabled, users who login from Restricted IP Address, won't be prompted for Two Factor Auth","Heke çalak kirin, bikarhênerên ku ji navnîşana IP-IP-Nîsanê vekirî, dê ji bo Faktorê Du Faktorê neyê pejirandin",
"If enabled, users will be notified every time they login. If not enabled, users will only be notified once.","Heke hilbijartî be, bikarhênerên dê hên her dem ew login. Eger ne çalak, bikarhênerên wê bi tenê bê carekê xistin.",
If non standard port (e.g. 587),Ger port ne standard (nimûne: 587),
"If non standard port (e.g. 587). If on Google Cloud, try port 2525.","Heke porta standard ne (mînak 587). Ger li Google Cloud, li portê 2525 hewl bike.",
"If non-standard port (e.g. POP3: 995/110, IMAP: 993/143)","Ger porta ne-standard (mînak POP3: 995/110, IMAP: 993/143)",
"If not set, the currency precision will depend on number format","Ger set ne, azmûn dike pereyan wê li format hejmara girêdayî",
"If the user has any role checked, then the user becomes a ""System User"". ""System User"" has access to the desktop","Ger user ti rola kontrol heye, piştre bikarhêner &quot;System User&quot; dibe. &quot;Pergala User&quot; access to the desktop heye",
If user is the owner,Ger user xwediyê e,
"If you set this, this Item will come in a drop-down under the selected parent.","Eger tu vê set, ev babet dê di dilopa-bin û bav hilbijartin bên.",
"If your data is in HTML, please copy paste the exact HTML code with the tags.","Ger daneyên te li HTML e, ji kerema xwe ve kopî bi îmêlî vrêkey HTML koda ku tam bi tags.",
Ignore User Permissions,Guh Permissions Bikarhêner,
Ignore XSS Filter,Guh XSS Filter,
Ignore attachments over this size,Guh attachments li ser vê size,
Ignored Apps,Bernameyên paşguh kirin,
Image,Wêne,
Image Field,Wêne Field,
Image Link,Link Wêne,
Implicit,zimnî,
Import,Malanîn,
Import File,Pelê Import,
Import File Errors and Warnings,Xelet û Hişyariyên Pelê Importnport bikin,
Import Log,Import bike Têkeve Têkeve,
Import Log Preview,Pêşniyara têketinê ya Log,
Import Preview,Preview Import,
Import Type,Type Type,
Import Warnings,Hişyariyên Import,
Import from Google Sheets,Import ji Sheets Google,
In Days,Di Rojan de,
In Filter,li Filter,
In Global Search,Di Global Search,
In List View,Li List View,
In Preview,Di Pêşdîtinê de,
In Reply To,In reply to,
In Standard Filter,Li Filter Standard,
In points. Default is 9.,Di xalên. Default 9 e.,
In seconds,Di sisiyan de,
Inbox,Inbox,
Inbox User,Bikarhênerê Inbox,
Include Search in Top Bar,INCLUDE Search in Top Bar,
Include Web View Link in Email,Di e-nameyê de zencîreya Web View-yê belgeyê bişînin,
Index,Naverok,
Index Web Pages for Search,Rûpelên Tevneyê ji bo Lêgerînê,
Indexing Authorization Code,Koda Destûra Dabeşandinê,
Indexing Refresh Token,Nîşana Refresh-ê nûvekirin,
Indicator,indicator,
Indicator Color,Indicator Color,
Info,Info,
Initial Sync Count,View Syncê destpêkê,
InnoDB,InnoDB,
Insert After,Insert Piştî,
Insert New Records,Daxuyaniyên nû binivîse,
Insert Style,Insert Style,
Installed Application,Serlêdana Sazkirî,
Installed Applications,Serlêdanên Sazkirî,
Int,Int,
Integration Request,Daxwaza Integration,
Integrations,Integrations,
Integrations can use this field to set email delivery status,Integrations dikarin li vê qadê ji bo rewşa delivery email bi kar tînin,
Interests,berjewendiyên,
Intermediate,Di nav,
Internal record of document shares,record navxweyî yên wek beşa belge,
Introduce your company to the website visitor.,Introduce şirketa we ji bo mêvanan li malpera.,
Introduction,Pêşkêş,
Introductory information for the Contact Us Page,Agahiyên destpêkê de ji bo Contact Us Page,
Invalid,Seqet,
Inverse,bervajiya,
Is Active,çalak e,
Is Attachments Folder,E Attachments Folder,
Is Billing Contact,Têkiliya Billing e,
Is Child Table,E Table Zarokan,
Is Complete,Temam e,
Is Completed,Ma Qediya,
Is Custom Field,E Custom Field,
Is Default,e Default,
Is Folder,e Folder,
Is Home Folder,E Home Folder,
Is Mandatory Field,E Mandatory Field,
Is Optional State,Dewleta Bijarte ye,
Is Primary,Destpêkî ye,
Is Primary Contact,E Primary Contact,
Is Primary Mobile,Destpêka Mîhrîcanê ye,
Is Primary Phone,Telefonê seretayî ye,
Is Private,taybet e,
Is Public,Gel e,
Is Published Field,Ma Published Field,
Is Single,Single e,
Is Skipped,Tê Girtin,
Is Spam,e Spam,
Is Standard,e Standard,
Is Submittable,Submittable e,
Is Table,e Table,
Is Tree,Tîrê ye,
Is Unique,Yekta ye,
Is Your Company Address,E Company te Address,
Item Label,Labelê babet,
Item Type,Type Type,
JS,JS,
JSON,JSON,
JSON Request Body,JSON Daxwaza Laş,
JavaScript,JavaScript,
JavaScript Format: frappe.query_reports['REPORTNAME'] = {},JavaScript Format: frappe.query_reports [ &#39;REPORTNAME&#39;] = {},
Javascript,Javascript,
Jinja,Jinja,
Kanban,Kanban,
Kanban Board,Kanban Board,
Kanban Board Column,Stûna Kanban Board,
Kanban Board Name,Navê Kanban Board,
Keep track of all update feeds,Li ser hemû feedsên nûjen bikeve binêrin,
Keeps track of all communications,Hemî ragihandinê didomîne,
Key,Qûfle,
Keyboard Shortcuts,Kurtikên Pêl,
Knowledge Base Contributor,Knowledge Base Contributor,
Knowledge Base Editor,Knowledge Nawy Base,
LDAP Email Field,LDAP Email Field,
LDAP First Name Field,LDAP First Name Field,
LDAP Group,Koma LDAP,
LDAP Group Field,Qada Group LDAP,
LDAP Group Mapping,Nexşeya Koma LDAP,
LDAP Group Mappings,Mappings Group LDAP,
LDAP Last Name Field,LDAP Navê Zeviyê,
LDAP Middle Name Field,Navê Navîn LDAP,
LDAP Mobile Field,LDAP Mobile Field,
LDAP Phone Field,Qada Telefonê LDAP,
LDAP Search String,LDAP Search String,
LDAP Security,Ewlekariya LDAP,
LDAP Server Url,LDAP Server Url,
LDAP Settings,Mîhengên LDAP,
LDAP User Creation and Mapping,Afirandina û Nexşeya Bikarhênerê LDAP,
LDAP Username Field,LDAP Username Field,
Label,Awanasî,
Label Help,Label Alîkarî,
Label and Type,Label û Type,
Landing Page,Rûpela armanckirî,
Language,Ziman,
Language Code,Code Ziman,
Language Name,Navê zimanê,
Last Active,Têketina dawî,
Last Backup On,Piştgiriya paşîn,
Last Execution,Rêgirtina Dawîn,
Last IP,Last IP,
Last Known Versions,Last Versions Kuh,
Last Login,Last Login,
Last Month,Meha Dawîn,
Last Name,Paşnav,
Last Password Reset Date,Dîroka Vejîna Passwordîfreya Dawîn,
Last Point Allocation Date,Dîroka Dabeşkirina Dawîn,
Last Quarter,Arşema paşîn,
Last Sync On,Sync Dîroka Dawîn,
Last Synced On,Last Synced On,
Last User,Bikarhênera paşîn,
Last Week,Hefteya çûyî,
Last Year,Sala borî,
Lead Conversion Time,Demjimêrîna Rêberê Demjimêr,
Leaderboard,Leaderboard,
Leave blank to repeat always,Vala bihêlin dubare tim,
Ledger,Ledger,
Left,Çep,
Legal,Mafî,
Length,Dirêjî,
Letter,Name,
Letter Head,nameya Serokê,
Letter Head Based On,Tête serê Serrast,
Letter Head Image,Wêneyê Serê Nîgarê,
Letter Head Name,Navê nameya Serokê,
Letter Head in HTML,Serokê nameya li HTML,
Level,Serrast,
Level Name,Navê Asta,
License,Îcaze,
Light Color,Rengê Ronahî,
Like,Çawa,
Likes,Likes,
Limit,Sînorkirin,
Limit Number of DB Backups,Hejmarên DB-ê yên DB-ê,
Line,Xet,
Link,Girêk,
Link Cards,Qertên Zencîre,
Link DocType,DocType Link,
Link Document Type,Type Document Link,
Link Fieldname,Link Fieldname,
Link Name,Navê Link,
Link Title,Title Link,
Link To,Link To,
Link to the page you want to open. Leave blank if you want to make it a group parent.,"Link ji bo vê rûpela tu dixwazî ku ji bo vekirina. Vala bihêlin heke hûn dixwazin, ev dê û bav koma bide.",
Linked,girêdayî,
Linked Documents,Belgeyên girêdayî,
Links,Links,
List,Rêzok,
List Filter,Peldanka Lîsteya,
List Settings,Mîhengên Lîsteyê,
List View Settings,Settings View List,
"List as [{""label"": _(""Jobs""), ""route"":""jobs""}]","Lîsteya wek [{ &quot;label&quot;: _ ( &quot;Jobs&quot;), &quot;route&quot;: &quot;kar&quot;}]",
List of patches executed,List of pîneyên darvekirin,
Load Balancing,Balavkirina Load,
Location,Cîh,
Log,Rojname,
Log Data,Daneya Log,
Log Setting User,Bikarhênerê Sazkirina Têketinê,
Log Settings,Mîhengên Têketinê,
Login,Login,
Login After,Login Piştî,
Login Before,Login Berî,
Login Required,Têketin pêwîst,
Logo Width,Firehiya Logo,
Logout,Derkeve,
Logout All Sessions on Password Reset,Di Danişîna Passwordîfreyê de Derketina Hemî Danişînan,
Logout From All Devices After Changing Password,Piştî Guhertina Passwordîfreyê Ji Hemî Amûran Derkeve,
Long Text,Nivîsar di Long,
Low,Nizm,
Main Section,Beþ main,
Main Section (HTML),Beşa sereke (HTML),
Main Section (Markdown),Beşa sereke (Markdown),
Maintenance Manager,Manager Maintenance,
Maintenance User,Maintenance Bikarhêner,
"Make ""name"" searchable in Global Search",Make &quot;name&quot; de lêgerîn di Global Search,
Mandatory,Bicî,
Mandatory Depends On,Zencîre girêdayî ye,
Map route parameters into form variables. Example <code>/project/&lt;name&gt;</code>,Parametreyên rêça nexşeyê di guhêrbên formê de Mînak <code>/project/&lt;name&gt;</code>,
Markdown,Markdown,
Markdown Editor,Edîtorê Markdown,
Marked As Spam,Mohra xwe Wekî Spam,
Max 500 records at a time,Max 500 records di demekê de,
Max Attachment Size (in MB),Max Attachment Size (di MB),
Max Attachments,Attachments Max,
Max Length,Max Length,
Max Value,Max Nirx,
Maximum,Zêdetir,
Maximum Number of Fields,Hejmara Zeviyên Zêdetir,
Maximum Points,Pîvanên Zêde,
Medium,Medya,
Meeting,Hevdîtinî,
Mention,Qalkirin,
Mentions,Mentions,
Message,Agah,
Message (HTML),Peyam (HTML),
Message (Markdown),Peyam (Markdown),
Message Examples,Nimûne Message,
Message ID,Message ID,
Message Parameter,Message parametreyê,
Message-id,Message-id,
Meta Description,Danasîna Meta,
Meta Image,Meta Wêne,
Meta Tags,Meta Tags,
Meta Title,Sernavê Meta,
Method,Awa,
Middle Name,Navê navbendî,
Milestone,Milestone,
Milestone Tracker,Milestone Tracker,
Minimum,Kêmtirîn,
Minimum Password Score,Siparîşa hindiktirîn Password Score,
Mobile No,Mobile No,
Module,Module,
Module Def,Module Def,
Module Name,Module Name,
Module Onboarding,Module Onboarding,
Modules HTML,modules HTML,
Monday,Duşem,
Monospace,Monospace,
Monthly,Mehane,
Monthly Long,Mehane dirêj,
More Information,Information More,
More content for the bottom of the page.,naveroka More bo binê rûpel.,
Multiplier Field,Zeviya pirjimar,
Must be a publicly accessible Google Sheets URL,Pêdivî ye ku ew URL-ya Google Sheets-a ku bi gelemperî tête peyda kirin be,
"Must be of type ""Attach Image""",Divê ji type be &quot;Attach Image&quot;,
Mute Sounds,Sounds Mute,
MyISAM,MyISAM,
Name,Nav,
Naming,Bidin,
Naming Series,Series Bidin,
Navbar,Navbar,
Navbar Item,Navbar Item,
Navbar Settings,Mîhengên Navbar,
Navbar Template,Navbar Template,
Navbar Template Values,Nirxên plateablonên Navbar,
New,Nşh,
New Name,Navê New,
New value to be set,nirxa nû ya ji bo danîna,
Newsletter,Newsletter,
Newsletter Email Group,Newsletter Email Group,
Newsletter Manager,Manager Newsletter,
Next Action Email Template,Belgeya Bersîvê Next Next,
Next Actions HTML,Next Çalakên HTML,
Next Schedule Date,Dîroka Schedule ya din,
Next State,Dewletê Next,
Next Sync Token,Next Sync Token,
No,Na,
No Copy,No Copy,
No of Requested SMS,No yên SMS Wîkîpediyayê,
No of Rows (Max 500),No ji Rows (Max 500),
No of Sent SMS,No yên SMS şandin,
Non Negative,Neyînî,
None,Netû,
Not Sent,Sent ne,
Note,Not,
Note Seen By,Têbînî Seen By,
Note: By default emails for failed backups are sent.,Têbigere: Ji hêla şîfreyên nayê veşartin veguhastin emails bişîne.,
"Note: For best results,  images must be of the same size and width must be greater than height.","Nîşe: Ji bo encamên çêtirîn, pêdivî ye ku wêneyên heman mezinahî be û عرض jî ji bilindiyê mezintir be.",
Note: Multiple sessions will be allowed in case of mobile device,Têbînî: danişînên Multiple dê di doza cîhazê mobile destûr,
Notification,Agahdayin,
Notification Log,Têketina Notification,
Notification Recipient,Recipe Recipient,
Notification Settings,Mîhengên Danûstendinê,
Notification Subscribed Document,Belavkirina Belgeya Pêşkeftinê,
Notifications,Notifications,
Notifications and bulk mails will be sent from this outgoing server.,Notifications û mailên bulk dê ji vê pêşkêşkarê nikarbe şandin.,
Notify Users On Every Login,Agahdar bike Bikarhêner li ser her Login,
Notify by Email,Bi e-nameyê agahdar bikin,
Notify by email,Notify by Email,
Notify if unreplied,"Agahdar bike, eger unreplied",
Notify if unreplied for (in mins),"Agahdar bike, eger unreplied bo (li mins)",
Notify users with a popup when they log in,bikarhênerên Notify bi popup gava ku ew jî têkeve,
Number Card,Qerta Jimareyê,
Number Card Link,Zencîreya Qerta Jimareyê,
Number Cards,Qertên Jimareyê,
Number Format,Format Number,
Number of Backups,Hejmara Backups,
Number of DB Backups,Hejmara DB Backups,
Number of Groups,Hejmara komên,
Number of columns for a field in a Grid (Total Columns in a grid should be less than 11),Hejmara ji stûnên ji bo zeviyek di Grid (Total Stûn di grid divê kêmtir ji 11 be),
Number of columns for a field in a List View or a Grid (Total Columns should be less than 11),Hejmara ji stûnên ji bo zeviyek di List View an jî Grid (Total Stûn divê kêmtir ji 11 be),
OAuth Authorization Code,OAuth Code Authorization,
OAuth Bearer Token,OAuth hilgirê Token,
OAuth Client,OAuth Client,
OAuth Client ID,Nasnameya Client OAuth,
OAuth Provider Settings,Settings Provider OAuth,
OTP App,OTP App,
OTP Issuer Name,Navnîşana OTP Issuer,
Off,Ji,
Office,Dayre,
Office 365,Office 365,
Older backups will be automatically deleted,unterstützt kevintir wê were jêbirin,
On Hold,Li Hold,
Onboarding Permission,Destûra Keştiyê,
Onboarding Step,Step Onboarding,
Onboarding Step Map,Onboarding Nexşeya Gavê,
"Once submitted, submittable documents cannot be changed. They can only be Cancelled and Amended.","Piştî radestkirinê, belgeyên radest nayên guheztin. Ew tenê dikarin werin betalkirin û nûvekirin.",
Only Allow Edit For,Tenê Destûrê biguherîne Ji bo,
Only Send Records Updated in Last X Hours,Tenê Send Records Nawy li Last X Hours,
Open,Vekirî,
Open Documents,Belgeyên Vekirî,
Open Reference Document,Belgeya Referensa Vekirî,
Open URL in a New Tab,Di Tabek Nû de URL vekin,
Open a dialog with mandatory fields to create a new record quickly,Bi zeviyên mecbûrî re guftûgoyek vekin ku zû zû tomarek nû çêbikin,
Opened,"vekirin,",
Operation,Emelî,
Optional: Always send to these ids. Each Email Address on a new row,Bijarî: Her tim bi van nasname bişîne. Her Email Address li ser row nû,
Optional: The alert will be sent if this expression is true,"Bijarî: The hişyar dê were şandin, eger ev îfade rast e",
Options,Vebijêrkên,
Options Help,Vebijêrkên Alîkarî,
Orange,porteqalî,
Order,Emir,
Org History,Dîroka org,
Org History Heading,Dîroka Org Berev,
Other,Yên din,
Outlook.com,Outlook.com,
Output,Karûabr,
PDF Page Size,PDF Page Size,
PDF Settings,Settings PDF,
Page,Rûpel,
Page Break,Page Break,
Page Builder,Avakar Rûpelê,
Page Building Blocks,Blokên Avakirina Rûpelê,
Page HTML,Page HTML,
Page Name,Page Name,
Page Settings,Mîhengên Rûpelê,
Parameter,parametreyê,
Parent Field (Tree),Zeviya dê û bavan,
Parent Label,Label dê û bav,
Partial Success,Serkeftina Partî,
Participants,Beşdarên,
Passive,Nejîr,
Password,Şîfre,
Password Reset Link Generation Limit,Sînora Nifşê Grêdankê Nûve Bike,
Password for Base DN,Şîfre ji bo Base DN,
Patch,Pîne,
Patch Log,pînê bike Têkeve Têkeve,
Path,Şop,
Path to CA Certs File,Rê li pelê Certificates CA,
Path to Server Certificate,Riya Serîlêderê ya Sertîfîkayê,
Path to private Key File,Rê li ber Peleya Keysê Taybet,
Pending,Nexelas,
Pending Approval,Li benda erêkirinê ye,
Pending Verification,Li benda Verêkirinê,
Percent,ji sedî,
Percentage,Rêza sedikê,
Period,Nixte,
Perm Level,Level Perm,
Permanent,Herdem,
Permission Level,Level destûr,
Permission Rules,Rules destûr,
Permissions,Permissions,
Permitted Documents For User,Belgeyên ku destûr bo User,
Personal,Şexsî,
Personal Data Deletion Request,Daxwaza Danîna Daneyên Kesane,
Personal Data Download Request,Daxwaza Daxistina Daneyên kesane,
Phone,Phone,
Phone No.,Jimara telefonê,
Phone Number,Jimare telefon,
Pie,Paste,
Pincode,Pincode,
Plant,Karxane,
Point Allocation Periodicity,Periodsîbûna Allocation Point,
Points,Points,
Port,Bender,
Portal Menu,Menu Portal,
Portal Menu Item,Babetê Menu Portal,
Portal Settings,Settings Portal,
Position,Rewş,
Postal,postal,
Postal Code,Kodeya postê,
Precision,Tamî,
Preferred Billing Address,Tercîh Navnîşana Fatûreyê,
Preferred Shipping Address,Tercîh Navnîşana Şandinê,
Prefix,Pêşkîte,
Prepared Report,Raporta amade kirin,
Prepared Report User,Bikarhênerê Rapora Amadekar,
Preview,Pêşnerîn,
Preview HTML,Preview HTML,
Preview Message,Message Message,
Previous Hash,Previous Hash,
Primary,Bingehîn,
Primary Color,Rengê seretayî,
Print,Çap,
Print Format,Print Format,
Print Format Builder,Builder Print Format,
Print Format Help,Print Format Alîkarî,
Print Format Type,Print Format,
Print Hide,Print veşêre,
Print Hide If No Value,Print veşêre Eger No Nirx,
Print Server,Server Print,
Print Settings,Settings bo çapkirinê,
Print Style,Print Style,
Print Style Name,Navê Navekî Çap Bike,
Print Style Preview,Print Preview Style,
Print UOM after Quantity,Li dû Hêmanê UOM çap bikin,
Print Width,Firehiya bo çapkirinê,
"Print Width of the field, if the field is a column in a table","Print Firehiya yên zeviyê de, eger nav zeviyê stûnek di ser sifrê ye",
Print taxes with zero amount,Bacê bi mûzek zûtirîn çap bikin,
Print with letterhead,Print bi letterhead,
Printer Name,Navê Peldanka,
Printing,Çapnivîs,
Priority,Pêşeyî,
Private,Taybet,
ProTip: Add <code>Reference: {{ reference_doctype }} {{ reference_name }}</code> to send document reference,ProTip: lê zêde bike <code>Reference: {{ reference_doctype }} {{ reference_name }}</code> ji bo şandina referansa belge,
Property,Mal,
Property Depends On,Xanî bi Dikeve,
Property Setter,Taybetmendiyên Setter,
Property Setter overrides a standard DocType or Field property,Taybetmendiyên Setter şûna a DocType standard yan xanîyê Field,
Property Type,Corê Xanûberey,
Provider,Provider,
Provider Name,Navê Navekî,
Public,Alenî,
Publish,Weşandin,
Published,Published,
Published On,Published ser,
Pull from Google Calendar,Ji Salnameya Google-ê dakêşin,
Pull from Google Contacts,Ji Têkiliyên Google-ê dakêşin,
Pulled from Google Calendar,Ji Salnameya Google-ê vekişand,
Pulled from Google Contacts,Ji Têkiliyên Google vekişand,
Purchase Manager,Manager kirîn,
Purchase Master Manager,Buy Master Manager,
Purchase User,Buy Bikarhêner,
Purple,Mor,
Push to Google Calendar,Binêre Google Calendar,
Push to Google Contacts,Pêdivî ye ku Têkilî Google bike,
Quarterly,Bultena,
Query,Pirs,
Query / Script,Pirs / Nivîsar,
Query Options,Vebijêrkên Lęgerîn,
Query Report,query Report,
Queued,li hêvîya,
Quick Entry,Peyam Quick,
RAW Information Log,Log Agahdariya RAW,
Random,Bêpayîn,
Rating,Rating,
Raw Commands,Fermanên Raw,
Raw Email,Email Raw,
Raw Printing,Çapkirina Raw,
Read,Xwendin,
Read Only,Read Tenê,
Read Only Depends On,Bixwînin Bi tenê Zêde Bibin,
Read Time,Wextê Bixwînin,
Read by Recipient,Ji hêla Recipientê bixwînin,
Read by Recipient On,Ji hêla Recipient Onê bixwîne,
Reason,Semed,
Received,"stand,",
Receiver By Document Field,Receiver By Field Document,
Receiver By Role,Receiver By Rol,
Receiver Parameter,Receiver parametreyê,
Recipient,Girtevan,
Recipient Unsubscribed,Recipient Unsubscribed,
Recipients,Kesên,
Recorder,Recorder,
Red,Sor,
Redirect URI Bound To Auth Code,Beralîkirina URI Bound To Code Auth,
Redirect URIs,Beralîkirina navên,
Redirect URL,Beralîkirina URL,
Ref DocType,Ref DocType,
Reference,Balkêşî,
Reference Date,Date: Çavkanî,
Reference DocName,DocName,
Reference DocType,DocType Reference,
Reference Docname,Çavkanî DocName,
Reference Doctype,Doctype Reference,
Reference Document,Dokumentê Reference,
Reference Document Name,Navnîşa Dokumentê,
Reference Document Type,Dokumenta Belgeyê,
Reference Name,Navê Referansê,
Reference Owner,Çavkanî Xwedî,
Reference Report,Rapora Reference,
Reference Type,Type Reference,
Reference name,Navê Reference,
Referrer,Referrer,
Refresh Google Sheet,Google Sheet nûve bikin,
Refresh Token,Refresh Token,
Rejected,red,
Relinked,Relinked,
Reload,Rûpelê,
Remember Last Selected Value,Bi bîr bîne Last Nirx Hilbijartî,
Reminder,Reminder,
Repeat On,dubare ser,
Repeat Till,dubare Till,
Repeat on Day,Dibe Dike,
Repeat on Last Day of the Month,Di Roja Dawîn a Mehê de dubare bikin,
Repeat this Event,Dubare vê Event,
Replied,vegerand û got:,
Reply,Bersiv,
Report,Nûçe,
Report Builder,Report Builder,
Report Column,Stûna Ragihandinê,
Report Description,Danasîna Raporê,
Report Filter,Parzûna Ragihandinê,
Report Filters,Report Parzûn,
Report Hide,Report veşêre,
Report Information,Agahdariya Raportê,
Report Manager,Report Manager,
Report Name,Report Name,
Report Reference Doctype,Doctype ya Referensa Ragihandin,
Report Type,Report Type,
Reports,Reports,
Represents a User in the system.,Temsîl dike User di sîstema.,
Represents the states allowed in one document and role assigned to change the state.,Nûnertiya dewletên destûr li yek belge û rola rêdan ji bo guhertina dewletê.,
Request Data,Daneyên Daxwazî,
Request Structure,Struktura daxwaz bikin,
Request URL,Request URL,
Requested Numbers,Numbers xwestin,
Require Trusted Certificate,Sertîfîkayê Pêwîstî Daxwazin,
Reset Password Key,Key Password reset bike,
Response,Bersiv,
Response Type,Type Response,
Restored,restore,
Restrict IP,teng bike IP,
Restrict To Domain,Bixebitin To Domain,
Restrict to Domain,Teng bike To Domain,
Restrict user from this IP address only. Multiple IP addresses can be added by separating with commas. Also accepts partial IP addresses like (111.111.111),Teng bike user from tenê ev Adresa IP&#39;yê. navnîşanên IP Multiple dikare veqetîne û bi hev biqetîne added. Jî qebûl adresên bi qismî wek (111.111.111),
Retry,Biceribîne,
Reverse Icon Color,Reverse Icon Color,
Revert,Şûndehatin,
Revert Of,Vegere Of,
Reverted,Vegerandin,
Review,Axaftin,
Review Level,Asta Review,
Review Levels,Astên Review,
Review Points,Points Review,
Revoked,bêparkirin,
Rich Text,Nivîsar di Rich,
Right,Rast,
Robots.txt,robots.txt,
Role,Role,
Role Name,Navê rola,
Role Permission for Page and Report,Destûr Role ji bo Page û Raport,
Role Permissions,Permissions rola,
Role Permissions Manager,Permissions rola Manager,
Role Profile,Profile Profile,
Role and Level,Role û Level,
Roles,roleke,
Roles Assigned,rolên Assigned,
Roles HTML,rolên HTML,
Roles Html,Rola Html,
Round Robin,Robin Round,
Route,Rêk,
Route History,Dîroka Rûwayê,
Route Redirects,Beralîkirinan,
"Route: Example ""/desk""",Rê: Mînak &quot;/ maseyê&quot;,
Row Index,Index Index,
Row Name,Navê Rêzê,
Rows Added,rows Ev babete ji layê,
Rows Removed,rows Rakirin,
Rule,Rêz,
Rule Conditions,Rertên Rule,
Rule Name,Navê Rêzdar,
Rules defining transition of state in the workflow.,Rules pênasekirina derbasbûna ji dewletê di workflow.,
"Rules for how states are transitions, like next state and which role is allowed to change state etc.","Qaîdeyên ji bo ku çawa dewletên pêvajoya derbasbûyînê, wek dewleteke din û ku rola in heye ku bi guherandina dewletê û hwd.",
Rules with higher priority number will be applied first.,Dê rêzikên ku xwedan jimareya pêşîniyê mezintir in pêşî bêne sepandin.,
Run Jobs only Daily if Inactive For (Days),Ger Neçalak Ji Bo (Rojan) Bikaribin Karê Tenê Rojane Bikin,
Run scheduled jobs only if checked,Run karên Biryar tenê eger kontrolkirin,
S3 Backup Settings,S3 Backup Settings,
S3 Bucket Details,S3 Agahdariyên Kepçeyê,
SMS,SMS,
SMS Gateway URL,URL SMS Gateway,
SMS Log,SMS bike Têkeve Têkeve,
SMS Parameter,parametreyê SMS,
SMS Settings,Settings SMS,
SMTP Settings for outgoing emails,Settings SMTP bo emails nikarbe,
"SQL Conditions. Example: status=""Open""",Şertên SQL. Mînak: status = &quot;Open&quot;,
SSL/TLS Mode,Mode SSL / TLS,
Sales Manager,Manager Sales,
Sales Master Manager,Manager firotina Master,
Sales User,Sales Bikarhêner,
Salesforce,Salesforce,
Salutation,Silav,
Sample,Mînak,
Saturday,Şemî,
Save,Rizgarkirin,
Scheduled,scheduled,
Scheduled Job,Karê nexşandî,
Scheduled Job Log,Têketina Karê Barkirî,
Scheduled Job Type,Tîpa Kar a Zayendî,
Scheduled To Send,Scheduled bişînin,
Scheduler Event,Bûyera Scheduler,
Scope,Qada,
Scopes,Scopes,
Script,Nivîs,
Script Manager,Gerînendeyê Script,
Script Report,script Report,
Script Type,script Type,
Script to attach to all web pages.,Script Zêdekirina pêvekê bi ser hemû rûpelên webê.,
Search Fields,Fields Search,
Search Priorities,Pêşiyên Lêgerînê,
Section,Liq,
Section Break,Break Beþ,
Security Settings,Mîhengên ewlekariyê,
Seen,dît,
Seen By,dît By,
Seen By Table,Dît By Table,
Select,Neqandin,
Select Dashboard,Dashboard hilbijêrin,
Select Date Range,Rêjeya Dîrokê hilbijêrin,
Select DocType,Hilbijêre DocType,
Select Doctype,Doctype hilbijêrin,
Select Transaction,Hilbijêre Transaction,
Select an image of approx width 150px with a transparent background for best results.,wêneyekî width nêzî 150px Select bi a background transparent ji bo encamên herî baş.,
Select the label after which you want to insert new field.,li label piştî ku tu dixwazî têxe nav zeviyê ya nû hilbijêre.,
Send After,Send Piştî,
Send Alert On,Send Alert ser,
Send Email Alert,Send Email Alert,
Send Email Print Attachments as PDF (Recommended),Send Attachments Email Print wek PDF (Serwer),
Send Email for Successful Backup,Ji bo Serkeftî ya Serkeftî ya Îmêlê bişîne,
Send Email for Successful backup,Ji bo Serkeftî ya Serkeftî ya Îmêlê bişîne,
Send Me A Copy of Outgoing Emails,Ji min re kopiyek derketin e-mail bişîne,
Send Notification To,Agahdarî bişîne da,
Send Notification to,Agahdarî bişîne da,
Send Notifications For Documents Followed By Me,Ji bo Belgeyên Bi Meopandina Me Notandname bişînin,
Send Notifications For Email Threads,Ji bo Mijarên E-nameyê Agahdariyan bişînin,
Send Notifications To,Send Notifications To,
Send Print as PDF,Send Ji bo çapkirinê PDF,
Send System Notification,Ragihandina Pergalê bişînin,
Send To All Assignees,Ji Hemî Destnîşanan re Sendandin,
Send Unsubscribe Link,Send Unsubscribe Link,
Send Welcome Email,Send Bi xêr hatî Email,
Send alert if date matches this field's value,Send hişyar eger date matches nirxa vê qadê da,
Send alert if this field's value changes,Send hişyar eger Guherandinên nirxa vê qadê da,
Send an email reminder in the morning,Send an bîrxistineke email di sibê,
Send days before or after the reference date,Send rojan berî an jî piştî date referansa li,
Send enquiries to this email address,Send pirsên ji bo vê navnîşana email,
Send only if there is any data,Send tenê eger e hemû daneyên li wir,
Send unsubscribe message in email,Mesajên derketin li email,
Sender,virrêkerî,
Sender Email,Sender Email,
Sender Name,Navê virrêkerî,
Sendgrid,Sendgrid,
Sending,şandina,
Sent,Şandin,
Sent On,şandin ser,
Sent Read Receipt,Şandin Meqbûz Read,
Sent To,şandin To,
Sent or Received,Şandin an pêşwazî,
Sent/Received Email,Şandin / Received Email,
Separator,Separator,
Sequence Id,Nasnameya Rêzê,
Series List for this Transaction,Lîsteya Series ji bo vê Transaction,
Server Action,Actionalakiya Server,
Server IP,IP IP,
Server Script,Server Script,
Service,Xizmetkar,
Session Default,Session Default,
Session Default Settings,Mîhengên Default Session,
Session Defaults,Session Defaults,
Set Banner from Image,Set Banner ji Wêne,
"Set Default Options for all charts on this Dashboard (Ex: ""colors"": [""#d1d8dd"", ""#ff5858""])","Vebijarkên Defaultê ji bo hemî nexşeyên li ser vê Dashboardê saz bikin (Ex: &quot;reng&quot;: [&quot;# d1d8dd&quot;, &quot;# ff5858&quot;])",
Set New Password,Set New Password,
Set Property After Alert,Set babet Piştî Alert,
Set Role For,Set Role Ji bo,
Set Value,Set Nirx,
Set non-standard precision for a Float or Currency field,Set azmûn ne-standard ji bo zeviyek Float an Exchange,
Settings,Mîhengên,
Settings Dropdown,Settings Dropdown,
Settings for Contact Us Page,Mîhengên ji bo Contact Us Page,
Settings for the About Us Page,Mîhengên ji bo About Us Page,
Setup,Damezirandin,
Setup Complete,Setup Complete,
Setup Wizard,sęrbaziya sazkirinę,
Share,Par,
Shared,Shared,
Shipping,Shipping,
Shop,Dikan,
Short Name,Navê Short,
Shortcuts,Kurteçîrok,
Show Attachments,Attachments Show,
Show Dashboard,Dashboard nîşan bide,
Show Document,Belge nîşan bide,
Show Failed Logs,Nexşeyên têkçûn nîşan bidin,
Show Form Tour,Tûra Formê Nîşan bidin,
Show Full Error and Allow Reporting of Issues to the Developer,Nîşan Error Full û Destûrê bide Rapor ji Issues ji Developer,
Show Full Form?,Forma Temam nîşan bide?,
Show Line Breaks after Sections,Show Line Breaks piştî Sections,
Show Percentage Stats,Statîstîkên Sedî Nîşan bidin,
Show Preview Popup,Pêşdîtina Popup nîşan bide,
Show Report,Report Report,
Show Section Headings,Show Beþ Headings,
Show Sidebar,Show Kêlekê,
Show Title,Show Title,
Show as cc,Show wek cc,
Show full form instead of a quick entry modal,Li şûna modal a ketina bilez forma tevahî nîşan bidin,
Show in Module Section,Show li Beþ Module,
Show in filter,Li filterê nîşan bide,
Show percentage difference according to this time interval,Li gorî vê navberê demê cûdahiya sedî nîşan bikin,
"Show title in browser window as ""Prefix - title""",title Show in browser window wek &quot;pêşbendik - title&quot;,
Sidebar Items,Nawy Kêlekê,
Sidebar Settings,Settings Darikê Kêlekê yê,
Sidebar and Comments,Darikê Kêlekê û Comments,
Signature,Destnîşan,
"Simple Python Expression, Example: Status in (""Closed"", ""Cancelled"")","Xuyangkirina Python Simple, Mînak: Rewşek di (&quot;Girtî&quot;, &quot;Betal&quot;)",
"Simple Python Expression, Example: Status in (""Invalid"")","Xuyangê Python Simple, Mînak: Rewş in (&quot;Invalid&quot;)",
"Simple Python Expression, Example: status == 'Open' and type == 'Bug'","Xuyangkirina Python hêsan, Mînak: statû == &#39;Vebijêrk&#39; û celeb == &#39;Bug&#39;",
Simultaneous Sessions,"Sessions, Stewr,",
Single Types have only one record no tables associated. Values are stored in tabSingles,Types Single xwedî tenê yek rekor no maseyên têkildar. Nirxên bi li tabSingles profîlek,
Skip Authorization,Skip Authorization,
Skype,Skype,
Slack,Slack,
Slack Channel,Slack Channel,
Slack Webhook URL,Slack Webhook URL,
Slideshow,Slideshow,
Slideshow Items,Nawy Slideshow,
Slideshow Name,Navê Slideshow,
Slideshow like display for the website,Slideshow wek display ji bo malpera,
Small Text,Nivîsar di small,
Smallest Currency Fraction Value,Biçûk nirxa dirava Fraction,
Smallest circulating fraction unit (coin). For e.g. 1 cent for USD and it should be entered as 0.01,"Biçûk beşa aydî fraction (coin). Ji bo nimûne, 1 ji sedî ji bo USD û jî, divê wekî 0.01 ketin",
Social,Civatî,
Social Link Settings,Mîhengên Girêdana Civakî,
Social Link Type,Tîpa Zencîreya Civakî,
Social Login Key,Key Keyeya Civakî,
Social Login Provider,Têkiliya Civakî ya Civakî,
Social Logins,Logins Social,
Soft-Bounced,Soft-tayekî,
Sort Field,Sort Field,
Sort Order,Sort Order,
Source,Kanî,
Source Name,Navê Source,
Source Text,Source Nivîsar di,
Spam,spam,
SparkPost,SparkPost,
Standard,Wek herdem,
Standard Sidebar Menu,Menu Kêlekê Standard,
Start Date,Destpêk Date,
Start Date Field,Dest Dîroka Destpêk,
Start Time,Time Start,
StartTLS,StartTLS,
Started,Destpêk,
Starts on,dest li ser,
State,Rewş,
State/Province,Dewlet / Parêzgeh,
States,Amerîka,
Static Parameters,Parameters Static,
Stats,Statîstîk,
Stats Time Interval,Navbera Demjimêr,
Status,Cî,
Step,Gav,
Steps,Gavên,
Stopped,rawestandin,
Stores the JSON of last known versions of various installed apps. It is used to show release notes.,Dikanên li JSON ji versions cara zanîn ji apps cuda. Ev tê bikaranîn nîşan notes berdana.,
Style,Awayî,
Style Settings,Settings Style,
"Style represents the button color: Success - Green, Danger - Red, Inverse - Black, Primary - Dark Blue, Info - Light Blue, Warning - Orange","Style nûnertiya rengê bişkoka li: Serkeftina - Green, Danger - Red, bervajiya - Black, Primary - Dark Blue, Info - Light Blue, Warning - Orange",
Stylesheet,Stylesheet,
"Sub-currency. For e.g. ""Cent""","Sub-currency. Ji bo nimûne, &quot;Cent&quot;",
Sub-domain provided by erpnext.com,Sub-domain provided by erpnext.com,
Subdomain,Subdomain,
Subject,Mijar,
Subject Field,Qada mijara,
Submit,Nermijîn,
Submit After Import,Piştî Importê bişînin,
Submitted,şandin,
Subsidiary,Şîrketa girêdayî,
Subtitle,Binnivîs,
Success,Serketinî,
Success Action,Çalakiya Serkeftî,
Success Message,Message serkeftinê,
Success URL,URL serkeftinê,
Sum,Giş,
Sunday,Yekşem,
Symbol,Nîşan,
Sync,Sync,
Sync with Google Calendar,Bi Salnameya Google re hevrêz bibin,
Sync with Google Contacts,Bi Têkiliyên Google re hevrêz bibin,
System,Sîstem,
System Console,Pergala Konsolê,
System Manager,sîstema Manager,
System Notification,Ragihandina Pergalê,
System Page,System Page,
System Settings,System Settings,
System managers are allowed by default,Gerînendeyên pergalê ji hêla default ve têne destûr kirin,
Table,Mêz,
Table Break,Break Table,
Table HTML,Table HTML,
Table MultiSelect,Table MultiSelect,
Tag,Tag,
Tag Link,Girêdana Tag,
Target,Armanc,
Tax Category,Kategoriya Bacê,
Team Members,Endam Team,
Team Members Heading,Endam Team Berev,
Template,Şablon,
Template Options,Vebijarkên şablonê,
Template Warnings,Hişyariyên şablonê,
Text,Nivîstok,
Text Align,Nivîsar di Paris,
Text Color,text Color,
Text Content,Content text,
Text Editor,Nawy text,
The name that will appear in Google Calendar,Navê ku dê li Calendar Google be,
The user from this field will be rewarded points,Bikarhêner ji vê qadê dê xalên xelat werin dayîn,
The webhook will be triggered if this expression is true,"Ger ev vegotinek rast be, dê pelgeya malperê were şandin",
Theme,Mijad,
Theme Configuration,Veavakirina Mijarê,
Theme URL,URL URL,
These values will be automatically updated in transactions and also will be useful to restrict permissions for this user on transactions containing these values.,"Ev nirxên wê were li muamele ve û herweha ji bo bisînorkirina destûrên ji bo this user li ser danûstandinên dihewînin, mînakên van nirxên wê baş bibe.",
Third Party Authentication,Partiya sêyemîn Têketin,
This card will be available to all Users if this is set,Ger ev were saz kirin ev kart dê ji hemî Bikarhêneran re hebe,
This chart will be available to all Users if this is set,Ger ev saz kirin dê ev xet ji hemî Bikarhêneran re hebe,
This format is used if country specific format is not found,"Ev format tê bikaranîn, eger format taybet welat de tê dîtin bi",
This goes above the slideshow.,Ev diçe li ser slideshow.,
This is an example Google SERP Preview.,Ev mînakek Pêşniyara Google SERP e.,
This is the number of the last created transaction with this prefix,"Ev hejmara dawî ya muameleyan tên afirandin, bi vê prefix e",
This will be shown in a modal after routing,Ev ê piştî rêvekirinê di modalek de tê nîşandan,
This will be shown to the user in a dialog after routing to the report,Ev dê piştî rêvekirina raporê di diyalogê de ji bikarhêner re were nîşandan,
Thumbnail URL,URL Thumbnail,
Thursday,Pêncşem,
Time,Dem,
Time Format,Format Time,
Time Interval,Interval dem,
Time Series,Series Series,
Time Series Based On,Series Series Time On On,
Time Zone,Qada demê,
Time Zones,Herêmên Time,
Time format,Format Time,
Time in seconds to retain QR code image on server. Min:<strong>240</strong>,Demjimêr di sisiyan de li ser qonaxa QR codeê li ser serverê bimînin. Min: <strong>240</strong>,
Timeline,Timeline,
Timeline DocType,DocType Timeline,
Timeline Field,Timeline Field,
Timeline Links,Girêdanên Timeline,
Timeline Name,Navê Timeline,
Timeseries,Bûyeran,
Timespan,Timespan,
Timestamp,demxeya,
Title,Nav,
Title Field,title Field,
Title Prefix,title pêşbendik,
To,Ber,
To Date,to Date,
To Date Field,To Date Field,
To and CC,To û CC,
"To use Slack Channel, add a <a href=""#List/Slack%20Webhook%20URL/List"">Slack Webhook URL</a>.","Ji bo karanîna Kanala Slack, <a href=""#List/Slack%20Webhook%20URL/List"">URL-</a> a <a href=""#List/Slack%20Webhook%20URL/List"">Slack Webhook</a> lê zêde bikin.",
ToDo,Kirin,
Token,token,
Top,Lûtik,
Top Bar Item,Babetê Top Bar,
Top Bar Items,Nawy Top Bar,
Topic,Mijar,
Total Subscribers,Total Subscribers,
Total number of emails to sync in initial sync process ,Hejmara giştî ya emails senkronîze di pêvajoya Synca pêşî,
Traceback,Traceback,
Track Changes,Track Changes,
Track Email Status,Track Status Email,
Track Field,Track Field,
Track Seen,Track Ruiz,
Track Views,Track Views,
Track milestones for any document,Pêlên ji bo her belgeyê bişopînin,
Transaction Hash,Transaction Hash,
Transaction Log,Têkiliya Logê,
Transaction Log Report,Raporta Log Report,
Transition Rules,Rules Transition,
Transitions,Transitions,
Translatable,Wergerandin,
Translated Text,Nivîsar di wergerandî,
Translation,Werger,
Trash,Zibil,
Tree,Dar,
Tree structures are implemented using Nested Set,Strukturên daran bi karanîna Nested Set têne bicîh kirin,
Trigger Method,Method Trigger,
"Trigger on valid methods like ""before_insert"", ""after_update"", etc (will depend on the DocType selected)","Trigger li ser rêbazên derbasdar wek &quot;before_insert&quot;, &quot;after_update&quot;, û hwd. (Dê li ser DocType hilbijartin girêdayî ye)",
Tuesday,Sêşem,
Two Factor Authentication,Daxuyaniya Du Factor,
Two Factor Authentication method,Method Mîhengkirina Du Factor,
Type,Awa,
UID,UID,
UIDNEXT,UIDNEXT,
UIDVALIDITY,UIDVALIDITY,
UNSEEN,nayên dîtin,
URL,URL,
URL for documentation or help,URL ji bo belgekirin an arîkariyê,
URL to go to on clicking the slideshow image,URL ku biçin ser tikandina wêneya pêşandana nîşanê,
Unassign Condition,Assertê nezan,
Unhandled Email,nefehmkirî Email,
Unique,Yekane,
Unread,Unread,
Unread Notification Sent,Hişyariya Unread Sent,
Unshared,durist,
Unsubscribe Method,Method Unsubscribe,
Unsubscribe Param,Unsubscribe Param,
Unsubscribed,Unsubscribed,
Update,update,
Update Existing Records,Dîmenên Xwe Veşînin,
Update Field,update Field,
Update Series Number,Update Hejmara Series,
Update Settings,Mîhengên Rojanekirin,
Update Value,update Nirx,
Updated,Demê,
Uploaded To Dropbox,Uploaded To Dropbox,
Uploaded To Google Drive,Li Google Drive hilkişand,
Use % for any non empty value.,% Ji bo nirxek ne vala bikar bînin.,
Use ASCII encoding for password,Ji bo şîfreya ASCII bikar bînin,
Use IMAP,bikaranîna oerienkommende,
Use POST,POST bikar bînin,
Use Report Chart,Chart Report bikar bînin,
Use SSL,Use SSL,
Use TLS,bikaranîna TLS,
Use this fieldname to generate title,Bi kar tînin ev fieldname ji bo bipêşxistina title,
User,Bikaranîvan,
User ,Bikaranîvan,
User Agent,Agent Bikarhêner,
User Cannot Create,User ne Can Create,
User Cannot Search,User ne Can Search,
User Defaults,Têrbûn Bikarhêner,
User Details,Agahdariyên Bikarhêner,
User Email,Bikarhêner Email,
User Emails,Emails Bikarhêner,
User Field,Qada user,
User ID,ID&#39;ya bikarhêner,
User ID Property,Taybetmendiya ID ya bikarhêner,
User ID of a Blogger,ID&#39;ya bikarhêner ji Blogger,
User Id,Nasnameya nasnameyê,
User Image,Wêne Bikarhêner,
User Name,Navê bikarhêner,
User Permission,Destûra User,
User Profile,Profîla bikarhênerê,
User Social Login,Têketina Civakî ya Civakî,
User Tags,Bikarhêner Tags,
User Type,Type Bikarhêner,
User can login using Email id or Mobile number,Bikarhêner nikarim têkevim bikaranîna id Email an hejmara Mobile,
User can login using Email id or User Name,Bikarhêner bikar anîn bikar anîn bikar anîn e-nameya email an an jî bikarhêner,
User must always select,Bikarhêner her tim divê hilbijêre,
Username,Username,
Users,Bikarhêner li,
Users assigned to the reference document will get points.,Bikarhênerên ku ji bo belgeya referansê hatine wezîfedarkirin dê امتیاز bigirin.,
Valid,Maqûl,
Validate Field,Zeviyê Pejirandin,
Validity,Maqûlî,
Value,Giranî,
Value Based On,Li ser bingeha nirx,
Value Change,Change Nirx,
Value Changed,Nirx Guherî,
Value To Be Set,Nirx ji bo danîna,
Value from this field will be set as the due date in the ToDo,Nirxê ji vê qadê dê wekî roja çêbûnê di ToDo de were saz kirin,
Value to Validate,Nirx ji bo Pejirandin,
Verdana,Unikurd,
Verified,Verast kirin,
Version,Awa,
Video URL,URL-ya Vîdyoyê,
View,Dîtinî,
View Log,Log log,
View Properties (via Customize Form),View Properties (via Form Customize),
View Report,Report View,
View Settings,View Settings,
View Website,View Website,
Viewed By,Viewed By,
Visit,Serdan,
Warehouse,Embar,
Warning,Gazî,
Watch Video,Vîdyoyê temaşe bikin,
Web Form,Form Web,
Web Form Field,Form Web Field,
Web Form Fields,Fields Form Web,
Web Page,Page Web,
Web Page Block,Astengkirina Rûpelê,
Web Page View,Dîtina Rûpelê,
Web Template,Web Template,
Web Template Field,Qada plateablonên Tevneyê,
Web Template Values,Nirxên Temablonên Tevneyê,
Web View,Web View,
Webhook,Webhook,
Webhook Data,Agahdariya Webhook,
Webhook Header,Webhook Header,
Webhook Headers,Webhook Headers,
Webhook Request,Webhook Request,
Webhook Secret,Webhook Secret,
Webhook Security,Ewlekariya Webhook,
Webhook Trigger,Trigger Webhook,
Webhook URL,Webhook URL,
Website,Website,
Website Analytics,Analîzasyona Malperê,
Website Manager,Manager Website,
Website Meta Tag,Malpera Meta Tag,
Website Route Meta,Rêwîtiya Malperê Meta,
Website Route Redirect,Rêziknameya Malperê,
Website Script,Website Script,
Website Settings,Settings Website,
Website Sidebar,Darikê Kêlekê yê Website,
Website Sidebar Item,Website Kêlekê babetî,
Website Slideshow,Website Slideshow,
Website Slideshow Item,Website Slideshow babetî,
Website Theme,Theme Website,
Website Theme Ignore App,Mijara Malperê Bersiv Nedixwînin,
Website Theme Image,Website Theme Wêne,
Website Theme Image Link,Website Link Theme Wêne,
Wednesday,Çarşem,
Weekdays,Rojan,
Weekly,Heftane,
Weekly Long,Heftiya dirêj,
Welcome Email Template,Welcome Email plateablon,
"When enabled this will allow guests to upload files to your application, You can enable this if you wish to collect files from user without having them to log in, for example in job applications web form.","Dema ku ev were çalak kirin ev ê dihêle mêvanan pelan li serlêdana we bar bikin, hûn dikarin vê yekê çalak bikin ger hûn bixwazin pelan ji bikarhêner berhev bikin bêyî ku ew têkevinê.",
Which view of the associated DocType should this shortcut take you to?,Pêdivî ye ku ev kurteriya hanê we ber bi kîjan dîmenê DocType ve girêdayî ve bibe?,
Width,Berî,
Wildcard Filter,Parzûna Wildcard,
"Will add ""%"" before and after the query",Dê &quot;û&quot; pêş û piştî pirsê lê zêde bike,
Will be used in url (usually first name).,Dê di url (bi piranî yekem name) tê bikaranîn.,
Will run scheduled jobs only once a day for inactive sites. Default 4 days if set to 0.,Dê ji bo malperên neçalak rojek tenê yek carî bicivin. 4 rojên bênavber heke 0 were destnîşan kirin.,
Workflow,Workflow,
Workflow Action,Action Workflow,
Workflow Action Master,Workflow Master Action,
Workflow Action Name,Navê Workflow Action,
Workflow Action is not created for optional states,Flalakiya Tevgerê ji bo dewletên bijartî nayê afirandin,
Workflow Document State,Workflow dokumênt Dewletê,
Workflow Name,Navê Workflow,
Workflow State,Dewletê Workflow,
Workflow State Field,Workflow Dewletê Field,
Workflow Transition,Transition Workflow,
Workflow state represents the current state of a document.,dewletê Workflow de nûnertiya dewletê ya niha a document.,
Write,Nivîsîn,
X Field,X Field,
XLSX,XLSX,
Y Axis,Y Axayî,
Y Field,Y Field,
Yahoo Mail,Yahoo Mail,
Yandex.Mail,Yandex.Mail,
Year,Sal,
Yearly,Hit,
Yellow,Zer,
Yes,Erê,
Your organization name and address for the email footer.,navê rêxistina xwe û navnîşana bo footer emailê.,
Zero means send records updated at anytime,Zero wateya bişîne records ve hate kisandin,
_doctype,_doctype,
_report,_nûçe,
adjust,lihevanîn,
after_insert,after_insert,
align-center,align-navenda,
align-justify,align-mafdar,
align-left,align-hiştin,
align-right,align-mafê,
arrow-down,tîra-down,
arrow-left,tîra-hiştin,
arrow-right,tîra-mafê,
arrow-up,tîra-up,
asterisk,stêrkok,
backward,bi paş ve,
ban-circle,ban-circle,
barcode,barcode,
bell,zengil,
blue,şîn,
bold,hesabî,
book,pirtûk,
bookmark,bookmark,
briefcase,çentê bêlgan,
bullhorn,megafon,
calendar,salname,
camera,kamîra,
certificate,şehade,
check,Berçavkirinî,
chevron-down,chevron-down,
chevron-left,chevron-hiştin,
chevron-right,chevron-mafê,
chevron-up,chevron-up,
circle-arrow-down,circle-tîra-down,
circle-arrow-left,circle-tîra-hiştin,
circle-arrow-right,circle-tîra-mafê,
circle-arrow-up,circle-tîra-up,
cog,cog,
comment,Agahkişî,
darkgrey,color,
dd-mm-yyyy,dd-mm-YYYY,
dd.mm.yyyy,dd.mm.yyyy,
dd/mm/yyyy,dd / mm / YYYY,
download,Daxistin,
download-alt,download-alt,
"e.g. ""Support"", ""Sales"", ""Jerry Yang""","wek &quot;Piştgiriya&quot;, &quot;Nest&quot;, &quot;Jerry Yang&quot;",
e.g. pop.gmail.com / imap.gmail.com,eg pop.gmail.com / imap.gmail.com,
e.g. replies@yourcomany.com. All replies will come to this inbox.,eg replies@yourcomany.com. Hemû bersîv dê ji bo vê inbox were.,
e.g. smtp.gmail.com,eg smtp.gmail.com,
edit,weşandin,
eject,derveavêtin,
email,email,
envelope,zerf,
exclamation-sign,baneşana-sign,
eye-close,eye-nêzîkî,
eye-open,çav-vekirî,
facebook,facebook,
facetime-video,facetime-video,
fairlogin,fairlogin,
fast-backward,fast-bi paş ve,
fast-forward,fast-forward,
file,dosî,
film,fîlm,
filter,parzûn,
fire,agir,
flag,al,
folder-close,Peldanka-nêzîkî,
folder-open,Peldanka-vekirî,
font,font,
forward,pêşve,
fullscreen,dîmender tijî,
gift,dîyarî,
glass,cam,
globe,dinyagog,
green,Kesk,
hand-down,hand-down,
hand-left,hand-hiştin,
hand-right,hand-mafê,
hand-up,hand-up,
hdd,hdd,
headphones,headphones,
heart,dil,
home,xane,
icon,Icon,
in minutes,di çend hûrdeman de,
inbox,inbox,
indent-left,indent-çepê,
indent-right,indent-mafê,
info-sign,info-sign,
italic,italic,
leaf,pel,
link,Pêvek,
linkedin,Linkedin,
list,rêzok,
list-alt,lîsteya-alt,
lock,qesr,
magnet,meknetîs,
map-marker,map-marker,
minus,kêmkir,
minus-sign,minus-sign,
mm-dd-yyyy,mm-dd-YYYY,
mm/dd/yyyy,mm / dd / YYYY,
module,Module,
move,barkirin,
music,mûzîk,
no failed attempts,hewldanên tu bi ser neket,
off,ji,
ok,ok,
ok-circle,ok-circle,
ok-sign,ok-sign,
old_parent,old_parent,
on_cancel,on_cancel,
on_change,on_change,
on_submit,on_submit,
on_trash,on_trash,
on_update,on_update,
on_update_after_submit,on_update_after_submit,
orange,porteqalî,
page,rûpel,
pause,mizdan,
pencil,nivîstoka qûrşûnî,
picture,sûret,
plane,plane,
play,bazî,
play-circle,play-circle,
plus,biserve,
plus-sign,plus-sign,
print,çap,
purple,mor,
qrcode,QRCode,
query-report,query-rapora,
question-sign,pirs-sign,
random,bêpayîn,
red,sor,
refresh,hênikkirin,
remove,dûrxistin,
remove-circle,jê-circle,
remove-sign,jê-sign,
repeat,dûbare,
resize-full,resize-full,
resize-horizontal,resize-horizontal,
resize-small,resize-biçûk,
resize-vertical,resize-vertical,
response,bersiv,
retweet,retweet,
road,rê,
screenshot,screenshot,
search,gerr,
share,par,
share-alt,re-alt,
shopping-cart,shopping-cart,
signal,nîşan,
star,stêrk,
star-empty,star-vala,
step-backward,gav-bi paş ve,
step-forward,gav-bi pêş,
stop,rawestan,
tag,tag,
tags,tags,
tasks,Tasks,
text-height,text-height,
text-width,text-width,
th,th,
th-large,th-large,
th-list,th-list,
thumbs-down,thumbs-down,
thumbs-up,ser esasa,
time,dem,
tint,tint,
trash,zibil,
twitter,twitter,
upload,barkirin,
user,bikaranîvan,
volume-down,volume-down,
volume-off,volume-off,
volume-up,volume-up,
warning-sign,warning-sign,
wrench,badanvekir,
yellow,zer,
yyyy-mm-dd,YYYY-mm-dd,
zoom-in,zoom-li,
zoom-out,dûr xistin,
