"""Company History""",&quot;ປະຫວັດສາດຂອງບໍລິສັດ&quot;,
"""Team Members"" or ""Management""",&quot;ສະພາ&quot; ຫຼື &quot;ການຈັດການ&quot;,
&lt;head&gt; HTML,&lt;head&gt; HTML,
**Currency** Master,** ສະກຸນເງິນ ** ລິນຍາໂທ,
0 - Draft; 1 - Submitted; 2 - Cancelled,0 - ຮ່າງ; 1 - ສົ່ງ; 2 - ຍົກເລີກ,
0 is highest,0 ແມ່ນສູງທີ່ສຸດ,
A list of resources which the Client App will have access to after the user allows it.<br> e.g. project,ບັນຊີລາຍຊື່ຂອງຊັບພະຍາກອນ A ທີ່ App Client ຈະມີການເຂົ້າເຖິງພາຍຫຼັງທີ່ຜູ້ໃຊ້ອະນຸຍາດໃຫ້ມັນ. <br> ຕົວຢ່າງໂຄງການ,
A symbol for this currency. For e.g. $,ເປັນສັນຍາລັກສໍາລັບການສະກຸນເງິນນີ້. ສໍາລັບຕົວຢ່າງ: $,
A4,A4,
ALL,ທັງຫມົດ,
API,API,
API Access,ການເຂົ້າເຖິງ API,
API Endpoint,Endpoint API,
API Endpoint Args,API Endpoint Args,
API Key,Key API,
API Method,ວິທີການ API,
API Secret,API Secret,
ASC,ASC,
About Us Settings,ກ່ຽວກັບພວກເຮົາການຕັ້ງຄ່າ,
About Us Team Member,ກ່ຽວກັບພວກເຮົາທີມງານ Member,
Access Key ID,Access Key ID,
Access Key Secret,ເຂົ້າລະຫັດລັບ,
Access Log,ເຂົ້າໃຊ້ Log Log,
Access Token,ການເຂົ້າເຖິງ Token,
Access Token URL,Access Token URL,
Account,ບັນຊີ,
Accounts Manager,ຄຸ້ມຄອງບັນຊີ,
Accounts User,ບັນຊີຜູ້ໃຊ້,
Action,ການປະຕິບັດ,
Action / Route,ການປະຕິບັດງານ / ເສັ້ນທາງ,
Action Timeout (Seconds),ເວລາປະຕິບັດງານ (ວິນາທີ),
Action Type,ປະເພດການປະຕິບັດງານ,
Actions,ການກະທໍາ,
Active,ການເຄື່ອນໄຫວ,
Active Domains,Domains Active,
Activity Log,ກິດຈະກໍາເຂົ້າສູ່ລະບົບ,
Add Container,ຕື່ມພາຊະນະ,
Add Custom Tags,ເພີ່ມປ້າຍ ກຳ ກັບເອງ,
Add Gray Background,ເພີ່ມພື້ນຫລັງສີເທົາ,
Add Signature,ເພີ່ມລາຍເຊັນ,
Add Total Row,ເພີ່ມທັງຫມົດຕິດຕໍ່ກັນ,
Add Unsubscribe Link,ຕື່ມ Unsubscribe ການເຊື່ອມຕໍ່,
"Added HTML in the &lt;head&gt; section of the web page, primarily used for website verification and SEO","ເພີ່ມ HTML ໃນ &lt;head&gt; ພາກສ່ວນຂອງຫນ້າເວັບໄຊຕ໌, ການນໍາໃຊ້ຕົ້ນຕໍສໍາລັບການຢັ້ງຢືນເວັບໄຊທ໌ແລະ SEO",
Additional Permissions,ການອະນຸຍາດເພີ່ມເຕີມ,
Address,ທີ່ຢູ່,
Address And Contacts,ທີ່ຢູ່ແລະລາຍຊື່ຜູ້ຕິດຕໍ່,
Address Line 1,ທີ່ຢູ່ Line 1,
Address Line 2,ທີ່ຢູ່ Line 2,
Address Template,ແມ່ແບບທີ່ຢູ່,
Address Title,ທີ່ຢູ່ Title,
Address Type,ປະເພດທີ່ຢູ່,
Address and other legal information you may want to put in the footer.,ທີ່ຢູ່ແລະຂໍ້ມູນຂ່າວສານທາງດ້ານກົດຫມາຍອື່ນໆທີ່ທ່ານອາດຈະຕ້ອງການທີ່ຈະເອົາໃຈໃສ່ໃນ footer ໄດ້.,
Addresses And Contacts,ທີ່ຢູ່ແລະຕິດຕໍ່ພົວພັນ,
Adds a custom field to a DocType,ເພີ້ມພາກສະຫນາມ custom ເພື່ອ DocType ເປັນ,
Administrator,Administrator,
Advanced,ກ້າວຫນ້າທາງດ້ານ,
Advanced Control,Advanced Control,
Advanced Settings,ຕັ້ງຄ່າຂັ້ນສູງ,
After Cancel,ຫລັງຈາກຍົກເລີກ,
After Delete,ຫຼັງຈາກ Delete ແລ້ວ,
After Save,ຫລັງຈາກ Save,
After Save (Submitted Document),ຫຼັງຈາກບັນທຶກ (ເອກະສານສົ່ງແລ້ວ),
After Submit,ຫລັງຈາກສົ່ງ,
Aggregate Function Based On,ລວມ ໜ້າ ທີ່ອີງໃສ່,
Alert,ແຈ້ງເຕືອນ,
Align Labels to the Right,ຈັດການປ້າຍຊື່ໄປທາງຂວາ,
Align Right,ຈັດລຽນຂວາ,
All,ທັງ ໝົດ,
All Day,ຫມົດມື້,
Allocated To,ການຈັດສັນການ,
Allot Points To Assigned Users,ຈຸດແຈກຈ່າຍໃຫ້ຜູ້ໃຊ້ທີ່ຖືກມອບ ໝາຍ,
Allow,ອະນຸຍາດໃຫ້,
Allow Auto Repeat,ອະນຸຍາດໃຫ້ເຮັດເລື້ມຄືນອັດຕະໂນມັດ,
Allow Bulk Edit,ອະນຸຍາດໃຫ້ແກ້ໄຂຈໍານວນຫລາຍ,
Allow Comments,ອະນຸຍາດໃຫ້ຄວາມຄິດເຫັນ,
Allow Consecutive Login Attempts ,ອະນຸຍາດໃຫ້ເຂົ້າຮ່ວມຕິດຕໍ່ພົວພັນ,
Allow Delete,ອະນຸຍາດໃຫ້ລົບ,
Allow Dropbox Access,ອະນຸຍາດໃຫ້ເຂົ້າເຖິງ Dropbox,
Allow Guest,ອະນຸຍາດໃຫ້ແຂກ,
Allow Guest to View,ອະນຸຍາດໃຫ້ບຸກຄົນທົ່ວໄປທີ່ຈະເບິ່ງ,
Allow Guests to Upload Files,ອະນຸຍາດໃຫ້ບຸກຄົນທົ່ວໄປອັບໂຫລດເອກະສານ,
Allow Import (via Data Import Tool),ອະນຸຍາດໃຫ້ນໍາເຂົ້າ (ໂດຍຜ່ານເຄື່ອງມືການນໍາເຂົ້າຂໍ້ມູນ),
Allow Incomplete Forms,ອະນຸຍາດໃຫ້ຮູບແບບບໍ່ສົມບູນ,
Allow Login After Fail,ອະນຸຍາດໃຫ້ເຂົ້າສູ່ລະບົບຫຼັງຈາກທີ່ບໍ່ຖືກຕ້ອງ,
Allow Login using Mobile Number,ອະນຸຍາດໃຫ້ເຂົ້າສູ່ລະບົບໂດຍໃຊ້ຈໍານວນໂທລະສັບມືຖື,
Allow Login using User Name,ອະນຸຍາດໃຫ້ເຂົ້າໃຊ້ຊື່ຜູ້ໃຊ້,
Allow Modules,ໂມດູນອະນຸຍາດ,
Allow Print,ອະນຸຍາດໃຫ້ພິມ,
Allow Print for Cancelled,ອະນຸຍາດໃຫ້ພິມສໍາລັບການຍົກເລີກ,
Allow Print for Draft,ອະນຸຍາດໃຫ້ພິມສໍາລັບການຮ່າງ,
Allow Read On All Link Options,ອະນຸຍາດໃຫ້ອ່ານກ່ຽວກັບການເຊື່ອມຕໍ່ຕົວເລືອກທັງຫມົດ,
Allow Rename,ອະນຸຍາດໃຫ້ປ່ຽນຊື່,
Allow Roles,ອະນຸຍາດໃຫ້ພາລະບົດບາດ,
Allow Self Approval,ອະນຸຍາດໃຫ້ອະນຸມັດຕົນເອງ,
Allow approval for creator of the document,ອະນຸຍາດໃຫ້ອະນຸມັດສໍາລັບຜູ້ສ້າງເອກະສານ,
Allow document creation via Email,ອະນຸຍາດໃຫ້ສ້າງເອກະສານຜ່ານ Email,
Allow events in timeline,ອະນຸຍາດໃຫ້ເຫດການໃນໄລຍະເວລາ,
Allow in Quick Entry,ອະນຸຍາດໃຫ້ເຂົ້າດ່ວນ,
Allow on Submit,ອະນຸຍາດໃຫ້ຢູ່ໃນຍື່ນສະເຫນີການ,
Allow only one session per user,ອະນຸຍາດໃຫ້ພຽງແຕ່ກອງປະຊຸມຫນຶ່ງຕໍ່ຜູ້ໃຊ້,
Allow page break inside tables,ອະນຸຍາດໃຫ້ພັກຜ່ອນຫນ້າພາຍໃນຕາຕະລາງ,
Allow saving if mandatory fields are not filled,ອະນຸຍາດໃຫ້ປະຢັດຖ້າຫາກວ່າທົ່ງນາບັງຄັບຍັງບໍ່ໄດ້ເຕັມໄປ,
Allow user to login only after this hour (0-24),ອະນຸຍາດໃຫ້ຜູ້ໃຊ້ເພື່ອເຂົ້າສູ່ລະບົບພຽງແຕ່ຫຼັງຈາກຊົ່ວໂມງນີ້ (0-24),
Allow user to login only before this hour (0-24),ອະນຸຍາດໃຫ້ຜູ້ໃຊ້ເພື່ອເຂົ້າສູ່ລະບົບພຽງແຕ່ກ່ອນທີ່ຈະຊົ່ວໂມງນີ້ (0-24),
Allowed,ອະນຸຍາດໃຫ້,
Allowed In Mentions,ອະນຸຍາດໃນ Mentions,
"Always add ""Draft"" Heading for printing draft documents",ສະເຫມີເພີ່ມ &quot;ຮ່າງ&quot; ຫົວຂໍ້ສໍາລັບເອກະສານຮ່າງການພິມ,
Amend,ແກ້ໄຂ,
Amended From,ສະບັບປັບປຸງຈາກ,
An icon file with .ico extension. Should be 16 x 16 px. Generated using a favicon generator. [favicon-generator.org],ເປັນ file icon ມີການຂະຫຍາຍ໌ ico. ຄວນຈະເປັນ 16 x 16 px. ສ້າງຂຶ້ນໂດຍໃຊ້ໂດຍທົ່ວໄປ favicon ເປັນ. [favicon-generator.org],
Analytics,ການວິເຄາະ,
Annual,ປະຈໍາປີ,
Anonymous,Anonymous,
Any string-based printer languages can be used. Writing raw commands requires knowledge of the printer's native language provided by the printer manufacturer. Please refer to the developer manual provided by the printer manufacturer on how to write their native commands. These commands are rendered on the server side using the Jinja Templating Language.,ທຸກໆພາສາຂອງເຄື່ອງພິມທີ່ໃຊ້ສາຍສາມາດໃຊ້ໄດ້. ການຂຽນ ຄຳ ສັ່ງດິບຕ້ອງມີຄວາມຮູ້ກ່ຽວກັບພາສາພື້ນເມືອງຂອງເຄື່ອງພິມທີ່ສະ ໜອງ ໂດຍຜູ້ຜະລິດເຄື່ອງພິມ. ກະລຸນາອ້າງອີງໃສ່ປື້ມຄູ່ມືນັກພັດທະນາທີ່ສະ ໜອງ ໂດຍຜູ້ຜະລິດເຄື່ອງພິມກ່ຽວກັບວິທີການຂຽນ ຄຳ ສັ່ງພື້ນເມືອງຂອງພວກເຂົາ. ຄຳ ສັ່ງເຫລົ່ານີ້ແມ່ນໄດ້ສະແດງຢູ່ເບື້ອງເຊີບເວີໂດຍໃຊ້ພາສາການວັດພາສາ Jinja.,
App,App,
App Access Key,App Access Key,
App Client ID,App ID Client,
App Client Secret,ລັບລູກຄ້າ App,
App Name,ຊື່ App,
App Secret Key,App Secret Key,
Append Emails to Sent Folder,ເອກະສານຊ້ອນທ້າຍອີເມວໃສ່ແຟ້ມທີ່ຖືກສົ່ງ,
Append To,ເພີ່ມເຕີມໄປ,
Applicable For,ສາມາດນໍາໃຊ້ສໍາລັບ,
Application Logo,ໂລໂກ້ສະ ໝັກ,
Application Name,ຊື່ສະ ໝັກ,
Application Version,ລຸ້ນ ຄຳ ຮ້ອງ,
Applied On,ໃຊ້ໃນ,
Apply Document Permissions,ນຳ ໃຊ້ໃບອະນຸຍາດເອກະສານ,
Apply Only Once,ສະ ໝັກ ດຽວເທົ່ານັ້ນ,
Apply Strict User Permissions,ສະຫມັກຂໍເອົາການອະນຸຍາດຜູ້ໃຊ້ຢ່າງເຂັ້ມງວດ,
Apply To All Document Types,ໃຊ້ໄດ້ກັບທຸກປະເພດເອກະສານ,
Apply this rule if the User is the Owner,ໃຊ້ກົດລະບຽບນີ້ຖ້າຫາກວ່າຜູ້ໃຊ້ທີ່ເປັນເຈົ້າຂອງໄດ້,
Apply this rule only once per document,ນຳ ໃຊ້ກົດລະບຽບນີ້ພຽງແຕ່ຄັ້ງດຽວຕໍ່ເອກະສານ,
Appreciation,ການຍົກຍ້ອງ,
Archived,ທີ່ຜ່ານມາ,
Arial,Arial,
Assign Condition,ມອບ ໝາຍ ເງື່ອນໄຂ,
Assign To Users,ມອບ ໝາຍ ໃຫ້ຜູ້ໃຊ້,
Assigned,ໄດ້ຮັບມອບຫມາຍ,
Assigned By,ການມອບຫມາຍຂອງ,
Assigned By Full Name,ການມອບຫມາຍຂອງຊື່ເຕັມ,
Assignment,ການມອບຫມາຍ,
Assignment Completed,ວຽກສໍາເລັດ,
Assignment Days,ວັນມອບ ໝາຍ,
Assignment Rule,ກົດລະບຽບການມອບ ໝາຍ,
Assignment Rule Day,ວັນ ກຳ ນົດການມອບ ໝາຍ,
Assignment Rule User,ຜູ້ໃຊ້ກົດລະບຽບການມອບ ໝາຍ,
Assignment Rules,ກົດລະບຽບການມອບ ໝາຍ,
Assignments,ວຽກມອບ ໝາຍ,
Attach,ຄັດຕິດ,
Attach Image,ຄັດຕິດຮູບພາບ,
Attach Print,ຄັດຕິດ Print,
Attached File,ເອກະສານຄັດຕິດ,
Attached To DocType,ຕິດກັບ DocType,
Attached To Field,ຕິດຕໍ່ກັບພາກສະຫນາມ,
Attached To Name,ຕິດກັບຊື່,
Attachment,Attachment,
Attachment Limit (MB),ຕິດຈໍາກັດ (MB),
Attachment Link,ເອກະສານຄັດຕິດ,
Attachment Removed,ຕິດໂຍກຍ້າຍອອກ,
Attachments,ໄຟລ໌ແນບ,
Auth URL Data,Auth URL Data,
Authentication,ການກວດສອບ,
Author,Author,
Authorization Code,ລະຫັດອະນຸຍາດ,
Authorize API Indexing  Access,ການອະນຸຍາດເຂົ້າເຖິງດັດສະນີ API,
Authorize Google Calendar Access,ອະນຸຍາດການເຂົ້າເຖິງ Google Calendar,
Authorize Google Contacts Access,ອະນຸຍາດການເຂົ້າເຖິງລາຍຊື່ຜູ້ຕິດຕໍ່ Google,
Authorize Google Drive Access,ອະນຸຍາດການເຂົ້າເຖິງ Google Drive,
Authorize URL,Authorize URL,
Authorized,ອະນຸຍາດ,
Auto,ອັດຕະໂນມັດ,
Auto Email Report,Report Email Auto,
Auto Name,ຊື່ Auto,
Auto Repeat,Auto Repeat,
Auto Reply Message,ອັດຕະໂນມັດ Reply ຂໍ້ຄວາມ,
Automatically Assign Documents to Users,ມອບເອກະສານໃຫ້ຜູ້ຊົມໃຊ້ໂດຍອັດຕະໂນມັດ,
Automation,ອັດຕະໂນມັດ,
Avatar,Avatar,
Average,ສະເລ່ຍ,
Awaiting Password,ລໍຖ້າລະຫັດຜ່ານ,
Awaiting password,ລໍຖ້າລະຫັດຜ່ານ,
BCC,BCC,
Background Color,ສີພື້ນຖານ,
Background Workers,ພະນັກງານພື້ນຖານ,
Backup Details,ລາຍລະອຽດ ສຳ ຮອງ,
Backup Files,ແຟ້ມ ສຳ ຮອງ,
Backup Folder ID,ID Folder ສຳ ຮອງຂໍ້ມູນ,
Backup Folder Name,ຊື່ແຟ້ມ ສຳ ຮອງ,
Backup Frequency,ຄວາມຖີ່ Backup,
Backup public and private files along with the database.,ສຳ ຮອງເອກະສານສາທາລະນະແລະເອກະຊົນພ້ອມດ້ວຍຖານຂໍ້ມູນ.,
Backups,ສໍາຮອງຂໍ້ມູນ,
Banner,ປ້າຍໂຄສະນາ,
Banner HTML,ປ້າຍໂຄສະນາ HTML,
Banner Image,ປ້າຍໂຄສະນາຮູບພາບ,
Banner is above the Top Menu Bar.,ປ້າຍໂຄສະນາແມ່ນຢູ່ຂ້າງເທິງເມນູບາ Top.,
Bar,ບາ,
Barcode,ບາໂຄດ,
Base Distinguished Name (DN),ຖານຊື່ເພາະ (DN),
Base URL,Base URL,
Based On,ອີງຕາມ,
Based on Field,ອີງໃສ່ Field,
Based on Permissions For User,ໂດຍອີງໃສ່ການອະນຸຍາດສໍາລັບຜູ້ໃຊ້,
Basic,ພື້ນຖານ,
Before Cancel,ກ່ອນທີ່ຈະຍົກເລີກ,
Before Delete,ກ່ອນລຶບ,
Before Insert,ກ່ອນທີ່ຈະໃສ່,
Before Save,ກ່ອນທີ່ຈະປະຢັດ,
Before Save (Submitted Document),ກ່ອນທີ່ຈະປະຢັດ (ເອກະສານທີ່ຖືກສົ່ງ),
Before Submit,ກ່ອນທີ່ຈະສົ່ງ,
Beginner,ເລີ່ມຕົ້ນ,
Beta,ການທົດລອງ,
Billing,Billing,
Bio,Bio,
Birth Date,ວັນເດືອນປີເກີດ,
Block Module,Block Module,
Block Modules,Modules Block,
Blocked,ສະກັດ,
Blog Category,Blog Category,
Blog Intro,Blog Intro,
Blog Introduction,ການນໍາສະເຫນີ Blog,
Blog Post,Post Blog,
Blog Settings,Settings Blog,
Blog Title,Blog Title,
Blogger,Blogger,
Blue,blue,
Bold,ກ້າຫານ,
Bot,Bot,
Bottom,ດ້ານລຸ່ມ,
Bounced,bounced,
Brand,ຍີ່ຫໍ້,
Brand HTML,ຍີ່ຫໍ້ HTML,
Brand Image,ຍີ່ຫໍ້ Image,
Breadcrumbs,breadcrumbs,
Browser,Browser,
Browser Version,ລຸ້ນ Browser,
Brute Force Security,Brute Force Force ຄວາມປອດໄພ,
Bucket Name,ຊື່ຄຸ,
Bulk Update,ປັບປຸງຫຼາຍ,
Button,ປຸ່ມ,
Button Gradients,ປຸ່ມສີຟ້າ,
Button Rounded Corners,ປຸ່ມມຸມມົນ,
Button Shadows,ເງົາປຸ່ມ,
Bypass Restricted IP Address Check If Two Factor Auth Enabled,ກວດສອບທີ່ຢູ່ IP ທີ່ມີຂີດ ຈຳ ກັດຖ້າມີສອງປັດໃຈທີ່ເປີດໃຊ້,
Bypass Two Factor Auth for users who login from restricted IP Address,Bypass Two Factor Auth ສໍາລັບຜູ້ທີ່ເຂົ້າສູ່ລະບົບຈາກທີ່ຈໍາກັດ IP Address,
Bypass restricted IP Address check If Two Factor Auth Enabled,Bypass ຈໍາກັດການກວດສອບທີ່ຢູ່ IP ຖ້າສອງປັດໄຈ Auth ເປີດໃຊ້,
CC,CC,
CSS,CSS,
CSS Class,CSS Class,
CSV,CSV,
CTA Label,ປ້າຍ CTA,
CTA URL,URL CTA,
Calendar,ປະຕິທິນ,
Calendar Name,ຊື່ປະຕິທິນ,
Calendar View,Calendar View,
Call,Call,
Call To Action,ໂທຫາເພື່ອປະຕິບັດງານ,
Call To Action URL,ໂທຫາເພື່ອປະຕິບັດ URL,
Callback Message,ຂໍ້ຄວາມ Callback,
Callback Title,ຫົວຂໍ້ Callback,
Campaign,ການໂຄສະນາ,
Cancel,ຍົກເລີກການ,
Cancelled,ຫຼຸດລົງ,
Card,ບັດ,
Cards,ບັດ,
Category,ປະເພດ,
Category Description,ປະເພດຂອງລາຍລະອຽດ,
Category Name,ປະເພດຂອງຊື່,
Center,Center,
Chaining Hash,Chaining Hash,
Change Label (via Custom Translation),ການປ່ຽນແປງ Label (ຜ່ານການແປພາສາ Custom),
Change Password,ປ່ຽນລະຫັດຜ່ານ,
Channel,Channel,
Chart,ຕາຕະລາງ,
Chart Configuration,ການຕັ້ງຄ່າຕາຕະລາງ,
Chart Name,ຊື່ຕາຕະລາງ,
Chart Options,ຕົວເລືອກຕາຕະລາງ,
Chart Source,ແຫຼ່ງຂໍ້ມູນຕາຕະລາງ,
Chart Type,ປະເພດຕາຕະລາງ,
Charts,ຕາຕະລາງ,
Chat,ສົນທະນາ,
Check,ກວດເບິ່ງ,
Check this if you want to force the user to select a series before saving. There will be no default if you check this.,ກວດສອບການຖ້າຫາກວ່າທ່ານຕ້ອງການທີ່ຈະບັງຄັບໃຫ້ຜູ້ໃຊ້ສາມາດເລືອກໄລຍະກ່ອນທີ່ຈະປະຢັດ. ຈະມີບໍ່ມີມາດຕະຖານຖ້າຫາກວ່າທ່ານກວດສອບນີ້.,
Checking this will hide custom doctypes and reports cards in Links section,ການກວດສອບສິ່ງນີ້ຈະເຊື່ອງ ຄຳ ສອນແລະບັດລາຍງານໃນພາກສ່ວນ Links,
Checksum Version,Checksum Version,
Child Tables are shown as a Grid in other DocTypes,ຕາຕະລາງເດັກແມ່ນສະແດງເປັນ Grid ໃນ DocTypes ອື່ນໆ,
Choose authentication method to be used by all users,ເລືອກວິທີການກວດສອບທີ່ຈະໄດ້ຮັບການນໍາໃຊ້ໂດຍຜູ້ໃຊ້ທັງຫມົດ,
City,ເມືອງ,
City/Town,ເມືອງ /,
Clicked,ຄິກ,
Client,ລູກຄ້າ,
Client Code,ລະຫັດລູກຄ້າ,
Client Credentials,ຫນັງສືຮັບຮອງລູກຄ້າ,
Client ID,ລະຫັດລູກຄ້າ,
Client Information,ຂໍ້ມູນລູກຄ້າ,
Client Script,Client Script,
Client Secret,Secret Client,
Client URLs,URL ຂອງລູກຄ້າ,
Close Condition,ເງື່ອນໄຂທີ່ປິດ,
Closed,ປິດ,
Code,ລະຫັດ,
Collapsible,Collapsible,
Collapsible Depends On,Collapsible ຂຶ້ນກ່ຽວກັບ,
Color,ສີ,
Column Break,ພັກຜ່ອນຄໍລໍາ,
Column Name,ຊື່:,
Columns,ຄໍລໍາ,
Columns / Fields,ຖັນ / ທົ່ງນາ,
Comment,ຄຳ ເຫັນ,
Comment By,ຄຳ ເຫັນໂດຍ,
Comment Email,ຄໍາເຫັນ Email,
Comment Type,ປະເພດຄໍາຄິດຄໍາເຫັນ,
Comments and Communications will be associated with this linked document,ຄໍາເຫັນແລະການສື່ສານຈະໄດ້ຮັບການກ່ຽວຂ້ອງກັບເອກະສານການເຊື່ອມຕໍ່ນີ້,
Commit,ຄໍາຫມັ້ນສັນຍາ,
Communication,ການສື່ສານ,
Communication Link,ການເຊື່ອມຕໍ່ການສື່ສານ,
Communication Type,ປະເພດການສື່ສານ,
Compact Item Print,Compact Item Print,
Company History,ປະຫວັດສາດຂອງບໍລິສັດ,
Company Introduction,ການນໍາສະເຫນີຂອງບໍລິສັດ,
Company Name,ຊື່ບໍລິສັດ,
Complete,ສົມບູນ,
Completed,ສໍາເລັດ,
Component,ອົງປະກອບ,
Condition,ສະພາບ,
Conditions,ເງື່ອນໄຂ,
Configuration,ການຕັ້ງຄ່າ,
Confirmation Email Template,ແມ່ແບບອີເມວການຢັ້ງຢືນ,
Console,ຄອນໂຊນ,
Console Log,Console Log,
Contact,ການຕິດຕໍ່,
Contact Details,ລາຍລະອຽດການຕິດຕໍ່,
Contact Email,ການຕິດຕໍ່,
Contact Numbers,ເບີຕິດຕໍ່,
Contact Phone,ໂທລະສັບຕິດຕໍ່,
Contact Us Settings,ຕິດຕໍ່ພວກເຮົາການຕັ້ງຄ່າ,
"Contact options, like ""Sales Query, Support Query"" etc each on a new line or separated by commas.","ທາງເລືອກໃນການຕິດຕໍ່, ເຊັ່ນ: &quot;ຂາຍແບບສອບຖາມ, ສະຫນັບສະຫນູນການສອບຖາມ&quot; ແລະອື່ນໆແຕ່ລະຄົນກ່ຽວກັບການອອນໄລນ໌ໃຫມ່ຫຼືຂັ້ນດ້ວຍຈໍ້າຈຸດ.",
Contacts,ຕິດຕໍ່ພົວພັນ,
Content,ເນື້ອໃນ,
Content (HTML),ເນື້ອຫາ (HTML),
Content (Markdown),ເນື້ອຫາ (Markdown),
Content Hash,Hash ເນື້ອໃນ,
Content Type,ປະເພດເນື້ອຫາ,
Context,ສະພາບການ,
Context Script,ສະພາບການ Script,
Contributed,ປະກອບສ່ວນ,
Contribution Document Name,ຊື່ເອກະສານການປະກອບສ່ວນ,
Contribution Status,ສະຖານະພາບການປະກອບສ່ວນ,
Copyright,ລິຂະສິດ,
Core,Core,
Count,ນັບ,
Count Filter,ນັບຕົວກອງ,
Counter,ວຽກງານຕ້ານການ,
Country,ປະເທດ,
Country Name,ປະເທດຊື່,
County,county,
Create,ສ້າງ,
Create Contacts from Incoming Emails,ສ້າງລາຍຊື່ຜູ້ຕິດຕໍ່ຈາກອີເມວທີ່ເຂົ້າມາ,
Create Entry,ສ້າງເຂົ້າ,
Create Log,ສ້າງ Log,
Create and Send Newsletters,ສ້າງແລະສົ່ງຈົດຫມາຍຂ່າວ,
Created,ສ້າງແລ້ວ,
Criticism,ບົດວິຈານ,
Cron,Cron,
Cron Format,ຮູບແບບ Cron,
Currency,ສະກຸນເງິນ,
Currency Name,ຊື່ສະກຸນເງິນ,
Currency Precision,Precision ສະກຸນເງິນ,
Current,ປັດຈຸບັນ,
Custom,Custom,
Custom Base URL,Custom Base URL,
Custom CSS,CSS Custom,
Custom Configuration,ການຕັ້ງຄ່າທີ່ ກຳ ຫນົດເອງ,
Custom DocPerm,DocPerm Custom,
Custom Field,ພາກສະຫນາມທີ່ກໍາຫນົດເອງ,
Custom Format,ຮູບແບບການລູກຄ້າ,
Custom HTML Help,ຊ່ວຍເຫຼືອ HTML Custom,
Custom Menu Items,ລາຍການເມນູທີ່ກໍາຫນົດເອງ,
Custom Options,ຕົວເລືອກທີ່ ກຳ ຫນົດເອງ,
Custom Overrides,Overrides Custom,
Custom Report,ບົດລາຍງານທີ່ ກຳ ນົດເອງ,
Custom Role,ພາລະບົດບາດ Custom,
Custom SCSS,SCSS ທີ່ ກຳ ຫນົດເອງ,
Custom Sidebar Menu,ລາຍການລູກຄ້າ Sidebar,
Custom?,Custom?,
Customization,ການປັບແຕ່ງ,
Customize Form,ປັບຮູບແບບ,
Customize Form Field,ປັບພາກສະຫນາມໃນແບບຟອມການ,
DESC,DESC,
Daily,ປະຈໍາວັນ,
Daily Long,ປະຈໍາວັນຍາວ,
Danger,ອັນຕະລາຍ,
Dark Color,ສີເຂັ້ມ,
Dashboard,ແຜງຄວບຄຸມ,
Dashboard Chart,ຕາຕະລາງ Dashboard,
Dashboard Chart Field,ມືພາກສະຫນາມຕາຕະລາງ Dashboard,
Dashboard Chart Link,ການເຊື່ອມຕໍ່ຕາຕະລາງ Dashboard,
Dashboard Chart Source,ແຫລ່ງຂໍ້ມູນຕາຕະລາງ Dashboard,
Dashboard Manager,ຜູ້ຈັດການ Dashboard,
Dashboard Name,ຊື່ແຜງຄວບຄຸມ,
Dashboard Settings,ການຕັ້ງຄ່າແຜງຄວບຄຸມ,
Dashboards,ແຜງຄວບຄຸມ,
Data,ຂໍ້ມູນ,
Data Export,Data Export,
Data Import,ການນໍາເຂົ້າຂໍ້ມູນ,
Database Engine,ສະຖານຂໍ້ມູນ,
Date,ວັນທີ່ສະຫມັກ,
Date Format,ຮູບແບບວັນທີ່,
Date Range,Range ວັນທີ່,
Date and Number Format,ວັນແລະຈໍານວນຮູບແບບ,
Datetime,datetime,
Day,ວັນ,
Day of Week,ມື້ຂອງອາທິດ,
Days After,ມື້ຫຼັງຈາກ,
Days Before,ວັນກ່ອນ,
Days Before or After,ມື້ກ່ອນຫຼືຫຼັງ,
Default,ມາດຕະຖານ,
Default Incoming,ມາດຕະຖານເຂົ້າມາ,
Default Letter Head,ມາດຕະຖານຫົວຫນ້າຈົດຫມາຍ,
Default Outgoing,ມາດຕະຖານລາຍຈ່າຍ,
Default Portal Home,ໜ້າ ທຳ ອິດ Portal Home,
Default Print Format,ຮູບແບບພິມມາດຕະຖານ,
Default Print Language,ພາສາການພິມແບບເລີ່ມຕົ້ນ,
Default Redirect URI,ມາດຕະຖານການໂອນຫນ້າ URI,
Default Role at Time of Signup,ມາດຕະຖານພາລະບົດບາດທີ່ໃຊ້ເວລາການຫມັກ,
Default Sort Field,ພາກສະຫນາມຄັດເລືອກໃນຕອນຕົ້ນ,
Default Sort Order,ການຈັດຮຽງແບບເລີ່ມຕົ້ນ,
Default Value,ຄ່າເລີ່ມຕົ້ນ,
"Default: ""Contact Us""",ມາດຕະຖານ: &quot;ຕິດຕໍ່ພວກເຮົາ&quot;,
DefaultValue,DefaultValue,
Defaults,ຄ່າເລີ່ມຕົ້ນ,
Defines actions on states and the next step and allowed roles.,ກໍານົດການປະຕິບັດກ່ຽວກັບປະເທດແລະຂັ້ນຕອນຕໍ່ໄປແລະພາລະບົດບາດອະນຸຍາດໃຫ້.,
Defines workflow states and rules for a document.,ໄດ້ກໍານົດປະເທດ workflow ແລະລະບຽບການສໍາລັບເອກະສານ.,
Delayed,ຊັກຊ້າ,
Delete,ລົບ,
Deleted,ລຶບ,
Deleted DocType,DocType ລຶບ,
Deleted Document,ເອກະສານລຶບ,
Deleted Name,ຊື່ລຶບ,
Delivery Status,ສະຖານະການຈັດສົ່ງ,
Department,ພະແນກ,
Dependencies,ການເພິ່ງພາອາໄສ,
Depends On,ຂຶ້ນກັບ,
Description,ລາຍລະອຽດ,
"Description for listing page, in plain text, only a couple of lines. (max 200 characters)","ລາຍລະອຽດ ສຳ ລັບລາຍຊື່ ໜ້າ, ໃນຂໍ້ຄວາມ ທຳ ມະດາ, ພຽງແຕ່ສອງແຖວເທົ່ານັ້ນ. (ສູງສຸດ 200 ໂຕອັກສອນ)",
Designation,ການອອກແບບ,
Desk,desk,
Desk Access,ເຂົ້າ desk,
Desktop Icon,Icon desktop,
Details,ລາຍລະອຽດ,
"Different ""States"" this document can exist in. Like ""Open"", ""Pending Approval"" etc.","ທີ່ແຕກຕ່າງກັນ &quot;ອະເມລິກາ&quot; ເອກະສານນີ້ສາມາດມີຢູ່ໃນ. ເຊັ່ນດຽວກັນກັບ &quot;Open&quot;, &quot;ລໍຖ້າການອະນຸມັດ&quot; ແລະອື່ນໆ",
Digits,ຕົວເລກ,
Disable Auto Refresh,ປິດໃຊ້ງານ Refresh ໂດຍອັດຕະໂນມັດ,
Disable Comments,ປິດ ຄຳ ເຫັນ,
Disable Count,ປິດການນັບ,
Disable SMTP server authentication,ປິດການໃຊ້ງານການກວດສອບເຊີບເວີ SMTP,
Disable Sidebar Stats,ປິດການໃຊ້ງານສະຖິຕິຂອງ Sidebar,
Disable Signup,ປິດການໃຊ້ງານສະຫມັກ,
Disable Standard Email Footer,ປິດການໃຊ້ງານ Footer Email ມາດຕະຖານ,
Disabled,ຄົນພິການ,
Display,ການສະແດງ,
Display Depends On,ການສະແດງຂຶ້ນຢູ່ກັບ,
Doc Event,Doc Event,
Doc Events,Doc Events,
Doc Status,ສະຖານະ Doc,
DocField,DocField,
DocPerm,DocPerm,
DocShare,DocShare,
DocType,DocType,
DocType Action,ປະຕິບັດງານ DocType,
DocType Event,ເຫດການ DocType,
DocType Link,ການເຊື່ອມຕໍ່ DocType,
DocType View,ມຸມມອງ DocType,
DocType is a Table / Form in the application.,DocType ເປັນຕາຕະລາງແບບຟອມ / ໃນຄໍາຮ້ອງສະຫມັກ.,
DocType on which this Workflow is applicable.,DocType ທີ່ Workflow ນີ້ແມ່ນສາມາດນໍາໃຊ້.,
Doctype,DocType,
Document,ເອກະສານ,
Document Actions,ການກະ ທຳ ຂອງເອກະສານ,
Document Follow,ປະຕິບັດຕາມເອກະສານ,
Document Link,ການເຊື່ອມໂຍງເອກະສານ,
Document Links,ການເຊື່ອມຕໍ່ເອກະສານ,
Document Name,ຊື່ເອກະສານ,
Document Naming Rule,ລະບຽບການຕັ້ງຊື່ເອກະສານ,
Document Naming Rule Condition,ເອກະສານການຕັ້ງຊື່ສະພາບເງື່ອນໄຂ,
Document Share,ການແບ່ງປັນເອກະສານ,
Document Share Report,ເອກະສານລາຍວຽກ,
Document States,ເອກະສານລັດອະເມລິກາ,
Document Tag,ເອກະສານ Tag,
Document Title,ຫົວຂໍ້ເອກະສານ,
Document Type,ປະເພດເອກະສານ,
Document Type to Track,ປະເພດເອກະສານທີ່ຈະຕິດຕາມ,
Document Types,ປະເພດເອກະສານ,
Documentation Link,ການເຊື່ອມຕໍ່ເອກະສານ,
Documentation URL,URL ເອກະສານ,
Domain,ໂດເມນ,
Domain Settings,ຕັ້ງຄ່າໂດເມນ,
Domains HTML,ໂດເມນ HTML,
"Don't HTML Encode HTML tags like &lt;script&gt; or just characters like &lt; or &gt;, as they could be intentionally used in this field","ບໍ່ tags HTML ເຂົ້າລະຫັດ HTML ຄື &lt;script&gt; ຫຼືພຽງແຕ່ລັກສະນະຄ້າຍຄື &lt;ຫຼື&gt;, ຍ້ອນວ່າເຂົາເຈົ້າສາມາດໄດ້ຮັບການນໍາໃຊ້ເຈດຕະນາໃນພາກສະຫນາມນີ້",
Don't Override Status,ບໍ່ແທນສະຖານະ,
Don't Send Emails,ຢ່າສົ່ງອີເມວ,
Donut,ໂດນັດ,
Download Backups,ຮອງດາວໂຫລດ,
Download Template,ດາວໂຫລດ Template,
Dropbox Access Token,Dropbox Access Token,
Dropbox Settings,ການຕັ້ງຄ່າ Dropbox,
Dropdowns,ການຫຼຸດລົງ,
Due Date,ວັນຄົບກໍານົດ,
Due Date Based On,Date Due Based On,
Duration,ໄລຍະເວລາ,
Dynamic Filters,ຕົວກັ່ນຕອງແບບເຄື່ອນໄຫວ,
Dynamic Filters JSON,ຕົວກອງແບບເຄື່ອນໄຫວ JSON,
Dynamic Filters Section,ພາກສ່ວນການກັ່ນຕອງແບບເຄື່ອນໄຫວ,
Dynamic Link,ການເຊື່ອມຕໍ່ການເຄື່ອນໄຫວ,
Dynamic Report Filters,ຕົວກອງແບບເຄື່ອນໄຫວ,
Dynamic Route,ເສັ້ນທາງແບບເຄື່ອນໄຫວ,
Dynamic Template,ແມ່ແບບແບບເຄື່ອນໄຫວ,
Edit,ແກ້ໄຂ,
Edit Values,ແກ້ໄຂຄຸນຄ່າ,
Editable Grid,ສາມາດແກ້ໄຂຕາຂ່າຍໄຟຟ້າ,
Eg. smsgateway.com/api/send_sms.cgi,ຕົວຢ່າງ:. smsgateway.com/api/send_sms.cgi,
Email,ອີເມລ,
Email Account,ບັນຊີອີເມວ,
Email Account Name,ອີເມວຊື່ບັນຊີ,
Email Address,ທີ່ຢູ່ອີເມວ,
Email Address whose Google Contacts are to be synced.,ທີ່ຢູ່ອີເມວທີ່ມີລາຍຊື່ຜູ້ຕິດຕໍ່ Google ຈະຖືກຊິ້ງຂໍ້ມູນ.,
Email Addresses,ທີ່ຢູ່ອີເມວ,
Email Domain,Domain Email,
Email Flag Queue,ແຖວທົງປະຈໍາຊາດ Email,
Email Footer Address,ທີ່ຢູ່ອີເມວ Footer,
Email Group,Group Email,
Email Group Member,ອີເມວ Group Member,
Email ID,Email ID,
Email IDs,Email Ids,
Email Id,ID Email,
Email Inbox,ອີເມວ Inbox,
Email Queue,ແຖວ Email,
Email Queue Recipient,ຜູ້ຮັບອີເມວແຖວ,
Email Queue records.,ແຖວ Email ການບັນທຶກການ.,
Email Reply Help,Email Reply Help,
Email Rule,Rule Email,
Email Sent,ສົ່ງອີເມວ,
Email Settings,ການຕັ້ງຄ່າ Email,
Email Signature,ລາຍເຊັນອີເມວ,
Email Status,ສະຖານະອີເມລ໌,
Email Sync Option,Email Option Sync,
Email Template,ແບບອີເມວ,
Email To,Email ການ,
Email Unsubscribe,ອີເມວຍົກເລີກ,
Emails will be sent with next possible workflow actions,ອີເມວຈະຖືກສົ່ງໄປພ້ອມກັບການປະຕິບັດວຽກງານເຮັດວຽກທີ່ເປັນໄປໄດ້ຕໍ່ໄປ,
Enable,ເປີດນໍາໃຊ້,
Enable Auto Reply,ເຮັດໃຫ້ອັດຕະໂນມັດ Reply,
Enable Automatic Backup,ເປີດໃຊ້ງານອັດຕະໂນມັດອັດຕະໂນມັດ,
Enable Automatic Linking in Documents,ເປີດໃຊ້ການເຊື່ອມໂຍງແບບອັດຕະໂນມັດໃນເອກະສານ,
Enable Comments,ເຮັດໃຫ້ຄວາມຄິດເຫັນ,
Enable Email Notifications,ເປີດໃຊ້ການແຈ້ງເຕືອນອີເມວ,
Enable Google Indexing,ເປີດໃຊ້ Google Indexing,
Enable In App Website Tracking,ເປີດໃຊ້ໃນການຕິດຕາມເວບໄຊທ໌ App,
Enable Incoming,ເຮັດໃຫ້ສາມາດເຂົ້າມາ,
Enable Onboarding,ເປີດ ນຳ ໃຊ້ Onboarding,
Enable Outgoing,ເຮັດໃຫ້ລາຍຈ່າຍ,
Enable Password Policy,ເປີດນໍາໃຊ້ນະໂຍບາຍລະຫັດຜ່ານ,
Enable Print Server,Enable Print Server,
Enable Raw Printing,ເປີດໃຊ້ງານການພິມແບບ Raw,
Enable Scheduled Jobs,ເຮັດໃຫ້ວຽກຕາມຕາຕະລາງ,
Enable Security,ເປີດໃຊ້ຄວາມປອດໄພ,
Enable Social Login,ເປີດການເຂົ້າສູ່ລະບົບສັງຄົມ,
Enable Social Sharing,ເປີດໃຊ້ Social Sharing,
Enable Two Factor Auth,ເປີດໃຊ້ສອງປັດໄຈ Auth,
Enabled,ເປີດການໃຊ້ງານ,
End Date,ວັນທີ່ສິ້ນສຸດ,
End Date Field,End Date Field,
Endpoint URL,Endpoint URL,
Endpoints,ຈຸດສິ້ນສຸດ,
Ends on,ສິ້ນສຸດລົງໃນ,
Energy Point,ຈຸດພະລັງງານ,
Energy Point Log,ບັນທຶກຈຸດພະລັງງານ,
Energy Point Rule,ກົດລະບຽບຈຸດພະລັງງານ,
Energy Point Settings,ການຕັ້ງຄ່າຈຸດພະລັງງານ,
Energy Points,ຈຸດພະລັງງານ,
Enter Form Type,ກະລຸນາໃສ່ປະເພດແບບຟອມການ,
"Enter default value fields (keys) and values. If you add multiple values for a field, the first one will be picked. These defaults are also used to set ""match"" permission rules. To see list of fields, go to ""Customize Form"".","ກະລຸນາໃສ່ທົ່ງນາທີ່ຄ່າເລີ່ມຕົ້ນ (ທີ່) ແລະຄຸນຄ່າ. ຖ້າຫາກວ່າທ່ານເພີ່ມຄຸນຄ່າຫຼາຍສໍາລັບການພາກສະຫນາມ, ທໍາອິດຈະໄດ້ຮັບການເກັບ. ຄ່າເລີ່ມຕົ້ນຂອງການເຫຼົ່ານີ້ຍັງໄດ້ຖືກນໍາໃຊ້ເພື່ອກໍານົດ &quot;ຄໍາວ່າ&quot; ກົດລະບຽບການອະນຸຍາດ. ເພື່ອເຂົ້າໄປເບິ່ງບັນຊີລາຍຊື່ຂອງທົ່ງນາ, ໄປກັບ &quot;ການປັບຮູບແບບ&quot;.",
"Enter static url parameters here (Eg. sender=ERPNext, username=ERPNext, password=1234 etc.)","ກະລຸນາໃສ່ຕົວກໍານົດການ url static ນີ້ (ຕົວຢ່າງ:. sender = ERPNext, username = ERPNext, ລະຫັດຜ່ານ = 1234 ແລະອື່ນໆ)",
Enter url parameter for message,ກະລຸນາໃສ່ພາລາມິເຕີ url ສໍາລັບຂໍ້ຄວາມ,
Enter url parameter for receiver nos,ກະລຸນາໃສ່ພາລາມິເຕີ url ສໍາລັບຮັບພວກເຮົາ,
Error,Error,
Error Log,Error ເຂົ້າສູ່ລະບົບ,
Error Message,ຂໍ້ຄວາມຜິດພາດ,
Event,ກໍລະນີ,
Event Category,ປະເພດເຫດການ,
Event Participants,ຜູ້ເຂົ້າຮ່ວມເຫດການ,
Event Type,ປະເພດກິດຈະກໍາ,
Everyone,ບຸກຄົນທຸກຄົນ,
"Ex: ""colors"": [""#d1d8dd"", ""#ff5858""]","Ex: &quot;ສີສັນ&quot;: [&quot;# d1d8dd&quot;, &quot;# ff5858&quot;]",
Example,ຍົກຕົວຢ່າງ,
"Example: ""/desk""",ຕົວຢ່າງ: &quot;ໂຕະ / ໂຕະ&quot;,
Example: #Tree/Account,ຕົວຢ່າງ: # ຕົ້ນໄມ້ / ບັນຊີ,
Example: 00001,ຕົວຢ່າງ: 00001,
Example: {{ subject }},ຕົວຢ່າງ: {{ຫົວຂໍ້}},
Excel,Excel,
Exception,ຂໍ້ຍົກເວັ້ນ,
Execute,ປະຕິບັດ,
Expert,ຜູ້ຊ່ຽວຊານ,
Expiration time,ທີ່ໃຊ້ເວລາຫມົດອາຍຸ,
Expire Notification On,ຫມົດອາຍຸການແຈ້ງບອກໃນ,
Expired,ຫມົດອາຍຸແລ້ວ,
Expires In,ຫມົດອາຍຸໃນ,
Expires On,ທີ່ຫມົດອາຍຸ,
Expiry time of QR Code Image Page,ທີ່ໃຊ້ເວລາຫມົດອາຍຸຂອງ QR Code Page Image,
Export,ການສົ່ງອອກ,
Export From,ສົ່ງອອກຈາກ,
Expose Recipients,expose ຜູ້ຮັບ,
"Expression, Optional","ການສະແດງອອກ, ຖ້າຕ້ອງການ",
Facebook,ເຟສບຸກ,
Failed,ສົບຜົນສໍາເລັດ,
FavIcon,Favicon,
Fax,ແຟໍກ,
Featured,ທີ່ໂດດເດັ່ນ,
Feedback,ຜົນຕອບຮັບ,
Feedback Request,ຜົນຕອບຮັບຄໍາຮ້ອງຂໍ,
Fetch From,Fetch From,
Field,ພາກສະຫນາມ,
Field Description,ພາກສະຫນາມລາຍລະອຽດ,
Field Name,ຊື່ພາກສະຫນາມ,
Field To Check,ພາກສະຫນາມເພື່ອກວດກາ,
Field Type,ປະເພດພາກສະຫນາມ,
"Field that represents the Workflow State of the transaction (if field is not present, a new hidden Custom Field will be created)","ພາກສະຫນາມທີ່ເປັນຕົວແທນຂອງລັດ Workflow ຂອງການເຮັດທຸລະ (ຖ້າຫາກວ່າພາກສະຫນາມບໍ່ແມ່ນປະຈຸບັນ, ເປັນພາກສະຫນາມລູກຄ້າໃຫມ່ທີ່ເຊື່ອງໄວ້ຈະໄດ້ຮັບການສ້າງຕັ້ງຂື້ນ)",
Field to Track,ພາກສະຫນາມທີ່ຈະຕິດຕາມ,
Fieldname,fieldname,
Fields,ທົ່ງນາ,
Fields Multicheck,Fields Multicheck,
"Fields separated by comma (,) will be included in the ""Search By"" list of Search dialog box","ທົ່ງນາຂັ້ນດ້ວຍຈໍ້າຈຸດ (,) ຈະໄດ້ຮັບການມີຢູ່ໃນ &quot;ຄົ້ນຫາໂດຍ&quot; ບັນຊີລາຍຊື່ຂອງການຄົ້ນຫາກ່ອງໂຕ້ຕອບ",
Fieldtype,Fieldtype,
File,ແຟ້ມ,
File Backup,File Backup,
File Information,ຂໍ້ມູນເອກະສານ,
File Name,ຊື່ເອກະສານ,
File Size,ຂະຫນາດໄຟ,
File Type,ປະເພດໄຟລ໌,
File URL,URL file,
Files,ໄຟ,
Filter Data,ຂໍ້ມູນການກັ່ນຕອງ,
Filter List,Filter list,
Filter Meta,ການກັ່ນຕອງ Meta,
Filter Name,ຊື່ກອງ,
Filter Values,Value Values,
Filters,ການກັ່ນຕອງ,
Filters Configuration,ການຕັ້ງຄ່າຕົວກອງ,
Filters Display,ການກັ່ນຕອງສະແດງ,
Filters JSON,ຕົວກອງ JSON,
Filters Section,ສ່ວນການກັ່ນຕອງ,
"Filters will be accessible via <code>filters</code>. <br><br>Send output as <code>result = [result]</code>, or for old style <code>data = [columns], [result]</code>","ຕົວກອງຈະສາມາດເຂົ້າເຖິງໄດ້ຜ່ານ <code>filters</code> ຕ່າງໆ.<br><br> ສົ່ງຂໍ້ມູນອອກເປັນ <code>result = [result]</code> , ຫຼືສໍາລັບການລົງອາຍຸ <code>data = [columns], [result]</code>",
Finished,ສຳ ເລັດຮູບ,
First Name,ຊື່ແທ້,
First Success Message,ຂໍ້ຄວາມຄວາມສໍາເລັດຄັ້ງທໍາອິດ,
Flag,Flag,
Float,ເລື່ອນ,
Float Precision,Precision ເລື່ອນ,
Fold,ເທົ່າ,
Folder,ໂຟນເດີ,
Font,Font,
Font Properties,ຄຸນສົມບັດຕົວອັກສອນ,
Font Size,ຂະຫນາດຕົວອັກສອນ,
Fonts,ອັກສອນ,
Footer,footer,
Footer HTML,Footer HTML,
Footer Items,ລາຍະການ footer,
Footer Logo,ໂລໂກ້ Footer,
Footer Template,ແມ່ແບບ Footer,
Footer Template Values,ຄຸນຄ່າຂອງແມ່ແບບ Footer,
Footer will display correctly only in PDF,Footer ຈະສະແດງຢ່າງຖືກຕ້ອງພຽງແຕ່ໃນ PDF ເທົ່ານັ້ນ,
For DocType Link / DocType Action,ສຳ ລັບ DocType Link / DocType Action,
For Document Event,ສຳ ລັບເອກະສານເຫດການ,
For User,ສໍາລັບຜູ້ໃຊ້,
For Value,ສໍາລັບມູນຄ່າ,
For example: {} Open,ຕົວຢ່າງ: {} ເປີດ,
"For help see <a href=""https://frappeframework.com/docs/user/en/guides/portal-development/web-forms"" target=""_blank"">Client Script API and Examples</a>","ສຳ ລັບການຊ່ວຍເຫຼືອເບິ່ງ <a href=""https://frappeframework.com/docs/user/en/guides/portal-development/web-forms"" target=""_blank"">Client Script API ແລະຕົວຢ່າງ</a>",
"For more information, <a class=""text-muted"" href=""https://erpnext.com/docs/user/manual/en/setting-up/email/linking-emails-to-document"">click here</a>.","ສຳ ລັບຂໍ້ມູນເພີ່ມເຕີມ, <a class=""text-muted"" href=""https://erpnext.com/docs/user/manual/en/setting-up/email/linking-emails-to-document"">ກົດທີ່ນີ້</a> .",
Force,ຜົນບັງຄັບໃຊ້,
Force Show,ຜົນບັງຄັບໃຊ້ສະແດງ,
Force User to Reset Password,ບັງຄັບໃຫ້ຜູ້ໃຊ້ຕັ້ງລະຫັດຜ່ານຄືນ ໃໝ່,
Form Settings,ການຕັ້ງຄ່າແບບຟອມ,
Form URL-Encoded,ແບບຟອມ URL-encoded,
Format,ຮູບແບບ,
Format Data,ຮູບແບບຂໍ້ມູນ,
Forward To Email Address,ຕໍ່ໄປທີ່ຢູ່ອີເມວ,
Fraction,ແຕ່ສ່ວນຫນຶ່ງ,
Fraction Units,ຫນ່ວຍເສດ,
Frappe,Frappe,
Frequency,ຄວາມຖີ່ຂອງການ,
Friday,ສຸກ,
From,ຈາກ,
From Date,ຈາກວັນທີ່,
From Date Field,ຈາກວັນທີພາກສະຫນາມ,
From Full Name,ຈາກຊື່ເຕັມ,
From User,ຈາກຜູ້ໃຊ້,
Full,ເຕັມ,
Full Name,ຊື່ເຕັມ,
Full Width,ຄວາມກວ້າງເຕັມ,
Function,ໜ້າ ທີ່,
GMail,GMail,
Gantt,Gantt,
Gender,ບົດບາດຍິງຊາຍ,
Generate Keys,ສ້າງຄີ,
Geo,ພູມິສາດ,
Geolocation,Geolocation,
Get Contacts,Get Contacts,
Get your globally recognized avatar from Gravatar.com,ໄດ້ຮັບ avatar ຮັບການຍອມຮັບໃນທົ່ວໂລກຂອງທ່ານຈາກ Gravatar.com,
Git Branch,ສາຂາ Git,
GitHub,GitHub,
Global Search DocType,ເອກະສານຄົ້ນຫາທົ່ວໂລກ,
Global Search Settings,ການຕັ້ງຄ່າການຄົ້ນຫາທົ່ວໂລກ,
Global Unsubscribe,ຍົກເລີກ Global,
Go to Page,ໄປທີ່ ໜ້າ,
Google,ກູໂກ,
Google Analytics Anonymize IP,Google Analytics Anonymize IP,
Google Analytics ID,ກູໂກ ID Analytics,
Google Calendar,ປະຕິທິນ Google,
Google Calendar Event ID,ປະຕິທິນເຫດການຂອງ Google,
Google Calendar ID,Google Calendar ID,
Google Contacts,Google Contacts,
Google Contacts Id,Google Contacts Id,
Google Drive,Google Drive,
Google Font,Google Font,
Google Settings,ການຕັ້ງຄ່າ Google,
Google Snippet Preview,Google Snippet Preview,
Grant Type,ປະເພດການຊ່ວຍເຫຼືອລ້າ,
Green,ສີຂຽວ,
Group,ກຸ່ມ,
Group By,ກຸ່ມໂດຍ,
Group By Based On,ກຸ່ມໂດຍອີງໃສ່,
Group By Type,ກຸ່ມຕາມປະເພດ,
Guest,ບຸກຄົນທົ່ວໄປ,
HH:mm,HH: ມມ,
HH:mm:ss,HH: mm: ss,
HTML,HTML,
HTML Editor,HTML Editor,
HTML Page,ໜ້າ HTML,
HTML for header section. Optional,HTML ສໍາລັບພາກສ່ວນຫົວ. ຖ້າຕ້ອງການ,
Half,ເຄິ່ງ ໜຶ່ງ,
Half Yearly,ເຄິ່ງຫນຶ່ງປະຈໍາປີ,
Half-yearly,ເຄິ່ງປີ,
Has  Attachment,ມີ Attachment,
Has Domain,ມີ Domain,
Has Role,ມີພາລະບົດບາດ,
Has Web View,ມີ Web ເບິ່ງ,
Header,Header,
Header HTML,Header HTML,
Header and Breadcrumbs,Header ແລະ Breadcrumbs,
Headers,Headers,
Heading,ຫົວຂໍ້,
Heatmap,ແຜນທີ່ຄວາມຮ້ອນ,
Help,ຊ່ວຍເຫຼືອ,
Help Article,ບົດຄວາມ,
Help Articles,ບົດຄວາມການຊ່ວຍເຫຼືອ,
Help Category,ການຊ່ວຍເຫຼືອປະເພດ,
Help Dropdown,ຊ່ວຍເຫຼືອໃນການລຸດລົງ,
Help HTML,ການຊ່ວຍເຫຼືອ HTML,
Helvetica,Helvetica,
Hidden,ເຊື່ອງໄວ້,
Hide,ເຊື່ອງ,
Hide Block,ເຊື່ອງຕັນ,
Hide Border,ເຊື່ອງຊາຍແດນ,
Hide CTA,ເຊື່ອງ CTA,
Hide Copy,ຊ່ອນ Copy,
Hide Custom DocTypes and Reports,ເຊື່ອງໂປແກມ DocTypes ແລະລາຍງານ,
Hide Days,ເຊື່ອງວັນ,
Hide Footer Signup,ຊ່ອນ Footer ສະຫມັກ,
Hide Login,ເຊື່ອງການເຂົ້າສູ່ລະບົບ,
Hide Seconds,ເຊື່ອງວິນາທີ,
Hide Standard Menu,ຊ່ອນເມນູມາດຕະຖານ,
Hide footer in auto email reports,ລົບ footer ໃນລາຍງານອີເມວອັດຕະໂນມັດ,
High,ສູງ,
Higher priority rule will be applied first,ກົດລະບຽບບູລິມະສິດສູງກວ່າຈະຖືກນໍາໃຊ້ກ່ອນ,
Highlight,ຈຸດເດັ່ນ,
Home,ຫນ້າທໍາອິດ,
Home Page,ຫນ້າທໍາອິດ,
Home Settings,ການຕັ້ງຄ່າເຮືອນ,
Hourly,ທຸກໆຊົ່ວໂມງ,
Hourly Long,ຊົ່ວໂມງຍາວ,
Hourly rate limit for generating password reset links,ການ ຈຳ ກັດອັດຕາຊົ່ວໂມງ ສຳ ລັບການສ້າງລິ້ງການຕັ້ງຄ່າລະຫັດຜ່ານ,
"How should this currency be formatted? If not set, will use system defaults","ວິທີການຄວນສະກຸນເງິນນີ້ມີຮູບແບບ? ຖ້າຫາກວ່າບໍ່ກໍານົດ, ຈະໃຊ້ຄ່າເລີ່ມຕົ້ນລະບົບ",
ID (name) of the entity whose property is to be set,ID (ຊື່) ຂອງນິຕິບຸກຄົນທີ່ມີຄຸນສົມບັດແມ່ນເພື່ອໄດ້ຮັບການກໍານົດໄວ້,
IP Address,ທີ່ຢູ່ IP,
Icon,ໄອຄອນ,
Icon will appear on the button,Icon ຈະໄປປາກົດທີ່ປຸ່ມ,
Identity Details,ລາຍລະອຽດຂອງຕົວຕົນ,
Idx,Idx,
"If Apply Strict User Permission is checked and User Permission is defined for a DocType for a User, then all the documents where value of the link is blank, will not be shown to that User","ຖ້າຫາກວ່າສະຫມັກຕໍາແຫນ່ງທີ່ເຄັ່ງຄັດອະນຸຍາດຜູ້ໃຊ້ແມ່ນການກວດກາແລະການອະນຸຍາດຜູ້ໃຊ້ໄດ້ຖືກກໍານົດສໍາລັບ DocType ສໍາລັບຜູ້ໃຊ້ໃດຫນຶ່ງ, ຫຼັງຈາກນັ້ນເອກະສານທັງຫມົດທີ່ຄຸນຄ່າຂອງການເຊື່ອມຕໍ່ແມ່ນເປົ່າ, ຈະບໍ່ໄດ້ຮັບການສະແດງໃຫ້ຜູ້ໃຊ້ທີ່",
If Checked workflow status will not override status in list view,ຖ້າຫາກວ່າສະຖານະ workflow ຕວດສອບຈະບໍ່ override ສະຖານະພາບຢູ່ໃນບັນຊີລາຍການ,
"If Icon is set, it will be shown instead of Label","ຖ້າ Icon ຖືກຕັ້ງຄ່າ, ມັນຈະຖືກສະແດງໃຫ້ເຫັນແທນ Label",
"If checked, all other workflows become inactive.","ຖ້າຫາກວ່າການກວດກາ, workflows ອື່ນໆທັງຫມົດກາຍເປັນ inactive.",
"If checked, users will not see the Confirm Access dialog.","ຖ້າຫາກວ່າການກວດກາ, ຜູ້ໃຊ້ຈະບໍ່ເຫັນຂໍ້ຄວາມຍືນຍັນເຂົ້າ.",
"If disabled, this role will be removed from all users.","ຖ້າຫາກວ່າເປັນຄົນພິການ, ພາລະບົດບາດນີ້ຈະໄດ້ຮັບການໂຍກຍ້າຍອອກຈາກຜູ້ໃຊ້ທັງຫມົດ.",
"If enabled,  user can login from any IP Address using Two Factor Auth, this can also be set for all users in System Settings","ຖ້າເປີດໃຊ້, ຜູ້ໃຊ້ສາມາດເຂົ້າສູ່ລະບົບຈາກທີ່ຢູ່ IP ໃດໆໂດຍໃຊ້ສອງ Factor Auth, ນີ້ຍັງສາມາດຕັ້ງຄ່າ ສຳ ລັບຜູ້ໃຊ້ທັງ ໝົດ ໃນ System Settings",
"If enabled, all users can login from any IP Address using Two Factor Auth. This can also be set only for specific user(s) in User Page","ຖ້າເປີດໃຊ້, ຜູ້ໃຊ້ທັງຫມົດສາມາດເຂົ້າສູ່ລະບົບຈາກທີ່ຢູ່ IP ໃດໆໂດຍໃຊ້ Two Factor Auth. ນີ້ຍັງສາມາດຕັ້ງຄ່າສໍາລັບຜູ້ໃຊ້ສະເພາະໃນຫນ້າຜູ້ໃຊ້",
"If enabled, changes to the document are tracked and shown in timeline","ຖ້າເປີດໃຊ້ງານ, ການປ່ຽນແປງເອກະສານຈະຖືກຕິດຕາມແລະສະແດງຕາມ ກຳ ນົດເວລາ",
"If enabled, document views are tracked, this can happen multiple times","ຖ້າເປີດໃຊ້, ການເບິ່ງເອກະສານຖືກຕິດຕາມ, ມັນສາມາດເກີດຂື້ນໄດ້ຫຼາຍຄັ້ງ",
"If enabled, the document is marked as seen, the first time a user opens it","ຖ້າເປີດໃຊ້, ເອກະສານຈະຖືກ ໝາຍ ເປັນທີ່ເຫັນ, ຄັ້ງ ທຳ ອິດທີ່ຜູ້ໃຊ້ເປີດມັນ",
"If enabled, the notification will show up in the notifications dropdown on the top right corner of the navigation bar.","ຖ້າເປີດໃຊ້ງານ, ການແຈ້ງເຕືອນຈະສະແດງຢູ່ໃນແຖບເລື່ອນລົງແຈ້ງເຕືອນຢູ່ເບື້ອງຂວາເທິງຂອງແຖບແຖບທິດທາງ.",
"If enabled, the password strength will be enforced based on the Minimum Password Score value. A value of 2 being medium strong and 4 being very strong.","ຖ້າເປີດການ, ມີຄວາມເຂັ້ມແຂງລະຫັດຜ່ານຈະຖືກບັງຄັບໃຊ້ໂດຍອີງໃສ່ມູນຄ່າຕໍາ່ສຸດທີ່ຄະແນນລະຫັດຜ່ານ. A ຄ່າຂອງ 2 ເປັນທີ່ເຂັ້ມແຂງຂະຫນາດກາງແລະ 4 ເປັນທີ່ເຂັ້ມແຂງທີ່ສຸດ.",
"If enabled, users who login from Restricted IP Address, won't be prompted for Two Factor Auth","ຖ້າເປີດໃຊ້, ຜູ້ທີ່ເຂົ້າສູ່ລະບົບຈາກທີ່ຢູ່ IP ທີ່ຈໍາກັດ, ຈະບໍ່ໄດ້ຮັບການແຈ້ງເຕືອນສໍາລັບ Two Factor Auth",
"If enabled, users will be notified every time they login. If not enabled, users will only be notified once.","ຖ້າເປີດການ, ຜູ້ຊົມໃຊ້ຈະໄດ້ຮັບແຈ້ງທຸກຄັ້ງທີ່ພວກເຂົາເຈົ້າເຂົ້າສູ່ລະບົບ. ຖ້າຫາກວ່າບໍ່ສາມາດໃຊ້, ຜູ້ໃຊ້ພຽງແຕ່ຈະໄດ້ຮັບແຈ້ງເມື່ອ.",
If non standard port (e.g. 587),ຖ້າຫາກວ່າ port ມາດຕະຖານບໍ່ແມ່ນ (ຕົວຢ່າງ: 587),
"If non standard port (e.g. 587). If on Google Cloud, try port 2525.","ຖ້າບໍ່ແມ່ນພອດມາດຕະຖານ (eg 587). ຖ້າຢູ່ໃນ Google Cloud, ລອງພອດ 2525.",
"If non-standard port (e.g. POP3: 995/110, IMAP: 993/143)","ຖ້າທ່າເຮືອທີ່ບໍ່ແມ່ນມາດຕະຖານ (ຕົວຢ່າງ POP3: 995/110, IMAP: 993/143)",
"If not set, the currency precision will depend on number format",ຖ້າຫາກວ່າບໍ່ໄດ້ຕັ້ງຄວາມແມ່ນຍໍາສະກຸນເງິນຈະຂຶ້ນກັບຮູບແບບຈໍານວນ,
"If the user has any role checked, then the user becomes a ""System User"". ""System User"" has access to the desktop","ຖ້າຫາກວ່າຜູ້ໃຊ້ທີ່ມີພາລະບົດບາດການກວດກາ, ຫຼັງຈາກນັ້ນຜູ້ໃຊ້ຈະກາຍເປັນ &quot;ລະບົບຜູ້ໃຊ້&quot;. &quot;ລະບົບຜູ້ໃຊ້&quot; ມີການເຂົ້າເຖິງ desktop ໄດ້",
If user is the owner,ຖ້າຫາກວ່າຜູ້ເປັນເຈົ້າຂອງ,
"If you set this, this Item will come in a drop-down under the selected parent.","ຖ້າຫາກວ່າທ່ານກໍານົດໄວ້ນີ້, ລາຍການນີ້ຈະມາໃນການຫຼຸດລົງລົງພາຍໃຕ້ການປົກຄອງການຄັດເລືອກ.",
"If your data is in HTML, please copy paste the exact HTML code with the tags.","ຖ້າຫາກວ່າຂໍ້ມູນຂອງທ່ານແມ່ນຢູ່ໃນ HTML, ກະລຸນາສໍາເນົາວາງລະຫັດ HTML ຄືກັນອ້ອຍຕ້ອຍກັບ tags ໄດ້.",
Ignore User Permissions,ບໍ່ສົນໃຈການອະນຸຍາດຂອງຜູ້ໃຊ້,
Ignore XSS Filter,ບໍ່ສົນໃຈ XSS Filter,
Ignore attachments over this size,ບໍ່ສົນໃຈສິ່ງທີ່ແນບມາໃນໄລຍະຂະຫນາດນີ້,
Ignored Apps,ແອັບ Apps ທີ່ບໍ່ສົນໃຈ,
Image,ຮູບພາບ,
Image Field,ມືພາກສະຫນາມຮູບພາບ,
Image Link,Link Image,
Implicit,ໄນ,
Import,ການນໍາເຂົ້າ,
Import File,ເອກະສານ ນຳ ເຂົ້າ,
Import File Errors and Warnings,ຄວາມຜິດພາດຂອງເອກະສານ ນຳ ເຂົ້າແລະ ຄຳ ເຕືອນ,
Import Log,ການນໍາເຂົ້າເຂົ້າສູ່ລະບົບ,
Import Log Preview,ການ ນຳ ເຂົ້າບັນທຶກການ ນຳ ເຂົ້າ,
Import Preview,ສະແດງຕົວຢ່າງການ ນຳ ເຂົ້າ,
Import Type,ປະເພດການ ນຳ ເຂົ້າ,
Import Warnings,ຄຳ ເຕືອນກ່ຽວກັບການ ນຳ ເຂົ້າ,
Import from Google Sheets,ນຳ ເຂົ້າຈາກ Google Sheets,
In Days,ໃນວັນ,
In Filter,ໃນ Filter,
In Global Search,ໃນການຊອກຫາ Global,
In List View,ໃນຊີ View,
In Preview,ໃນການສະແດງ,
In Reply To,ໃນຕອບກັບ,
In Standard Filter,ໃນ Filter ມາດຕະຖານ,
In points. Default is 9.,ໃນຈຸດ. ມາດຕະຖານເປັນ 9.,
In seconds,ໃນວິນາທີ,
Inbox,ກ່ອງຈົດ ໝາຍ,
Inbox User,ຜູ້ໃຊ້ອິນບັອກ,
Include Search in Top Bar,ປະກອບມີການຄົ້ນຫາໃນ Top Bar,
Include Web View Link in Email,ສົ່ງການເຊື່ອມຕໍ່ເອກະສານເບິ່ງເວັບໃນອີເມວ,
Index,ດັດຊະນີ,
Index Web Pages for Search,ດັດສະນີ ໜ້າ ເວັບ ສຳ ລັບຄົ້ນຫາ,
Indexing Authorization Code,ລະຫັດການອະນຸຍາດດັດສະນີ,
Indexing Refresh Token,Token Refresh Indexing,
Indicator,ຕົວຊີ້ວັດ,
Indicator Color,ຕົວຊີ້ວັດສີ,
Info,ຂໍ້ມູນ,
Initial Sync Count,ນັບ Sync ທໍາອິດ,
InnoDB,InnoDB,
Insert After,ສະແດງກິ່ງງ່າຫຼັງຈາກ,
Insert New Records,ໃສ່ບັນທຶກໃຫມ່,
Insert Style,ໃສ່ແບບ,
Installed Application,ຄໍາຮ້ອງສະຫມັກທີ່ຕິດຕັ້ງ,
Installed Applications,ຄໍາຮ້ອງສະຫມັກທີ່ຕິດຕັ້ງ,
Int,Int,
Integration Request,ຂໍ Integration,
Integrations,Integrations,
Integrations can use this field to set email delivery status,Integrations ສາມາດນໍາໃຊ້ພາກສະຫນາມນີ້ເພື່ອກໍານົດສະຖານະພາບການສົ່ງອີເມວ,
Interests,ຜົນປະໂຫຍດ,
Intermediate,ລະດັບປານກາງ,
Internal record of document shares,ການບັນທຶກພາຍໃນຂອງເອກສານ,
Introduce your company to the website visitor.,ແນະນໍາບໍລິສັດຂອງທ່ານກັບຈໍານວນຜູ້ເຂົ້າເວັບໄຊທ໌.,
Introduction,ການນໍາສະເຫນີ,
Introductory information for the Contact Us Page,ຂໍ້ມູນເບື້ອງຕົ້ນສໍາລັບການຕິດຕໍ່ພວກເຮົາຫນ້າ,
Invalid,ທີ່ບໍ່ຖືກຕ້ອງ,
Inverse,ກົງກັນຂ້າມ,
Is Active,ເປັນກິດຈະກໍາ,
Is Attachments Folder,ແມ່ນ Folder Attachments,
Is Billing Contact,ແມ່ນຕິດຕໍ່ໃບບິນ,
Is Child Table,ເປັນຕາຕະລາງເດັກນ້ອຍ,
Is Complete,ແມ່ນແລ້ວສົມບູນ,
Is Completed,ແມ່ນສໍາເລັດ,
Is Custom Field,ແມ່ນພາກສະຫນາມ Custom,
Is Default,ແມ່ນມາດຕະຖານ,
Is Folder,ແມ່ນ Folder,
Is Home Folder,ແມ່ນຫນ້າທໍາອິດ Folder,
Is Mandatory Field,ແມ່ນພາກສະຫນາມບັງຄັບ,
Is Optional State,ແມ່ນລັດທາງເລືອກ,
Is Primary,ແມ່ນປະຖົມ,
Is Primary Contact,ເປັນຕິດຕໍ່ຊັ້ນປະຖົມ,
Is Primary Mobile,ແມ່ນໂທລະສັບມືຖືຊັ້ນຕົ້ນ,
Is Primary Phone,ແມ່ນໂທລະສັບຫລັກ,
Is Private,ເປັນເອກກະຊົນ,
Is Public,ແມ່ນສາທາລະນະ,
Is Published Field,ແມ່ນຈັດພີມມາຢູ່ພາກສະຫນາມ,
Is Single,ຄືດ່ຽວ,
Is Skipped,ແມ່ນຂ້າມ,
Is Spam,ແມ່ນ Spam,
Is Standard,ແມ່ນມາດຕະຖານ,
Is Submittable,ແມ່ນສົ່ງ,
Is Table,ເປັນຕາຕະລາງ,
Is Tree,ເປັນຕົ້ນໄມ້,
Is Unique,ເປັນເອກະລັກ,
Is Your Company Address,ທີ່ຢູ່ຂອງບໍລິສັດ,
Item Label,ປ້າຍ ກຳ ກັບ,
Item Type,ປະເພດສິນຄ້າ,
JS,JS,
JSON,JSON,
JSON Request Body,ອົງການ JSON Request,
JavaScript,JavaScript,
JavaScript Format: frappe.query_reports['REPORTNAME'] = {},JavaScript Format: frappe.query_reports [ &#39;REPORTNAME&#39;] = {},
Javascript,Javascript,
Jinja,ຈິນ,
Kanban,Kanban,
Kanban Board,ຄະນະກໍາມະ Kanban,
Kanban Board Column,ຄໍລໍາ Kanban Board,
Kanban Board Name,ຊື່ Kanban Board,
Keep track of all update feeds,ຮັກສາຕິດຕາມການອັບເດດທັງຫມົດ,
Keeps track of all communications,ຕິດຕາມການສື່ສານທຸກຢ່າງ,
Key,ທີ່ສໍາຄັນ,
Keyboard Shortcuts,ຄີບອດ,
Knowledge Base Contributor,ຖານຄວາມຮູ້ການປະກອບສ່ວນ,
Knowledge Base Editor,ຄວາມຮູ້ບັນນາທິການຖານ,
LDAP Email Field,ມືພາກສະຫນາມ Email LDAP,
LDAP First Name Field,LDAP ພາກສະຫນາມຊື່,
LDAP Group,ກຸ່ມບໍລິສັດ LDAP,
LDAP Group Field,ສະ ໜາມ LDAP ກຸ່ມ,
LDAP Group Mapping,ແຜນທີ່ກຸ່ມ LDAP,
LDAP Group Mappings,LDAP Group Mappings,
LDAP Last Name Field,ພາກສະ ໜາມ ຊື່ LDAP,
LDAP Middle Name Field,ທົ່ງນາຊື່ກາງ LDAP,
LDAP Mobile Field,ສະ ໜາມ ເຄື່ອນທີ່ LDAP,
LDAP Phone Field,ສະ ໜາມ ໂທລະສັບ LDAP,
LDAP Search String,LDAP ຄົ້ນຫາ String,
LDAP Security,LDAP ຄວາມປອດໄພ,
LDAP Server Url,LDAP Server Url,
LDAP Settings,ການຕັ້ງຄ່າ LDAP,
LDAP User Creation and Mapping,ການສ້າງແລະສ້າງແຜນທີ່ຜູ້ໃຊ້ LDAP,
LDAP Username Field,LDAP Username ພາກສະຫນາມ,
Label,Label,
Label Help,Label Help,
Label and Type,Label ແລະປະເພດ,
Landing Page,ຫນ້າທີ່ດິນ,
Language,ພາສາ,
Language Code,ລະຫັດພາສາ,
Language Name,ພາສາ,
Last Active,ໃຊ້ວຽກຫຼ້າສຸດ,
Last Backup On,ສຳ ຮອງສຸດທ້າຍ,
Last Execution,ການປະຕິບັດຄັ້ງສຸດທ້າຍ,
Last IP,IP ຫຼ້າສຸດ,
Last Known Versions,ສະບັບ Known ຫຼ້າສຸດ,
Last Login,ລະບົບຫຼ້າສຸດ,
Last Month,ເດືອນທີ່ຜ່ານມາ,
Last Name,ນາມສະກຸນ,
Last Password Reset Date,ວັນທີປັບລະຫັດຜ່ານຄັ້ງສຸດທ້າຍ,
Last Point Allocation Date,ວັນທີຈັດສັນຈຸດສຸດທ້າຍ,
Last Quarter,ໄຕມາດສຸດທ້າຍ,
Last Sync On,Last Sync On,
Last Synced On,ສະບັບສຸດທ້າຍໃນ,
Last User,ຜູ້ໃຊ້ສຸດທ້າຍ,
Last Week,ອາທິດທີ່ແລ້ວ,
Last Year,ປີທີ່ແລ້ວ,
Lead Conversion Time,ເວລາປ່ຽນໃຈເຫລື້ອມໃສ,
Leaderboard,ກະດານ,
Leave blank to repeat always,ອອກຈາກບໍ່ໄດ້ກັບຄືນມາສະເຫມີ,
Ledger,ບັນຊີ,
Left,ໄວ້,
Legal,ທາງດ້ານກົດຫມາຍ,
Length,ຄວາມຍາວ,
Letter,ຈົດຫມາຍສະບັບ,
Letter Head,ຫົວຫນ້າຈົດຫມາຍສະບັບ,
Letter Head Based On,ຈົດ ໝາຍ ອີງໃສ່,
Letter Head Image,ຮູບພາບຫົວຂໍ້ຈົດ ໝາຍ,
Letter Head Name,ຊື່ຈົດຫມາຍສະບັບຫົວຫນ້າ,
Letter Head in HTML,ຫົວຫນ້າຈົດຫມາຍສະບັບໃນ HTML,
Level,ລະດັບ,
Level Name,ຊື່ລະດັບ,
License,ໃບອະນຸຍາດ,
Light Color,ສີອ່ອນ,
Like,ຄື,
Likes,ເຊັ່ນດຽວກັນ,
Limit,ຂອບເຂດຈໍາກັດ,
Limit Number of DB Backups,ຈໍາກັດຈໍານວນ DB Backups,
Line,ສາຍ,
Link,ການເຊື່ອມຕໍ່,
Link Cards,ບັດເຊື່ອມຕໍ່,
Link DocType,ການເຊື່ອມຕໍ່ DocType,
Link Document Type,ປະເພດເອກະສານການເຊື່ອມໂຍງ,
Link Fieldname,Link Fieldname,
Link Name,ຊື່ການເຊື່ອມຕໍ່,
Link Title,ການເຊື່ອມຕໍ່ຫົວຂໍ້,
Link To,ການເຊື່ອມຕໍ່ເພື່ອ,
Link to the page you want to open. Leave blank if you want to make it a group parent.,ການເຊື່ອມຕໍ່ກັບຫນ້າທີ່ທ່ານຕ້ອງການທີ່ຈະເປີດ. ໃຫ້ຫວ່າງໄວ້ຖ້າຫາກວ່າທ່ານຕ້ອງການທີ່ຈະເຮັດໃຫ້ມັນເປັນພໍ່ແມ່ກຸ່ມ.,
Linked,ການເຊື່ອມຕໍ່,
Linked Documents,ເອກະສານທີ່ເຊື່ອມໂຍງ,
Links,ການເຊື່ອມຕໍ່,
List,ບັນຊີລາຍຊື່,
List Filter,List Filter,
List Settings,ຕັ້ງຄ່າລາຍຊື່,
List View Settings,ລາຍການເບິ່ງການຕັ້ງຄ່າ,
"List as [{""label"": _(""Jobs""), ""route"":""jobs""}]","ບັນຊີລາຍຊື່ເປັນ [{ &quot;ປ້າຍ&quot;: _ ( &quot;ວຽກເຮັດງານທໍາ&quot;), &quot;ເສັ້ນທາງ&quot;: &quot;ວຽກເຮັດງານທໍາ&quot;}]",
List of patches executed,ບັນຊີລາຍຊື່ຂອງການເພີ້ມປະຕິບັດ,
Load Balancing,ການດຸ່ນດ່ຽງການໂຫຼດ,
Location,ສະຖານທີ່,
Log,ເຂົ້າສູ່ລະບົບ,
Log Data,ຂໍ້ມູນບັນທຶກ,
Log Setting User,ຜູ້ໃຊ້ຕັ້ງຄ່າ Log,
Log Settings,ຕັ້ງຄ່າບັນທຶກ,
Login,ເຂົ້າສູ່ລະບົບ,
Login After,ເຂົ້າສູ່ລະບົບຫລັງຈາກ,
Login Before,ເຂົ້າສູ່ລະບົບກ່ອນ,
Login Required,ເຂົ້າສູ່ລະບົບທີ່ຕ້ອງການ,
Logo Width,ຄວາມກວ້າງຂອງໂລໂກ້,
Logout,ອອກຈາກລະບົບ,
Logout All Sessions on Password Reset,ເຂົ້າສູ່ລະບົບທຸກໆຕອນໃນການຕັ້ງຄ່າລະຫັດຜ່ານ,
Logout From All Devices After Changing Password,ອອກຈາກທຸກເຄື່ອງຫຼັງຈາກປ່ຽນລະຫັດຜ່ານ,
Long Text,ຂໍ້ຄວາມຍາວ,
Low,ຕ່ໍາ,
Main Section,ພາກສ່ວນຕົ້ນຕໍ,
Main Section (HTML),ພາກສ່ວນຕົ້ນຕໍ (HTML),
Main Section (Markdown),ພາກສ່ວນຕົ້ນຕໍ (Markdown),
Maintenance Manager,ຜູ້ຈັດການບໍາລຸງຮັກສາ,
Maintenance User,ຜູ້ໃຊ້ບໍາລຸງຮັກສາ,
"Make ""name"" searchable in Global Search",ເຮັດໃຫ້ &quot;ຊື່&quot; ຄົ້ນຫາໃນ Search Global,
Mandatory,ການບັງຄັບ,
Mandatory Depends On,ການບັງຄັບແມ່ນຂື້ນກັບ,
Map route parameters into form variables. Example <code>/project/&lt;name&gt;</code>,ຕົວກໍານົດເສັ້ນທາງແຜນທີ່ເຂົ້າໄປໃນຕົວແປແບບຟອມ. ຕົວຢ່າງ <code>/project/&lt;name&gt;</code>,
Markdown,markdown,
Markdown Editor,ບັນນາທິການ Markdown,
Marked As Spam,ຫມາຍເປັນຂີ້ເຫຍື້ອ,
Max 500 records at a time,Max 500 ການບັນທຶກການທີ່ໃຊ້ເວລາ,
Max Attachment Size (in MB),ນ້ໍາຂະຫນາດ Attachment (ໃນ MB),
Max Attachments,Attachments Max,
Max Length,Length Max,
Max Value,ມູນຄ່າສູງສຸດທີ່ເຄຍ,
Maximum,ສູງສຸດ,
Maximum Number of Fields,ຈຳ ນວນສະ ໜາມ ສູງສຸດ,
Maximum Points,ຈຸດສູງສຸດ,
Medium,ຂະຫນາດກາງ,
Meeting,ກອງປະຊຸມ,
Mention,ກ່າວເຖິງ,
Mentions,Mentions,
Message,ຂໍ້ຄວາມ,
Message (HTML),ຂໍ້ຄວາມ (HTML),
Message (Markdown),ຂໍ້ຄວາມ (Markdown),
Message Examples,ຕົວຢ່າງຂໍ້ຄວາມ,
Message ID,ID ຂໍ້ຄວາມ,
Message Parameter,ພາລາມິເຕີຂໍ້ຄວາມ,
Message-id,"ຂໍ້ຄວາມ, id",
Meta Description,ຄໍາອະທິບາຍ Meta,
Meta Image,ຮູບພາບ Meta,
Meta Tags,ປ້າຍ Meta,
Meta Title,ຫົວຂໍ້ Meta,
Method,ວິທີການ,
Middle Name,ຊື່ກາງ,
Milestone,Milestone,
Milestone Tracker,ຕິດຕາມ Milestone,
Minimum,ຕ່ ຳ ສຸດ,
Minimum Password Score,ຄະແນນລະຫັດຜ່ານຂັ້ນຕ່ໍາ,
Mobile No,ໂທລະສັບມືຖືທີ່ບໍ່ມີ,
Module,ໂມດູນ,
Module Def,Module Def,
Module Name,ຊື່ Module,
Module Onboarding,ໂມດູນ Onboarding,
Modules HTML,ໂມດູນ HTML,
Monday,ຈັນ,
Monospace,Monospace,
Monthly,ປະຈໍາເດືອນ,
Monthly Long,ຍາວປະ ຈຳ ເດືອນ,
More Information,ຂໍ້ມູນເພີ່ມເຕີມ,
More content for the bottom of the page.,ເນື້ອຫາເພີ່ມເຕີມສໍາລັບການດ້ານລຸ່ມຂອງຫນ້າ.,
Multiplier Field,ພາກສະ ໜາມ ຄູນ,
Must be a publicly accessible Google Sheets URL,ຕ້ອງເປັນ URL ຂອງ Google Sheets ທີ່ສາມາດເຂົ້າເຖິງໄດ້ໂດຍສາທາລະນະ,
"Must be of type ""Attach Image""",ຈະຕ້ອງເປັນຂອງປະເພດ &quot;ຄັດຕິດຮູບພາບ&quot;,
Mute Sounds,ສຽງ mute,
MyISAM,MyISAM,
Name,ຊື່,
Naming,ການຕັ້ງຊື່,
Naming Series,ການຕັ້ງຊື່ Series,
Navbar,Navbar,
Navbar Item,Navbar Item,
Navbar Settings,ແຖບຕັ້ງແຖບ,
Navbar Template,ແມ່ແບບ Navbar,
Navbar Template Values,ຄຸນຄ່າຂອງແຖບ Navbar,
New,ໃຫມ່,
New Name,ຊື່ໃຫມ່,
New value to be set,ມູນຄ່າໃຫມ່ທີ່ຈະກໍານົດ,
Newsletter,ຈົດຫມາຍຂ່າວ,
Newsletter Email Group,Group Email Newsletter,
Newsletter Manager,ຜູ້ຈັດການຫນັງສືພິມ,
Next Action Email Template,ຕົວແບບອີເມວປະຕິບັດຕໍ່ໄປ,
Next Actions HTML,ການກະທໍາຕໍ່ໄປ HTML,
Next Schedule Date,Next Schedule Date,
Next State,State ຕໍ່ໄປ,
Next Sync Token,Next Sync Token,
No,ບໍ່ມີ,
No Copy,ບໍ່ມີສໍາເນົາ,
No of Requested SMS,ບໍ່ມີຂອງ SMS ຂໍ,
No of Rows (Max 500),ບໍ່ມີຂອງແຖວເກັດທີ່ຢູ່ (Max 500),
No of Sent SMS,ບໍ່ມີຂອງ SMS ສົ່ງ,
Non Negative,ບໍ່ແມ່ນລົບ,
None,ບໍ່ມີ,
Not Sent,ບໍ່ໄດ້ສົ່ງ,
Note,ຫມາຍເຫດ,
Note Seen By,ຫມາຍເຫດເຫັນ,
Note: By default emails for failed backups are sent.,ຫມາຍເຫດ: ໂດຍອີເມວສໍາລັບການສໍາຮອງຂໍ້ມູນທີ່ລົ້ມເຫລວຖືກສົ່ງໄປ.,
"Note: For best results,  images must be of the same size and width must be greater than height.","ໝາຍ ເຫດ: ເພື່ອໃຫ້ໄດ້ຜົນດີທີ່ສຸດ, ຮູບພາບຕ້ອງມີຂະ ໜາດ ແລະຄວາມກວ້າງເທົ່າກັນຕ້ອງສູງກວ່າລວງສູງ.",
Note: Multiple sessions will be allowed in case of mobile device,ຫມາຍເຫດ: ບົດຫຼາຍຈະໄດ້ຮັບການອະນຸຍາດໃຫ້ໃນກໍລະນີຂອງອຸປະກອນໂທລະສັບມືຖື,
Notification,ການແຈ້ງເຕືອນ,
Notification Log,ໃບແຈ້ງການ,
Notification Recipient,Notification Recipient,
Notification Settings,ການຕັ້ງຄ່າແຈ້ງເຕືອນ,
Notification Subscribed Document,ເອກະສານສະ ໝັກ ແຈ້ງການ,
Notifications,ແຈ້ງການ,
Notifications and bulk mails will be sent from this outgoing server.,ການແຈ້ງເຕືອນແລະອີເມລຫຼາຍຈະຖືກສົ່ງມາຈາກເຄື່ອງແມ່ຂ່າຍຂອງລາຍຈ່າຍນີ້.,
Notify Users On Every Login,ແຈ້ງຜູ້ໃຊ້ໃນທຸກລະບົບ,
Notify by Email,ແຈ້ງໂດຍ Email,
Notify by email,ແຈ້ງໂດຍ Email,
Notify if unreplied,ແຈ້ງຖ້າຫາກວ່າ unreplied,
Notify if unreplied for (in mins),ແຈ້ງຖ້າຫາກວ່າ unreplied ສໍາລັບການ (ໃນນາທີ),
Notify users with a popup when they log in,ແຈ້ງໃຫ້ຜູ້ໃຊ້ທີ່ມີນິຍົມໃນເວລາທີ່ພວກເຂົາເຈົ້າເຂົ້າສູ່ລະບົບ,
Number Card,ບັດປະ ຈຳ ຕົວ,
Number Card Link,ການເຊື່ອມຕໍ່ບັດເລກ,
Number Cards,ເລກບັດ,
Number Format,ຮູບແບບຕົວເລກ,
Number of Backups,ຈໍານວນຂອງາຮອງ,
Number of DB Backups,ຈໍານວນຈໍານວນ DB Backups,
Number of Groups,ຈຳ ນວນຂອງກຸ່ມ,
Number of columns for a field in a Grid (Total Columns in a grid should be less than 11),ຈໍານວນຄໍລໍາສໍາລັບພາກສະຫນາມໃນຕາຂ່າຍໄຟຟ້າເປັນ (ຄໍລໍາທັງຫມົດໃນຕາຂ່າຍໄຟຟ້າຄວນຈະມີຫນ້ອຍກ່ວາ 11),
Number of columns for a field in a List View or a Grid (Total Columns should be less than 11),ຈໍານວນຄໍລໍາສໍາລັບພາກສະຫນາມ in a List View ຫລືຕາຂ່າຍໄຟຟ້າເປັນ (ຄໍລໍາທັງຫມົດຄວນຈະມີຫນ້ອຍກ່ວາ 11),
OAuth Authorization Code,OAuth ລະຫັດອະນຸຍາດ,
OAuth Bearer Token,OAuth ກຸມ Token,
OAuth Client,Client OAuth,
OAuth Client ID,ID ຂອງລູກຄ້າ OAuth,
OAuth Provider Settings,ການຕັ້ງຄ່າໃຫ້ບໍລິການ OAuth,
OTP App,OTP App,
OTP Issuer Name,ຊື່ OTP ອອກ,
Off,ປິດ,
Office,ຫ້ອງການ,
Office 365,Office 365,
Older backups will be automatically deleted,ສໍາຮອງຂໍ້ມູນຂຶ້ນໄປຈະໄດ້ຮັບການລຶບອັດຕະໂນມັດ,
On Hold,On Hold,
Onboarding Permission,ການອະນຸຍາດກ່ຽວກັບເຮືອ,
Onboarding Step,Onboarding ຂັ້ນຕອນ,
Onboarding Step Map,Onboarding Step ແຜນທີ່,
"Once submitted, submittable documents cannot be changed. They can only be Cancelled and Amended.","ເມື່ອຖືກຍື່ນແລ້ວ, ເອກະສານທີ່ສົ່ງຕໍ່ບໍ່ສາມາດປ່ຽນແປງໄດ້. ພວກເຂົາສາມາດຖືກຍົກເລີກແລະດັດແກ້ເທົ່ານັ້ນ.",
Only Allow Edit For,ພຽງແຕ່ອະນຸຍາດໃຫ້ແກ້ໄຂສໍາລັບ,
Only Send Records Updated in Last X Hours,ພຽງແຕ່ສົ່ງບັນທຶກອັບ X ຫຼ້າຊົ່ວໂມງ,
Open,ເປີດ,
Open Documents,ເປີດເອກະສານ,
Open Reference Document,ເປີດເອກະສານອ້າງອີງ,
Open URL in a New Tab,ເປີດ URL ໃນແຖບ New,
Open a dialog with mandatory fields to create a new record quickly,ເປີດການສົນທະນາກັບຂົງເຂດທີ່ ຈຳ ເປັນເພື່ອສ້າງບັນທຶກ ໃໝ່ ໂດຍໄວ,
Opened,ເປີດ,
Operation,ການດໍາເນີນງານ,
Optional: Always send to these ids. Each Email Address on a new row,ທາງເລືອກ: ສະເຫມີສົ່ງໄປຫັດເຫຼົ່ານີ້. ແຕ່ລະຄົນທີ່ຢູ່ອີເມວໃນຕິດຕໍ່ກັນໃຫມ່,
Optional: The alert will be sent if this expression is true,ທາງເລືອກ: ການແຈ້ງເຕືອນຈະສົ່ງຖ້າຫາກວ່າການສະແດງອອກນີ້ແມ່ນເປັນຄວາມຈິງ,
Options,ທາງເລືອກໃນການ,
Options Help,ທາງເລືອກໃນການຊ່ວຍເຫລືອ,
Orange,ສົ້ມ,
Order,ຄໍາສັ່ງ,
Org History,ປະຫວັດ org,
Org History Heading,ປະຫວັດ Org ຫົວ,
Other,ອື່ນ ໆ,
Outlook.com,Outlook.com,
Output,ຜົນຜະລິດ,
PDF Page Size,PDF ຫນ້າຂະຫນາດ,
PDF Settings,ການຕັ້ງຄ່າ PDF,
Page,ຫນ້າ,
Page Break,ຫນ້າພັກຜ່ອນ,
Page Builder,ຜູ້ສ້າງ ໜ້າ,
Page Building Blocks,ບລັອກການກໍ່ສ້າງຫນ້າ,
Page HTML,ຫນ້າ HTML,
Page Name,ຊື່ຫນ້າ,
Page Settings,ຕັ້ງຄ່າຫນ້າ,
Parameter,ພາລາມິເຕີ,
Parent Field (Tree),ສະ ໜາມ ພໍ່ແມ່ (ຕົ້ນໄມ້),
Parent Label,Label ຂອງພໍ່ແມ່,
Partial Success,Partial Success,
Participants,ຜູ້ເຂົ້າຮ່ວມ,
Passive,ຕົວຕັ້ງຕົວຕີ,
Password,ລະຫັດຜ່ານ,
Password Reset Link Generation Limit,ລະຫັດການຜະລິດລະຫັດເຊື່ອມຕໍ່ຄືນ ໃໝ່,
Password for Base DN,ລະຫັດຜ່ານສໍາລັບການຖານ DN,
Patch,Patch,
Patch Log,Patch ເຂົ້າສູ່ລະບົບ,
Path,ເສັ້ນທາງ,
Path to CA Certs File,ເສັ້ນທາງໄປຫາເອກະສານອ້າງອິງ CA,
Path to Server Certificate,ເສັ້ນທາງສູ່ໃບຢັ້ງຢືນ Server,
Path to private Key File,ເສັ້ນທາງສູ່ເອກະຊົນ Key File,
Pending,ທີ່ຍັງຄ້າງ,
Pending Approval,ການອະນຸມັດທີ່ຍັງຄ້າງ,
Pending Verification,ການກວດສອບທີ່ຍັງຄ້າງຢູ່,
Percent,ເປີເຊັນ,
Percentage,ອັດຕາສ່ວນ,
Period,ໄລຍະເວລາ,
Perm Level,Level Perm,
Permanent,ຖາວອນ,
Permission Level,ລະດັບອະນຸຍາດ,
Permission Rules,ກົດລະບຽບການອະນຸຍາດ,
Permissions,ການອະນຸຍາດ,
Permitted Documents For User,ເອກະສານອະນຸຍາດສໍາລັບຜູ້ໃຊ້,
Personal,ສ່ວນບຸກຄົນ,
Personal Data Deletion Request,ຄຳ ຂໍລຶບຂໍ້ມູນສ່ວນຕົວ,
Personal Data Download Request,ຄຳ ຮ້ອງຂໍດາວໂຫລດຂໍ້ມູນສ່ວນຕົວ,
Phone,ໂທລະສັບ,
Phone No.,ໂທລະສັບສະບັບເລກທີ,
Phone Number,ເບີໂທລະສັບ,
Pie,ຕ່ອນ,
Pincode,Pincode,
Plant,ພືດ,
Point Allocation Periodicity,ແຕ່ລະໄລຍະຂອງການຈັດສັນຈຸດ,
Points,ຈຸດຕ່າງໆ,
Port,Port,
Portal Menu,ເມນູສະບັບພິມໄດ້,
Portal Menu Item,Menu Item Portal,
Portal Settings,ການຕັ້ງຄ່າ Portal,
Position,ຕໍາແຫນ່ງ,
Postal,ໄປສະນີ,
Postal Code,ລະຫັດໄປສະນີ,
Precision,Precision,
Preferred Billing Address,ທີ່ແນະນໍາທີ່ຢູ່ໃບບິນ,
Preferred Shipping Address,ທີ່ແນະນໍາທີ່ຢູ່ Shipping,
Prefix,ຄໍານໍາຫນ້າ,
Prepared Report,ບົດລາຍງານການກະກຽມ,
Prepared Report User,ຜູ້ໃຊ້ລາຍງານການກະກຽມ,
Preview,Preview,
Preview HTML,ສະແດງ HTML,
Preview Message,Preview Message,
Previous Hash,Previous Hash,
Primary,ປະຖົມ,
Primary Color,ສີປະຖົມ,
Print,ພິມ,
Print Format,ຮູບແບບການພິມ,
Print Format Builder,Builder ຮູບແບບພິມ,
Print Format Help,ຮູບແບບການພິມ,
Print Format Type,ພິມປະເພດຮູບແບບ,
Print Hide,Print ເຊື່ອງ,
Print Hide If No Value,Print ເຊື່ອງຖ້າຫາກວ່າບໍ່ມີມູນຄ່າ,
Print Server,Print Server,
Print Settings,ການຕັ້ງຄ່າການພິມ,
Print Style,ແບບພິມ,
Print Style Name,ຊື່ Style ພິມ,
Print Style Preview,ພິມ Preview ແບບ,
Print UOM after Quantity,ພິມ UOM ຫຼັງຈາກປະລິມານ,
Print Width,Width ພິມ,
"Print Width of the field, if the field is a column in a table","ພິມ Width ຂອງພາກສະຫນາມ, ຖ້າຫາກວ່າພາກສະຫນາມແມ່ນຖັນໃນຕາຕະລາງ",
Print taxes with zero amount,Print taxes with zero amount,
Print with letterhead,ພິມດ້ວຍຈົດຫມາຍ,
Printer Name,ຊື່ເຄື່ອງພິມ,
Printing,ການພິມ,
Priority,ບູລິມະສິດ,
Private,ສ່ວນຕົວ,
ProTip: Add <code>Reference: {{ reference_doctype }} {{ reference_name }}</code> to send document reference,ProTip: ຕື່ມການ <code>Reference: {{ reference_doctype }} {{ reference_name }}</code> ຈະສົ່ງເອກສານອ້າງອິງ,
Property,ຄຸນສົມບັດ,
Property Depends On,ຊັບສິນແມ່ນຂື້ນກັບ,
Property Setter,ຄຸນສົມບັດ Setter,
Property Setter overrides a standard DocType or Field property,ຄຸນສົມບັດ Setter ແທນເປັນ DocType ມາດຕະຖານຫລືຄຸນສົມບັດພາກສະຫນາມ,
Property Type,ປະເພດຊັບສິນ,
Provider,ຜູ້ໃຫ້ບໍລິການ,
Provider Name,ຊື່ຜູ້ໃຫ້ບໍລິການ,
Public,ສາທາລະນະ,
Publish,ເຜີຍແຜ່,
Published,ຈັດພີມມາ,
Published On,ຈັດພີມມາກ່ຽວກັບ,
Pull from Google Calendar,ດຶງຈາກ Google Calendar,
Pull from Google Contacts,ດຶງຈາກ Google Contacts,
Pulled from Google Calendar,ດຶງຈາກ Google Calendar,
Pulled from Google Contacts,ດຶງຈາກ Google Contacts,
Purchase Manager,ຜູ້ຈັດການຊື້,
Purchase Master Manager,ການຊື້ Manager ລິນຍາໂທ,
Purchase User,User ຊື້,
Purple,ສີມ່ວງ,
Push to Google Calendar,ຍູ້ໄປຫາ Google Calendar,
Push to Google Contacts,ຍູ້ໄປຫາລາຍຊື່ຜູ້ຕິດຕໍ່ Google,
Quarterly,ໄຕມາດ,
Query,ການສອບຖາມ,
Query / Script,ສອບຖາມ / ສະຄິບ,
Query Options,ຕົວເລືອກການສອບຖາມ,
Query Report,ບົດລາຍງານແບບສອບຖາມ,
Queued,ຄິວ,
Quick Entry,Entry ດ່ວນ,
RAW Information Log,ຂໍ້ມູນບັນທຶກຂໍ້ມູນ RAW,
Random,ແບບສຸ່ມ,
Rating,ການຈັດອັນດັບ,
Raw Commands,ຄຳ ສັ່ງດິບ,
Raw Email,Email ຖຸດິບ,
Raw Printing,ການພິມດິບ,
Read,ອ່ານ,
Read Only,ອ່ານຢ່າງດຽວ,
Read Only Depends On,ອ່ານເທົ່ານັ້ນຂື້ນກັບ,
Read Time,ເວລາອ່ານ,
Read by Recipient,ອ່ານໂດຍຜູ້ຮັບ,
Read by Recipient On,ອ່ານໂດຍຜູ້ຮັບ,
Reason,ເຫດຜົນ,
Received,ໄດ້ຮັບ,
Receiver By Document Field,ຜູ້ຮັບໂດຍພາກສະ ໜາມ ເອກະສານ,
Receiver By Role,ຜູ້ຮັບໂດຍບົດບາດ,
Receiver Parameter,ຮັບພາລາມິເຕີ,
Recipient,ຜູ້ຮັບ,
Recipient Unsubscribed,ຜູ້ຮັບຍົກເລິກ,
Recipients,ຜູ້ຮັບ,
Recorder,ບັນທຶກ,
Red,ສີແດງ,
Redirect URI Bound To Auth Code,ຕົວຊີ້ທິດທາງ URI ຜູກພັນກັບ Auth ລະຫັດ,
Redirect URIs,ປ່ຽນເສັ້ນທາງ URIs,
Redirect URL,ປ່ຽນເສັ້ນທາງ URL,
Ref DocType,Ref DocType,
Reference,ກະສານອ້າງອີງ,
Reference Date,ວັນທີ່ສະຫມັກກະສານອ້າງອີງ,
Reference DocName,Reference DocName,
Reference DocType,ເອກະສານອ້າງອີງ DocType,
Reference Docname,Reference DocName,
Reference Doctype,DocType ກະສານອ້າງອີງ,
Reference Document,ເອກະສານກະສານອ້າງອີງ,
Reference Document Name,ຊື່ເອກະສານອ້າງອີງ,
Reference Document Type,ປະເພດເອກະສານອ້າງອີງ,
Reference Name,ຊື່ເອກະສານອ້າງອີງ,
Reference Owner,ເຈົ້າຂອງກະສານອ້າງອີງ,
Reference Report,ບົດລາຍງານການອ້າງອີງ,
Reference Type,ປະເພດເອກະສານ,
Reference name,ຊື່ກະສານອ້າງອີງ,
Referrer,ຜູ້ສົ່ງຕໍ່,
Refresh Google Sheet,Refresh Google Sheet,
Refresh Token,Refresh Token,
Rejected,ປະຕິເສດ,
Relinked,Relinked,
Reload,ໂຫລດ,
Remember Last Selected Value,ຈືຂໍ້ມູນການເລືອກຫຼ້າສຸດມູນຄ່າ,
Reminder,ເຕືອນ,
Repeat On,ເຮັດເລື້ມຄືນກ່ຽວກັບ,
Repeat Till,ເຮັດເລື້ມຄືນ Till,
Repeat on Day,Repeat on Day,
Repeat on Last Day of the Month,ເຮັດຊ້ ຳ ໃນມື້ສຸດທ້າຍຂອງເດືອນ,
Repeat this Event,ເຮັດເລື້ມຄືນກິດຈະກໍານີ້,
Replied,ຕອບ,
Reply,reply,
Report,ບົດລາຍງານ,
Report Builder,Builder ບົດລາຍງານ,
Report Column,ຖັນລາຍງານ,
Report Description,ລາຍລະອຽດລາຍງານ,
Report Filter,ຕົວກອງລາຍງານ,
Report Filters,ການກັ່ນຕອງບົດລາຍງານ,
Report Hide,ບົດລາຍງານເຊື່ອງ,
Report Information,ຂໍ້ມູນລາຍງານ,
Report Manager,ບົດລາຍງານ Manager,
Report Name,ຊື່ລາຍວຽກ,
Report Reference Doctype,ບົດລາຍງານການອ້າງອີງ Doctype,
Report Type,ປະເພດບົດລາຍງານ,
Reports,ບົດລາຍງານ,
Represents a User in the system.,ເປັນຕົວແທນຜູ້ໃຊ້ໃນລະບົບໄດ້.,
Represents the states allowed in one document and role assigned to change the state.,ເປັນຕົວແທນປະເທດອະນຸຍາດໃຫ້ຢູ່ໃນເອກະສານແລະພາລະບົດບາດການມອບຫມາຍໃຫ້ມີການປ່ຽນແປງລັດ.,
Request Data,Request Data,
Request Structure,ຂໍໂຄງສ້າງ,
Request URL,Request URL,
Requested Numbers,ຈໍານວນການຮ້ອງຂໍ,
Require Trusted Certificate,ຕ້ອງການໃບຢັ້ງຢືນທີ່ເຊື່ອຖືໄດ້,
Reset Password Key,Key ລະຫັດຜ່ານ,
Response,ການຕອບສະຫນອງ,
Response Type,ປະເພດໃນການຕອບໂຕ້,
Restored,ການຟື້ນຟູ,
Restrict IP,ຈໍາກັດ IP,
Restrict To Domain,ຈໍາກັດການໂດເມນ,
Restrict to Domain,ຈໍາກັດການ Domain,
Restrict user from this IP address only. Multiple IP addresses can be added by separating with commas. Also accepts partial IP addresses like (111.111.111),ຈໍາກັດຜູ້ໃຊ້ຈາກທີ່ຢູ່ IP ນີ້ເທົ່ານັ້ນ. ທີ່ຢູ່ IP ຫຼາຍສາມາດໄດ້ຮັບການເພີ່ມໂດຍການແຍກດ້ວຍຈຸລະພາກ. ນອກຈາກນີ້ຍັງໄດ້ຮັບທີ່ຢູ່ IP ເປັນບາງສ່ວນເຊັ່ນ: (111.111.111),
Retry,ລອງອີກເທື່ອຫນຶ່ງ,
Reverse Icon Color,ດ້ານ Icon ສີ,
Revert,ກັບຄືນ,
Revert Of,ການກັບຄືນຂອງ,
Reverted,ກັບມາແລ້ວ,
Review,ການທົບທວນຄືນ,
Review Level,ລະດັບການທົບທວນຄືນ,
Review Levels,ລະດັບການທົບທວນຄືນ,
Review Points,ຈຸດທົບທວນຄືນ,
Revoked,ຍົກເລີກ,
Rich Text,ຂໍ້ຄວາມອຸດົມສົມບູນ,
Right,ສິດ,
Robots.txt,robots.txt,
Role,ພາລະບົດບາດ,
Role Name,ຊື່ພາລະບົດບາດ,
Role Permission for Page and Report,ການອະນຸຍາດພາລະບົດບາດສໍາລັບການຫນ້າແລະບົດລາຍງານ,
Role Permissions,ການອະນຸຍາດພາລະບົດບາດ,
Role Permissions Manager,ຜູ້ຈັດການພາລະບົດບາດການອະນຸຍາດ,
Role Profile,Profile Role,
Role and Level,ພາລະບົດບາດແລະລະດັບ,
Roles,ພາລະບົດບາດ,
Roles Assigned,ພາລະບົດບາດໄດ້ຮັບມອບຫມາຍ,
Roles HTML,ພາລະບົດບາດ HTML,
Roles Html,ພາລະບົດບາດ Html,
Round Robin,ຮອບໂຣນິນ,
Route,ເສັ້ນທາງ,
Route History,Route History,
Route Redirects,ການປ່ຽນເສັ້ນທາງ,
"Route: Example ""/desk""",ເສັ້ນທາງ: ຕົວຢ່າງ &quot;ໂຕະ / ໂຕະ&quot;,
Row Index,Index Row,
Row Name,ຊື່ແຖວ,
Rows Added,ແຖວເກັດທີ່ຢູ່ເພີ່ມ,
Rows Removed,ແຖວເກັດທີ່ຢູ່ທີ່ຖືກຍົກຍ້າຍ,
Rule,ກົດລະບຽບ,
Rule Conditions,ເງື່ອນໄຂການປົກຄອງ,
Rule Name,ຊື່ກົດລະບຽບ,
Rules defining transition of state in the workflow.,ກົດລະບຽບກໍານົດການປ່ຽນແປງຂອງລັດໃນຂະບວນການ.,
"Rules for how states are transitions, like next state and which role is allowed to change state etc.","ກົດລະບຽບສໍາລັບວິທີການປະເທດມີການປ່ຽນແປງ, ຄືລັດຕໍ່ໄປແລະພາລະບົດບາດແມ່ນອະນຸຍາດໃຫ້ມີການປ່ຽນແປງລັດແລະອື່ນໆ",
Rules with higher priority number will be applied first.,ກົດລະບຽບທີ່ມີຕົວເລກບູລິມະສິດສູງກວ່າຈະຖືກນໍາໃຊ້ກ່ອນ.,
Run Jobs only Daily if Inactive For (Days),ດຳ ເນີນວຽກງານປະ ຈຳ ວັນເທົ່ານັ້ນຖ້າບໍ່ມີວຽກ ສຳ ລັບ (ວັນ),
Run scheduled jobs only if checked,ດໍາເນີນການວຽກເຮັດງານທໍາໄດ້ກໍານົດພຽງແຕ່ຖ້າຫາກວ່າການກວດກາ,
S3 Backup Settings,S3 Backup Settings,
S3 Bucket Details,ລາຍລະອຽດຂອງຄຸ S3,
SMS,ຂໍ້ຄວາມ,
SMS Gateway URL,URL SMS Gateway,
SMS Log,SMS ເຂົ້າສູ່ລະບົບ,
SMS Parameter,SMS ພາລາມິເຕີ,
SMS Settings,ການຕັ້ງຄ່າ SMS,
SMTP Settings for outgoing emails,ການຕັ້ງຄ່າ SMTP ສໍາລັບລາຍຈ່າຍອີ,
"SQL Conditions. Example: status=""Open""",ເງື່ອນໄຂ SQL. ຍົກຕົວຢ່າງ: ສະຖານະ = &quot;Open&quot;,
SSL/TLS Mode,ແບບ SSL / TLS,
Sales Manager,ຜູ້ຈັດການຝ່າຍຂາຍ,
Sales Master Manager,Manager Sales ລິນຍາໂທ,
Sales User,User ຂາຍ,
Salesforce,Salesforce,
Salutation,ຄໍາຂຶ້ນຕົ້ນ,
Sample,ຕົວຢ່າງ,
Saturday,ວັນເສົາ,
Save,ບັນທຶກ,
Scheduled,ກໍານົດ,
Scheduled Job,ວຽກທີ່ຖືກ ກຳ ນົດ,
Scheduled Job Log,ບັນທຶກວຽກທີ່ມີ ກຳ ນົດ,
Scheduled Job Type,ປະເພດວຽກທີ່ ກຳ ນົດ,
Scheduled To Send,ກໍານົດທີ່ຈະສົ່ງ,
Scheduler Event,ເຫດການ ກຳ ນົດເວລາ,
Scope,ຂອບເຂດ,
Scopes,ຂອບເຂດ,
Script,script,
Script Manager,ຜູ້ຈັດການສະຄິບ,
Script Report,Report script,
Script Type,ປະເພດ script,
Script to attach to all web pages.,Script ຈະຕິດກັບຫນ້າເວັບທັງຫມົດ.,
Search Fields,ໃນຊ່ອງຄົ້ນຫາ,
Search Priorities,ບູລິມະສິດຄົ້ນຫາ,
Section,ພາກສ່ວນ,
Section Break,ພາກພັກຜ່ອນ,
Security Settings,ການຕັ້ງຄ່າຄວາມປອດໄພ,
Seen,ເຫັນ,
Seen By,ເຫັນໂດຍ,
Seen By Table,ເຫັນໂດຍຕາຕະລາງ,
Select,ເລືອກ,
Select Dashboard,ເລືອກ Dashboard,
Select Date Range,ເລືອກຊ່ວງວັນທີ,
Select DocType,ເລືອກ DocType,
Select Doctype,ເລືອກ Doctype,
Select Transaction,ເລືອກເຮັດທຸລະກໍາ,
Select an image of approx width 150px with a transparent background for best results.,ເລືອກເອົາຮູບພາບຂອງປະມານ width 150px ທີ່ມີຄວາມເປັນມາເປັນໂປ່ງໃສສໍາລັບຜົນໄດ້ຮັບທີ່ດີທີ່ສຸດ.,
Select the label after which you want to insert new field.,ເລືອກເອົາປ້າຍຫຼັງຈາກທີ່ທ່ານຕ້ອງການທີ່ຈະສະແດງກິ່ງງ່າພາກສະຫນາມໃຫມ່.,
Send After,ສົ່ງຫຼັງຈາກ,
Send Alert On,ສົ່ງ Alert ກ່ຽວກັບ,
Send Email Alert,ສົ່ງອີເມວ Alert,
Send Email Print Attachments as PDF (Recommended),ສົ່ງ Attachments Email Print ເປັນ PDF (ແນະນໍາໃຫ້),
Send Email for Successful Backup,ສົ່ງອີເມວສໍາລັບການສໍາຮອງຂໍ້ມູນທີ່ປະສົບຜົນສໍາເລັດ,
Send Email for Successful backup,ສົ່ງອີເມວສໍາລັບການສໍາຮອງຂໍ້ມູນທີ່ປະສົບຜົນສໍາເລັດ,
Send Me A Copy of Outgoing Emails,ສົ່ງສໍາເນົາອີເມວ Outgoing,
Send Notification To,ສົ່ງແຈ້ງການກັບ,
Send Notification to,ສົ່ງແຈ້ງການກັບ,
Send Notifications For Documents Followed By Me,ສົ່ງແຈ້ງການ ສຳ ລັບເອກະສານທີ່ຕິດຕາມມາດ້ວຍຂ້ອຍ,
Send Notifications For Email Threads,ສົ່ງແຈ້ງການ ສຳ ລັບກະທູ້ອີເມວ,
Send Notifications To,ສົ່ງການແຈ້ງເຕືອນໄປ,
Send Print as PDF,ສົ່ງ Print ເປັນ PDF,
Send System Notification,ສົ່ງແຈ້ງການຂອງລະບົບ,
Send To All Assignees,ສົ່ງໃຫ້ທຸກຄົນມອບ ໝາຍ,
Send Unsubscribe Link,ສົ່ງຍົກເລີກການເຊື່ອມຕໍ່,
Send Welcome Email,ສົ່ງຍິນດີຕ້ອນຮັບ Email,
Send alert if date matches this field's value,ສົ່ງການແຈ້ງເຕືອນຖ້າຫາກວ່າວັນທີກັບຄ່າພາກສະຫນາມນີ້ຂອງ,
Send alert if this field's value changes,ສົ່ງການແຈ້ງເຕືອນຖ້າຫາກວ່າການປ່ຽນແປງມູນຄ່າພາກສະຫນາມນີ້ຂອງ,
Send an email reminder in the morning,ສົ່ງການເຕືອນອີເມວໃນຕອນເຊົ້າ,
Send days before or after the reference date,ສົ່ງມື້ກ່ອນຫຼືຫຼັງຈາກວັນທີ່ອ້າງອິງໄດ້,
Send enquiries to this email address,ສອບຖາມຂໍ້ມູນກັບທີ່ຢູ່ອີເມວນີ້,
Send only if there is any data,ສົ່ງພຽງແຕ່ຖ້າວ່າບໍ່ມີຂໍ້ມູນໃດໆ,
Send unsubscribe message in email,ສົ່ງຂໍ້ຄວາມຍົກເລີກໃນອີເມລ໌,
Sender,ຜູ້ສົ່ງ,
Sender Email,Sender Email,
Sender Name,ຊື່ຜູ້ສົ່ງ,
Sendgrid,Sendgrid,
Sending,ສົ່ງ,
Sent,ສົ່ງ,
Sent On,ສົ່ງກ່ຽວກັບ,
Sent Read Receipt,ສົ່ງອ່ານ Receipt,
Sent To,ຖືກສົ່ງໄປ,
Sent or Received,ສົ່ງຫຼືໄດ້ຮັບ,
Sent/Received Email,ສົ່ງ / ຮັບອີເມວ,
Separator,ຕົວແຍກ,
Sequence Id,Id ລຳ ດັບ,
Series List for this Transaction,ບັນຊີໄລຍະສໍາລັບການນີ້,
Server Action,Action Server,
Server IP,Server IP,
Server Script,Server Script,
Service,ການບໍລິການ,
Session Default,Default Default,
Session Default Settings,ການຕັ້ງຄ່າ Default Default,
Session Defaults,ຄ່າເລີ່ມຕົ້ນຂອງກອງປະຊຸມ,
Set Banner from Image,ປ້າຍໂຄສະນາຈາກຮູບພາບ,
"Set Default Options for all charts on this Dashboard (Ex: ""colors"": [""#d1d8dd"", ""#ff5858""])","ກຳ ນົດຕົວເລືອກຄ່າເລີ່ມຕົ້ນ ສຳ ລັບຕາຕະລາງທັງ ໝົດ ໃນ Dashboard ນີ້ (Ex: &quot;color&quot;: [&quot;# d1d8dd&quot;, &quot;# ff5858&quot;])",
Set New Password,ກໍານົດລະຫັດຜ່ານໃຫມ່,
Set Property After Alert,ຕັ້ງຄ່າ Property ຫຼັງຈາກ Alert ການຂົນ,
Set Role For,ກໍານົດພາລະບົດບາດສໍາລັບ,
Set Value,ກໍານົດມູນຄ່າ,
Set non-standard precision for a Float or Currency field,ທີ່ກໍານົດໄວ້ຈະບໍ່ໄດ້ມາດຕະຖານສໍາລັບການເລື່ອນຫລືສະກຸນເງິນພາກສະຫນາມ,
Settings,ການຕັ້ງຄ່າ,
Settings Dropdown,ການຕັ້ງຄ່າເລື່ອນລົງ,
Settings for Contact Us Page,ການຕັ້ງຄ່າສໍາລັບການຕິດຕໍ່ພວກເຮົາຫນ້າ,
Settings for the About Us Page,ການຕັ້ງຄ່າສໍາລັບການກ່ຽວກັບພວກເຮົາ Page,
Setup,ຕັ້ງຄ່າ,
Setup Complete,ການຕິດຕັ້ງສໍາເລັດ,
Setup Wizard,ຂອງຄວາມຍາວປາ setup,
Share,ແບ່ງປັນ,
Shared,ໃຊ້ຮ່ວມກັນ,
Shipping,ການຂົນສົ່ງ,
Shop,ບໍລິການຜ່ານ,
Short Name,ຊື່ສັ້ນ,
Shortcuts,ທາງລັດ,
Show Attachments,ສະແດງໄຟລ໌ແນບ,
Show Dashboard,ສະແດງກະດານຄວບຄຸມ,
Show Document,ສະແດງເອກະສານ,
Show Failed Logs,ສະແດງບັນທຶກທີ່ລົ້ມເຫລວ,
Show Form Tour,ສະແດງແບບຟອມການທ່ອງທ່ຽວ,
Show Full Error and Allow Reporting of Issues to the Developer,ສະແດງໃຫ້ເຫັນຄວາມຜິດພາດຢ່າງເຕັມທີ່ແລະອະນຸຍາດໃຫ້ການລາຍງານຂອງບັນຫາເພື່ອພັດທະນາການ,
Show Full Form?,ສະແດງແບບຟອມເຕັມບໍ?,
Show Line Breaks after Sections,ສະແດງໃຫ້ເຫັນ Line ພັກຜ່ອນຫຼັງຈາກພາກສ່ວນ,
Show Percentage Stats,ສະແດງສະຖິຕິເປີເຊັນ,
Show Preview Popup,ສະແດງ Preview Popup,
Show Report,ສະແດງບົດລາຍງານ,
Show Section Headings,ສະແດງໃຫ້ເຫັນເສັ້ນທາງສັນຫົວ,
Show Sidebar,ສະແດງໃຫ້ເຫັນ Sidebar,
Show Title,ສະແດງໃຫ້ເຫັນຫົວຂໍ້,
Show as cc,ສະແດງໃຫ້ເຫັນເປັນ cc,
Show full form instead of a quick entry modal,ສະແດງແບບຟອມເຕັມຮູບແບບແທນຮູບແບບການເຂົ້າແບບໄວໆ,
Show in Module Section,ສະແດງໃຫ້ເຫັນຢູ່ໃນພາກ Module,
Show in filter,ສະແດງໃນຕົວກອງ,
Show percentage difference according to this time interval,ສະແດງຄວາມແຕກຕ່າງເປີເຊັນຕາມໄລຍະເວລານີ້,
"Show title in browser window as ""Prefix - title""",ສະແດງໃຫ້ເຫັນຫົວຂໍ້ຢູ່ໃນປ່ອງຢ້ຽມຂອງຕົວທ່ອງເວັບເປັນ &quot;ຄໍານໍາຫນ້າ - ຫົວຂໍ້&quot;,
Sidebar Items,ລາຍການ sidebar,
Sidebar Settings,ການຕັ້ງຄ່າ Sidebar,
Sidebar and Comments,Sidebar ແລະຄວາມຄິດເຫັນ,
Signature,ລາຍເຊັນ,
"Simple Python Expression, Example: Status in (""Closed"", ""Cancelled"")","ການສະແດງອອກ Python ແບບງ່າຍດາຍ, ຕົວຢ່າງ: ສະຖານະພາບໃນ (&quot;ປິດ&quot;, &quot;ຍົກເລີກ&quot;)",
"Simple Python Expression, Example: Status in (""Invalid"")","ການສະແດງອອກ Python ແບບງ່າຍໆ, ຕົວຢ່າງ: ສະຖານະພາບໃນ (&quot;ບໍ່ຖືກຕ້ອງ&quot;)",
"Simple Python Expression, Example: status == 'Open' and type == 'Bug'","ການສະແດງອອກ Python ແບບງ່າຍດາຍ, ຕົວຢ່າງ: ສະຖານະພາບ == &#39;ເປີດ&#39; ແລະພິມ == &#39;ບັກ&#39;",
Simultaneous Sessions,ກອງປະຊຸມພ້ອມກັນ,
Single Types have only one record no tables associated. Values are stored in tabSingles,ດຽວປະເພດມີພຽງແຕ່ຫນຶ່ງການບັນທຶກທີ່ບໍ່ມີຕາຕະລາງທີ່ກ່ຽວຂ້ອງ. ຄຸນຄ່າແມ່ນເກັບຮັກສາໄວ້ໃນ tabSingles,
Skip Authorization,ຂ້າມການອະນຸຍາດ,
Skype,Skype,
Slack,Slack,
Slack Channel,Slack Channel,
Slack Webhook URL,Slack Webhook URL,
Slideshow,slideshow,
Slideshow Items,ລາຍະການ slideshow,
Slideshow Name,ຊື່ slideshow,
Slideshow like display for the website,Slideshow ຄືການສະແດງສໍາລັບເວັບໄຊທ໌,
Small Text,ຂໍ້ຄວາມຂະຫນາດນ້ອຍ,
Smallest Currency Fraction Value,ຂະຫນາດນ້ອຍສຸດມູນຄ່າເສດສ່ວນສະກຸນເງິນ,
Smallest circulating fraction unit (coin). For e.g. 1 cent for USD and it should be entered as 0.01,ຂະຫນາດນ້ອຍສຸດຫນ່ວຍບໍລິການແຜ່ແຕ່ສ່ວນຫນຶ່ງ (ບ້ານ). ສໍາລັບຕົວຢ່າງ: 1 ເປີເຊັນສໍາລັບ USD ແລະມັນຄວນຈະໄດ້ຮັບການເຂົ້າໄປເປັນ 001,
Social,ສັງຄົມ,
Social Link Settings,ການຕັ້ງຄ່າການເຊື່ອມໂຍງທາງສັງຄົມ,
Social Link Type,ປະເພດການເຊື່ອມໂຍງທາງສັງຄົມ,
Social Login Key,ຄີການເຂົ້າສູ່ລະບົບສັງຄົມ,
Social Login Provider,ຜູ້ໃຫ້ບໍລິການສັງຄົມ,
Social Logins,Social Logins,
Soft-Bounced,ຄີອ່ອນຂອງ Bounced,
Sort Field,ການຈັດລຽງພາກສະຫນາມ,
Sort Order,ຮຽງ,
Source,ແຫຼ່ງຂໍ້ມູນ,
Source Name,ແຫຼ່ງຊື່,
Source Text,ຂໍ້ຄວາມແຫຼ່ງຂໍ້ມູນ,
Spam,Spam,
SparkPost,SparkPost,
Standard,ມາດຕະຖານ,
Standard Sidebar Menu,ເມນູ Sidebar ມາດຕະຖານ,
Start Date,ວັນທີ່ເລີ່ມ,
Start Date Field,Start Date Field,
Start Time,ທີ່ໃຊ້ເວລາເລີ່ມຕົ້ນ,
StartTLS,StartTLS,
Started,ເລີ່ມຕົ້ນ,
Starts on,ເລີ່ມຕົ້ນກ່ຽວກັບ,
State,ລັດ,
State/Province,ລັດ / ແຂວງ,
States,ລັດອະເມລິກາ,
Static Parameters,ພາລາມິເຕີຄົງ,
Stats,ສະຖິຕິ,
Stats Time Interval,ໄລຍະຫ່າງຂອງສະຖິຕິ,
Status,ສະຖານະພາບ,
Step,ຂັ້ນຕອນ,
Steps,ຂັ້ນຕອນ,
Stopped,ຢຸດເຊົາການ,
Stores the JSON of last known versions of various installed apps. It is used to show release notes.,ຮ້ານ JSON ສະບັບເປັນທີ່ຮູ້ຈັກສຸດທ້າຍຂອງກິດຕິດຕັ້ງຕ່າງໆ. ມັນຖືກນໍາໃຊ້ເພື່ອສະແດງໃຫ້ເຫັນການອອກແຈ້ງການ.,
Style,ແບບ,
Style Settings,ການຕັ້ງຄ່າແບບ,
"Style represents the button color: Success - Green, Danger - Red, Inverse - Black, Primary - Dark Blue, Info - Light Blue, Warning - Orange","ແບບສະແດງສີປຸ່ມ: ຄວາມສໍາເລັດ - ສີຂຽວ, ອັນຕະລາຍ - ສີແດງ, ກົງກັນຂ້າມ - ສີດໍາ, ປະຖົມ - ຊ້ໍາສີຟ້າ, ຂໍ້ມູນ - ສີຟ້າອ່ອນ, ການເຕືອນໄພ - ສີສົ້ມ",
Stylesheet,Stylesheet,
"Sub-currency. For e.g. ""Cent""",ການຍ່ອຍສະກຸນເງິນ. ສໍາລັບຕົວຢ່າງ: &quot;Cent&quot;,
Sub-domain provided by erpnext.com,ອະນຸໂດເມນສະຫນອງໃຫ້ໂດຍ erpnext.com,
Subdomain,subdomain,
Subject,Subject,
Subject Field,Subject Field,
Submit,ຍື່ນສະເຫນີ,
Submit After Import,ສົ່ງຫຼັງຈາກ ນຳ ເຂົ້າ,
Submitted,ສົ່ງ,
Subsidiary,ບໍລິສັດຍ່ອຍ,
Subtitle,ຄຳ ບັນຍາຍ,
Success,ຄວາມສໍາເລັດ,
Success Action,ປະຕິບັດຜົນສໍາເລັດ,
Success Message,ຂໍ້ຄວາມສໍາເລັດ,
Success URL,URL ຜົນສໍາເລັດ,
Sum,ລວມ,
Sunday,ວັນອາທິດ,
Symbol,ສັນຍາລັກ,
Sync,Sync,
Sync with Google Calendar,ຊິ້ງກັບ Google Calendar,
Sync with Google Contacts,ຊິ້ງຂໍ້ມູນກັບ Google Contacts,
System,ລະບົບ,
System Console,ລະບົບຄອນໂຊນ,
System Manager,ຈັດການລະບົບ,
System Notification,ແຈ້ງການຂອງລະບົບ,
System Page,Page System,
System Settings,ຕັ້ງຄ່າລະບົບ,
System managers are allowed by default,ຜູ້ຈັດການລະບົບຖືກອະນຸຍາດໂດຍຄ່າເລີ່ມຕົ້ນ,
Table,ຕາຕະລາງ,
Table Break,ຕາຕະລາງພັກຜ່ອນ,
Table HTML,ຕາຕະລາງ HTML,
Table MultiSelect,ຕາຕະລາງ MultiSelect,
Tag,ແທັກ,
Tag Link,ການເຊື່ອມຕໍ່ Tag,
Target,ເປົ້າຫມາຍ,
Tax Category,ໝວດ ພາສີ,
Team Members,ທີມງານສະມາຊິກ,
Team Members Heading,ທີມງານສະມາຊິກຫົວຂໍ້,
Template,ແມ່ແບບ,
Template Options,ຕົວເລືອກແມ່ແບບ,
Template Warnings,ຄຳ ເຕືອນກ່ຽວກັບແມ່ແບບ,
Text,ຂໍ້ຄວາມ,
Text Align,ຂໍ້ຄວາມຈັດ,
Text Color,ຂໍ້ຄວາມສີ,
Text Content,ເນື້ອໃນຂໍ້ຄວາມ,
Text Editor,ບັນນາທິການຂໍ້ຄວາມ,
The name that will appear in Google Calendar,ຊື່ທີ່ຈະປາກົດໃນ Google Calendar,
The user from this field will be rewarded points,ຜູ້ໃຊ້ຈາກພາກສະຫນາມນີ້ຈະໄດ້ຮັບລາງວັນ,
The webhook will be triggered if this expression is true,webhook ຈະເກີດຂື້ນຖ້າການສະແດງອອກນີ້ເປັນຄວາມຈິງ,
Theme,Theme,
Theme Configuration,ການຕັ້ງຄ່າຫົວຂໍ້,
Theme URL,URL ຫົວຂໍ້,
These values will be automatically updated in transactions and also will be useful to restrict permissions for this user on transactions containing these values.,ຄຸນຄ່າເຫຼົ່ານີ້ຈະໄດ້ຮັບການປັບປຸງອັດຕະໂນມັດໃນການຄ້າຂາຍແລະຍັງຈະເປັນປະໂຫຍດໃນການຈໍາກັດການອະນຸຍາດສໍາລັບຜູ້ໃຊ້ນີ້ກ່ຽວກັບທຸລະກໍາທີ່ມີຄຸນຄ່າເຫຼົ່ານີ້.,
Third Party Authentication,ການກວດສອບພາກສ່ວນທີສາມ,
This card will be available to all Users if this is set,ບັດນີ້ຈະມີໃຫ້ກັບຜູ້ໃຊ້ທັງ ໝົດ ຖ້າໄດ້ ກຳ ນົດ,
This chart will be available to all Users if this is set,ຕາຕະລາງນີ້ຈະມີໃຫ້ກັບຜູ້ໃຊ້ທັງ ໝົດ ຖ້າໄດ້ ກຳ ນົດ,
This format is used if country specific format is not found,ຮູບແບບນີ້ຖືກນໍາໃຊ້ຖ້າຫາກວ່າປະເທດຮູບແບບສະເພາະໃດຫນຶ່ງບໍ່ໄດ້ພົບເຫັນ,
This goes above the slideshow.,ນີ້ໄປຂ້າງເທິງການ slideshow ໄດ້.,
This is an example Google SERP Preview.,ນີ້ແມ່ນຕົວຢ່າງ Google SERP Preview.,
This is the number of the last created transaction with this prefix,ນີ້ແມ່ນຈໍານວນຂອງການສ້າງຕັ້ງຂື້ນໃນທີ່ຜ່ານມາມີຄໍານໍາຫນ້ານີ້,
This will be shown in a modal after routing,ສິ່ງນີ້ຈະຖືກສະແດງໃນແບບຫຼັງຈາກການເດີນທາງ,
This will be shown to the user in a dialog after routing to the report,ສິ່ງນີ້ຈະຖືກສະແດງໃຫ້ຜູ້ໃຊ້ເຫັນໃນການສົນທະນາຫຼັງຈາກສົ່ງຕໍ່ລາຍງານ,
Thumbnail URL,URL Thumbnail,
Thursday,ວັນພະຫັດ,
Time,ເວລາ,
Time Format,ຮູບແບບເວລາ,
Time Interval,ຊ່ວງເວລາ,
Time Series,ໄລຍະເວລາ,
Time Series Based On,ໄລຍະເວລາອີງຕາມ,
Time Zone,ເຂດເວລາ,
Time Zones,ເຂດທີ່ໃຊ້ເວລາ,
Time format,ຮູບແບບເວລາ,
Time in seconds to retain QR code image on server. Min:<strong>240</strong>,ທີ່ໃຊ້ເວລາໃນວິນາທີທີ່ຈະຮັກສາຮູບພາບລະຫັດ QR ກ່ຽວກັບເຄື່ອງແມ່ຂ່າຍຂອງ. ຕ່ໍາສຸດ: <strong>240</strong>,
Timeline,ກຳ ນົດເວລາ,
Timeline DocType,DocType ກໍານົດເວລາ,
Timeline Field,ກໍານົດເວລາພາກສະຫນາມ,
Timeline Links,ການເຊື່ອມຕໍ່ເວລາ,
Timeline Name,ຊື່ກໍານົດເວລາ,
Timeseries,ຫນັງສືພິມ,
Timespan,Timespan,
Timestamp,ເວລາ,
Title,Title,
Title Field,ຫົວຂໍ້ພາກສະຫນາມ,
Title Prefix,Title Prefix,
To,To,
To Date,ຈົນເຖິງວັນທີ່,
To Date Field,ໄປພາກສະຫນາມວັນທີ,
To and CC,ແລະ CC,
"To use Slack Channel, add a <a href=""#List/Slack%20Webhook%20URL/List"">Slack Webhook URL</a>.","ເພື່ອໃຊ້ Slack Channel, ເພີ່ມ <a href=""#List/Slack%20Webhook%20URL/List"">URL Slack Webhook</a> .",
ToDo,ToDo,
Token,token,
Top,ທາງເທີງ,
Top Bar Item,Top Bar Item,
Top Bar Items,ລາຍະການ Top Bar,
Topic,ກະທູ້,
Total Subscribers,ສະຫມາຊິກທັງຫມົດ,
Total number of emails to sync in initial sync process ,ຈໍານວນທັງຫມົດຂອງອີເພື່ອ sync ໃນຂະບວນການ sync ທໍາອິດ,
Traceback,traceback,
Track Changes,ການປ່ຽນແປງການຕິດຕາມ,
Track Email Status,ຕິດຕາມສະຖານະອີເມວ,
Track Field,ຕິດຕາມສະ ໜາມ,
Track Seen,ຕິດຕາມຄັ້ງ,
Track Views,ຕິດຕາມເບິ່ງ,
Track milestones for any document,ຕິດຕາມສະຖິຕິ ສຳ ລັບເອກະສານໃດໆ,
Transaction Hash,Transaction Hash,
Transaction Log,Transaction Log,
Transaction Log Report,ລາຍງານການລາຍງານການເຮັດທຸລະກໍາ,
Transition Rules,ກົດລະບຽບການປ່ຽນແປງ,
Transitions,ຕຣາການປ່ຽນແປງ,
Translatable,ແປພາສາ,
Translated Text,ແປຂໍ້ຄວາມ,
Translation,ການແປພາສາ,
Trash,ຂີ້ເຫຍື້ອ,
Tree,ເປັນໄມ້ຢືນຕົ້ນ,
Tree structures are implemented using Nested Set,ໂຄງສ້າງຕົ້ນໄມ້ແມ່ນຖືກຈັດຕັ້ງປະຕິບັດໂດຍໃຊ້ Nested Set,
Trigger Method,ວິທີການຜົນກະທົບຕໍ່,
"Trigger on valid methods like ""before_insert"", ""after_update"", etc (will depend on the DocType selected)","ຜົນກະທົບຕໍ່ກັບວິທີການທີ່ຖືກຕ້ອງເຊັ່ນ: &quot;before_insert&quot;, &quot;after_update&quot;, ແລະອື່ນໆ (ຈະຂຶ້ນກັບ DocType ການຄັດເລືອກ)",
Tuesday,ວັນອັງຄານ,
Two Factor Authentication,ສອງການກວດສອບປັດໄຈ,
Two Factor Authentication method,ວິທີການສອງກວດສອບປັດໄຈ,
Type,ປະເພດ,
UID,UID,
UIDNEXT,UIDNEXT,
UIDVALIDITY,UIDVALIDITY,
UNSEEN,UNSEEN,
URL,URL,
URL for documentation or help,URL ສຳ ລັບເອກະສານຫລືຄວາມຊ່ວຍເຫຼືອ,
URL to go to on clicking the slideshow image,URL ທີ່ຈະໄປກົດທີ່ຮູບພາບສະໄລ້,
Unassign Condition,ສະພາບການບໍ່ເປັນລະບຽບ,
Unhandled Email,unhandled Email,
Unique,ເປັນເອກະລັກ,
Unread,ຍັງບໍ່ໄດ້ອ່ານ,
Unread Notification Sent,ແຈ້ງຍັງບໍ່ໄດ້ສົ່ງ,
Unshared,Unshared,
Unsubscribe Method,ວິທີການຍົກເລີກ,
Unsubscribe Param,ຍົກເລີກ Param,
Unsubscribed,ຍົກເລີກ,
Update,ການປັບປຸງ,
Update Existing Records,ປັບປຸງບັນທຶກທີ່ມີຢູ່,
Update Field,ການປັບປຸງສະຫນາມ,
Update Series Number,ຈໍານວນ Series ປັບປຸງ,
Update Settings,ປັບຄ່າການຕັ້ງຄ່າ,
Update Value,ມູນຄ່າການປັບປຸງ,
Updated,ການປັບປຸງ,
Uploaded To Dropbox,ອັບໂຫລດໄປ Dropbox,
Uploaded To Google Drive,ອັບໂຫລດໄປ Google Drive,
Use % for any non empty value.,ໃຊ້% ສຳ ລັບຄ່າທີ່ບໍ່ມີຄ່າ.,
Use ASCII encoding for password,ໃຊ້ການເຂົ້າລະຫັດ ASCII ສໍາລັບລະຫັດຜ່ານ,
Use IMAP,ການນໍາໃຊ້ IMAP,
Use POST,ໃຊ້ POST,
Use Report Chart,ໃຊ້ຕາຕະລາງການລາຍງານ,
Use SSL,ການນໍາໃຊ້ SSL,
Use TLS,ການນໍາໃຊ້ TLS,
Use this fieldname to generate title,ການນໍາໃຊ້ fieldname ນີ້ເພື່ອສ້າງຫົວຂໍ້,
User,ຜູ້ໃຊ້,
User ,ຜູ້ໃຊ້,
User Agent,ຕົວແທນຜູ້ໃຊ້,
User Cannot Create,ຜູ້ໃຊ້ບໍ່ສາມາດສ້າງ,
User Cannot Search,ຜູ້ໃຊ້ບໍ່ສາມາດຄົ້ນຫາ,
User Defaults,ຄ່າເລີ່ມຕົ້ນຂອງຜູ້ໃຊ້,
User Details,ລາຍລະອຽດຂອງຜູ້ໃຊ້,
User Email,ຜູ້ໃຊ້ Email,
User Emails,ອີເມວຜູ້ໃຊ້,
User Field,ສະ ໜາມ ຜູ້ໃຊ້,
User ID,User ID,
User ID Property,ຄຸນສົມບັດປະ ຈຳ ຕົວຜູ້ໃຊ້,
User ID of a Blogger,ຊື່ຜູ້ໃຊ້ຂອງ Blogger,
User Id,User ID,
User Image,Image User,
User Name,ຊື່ຜູ້ໃຊ້,
User Permission,ການອະນຸຍາດຜູ້ໃຊ້,
User Profile,ຂໍ້ມູນຜູ້ໃຊ້,
User Social Login,User Login Social,
User Tags,User Tags,
User Type,ປະເພດຜູ້ໃຊ້,
User can login using Email id or Mobile number,User ສາມາດເຂົ້າສູ່ລະບົບໂດຍໃຊ້ id ອີເມວຫຼືເບີໂທລະສັບມືຖື,
User can login using Email id or User Name,ຜູ້ໃຊ້ສາມາດເຂົ້າສູ່ລະບົບໂດຍໃຊ້ຊື່ອີເມວຫຼືຊື່ຜູ້ໃຊ້,
User must always select,ຜູ້ໃຊ້ຕ້ອງໄດ້ເລືອກ,
Username,ຊື່ຜູ້ໃຊ້,
Users,ຜູ້ຊົມໃຊ້,
Users assigned to the reference document will get points.,ຜູ້ໃຊ້ທີ່ຖືກມອບຫມາຍໃຫ້ກັບເອກະສານອ້າງອີງຈະໄດ້ຮັບຈຸດ.,
Valid,ຖືກຕ້ອງ,
Validate Field,ຢັ້ງຢືນພາກສະ ໜາມ,
Validity,ຄວາມຖືກຕ້ອງ,
Value,ຄຸນຄ່າ,
Value Based On,ມູນຄ່າອີງໃສ່,
Value Change,ການປ່ຽນແປງມູນຄ່າ,
Value Changed,ມູນຄ່າການປ່ຽນແປງ,
Value To Be Set,ມູນຄ່າທີ່ຕ້ອງການກໍານົດ,
Value from this field will be set as the due date in the ToDo,ມູນຄ່າຈາກພາກສະ ໜາມ ນີ້ຈະຖືກ ກຳ ນົດເປັນວັນຄົບ ກຳ ນົດໃນ ToDo,
Value to Validate,ຄຸນຄ່າໃນການກວດສອບຄວາມຖືກຕ້ອງ,
Verdana,Verdana,
Verified,ຢັ້ງຢືນແລ້ວ,
Version,Version,
Video URL,URL ວີດີໂອ,
View,View,
View Log,ເບິ່ງບັນທຶກ,
View Properties (via Customize Form),ເບິ່ງຄຸນສົມບັດ (ໂດຍຜ່ານການປັບ Form),
View Report,ເບິ່ງບົດລາຍງານ,
View Settings,ເບິ່ງການຕັ້ງຄ່າ,
View Website,ເບິ່ງເວັບໄຊທ໌,
Viewed By,Viewed By,
Visit,ການຢ້ຽມຢາມ,
Warehouse,Warehouse,
Warning,ການເຕືອນໄພ,
Watch Video,ເບິ່ງວີດີໂອ,
Web Form,ແບບຟອມ Web,
Web Form Field,ມືພາກສະຫນາມໃນແບບຟອມ Web,
Web Form Fields,ແບບຟອມ Web,
Web Page,ຫນ້າເວັບ,
Web Page Block,Web Page Block,
Web Page View,ການເບິ່ງ ໜ້າ ເວັບ,
Web Template,ແມ່ແບບເວັບ,
Web Template Field,ເວບໄຊທ໌ແມ່ແບບເວບໄຊທ໌,
Web Template Values,ຄຸນຄ່າຂອງແມ່ແບບເວັບ,
Web View,ເວັບໄຊຕ໌ View,
Webhook,Webhook,
Webhook Data,Webhook Data,
Webhook Header,Webhook Header,
Webhook Headers,Webhook Headers,
Webhook Request,Webhook Request,
Webhook Secret,Webhook ລັບ,
Webhook Security,ຄວາມປອດໄພ Webhook,
Webhook Trigger,Webhook ຜົນກະທົບຕໍ່,
Webhook URL,Webhook URL,
Website,ເວັບໄຊທ໌,
Website Analytics,ການວິເຄາະເວັບໄຊທ໌້,
Website Manager,ຜູ້ຈັດການເວັບໄຊທ໌,
Website Meta Tag,ເວບໄຊທ໌ Meta Tag,
Website Route Meta,ເສັ້ນທາງເວບໄຊທ໌ Meta,
Website Route Redirect,ປ່ຽນເສັ້ນທາງເວບໄຊທ໌,
Website Script,Script ເວັບໄຊທ໌,
Website Settings,ການຕັ້ງຄ່າເວັບໄຊທ໌,
Website Sidebar,Sidebar ເວັບໄຊທ໌,
Website Sidebar Item,ເວັບໄຊທ໌ Sidebar Item,
Website Slideshow,Slideshow ເວັບໄຊທ໌,
Website Slideshow Item,ເວັບໄຊທ໌ Slideshow Item,
Website Theme,Theme ເວັບໄຊທ໌,
Website Theme Ignore App,ຫົວຂໍ້ເວັບໄຊທ໌ບໍ່ສົນໃຈ App,
Website Theme Image,ເວັບໄຊທ໌ Theme Image,
Website Theme Image Link,ເວັບໄຊທ໌ Link ຫົວຂໍ້ຮູບພາບ,
Wednesday,ວັນພຸດ,
Weekdays,ວັນອາທິດ,
Weekly,ປະຈໍາອາທິດ,
Weekly Long,ຍາວປະ ຈຳ ອາທິດ,
Welcome Email Template,ແມ່ແບບອີເມວຍິນດີຕ້ອນຮັບ,
"When enabled this will allow guests to upload files to your application, You can enable this if you wish to collect files from user without having them to log in, for example in job applications web form.","ເມື່ອເປີດໃຊ້ງານນີ້ຈະຊ່ວຍໃຫ້ແຂກສາມາດອັບໂຫລດເອກະສານເຂົ້າໃນແອັບພລິເຄຊັນຂອງທ່ານ, ທ່ານສາມາດເປີດໃຊ້ງານໄດ້ຖ້າທ່ານຕ້ອງການເກັບ ກຳ ໄຟລ໌ຈາກຜູ້ໃຊ້ໂດຍບໍ່ ຈຳ ເປັນຕ້ອງເຂົ້າສູ່ລະບົບ, ຍົກຕົວຢ່າງໃນແບບຟອມການສະ ໝັກ ວຽກ.",
Which view of the associated DocType should this shortcut take you to?,ມຸມມອງໃດຂອງ DocType ທີ່ກ່ຽວຂ້ອງຄວນຈະໃຫ້ທາງລັດນີ້ ນຳ ທ່ານ?,
Width,width,
Wildcard Filter,ຕົວກອງແບບ ທຳ ມະຊາດ,
"Will add ""%"" before and after the query",ຈະເພີ່ມ &quot;%&quot; ກ່ອນແລະຫຼັງການສອບຖາມ,
Will be used in url (usually first name).,ຈະໄດ້ຮັບການນໍາໃຊ້ໃນ url (ຊື່ຕາມປົກກະຕິທໍາອິດ).,
Will run scheduled jobs only once a day for inactive sites. Default 4 days if set to 0.,ຈະ ດຳ ເນີນວຽກຕາມ ກຳ ນົດເວລາພຽງແຕ່ມື້ດຽວ ສຳ ລັບສະຖານທີ່ທີ່ບໍ່ມີປະໂຫຍດ. ຄ່າເລີ່ມຕົ້ນ 4 ວັນຖ້າຕັ້ງເປັນ 0.,
Workflow,workflow,
Workflow Action,ປະຕິບັດ workflow,
Workflow Action Master,Workflow ປະຕິບັດປະລິນຍາໂທ,
Workflow Action Name,ຊື່ Workflow ປະຕິບັດ,
Workflow Action is not created for optional states,Workflow Action ບໍ່ໄດ້ຖືກສ້າງຂື້ນ ສຳ ລັບລັດທາງເລືອກ,
Workflow Document State,State Document Workflow,
Workflow Name,ຊື່ workflow,
Workflow State,State workflow,
Workflow State Field,Workflow Field State,
Workflow Transition,Transition workflow,
Workflow state represents the current state of a document.,ລັດ Workflow ເປັນຕົວແທນຂອງລັດໃນປະຈຸບັນຂອງເອກະສານ.,
Write,ຂຽນ,
X Field,ສະ ໜາມ X,
XLSX,XLSX,
Y Axis,Y Axis,
Y Field,Y ພາກສະຫນາມ,
Yahoo Mail,ຢາຮູເມວ,
Yandex.Mail,Yandex.Mail,
Year,ປີ,
Yearly,ປະຈໍາປີ,
Yellow,ສີເຫຼືອງ,
Yes,Yes,
Your organization name and address for the email footer.,ຊື່ອົງການຈັດຕັ້ງຂອງທ່ານແລະທີ່ຢູ່ສໍາລັບການ footer ອີເມວ.,
Zero means send records updated at anytime,ສູນມີຄວາມຫມາຍສົ່ງການບັນທຶກການປັບປຸງຕະຫຼອດເວລາ,
_doctype,_doctype,
_report,_report,
adjust,ປັບ,
after_insert,after_insert,
align-center,ວາງສູນ,
align-justify,"ວາງ, ປັບ",
align-left,ວາງຊ້າຍ,
align-right,ຈັດຂວາ,
arrow-down,ລູກສອນລົງ,
arrow-left,ລູກສອນຊ້າຍ,
arrow-right,ລູກສອນທີ່ຖືກຕ້ອງ,
arrow-up,ລູກສອນຂຶ້ນ,
asterisk,ດາວ,
backward,ວະ,
ban-circle,ການເກືອດຫ້າມການແຜ່ນປ້າຍວົງກົມ,
barcode,barcode,
bell,ລະຄັງ,
blue,ສີຟ້າ,
bold,ກ້າຫານ,
book,ປື້ມ,
bookmark,Bookmark,
briefcase,ກະເປົາມືຖື,
bullhorn,bullhorn,
calendar,ປະຕິທິນ,
camera,ກ້ອງຖ່າຍຮູບ,
certificate,ໃບຢັ້ງຢືນການ,
check,ການກວດສອບ,
chevron-down,ວົງຢືມຊ້ອນລົງ,
chevron-left,ວົງຢືມຊ້ອນຊ້າຍ,
chevron-right,ວົງຢືມຊ້ອນຂວາ,
chevron-up,ວົງຢືມຊ້ອນຂຶ້ນ,
circle-arrow-down,"ແຜ່ນປ້າຍວົງກົມ, ລູກສອນລົງ",
circle-arrow-left,"ແຜ່ນປ້າຍວົງກົມ, ລູກສອນຊ້າຍ",
circle-arrow-right,"ແຜ່ນປ້າຍວົງກົມ, ລູກສອນສິດ",
circle-arrow-up,"ແຜ່ນປ້າຍວົງກົມ, ລູກສອນຂຶ້ນ",
cog,cog,
comment,ຄໍາຄິດຄໍາເຫັນ,
darkgrey,ເທົາເຂັ້ມ,
dd-mm-yyyy,dd-ມມ yyyy,
dd.mm.yyyy,dd.mm.yyyy,
dd/mm/yyyy,dd / mm / yyyy,
download,ດາວໂຫລດ,
download-alt,"ດາວໂຫລດ, alt",
"e.g. ""Support"", ""Sales"", ""Jerry Yang""","ຕົວຢ່າງ: &quot;ສະຫນັບສະຫນູນ&quot;, &quot;ການຂາຍ&quot;, &quot;Jerry Yang&quot;",
e.g. pop.gmail.com / imap.gmail.com,ຕົວຢ່າງ pop.gmail.com / imap.gmail.com,
e.g. replies@yourcomany.com. All replies will come to this inbox.,ຕົວຢ່າງ replies@yourcomany.com. ຕອບກັບທັງຫມົດຈະມາກັບ inbox ນີ້.,
e.g. smtp.gmail.com,ຕົວຢ່າງ smtp.gmail.com,
edit,ແກ້ໄຂ,
eject,ນໍາ,
email,ອີເມວ,
envelope,ຊອງຈົດຫມາຍ,
exclamation-sign,exclamation ເຊັນ,
eye-close,ຕາທີ່ໃກ້ຊິດ,
eye-open,ຕາເປີດ,
facebook,facebook,
facetime-video,"facetime, ວິດີໂອ",
fairlogin,fairlogin,
fast-backward,ໄວວະ,
fast-forward,ໄວຕໍ່,
file,ເອກະສານ,
film,ຮູບເງົາ,
filter,ຕົວກອງ,
fire,ໄຟ,
flag,Flag,
folder-close,ໂຟນເດີທີ່ໃກ້ຊິດ,
folder-open,ໂຟນເດີເປີດ,
font,Font,
forward,ສົ່ງຕໍ່,
fullscreen,ເຕັມຈໍ,
gift,ຂອງປະທານແຫ່ງ,
glass,ແກ້ວ,
globe,ໂລກ,
green,ສີຂຽວ,
hand-down,ມືລົງ,
hand-left,ມືຊ້າຍ,
hand-right,ມືຂວາ,
hand-up,ມືຂຶ້ນ,
hdd,hdd,
headphones,ຫູຟັງ,
heart,ຫົວໃຈ,
home,ເຮືອນ,
icon,ໄອຄອນ,
in minutes,ໃນນາທີ,
inbox,ກ່ອງຈົດ ໝາຍ,
indent-left,indent ຊ້າຍ,
indent-right,indent ສິດທິ,
info-sign,"ຂໍ້ມູນ, ອາການ",
italic,ໂຕຫນັງສືເນີ້ງ,
leaf,ໃບ,
link,ການເຊື່ອມຕໍ່,
linkedin,ການເຊື່ອມຕໍ່,
list,ບັນຊີລາຍຊື່,
list-alt,"ບັນຊີລາຍຊື່, alt",
lock,ລັອກ,
magnet,ການສະກົດຈິດ,
map-marker,"ແຜນທີ່, ເຄື່ອງຫມາຍ",
minus,ເຄື່ອງຫມາຍລົບ,
minus-sign,"ເຄື່ອງຫມາຍລົບ, ອາການ",
mm-dd-yyyy,ມມ dd-yyyy,
mm/dd/yyyy,mm / dd / yyyy,
module,ໂມດູນ,
move,ຍ້າຍ,
music,ເພງ,
no failed attempts,ຄວາມພະຍາຍາມທີ່ບໍ່ມີສົບຜົນສໍາເລັດ,
off,ໄປ,
ok,ຕົກລົງ,
ok-circle,"ok, ແຜ່ນປ້າຍວົງກົມ",
ok-sign,"ok, ອາການ",
old_parent,old_parent,
on_cancel,on_cancel,
on_change,on_change,
on_submit,on_submit,
on_trash,on_trash,
on_update,on_update,
on_update_after_submit,on_update_after_submit,
orange,ສີສົ້ມ,
page,ຫນ້າ,
pause,ຢຸດຊົ່ວຄາວ,
pencil,pencil,
picture,ຮູບພາບ,
plane,ຍົນ,
play,ຫຼິ້ນ,
play-circle,ສໍາລັບການຫຼິ້ນແຜ່ນປ້າຍວົງກົມ,
plus,ບວກ,
plus-sign,ການຜ່ອນ,
print,ພິມ,
purple,ສີມ່ວງ,
qrcode,qrcode,
query-report,"ແບບສອບຖາມ, ລາຍງານ",
question-sign,ຄໍາຖາມອາການ,
random,ສຸ່ມ,
red,ສີແດງ,
refresh,ໂຫຼດຫນ້າຈໍຄືນ,
remove,ເອົາອອກ,
remove-circle,ເອົາແຜ່ນປ້າຍວົງກົມ,
remove-sign,ເອົາເຊັນ,
repeat,repeat,
resize-full,ປັບຂະຫນາດເຕັມ,
resize-horizontal,"ປັບຂະຫນາດ, ອອກຕາມລວງນອນ",
resize-small,ປັບຂະຫນາດຂະຫນາດນ້ອຍ,
resize-vertical,"ປັບຂະຫນາດ, ຕັ້ງ",
response,ການຕອບໂຕ້,
retweet,retweet,
road,ຖະຫນົນຫົນທາງ,
screenshot,screenshot,
search,ຄົ້ນຫາ,
share,share,
share-alt,ສ່ວນ alt,
shopping-cart,"ການຄ້າ, ໂຄງຮ່າງການ",
signal,ສັນຍານ,
star,ດາວ,
star-empty,ດາວເປົ່າຫວ່າງ,
step-backward,ຂັ້ນຕອນທີກັບຄືນ,
step-forward,ຂັ້ນຕອນທີຕໍ່,
stop,ຢຸດ,
tag,Tag,
tags,ປ້າຍ,
tasks,ວຽກງານ,
text-height,ຂໍ້ຄວາມລະດັບຄວາມສູງ,
text-width,ຂໍ້ຄວາມ width,
th,th,
th-large,th-ຂະຫນາດໃຫຍ່,
th-list,th ບັນຊີລາຍຊື່,
thumbs-down,thumbs ລົງ,
thumbs-up,ຍົກໂປ້,
time,ເວລາ,
tint,tint,
trash,ກະຕ່າຂີ້ເຫຍື້ອ,
twitter,twitter,
upload,ອັບໂຫລດ,
user,ຜູ້ໃຊ້,
volume-down,ປະລິມານລົງ,
volume-off,ປະລິມານໄປ,
volume-up,ປະລິມານຂຶ້ນ,
warning-sign,ການເຕືອນໄພອາການ,
wrench,wrench,
yellow,ສີເຫຼືອງ,
yyyy-mm-dd,"yyyy ມມ, dd",
zoom-in,ຂະຫຍາຍເຂົ້າ,
zoom-out,ຂະຫຍາຍອອກ,
