"""Company History""",&quot;Историја на претпријатието&quot;,
"""Team Members"" or ""Management""",&quot;Членови на тимот&quot; или &quot;менаџмент&quot;,
&lt;head&gt; HTML,&lt;head&gt; HTML,
**Currency** Master,** ** Валута мајстор,
0 - Draft; 1 - Submitted; 2 - Cancelled,0 - Предлог; 1 - Поднесени; 2 - Откажани,
0 is highest,0 е највисок,
A list of resources which the Client App will have access to after the user allows it.<br> e.g. project,Список на ресурсите кои клиентот стан ќе имаат пристап до по корисник го дозволува тоа. <br> на пр проект,
A symbol for this currency. For e.g. $,"Симбол за оваа валута. На пример, $",
A4,А4,
ALL,СИТЕ,
API,API,
API Access,Пристап до API,
API Endpoint,Крајна точка на API,
API Endpoint Args,АПИ на крајните точки,
API Key,API клуч,
API Method,АПИ метод,
API Secret,API тајна,
ASC,ASC,
About Us Settings,За нас Settings,
About Us Team Member,За нас член на тимот,
Access Key ID,Пристапете на клучниот ID,
Access Key Secret,Пристап до тајната на клучот,
Access Log,Дневник за пристап,
Access Token,Пристап знак,
Access Token URL,Пристапете до URL на токенот,
Account,Сметка,
Accounts Manager,Менаџер сметки,
Accounts User,Кориснички сметки,
Action,Акција,
Action / Route,Акција / пат,
Action Timeout (Seconds),Времетраење на дејството (секунди),
Action Type,Вид на акција,
Actions,Активности,
Active,Активен,
Active Domains,активните домени,
Activity Log,Активност Влез,
Add Container,Додадете сад,
Add Custom Tags,Додадете прилагодени ознаки,
Add Gray Background,Додадете сива позадина,
Add Signature,Додај Потпис,
Add Total Row,Додај Вкупно ред,
Add Unsubscribe Link,Додади отпишување линк,
"Added HTML in the &lt;head&gt; section of the web page, primarily used for website verification and SEO","Додадени HTML во &lt;head&gt; секција на веб-страница, се користи првенствено за верификација вебсајт и SEO",
Additional Permissions,Дополнителни дозволи,
Address,Адреса,
Address And Contacts,Адреса и контакти,
Address Line 1,Адреса Линија 1,
Address Line 2,Адреса Линија 2,
Address Template,Адреса Шаблон,
Address Title,Наслов адреса,
Address Type,Тип адреса,
Address and other legal information you may want to put in the footer.,Адреса и други правни информации можеби ќе сакате да се стави во подножјето.,
Addresses And Contacts,Адреси и контакти,
Adds a custom field to a DocType,Додава сопствен поле на DOCTYPE,
Administrator,Администратор,
Advanced,Напредно,
Advanced Control,Напредна контрола,
Advanced Settings,Напредни поставувања,
After Cancel,По откажете,
After Delete,По избришете,
After Save,По зачувување,
After Save (Submitted Document),По зачувување (доставен документ),
After Submit,По поднесување,
Aggregate Function Based On,Агрегатна функција заснована на,
Alert,Предупредување,
Align Labels to the Right,Порамни етикети на десно,
Align Right,Порамнете го десно,
All,Сите,
All Day,Цел ден,
Allocated To,Наменети за,
Allot Points To Assigned Users,Доделување на поени на доделени корисници,
Allow,Дозволи,
Allow Auto Repeat,Дозволи автоматско повторување,
Allow Bulk Edit,Дозволете Масовно Уреди,
Allow Comments,Дозволете Коментари,
Allow Consecutive Login Attempts ,Овозможи последователни обиди за најавување,
Allow Delete,Дозволете Избриши,
Allow Dropbox Access,Им овозможи на Dropbox пристап,
Allow Guest,Дозволи гостин,
Allow Guest to View,Дозволете гостот да ги,
Allow Guests to Upload Files,Дозволете им на гостите да испраќаат датотеки,
Allow Import (via Data Import Tool),Дозволи увоз (преку податоци Алатка за увоз),
Allow Incomplete Forms,Дозволете Некомплетните форми,
Allow Login After Fail,Дозволи пријавување по неуспех,
Allow Login using Mobile Number,Дозволете Најави користење на мобилен број,
Allow Login using User Name,Дозволи најавување со корисничко име,
Allow Modules,Дозволи модули,
Allow Print,Дозволи за печатење,
Allow Print for Cancelled,Дозволи за печатење за Откажано,
Allow Print for Draft,Дозволи за печатење за Предлог,
Allow Read On All Link Options,Дозволи Прочитајте ги сите опции за линкови,
Allow Rename,Дозволете Преименувај,
Allow Roles,Дозволете Улоги,
Allow Self Approval,Дозволи автоматско одобрување,
Allow approval for creator of the document,Дозволи одобрување за креаторот на документот,
Allow document creation via Email,Дозволете креирање документ преку е-пошта,
Allow events in timeline,Дозволи настани во временската линија,
Allow in Quick Entry,Дозволи во брз внес,
Allow on Submit,Им овозможи на Поднесете,
Allow only one session per user,Дозволи само на една седница на корисник,
Allow page break inside tables,Дозволете пауза страница во табели,
Allow saving if mandatory fields are not filled,Овозможи заштеда ако задолжителни полиња не се пополнети,
Allow user to login only after this hour (0-24),Им овозможи на корисникот да се најавите само по овој час (0-24),
Allow user to login only before this hour (0-24),Им овозможи на корисникот да се најавите само пред овој час (0-24),
Allowed,Дозволено,
Allowed In Mentions,Дозволено во спомени,
"Always add ""Draft"" Heading for printing draft documents",Секогаш додадете &quot;Предлог&quot; Заглавие за печатење нацрт документи,
Amend,Измени,
Amended From,Изменет Од,
An icon file with .ico extension. Should be 16 x 16 px. Generated using a favicon generator. [favicon-generator.org],Икона .ico датотека со наставката. Треба да биде 16 x 16 пиксели. Генерирани со користење на favicon генератор. [favicon-generator.org],
Analytics,анализатор,
Annual,Годишен,
Anonymous,Анонимен,
Any string-based printer languages can be used. Writing raw commands requires knowledge of the printer's native language provided by the printer manufacturer. Please refer to the developer manual provided by the printer manufacturer on how to write their native commands. These commands are rendered on the server side using the Jinja Templating Language.,"Може да се користат сите јазици на печатачот со низа. Пишувањето на сурови команди бара познавање на мајчин јазик на печатачот обезбеден од производителот на печатачот. Погледнете го упатството за развивачи, обезбедено од производителот на печатачот, за тоа како да ги напишат своите мајчин команди. Овие команди се дадени на страната на серверот користејќи јазик за зачувување на Jinja.",
App,стан,
App Access Key,App пристап Клучни,
App Client ID,Стан на клиент,
App Client Secret,Стан клиентот тајна,
App Name,Стан Име,
App Secret Key,Стан Таен клуч,
Append Emails to Sent Folder,Додадете е-пошта до испратената папка,
Append To,Припојување,
Applicable For,Применливи за,
Application Logo,Лого на апликација,
Application Name,Име на апликацијата,
Application Version,Верзија на апликација,
Applied On,Применливо вклучено,
Apply Document Permissions,Примени дозволи за документи,
Apply Only Once,Аплицирајте само еднаш,
Apply Strict User Permissions,Применуваат строги User Permissions,
Apply To All Document Types,Аплицирајте на сите типови документи,
Apply this rule if the User is the Owner,Се применува ова правило ако корисникот е сопственик,
Apply this rule only once per document,Применете го ова правило само еднаш на документ,
Appreciation,Благодарност,
Archived,Архивирани,
Arial,Arial,
Assign Condition,Доделете состојба,
Assign To Users,Доделете им на корисниците,
Assigned,доделени,
Assigned By,Доделени од страна,
Assigned By Full Name,Се доделени од страна Целосно име,
Assignment,доделување,
Assignment Completed,задача заврши,
Assignment Days,Денови на доделување,
Assignment Rule,Правило за доделување,
Assignment Rule Day,Ден на правило за доделување,
Assignment Rule User,Корисник на правило за доделување,
Assignment Rules,Правила за доделување,
Assignments,Доделување,
Attach,Прикачи,
Attach Image,Прикачи слика,
Attach Print,Прикачи печатење,
Attached File,Приложениот документ,
Attached To DocType,Во прилог на DOCTYPE,
Attached To Field,Приложено на поле,
Attached To Name,Прикачени кон името,
Attachment,Прилог,
Attachment Limit (MB),Прилог граница (MB),
Attachment Link,Линк за прилог,
Attachment Removed,прилог Отстранет,
Attachments,Додатоци,
Auth URL Data,Податоци за автоматски податоци,
Authentication,за проверка на автентичност,
Author,автор,
Authorization Code,код за авторизација,
Authorize API Indexing  Access,Овластете го пристапот за индексирање на API,
Authorize Google Calendar Access,Овластете пристап на календарот на Google,
Authorize Google Contacts Access,Овластете пристап на контакти на Google,
Authorize Google Drive Access,Овластете пристап на Google Drive,
Authorize URL,Овластете URL,
Authorized,овластен,
Auto,Автоматски,
Auto Email Report,Авто Email извештај,
Auto Name,Авто Име,
Auto Repeat,Автоматско повторување,
Auto Reply Message,Авто Одговор порака,
Automatically Assign Documents to Users,Автоматско доделување документи до корисниците,
Automation,Автоматизација,
Avatar,Аватар,
Average,Просечна,
Awaiting Password,Чекајќи ја лозинката,
Awaiting password,Чекам на Лозинка,
BCC,BCC,
Background Color,Боја на позадина,
Background Workers,позадина работници,
Backup Details,Детали за резервна копија,
Backup Files,Датотеки за резервна копија,
Backup Folder ID,Резервна копија на папката,
Backup Folder Name,Име на резервна копија,
Backup Frequency,Резервна копија на фреквенција,
Backup public and private files along with the database.,Резервна копија на јавни и приватни датотеки заедно со базата на податоци.,
Backups,бекап,
Banner,Банер,
Banner HTML,Банер HTML,
Banner Image,Банер сликата,
Banner is above the Top Menu Bar.,Банер е над врвот мени.,
Bar,Бар,
Barcode,Баркод,
Base Distinguished Name (DN),База Почитувани Име (DN),
Base URL,Основен URL,
Based On,Врз основа на,
Based on Field,Врз основа на поле,
Based on Permissions For User,Врз основа на дозволи за корисникот,
Basic,Основни,
Before Cancel,Пред откажување,
Before Delete,Пред да избришете,
Before Insert,Пред вметнување,
Before Save,Пред зачувување,
Before Save (Submitted Document),Пред зачувување (доставен документ),
Before Submit,Пред да се испрати,
Beginner,почетник,
Beta,бета,
Billing,Платежна,
Bio,Био,
Birth Date,Дата на раѓање,
Block Module,Блок модул,
Block Modules,Блок модули,
Blocked,блокирани,
Blog Category,Категорија Блог,
Blog Intro,Блог Вовед,
Blog Introduction,Блог Вовед,
Blog Post,Блог пост,
Blog Settings,Блог Подесувања,
Blog Title,Наслов блог,
Blogger,Blogger,
Blue,Blue,
Bold,Задебелен,
Bot,бот,
Bottom,Дното,
Bounced,Bounced,
Brand,Бренд,
Brand HTML,Бренд HTML,
Brand Image,бренд слика,
Breadcrumbs,Breadcrumbs,
Browser,Прелистувач,
Browser Version,Верзија на прелистувач,
Brute Force Security,Брута сила за безбедност,
Bucket Name,Име на кофата,
Bulk Update,рефус ажурирање,
Button,Копчето,
Button Gradients,Градиенти на копче,
Button Rounded Corners,Копче заоблени агли,
Button Shadows,Копче сенки,
Bypass Restricted IP Address Check If Two Factor Auth Enabled,Ограничена заобиколена IP адреса Проверете дали се овозможени два фактори,
Bypass Two Factor Auth for users who login from restricted IP Address,Обиколен пат два фактора за корисници кои се најавуваат од ограничена IP адреса,
Bypass restricted IP Address check If Two Factor Auth Enabled,Бајпас ограничена IP адреса проверка Ако Two Factor Auth е овозможено,
CC,CC,
CSS,CSS,
CSS Class,Класа CSS,
CSV,CSV,
CTA Label,Етикета на ЦТА,
CTA URL,URL на CTA,
Calendar,Календар,
Calendar Name,Име на календарот,
Calendar View,Календарски приказ,
Call,Повик,
Call To Action,Повик за акција,
Call To Action URL,URL на повик за акција,
Callback Message,Порака за повратен повик,
Callback Title,Наслов на повратен повик,
Campaign,Кампања,
Cancel,Откажи,
Cancelled,Откажано,
Card,Картичка,
Cards,Картички,
Category,Категорија,
Category Description,категорија Опис,
Category Name,Име на категоријата,
Center,Центар,
Chaining Hash,Управување со хаш,
Change Label (via Custom Translation),Change Label (преку Прилагодено Превод),
Change Password,Промени го пасвордот,
Channel,Канал,
Chart,Табела,
Chart Configuration,Конфигурација на графикон,
Chart Name,Име на табелата,
Chart Options,Опции на графикони,
Chart Source,Извор на графикони,
Chart Type,Тип на табела,
Charts,Графики,
Chat,Чет,
Check,Провери,
Check this if you want to force the user to select a series before saving. There will be no default if you check this.,Обележете го ова ако сакате да ги принуди на корисникот за да изберете серија пред зачувување. Нема да има стандардно Ако ја изберете оваа.,
Checking this will hide custom doctypes and reports cards in Links section,"Со проверка на ова, ќе се сокријат прилагодените документи и картичките за извештаи во делот Врски",
Checksum Version,Верзија за проверка,
Child Tables are shown as a Grid in other DocTypes,Табелите за деца се прикажани како решетка во другите доктипи,
Choose authentication method to be used by all users,Изберете метод на автентикација кој ќе го користат сите корисници,
City,Градот,
City/Town,Град / Место,
Clicked,Кликнато,
Client,Клиентот,
Client Code,Код на клиент,
Client Credentials,клиент Сертификати,
Client ID,ID на клиентот,
Client Information,Информации за клиентот,
Client Script,Клиентско сценарио,
Client Secret,клиент тајна,
Client URLs,Клиентни URL адреси,
Close Condition,Затворена состојба,
Closed,Затвори,
Code,Код,
Collapsible,Склопувачки,
Collapsible Depends On,Склопувачки зависи од,
Color,Боја,
Column Break,Колона Break,
Column Name,Колона Име,
Columns,колумни,
Columns / Fields,Колумни / полиња,
Comment,Коментар,
Comment By,Коментар од страна на,
Comment Email,Коментар е-пошта,
Comment Type,Коментар Тип,
Comments and Communications will be associated with this linked document,Коментари и врски ќе биде поврзан со овој поврзани документ,
Commit,Посветеност,
Communication,Комуникација,
Communication Link,Врска за комуникација,
Communication Type,Порака Тип,
Compact Item Print,Печатење компактни ставки,
Company History,Историја на претпријатието,
Company Introduction,Вовед Компанијата,
Company Name,Име на компанијата,
Complete,Заврши,
Completed,Завршено,
Component,компонента,
Condition,Состојба,
Conditions,Услови,
Configuration,Конфигурација,
Confirmation Email Template,Шаблон за е-пошта за потврда,
Console,Конзола,
Console Log,Дневник на конзолата,
Contact,Контакт,
Contact Details,Податоци за контакт,
Contact Email,Контакт E-mail,
Contact Numbers,Контакт броеви,
Contact Phone,Контакт телефон,
Contact Us Settings,Контактирајте со нас Settings,
"Contact options, like ""Sales Query, Support Query"" etc each on a new line or separated by commas.","Контакт опции, како што се ""Продажби Query, Поддршка Query"" итн., секое во нов ред или разделени со запирки.",
Contacts,Контакт,
Content,Содржина,
Content (HTML),Содржина (HTML),
Content (Markdown),Содржина (Ознаки),
Content Hash,Содржина Hash,
Content Type,Типот на содржина,
Context,Контекст,
Context Script,Скрипта за контекст,
Contributed,Придонеси,
Contribution Document Name,Име на документ за придонес,
Contribution Status,Статус на придонес,
Copyright,Авторски права,
Core,Core,
Count,Број,
Count Filter,Број на филтер,
Counter,Бројач,
Country,Земја,
Country Name,Земја Име,
County,Каунти,
Create,Направете,
Create Contacts from Incoming Emails,Креирајте контакти од дојдовни е-пошта,
Create Entry,Создадете запис,
Create Log,Креирај лог,
Create and Send Newsletters,Креирајте и испратете Билтени,
Created,Создаден,
Criticism,Критика,
Cron,Крон,
Cron Format,Корн формат,
Currency,Валута,
Currency Name,Валута Име,
Currency Precision,валута Прецизност,
Current,Тековни,
Custom,Прилагодено,
Custom Base URL,Приспособена база на URL,
Custom CSS,Прилагодено CSS,
Custom Configuration,Прилагодена конфигурација,
Custom DocPerm,Прилагодено DocPerm,
Custom Field,Сопствено поле,
Custom Format,Прилагодено формат,
Custom HTML Help,Прилагодено HTML Помош,
Custom Menu Items,Прилагодено ставки од менито,
Custom Options,Прилагодени опции,
Custom Overrides,Прилагодено заобиколување,
Custom Report,Извесен извештај,
Custom Role,Прилагодено Улогата,
Custom SCSS,Прилагодено SCSS,
Custom Sidebar Menu,Прилагодено лента Мени,
Custom?,Прилагодено?,
Customization,Прилагодување,
Customize Form,Персонализација на образец,
Customize Form Field,Персонализација на образец Теренски,
DESC,Ставка,
Daily,Секојдневно,
Daily Long,Дневно долго,
Danger,Опасност,
Dark Color,Темна боја,
Dashboard,Табла,
Dashboard Chart,Табела табела,
Dashboard Chart Field,Поле на табелата за табели,
Dashboard Chart Link,Врска со табела за табла,
Dashboard Chart Source,Извор на табла за табла,
Dashboard Manager,Менаџер на табла,
Dashboard Name,Име на табла,
Dashboard Settings,Поставки на контролната табла,
Dashboards,Табла,
Data,Податоци,
Data Export,Извоз на податоци,
Data Import,Увоз на податоци,
Database Engine,база на податоци мотор,
Date,Датум,
Date Format,Формат на датум,
Date Range,Период,
Date and Number Format,Датум и број формат,
Datetime,Datetime,
Day,ден,
Day of Week,Ден од неделата,
Days After,Дена од денот на,
Days Before,Неколку дена пред,
Days Before or After,Дена пред или по,
Default,Стандардно,
Default Incoming,Стандардно Дојдовни,
Default Letter Head,Стандардно писмо Раководител,
Default Outgoing,Стандардно заминување,
Default Portal Home,Стандарден дом на порталот,
Default Print Format,Стандардно печатење формат,
Default Print Language,Стандарден јазик за печатење,
Default Redirect URI,Аватарот на пренасочување URI,
Default Role at Time of Signup,Аватарот на улогата во времето на Регистрирај се,
Default Sort Field,Стандардно поле за сортирање,
Default Sort Order,Стандарден ред,
Default Value,Основна вредност,
"Default: ""Contact Us""",Default: &quot;Контакт&quot;,
DefaultValue,DefaultValue,
Defaults,Стандардни,
Defines actions on states and the next step and allowed roles.,Дефинира акции на држави и на следниот чекор и да дозволи улоги.,
Defines workflow states and rules for a document.,Дефинира работното држави и правила за документ.,
Delayed,Одложен,
Delete,Избриши,
Deleted,Избришани,
Deleted DocType,избришани DOCTYPE,
Deleted Document,избришани документ,
Deleted Name,избришани Име,
Delivery Status,Статус на Испорака,
Department,Оддел,
Dependencies,Зависи,
Depends On,Зависи,
Description,Опис,
"Description for listing page, in plain text, only a couple of lines. (max 200 characters)","Опис за страницата за списоци, во обичен текст, само неколку редови. (максимум 200 карактери)",
Designation,Ознака,
Desk,Биро,
Desk Access,биро за пристап,
Desktop Icon,десктоп икони,
Details,Детали за,
"Different ""States"" this document can exist in. Like ""Open"", ""Pending Approval"" etc.","Различни &quot;држави&quot; овој документ може да постои. Како &quot;Open&quot;, &quot;Во очекување на одобрување&quot;, и др",
Digits,Бројки,
Disable Auto Refresh,Оневозможи автоматско освежување,
Disable Comments,Оневозможете ги коментарите,
Disable Count,Оневозможи броење,
Disable SMTP server authentication,Оневозможете ја автентикацијата на серверот SMTP,
Disable Sidebar Stats,Оневозможи статистика на странична лента,
Disable Signup,Оневозможи Регистрирај се,
Disable Standard Email Footer,Оневозможи стандардни е-мејл Footer,
Disabled,Со посебни потреби,
Display,Покажи,
Display Depends On,Екранот зависат од,
Doc Event,Док настан,
Doc Events,Док Настани,
Doc Status,Doc Статус,
DocField,DocField,
DocPerm,DocPerm,
DocShare,DocShare,
DocType,ДокТип,
DocType Action,Дејство на документ,
DocType Event,Настан на DocType,
DocType Link,Врска до DocType,
DocType View,DocType View,
DocType is a Table / Form in the application.,DOCTYPE е на маса / форма во пријавата.,
DocType on which this Workflow is applicable.,DOCTYPE на кој оваа Работното е применливо.,
Doctype,ДокТип,
Document,Документ,
Document Actions,Акции на документи,
Document Follow,Следете го документот,
Document Link,Врска со документ,
Document Links,Линкови до документи,
Document Name,Документ Име,
Document Naming Rule,Правило за именување документ,
Document Naming Rule Condition,Услов за правило за именување документ,
Document Share,Споделување на документи,
Document Share Report,Документ Сподели Извештај,
Document States,Документ државите,
Document Tag,Ознака на документи,
Document Title,Наслов на документот,
Document Type,Тип на документ,
Document Type to Track,Тип на документ што треба да се следи,
Document Types,Видови документ,
Documentation Link,Врска за документација,
Documentation URL,URL на документација,
Domain,Домен,
Domain Settings,Подесувања на домени,
Domains HTML,Домени HTML,
"Don't HTML Encode HTML tags like &lt;script&gt; or just characters like &lt; or &gt;, as they could be intentionally used in this field","Не HTML Кодираат HTML-ознаки како &lt;script&gt; или само карактери како &lt;и&gt;, како што може да се намерно употребени во оваа област",
Don't Override Status,Не потиснување Статус,
Don't Send Emails,Не испраќајте е-пошта,
Donut,Крофна,
Download Backups,Преземи бекап,
Download Template,Преземи Шаблон,
Dropbox Access Token,Dropbox Токен за пристап,
Dropbox Settings,Прилагодување Dropbox,
Dropdowns,Паѓачки падови,
Due Date,Поради Датум,
Due Date Based On,Датум на кој се базира датумот,
Duration,Времетраење,
Dynamic Filters,Динамички филтри,
Dynamic Filters JSON,Динамички филтри JSON,
Dynamic Filters Section,Дел за динамички филтри,
Dynamic Link,Динамична линк,
Dynamic Report Filters,Филтри за динамички извештај,
Dynamic Route,Динамичен пат,
Dynamic Template,Динамички образец,
Edit,Уредување,
Edit Values,Уреди ги вредностите,
Editable Grid,Едитирање на мрежа,
Eg. smsgateway.com/api/send_sms.cgi,На пр. smsgateway.com/api/send_sms.cgi,
Email,Е-пошта,
Email Account,E-mail сметка,
Email Account Name,Е-име на сметка,
Email Address,И-мејл адреса,
Email Address whose Google Contacts are to be synced.,Адреса на е-пошта чии контакти на Google треба да се синхронизираат.,
Email Addresses,E-mail адреси,
Email Domain,Е-домен,
Email Flag Queue,Е-пошта Знаме редицата,
Email Footer Address,Е-Footer адреса,
Email Group,Е-група,
Email Group Member,Е-мејл група земји,
Email ID,Е-маил проект,
Email IDs,E-mail ИД,
Email Id,E-mail проект,
Email Inbox,Електронско сандаче,
Email Queue,Е-редицата,
Email Queue Recipient,Е-Задача на примачот,
Email Queue records.,Е-Задача записи.,
Email Reply Help,Испратете помош за е-пошта,
Email Rule,Е-владеење,
Email Sent,Е-мејл испратен,
Email Settings,Email Settings,
Email Signature,E-mail потпис,
Email Status,Е-пошта Статус,
Email Sync Option,Е-Sync Опција,
Email Template,Е-пошта шаблон,
Email To,Е-пошта,
Email Unsubscribe,Е-Одјава,
Emails will be sent with next possible workflow actions,Е-пораките ќе бидат испратени со следните можни акции за работа,
Enable,Овозможи,
Enable Auto Reply,Овозможи Авто Одговор,
Enable Automatic Backup,Овозможи автоматско резервно копирање,
Enable Automatic Linking in Documents,Овозможи автоматско поврзување во документи,
Enable Comments,Овозможи Коментари,
Enable Email Notifications,Овозможете ги известувањата за е-пошта,
Enable Google Indexing,Овозможете индексирање на Google,
Enable In App Website Tracking,Овозможи Следење на веб-страница за апликации,
Enable Incoming,Овозможи Дојдовни,
Enable Onboarding,Овозможете одбор,
Enable Outgoing,Овозможи заминување,
Enable Password Policy,Овозможи лозинка политика,
Enable Print Server,Овозможи серверот за печатење,
Enable Raw Printing,Овозможи сурово печатење,
Enable Scheduled Jobs,Овозможи закажани работни места,
Enable Security,Овозможи безбедност,
Enable Social Login,Овозможи социјална најава,
Enable Social Sharing,Овозможете социјално споделување,
Enable Two Factor Auth,Овозможи Двоен фактор,
Enabled,Овозможено,
End Date,Крај Датум,
End Date Field,Поле за крај на датум,
Endpoint URL,URL на крајната точка,
Endpoints,Крајни точки,
Ends on,Завршува на,
Energy Point,Енергетска точка,
Energy Point Log,Дневник на енергетска точка,
Energy Point Rule,Правило за енергетска точка,
Energy Point Settings,Поставки за енергетска точка,
Energy Points,Енергетски поени,
Enter Form Type,Внесете Образец Тип,
"Enter default value fields (keys) and values. If you add multiple values for a field, the first one will be picked. These defaults are also used to set ""match"" permission rules. To see list of fields, go to ""Customize Form"".","Внесете полиња стандардната вредност (копчиња) и вредности. Ако додадете повеќе вредности за поле, од кои првата ќе се подигнат. Овие стандардно се користи за да го поставите &quot;натпревар&quot; правила дозвола. За да ја видите листата на полиња, одете на &quot;Прилагоди форма&quot;.",
"Enter static url parameters here (Eg. sender=ERPNext, username=ERPNext, password=1234 etc.)","Внесете статички URL параметри тука (на пр. Испраќачот = ERPNext, корисничко име = ERPNext, лозинка = 1234 итн)",
Enter url parameter for message,Внесете URL параметар за порака,
Enter url parameter for receiver nos,Внесете URL параметар за примачот бр,
Error,Грешка,
Error Log,грешка Пријавете,
Error Message,Грешка порака,
Event,Настан,
Event Category,Категорија на настани,
Event Participants,Учесници на настанот,
Event Type,Вид на настан,
Everyone,Сите,
"Ex: ""colors"": [""#d1d8dd"", ""#ff5858""]","Пр: &quot;бои&quot;: [&quot;# d1d8dd&quot;, &quot;# ff5858&quot;]",
Example,Пример,
"Example: ""/desk""",Пример: „/ работна маса“,
Example: #Tree/Account,Пример: # Дрво / сметка,
Example: 00001,Пример: 00001,
Example: {{ subject }},Пример: {{предмет}},
Excel,Excel,
Exception,Исклучок,
Execute,Изврши,
Expert,експерт,
Expiration time,време на траење,
Expire Notification On,Истекува Известување за,
Expired,Истечен,
Expires In,истекува,
Expires On,Истекува на,
Expiry time of QR Code Image Page,Време на истекување на страната за слики од QR код,
Export,Извоз,
Export From,Извоз од,
Expose Recipients,Се изложуваат на примачи,
"Expression, Optional","Изразување, Факултативна",
Facebook,Фејсбук,
Failed,Не успеа,
FavIcon,Favicon,
Fax,Факс,
Featured,Избрана,
Feedback,Повратна информација,
Feedback Request,повратни Информации Барање,
Fetch From,Земи од,
Field,Поле,
Field Description,Поле Опис,
Field Name,Име на поле,
Field To Check,Поле за проверка,
Field Type,Тип поле,
"Field that represents the Workflow State of the transaction (if field is not present, a new hidden Custom Field will be created)","Поле што претставува држава на трансакцијата Workflow (доколку поле не е присутен, нов скриени сопствено поле ќе се создаде)",
Field to Track,Поле за следење,
Fieldname,Fieldname,
Fields,Полињата,
Fields Multicheck,Полиња Multicheck,
"Fields separated by comma (,) will be included in the ""Search By"" list of Search dialog box","Полиња одделени со запирка (,) ќе биде вклучена во &quot;Барај по&quot; листа на дијалогот Барај",
Fieldtype,Fieldtype,
File,Датотека,
File Backup,Датотека резервна копија,
File Information,Информации за датотеки,
File Name,Име на датотеката,
File Size,Големина на датотеката,
File Type,Тип на датотека,
File URL,URL датотека,
Files,додадени фајлови:,
Filter Data,филтер податоци,
Filter List,Листа на филтри,
Filter Meta,Филтер Мета,
Filter Name,Име на филтер,
Filter Values,Вредности на филтри,
Filters,Филтри,
Filters Configuration,Конфигурација на филтрите,
Filters Display,филтри Покажи,
Filters JSON,Филтри JSON,
Filters Section,Дел за филтри,
"Filters will be accessible via <code>filters</code>. <br><br>Send output as <code>result = [result]</code>, or for old style <code>data = [columns], [result]</code>","Филтрите ќе бидат достапни преку <code>filters</code> .<br><br> Испрати излез како <code>result = [result]</code> , или за <code>data = [columns], [result]</code> стариот стил <code>data = [columns], [result]</code>",
Finished,Завршено,
First Name,Име,
First Success Message,Прва порака за успех,
Flag,Знаме,
Float,Носете,
Float Precision,Плови прецизен,
Fold,Пати,
Folder,Папка,
Font,Фонт,
Font Properties,Карактеристики на фонтот,
Font Size,Големина на фонт,
Fonts,Фонтови,
Footer,Footer,
Footer HTML,Подносни HTML,
Footer Items,Footer Теми,
Footer Logo,Под лого,
Footer Template,Шаблон за подножје,
Footer Template Values,Вредности на шаблонот на подножјето,
Footer will display correctly only in PDF,Подножјето ќе се прикаже правилно само во PDF формат,
For DocType Link / DocType Action,За врска со DocType / акција за DocType,
For Document Event,За настан на документи,
For User,за пристап,
For Value,За вредност,
For example: {} Open,На пример: {} Отворете,
"For help see <a href=""https://frappeframework.com/docs/user/en/guides/portal-development/web-forms"" target=""_blank"">Client Script API and Examples</a>","За помош, видете <a href=""https://frappeframework.com/docs/user/en/guides/portal-development/web-forms"" target=""_blank"">АПИ на скрипти за клиенти и примери</a>",
"For more information, <a class=""text-muted"" href=""https://erpnext.com/docs/user/manual/en/setting-up/email/linking-emails-to-document"">click here</a>.","За повеќе информации, <a class=""text-muted"" href=""https://erpnext.com/docs/user/manual/en/setting-up/email/linking-emails-to-document"">кликнете овде</a> .",
Force,сила,
Force Show,Прикажи сила,
Force User to Reset Password,Принудете го корисникот да ја постави лозинката,
Form Settings,Форма поставки,
Form URL-Encoded,Формулирана е URL-адреса,
Format,Формат,
Format Data,Формат на податоци,
Forward To Email Address,Напред е-мејл адреса,
Fraction,Дел,
Fraction Units,Дел единици,
Frappe,фрапе,
Frequency,Фреквенција,
Friday,Петок,
From,Од,
From Date,Од Датум,
From Date Field,Од полето за датум,
From Full Name,Од Целосно име,
From User,Од корисник,
Full,Целосно,
Full Name,Целосно име,
Full Width,Целосна ширина,
Function,Функција,
GMail,GMail,
Gantt,Gantt,
Gender,Пол,
Generate Keys,Генерирање клучеви,
Geo,Гео,
Geolocation,Геолокација,
Get Contacts,Добијте контакти,
Get your globally recognized avatar from Gravatar.com,Земете ја вашата глобално призната аватар од Gravatar.com,
Git Branch,Гит гранка,
GitHub,GitHub,
Global Search DocType,Глобален документ за пребарување,
Global Search Settings,Глобални поставки за пребарување,
Global Unsubscribe,Глобалната Одјава,
Go to Page,Оди на страна,
Google,Google,
Google Analytics Anonymize IP,Google Analytics Анонимирај ја IP-адресата,
Google Analytics ID,Google Analytics проект,
Google Calendar,Календар на Google,
Google Calendar Event ID,ИД на настан во календарот на Google,
Google Calendar ID,ИД на Google Calendar,
Google Contacts,Контакти на Google,
Google Contacts Id,ID на контакти на Google,
Google Drive,Google Drive,
Google Font,Фонт на Google,
Google Settings,Поставки на Google,
Google Snippet Preview,Преглед на парчиња на Google,
Grant Type,Тип на грант,
Green,Зелени,
Group,Група,
Group By,Група од,
Group By Based On,Група заснована на,
Group By Type,Група по тип,
Guest,Гостин,
HH:mm,НВ: мм,
HH:mm:ss,HH: mm: ss,
HTML,HTML,
HTML Editor,HTML Editor,
HTML Page,HTML страница,
HTML for header section. Optional,HTML секција заглавието. Факултативна,
Half,Половина,
Half Yearly,Половина годишно,
Half-yearly,Половина години,
Has  Attachment,има Прилог,
Has Domain,има домен,
Has Role,има улога,
Has Web View,Има приказ на веб,
Header,Header,
Header HTML,Заглавие HTML,
Header and Breadcrumbs,Заглавие и презла,
Headers,Заглавија,
Heading,Заглавие,
Heatmap,Топлинска карта,
Help,Помош,
Help Article,помош член,
Help Articles,помош членовите,
Help Category,помош Категорија,
Help Dropdown,Помогнете во паѓачкото,
Help HTML,Помош HTML,
Helvetica,Хелветика,
Hidden,скриени,
Hide,Крие,
Hide Block,Скриј блок,
Hide Border,Сокриј ја границата,
Hide CTA,Сокриј CTA,
Hide Copy,Сокриј Copy,
Hide Custom DocTypes and Reports,Сокријте ги сопствените типови и извештаи на документи,
Hide Days,Сокриј ги деновите,
Hide Footer Signup,Сокриј Footer Регистрирај се,
Hide Login,Скриј го најавувањето,
Hide Seconds,Сокриј секунди,
Hide Standard Menu,Скриј вообичаено мени,
Hide footer in auto email reports,Скриј подножјето во автоматски е-пошта,
High,Високо,
Higher priority rule will be applied first,Прво ќе се примени правило за повисок приоритет,
Highlight,Селектирај,
Home,Почетна,
Home Page,Главна страница,
Home Settings,Домашни поставки,
Hourly,Часовник,
Hourly Long,Часовно долго,
Hourly rate limit for generating password reset links,Часовна граница за генерирање врски за ресетирање на лозинка,
"How should this currency be formatted? If not set, will use system defaults","Како треба да се форматира оваа валута? Ако не е поставено, ќе ја користи систем стандардно",
ID (name) of the entity whose property is to be set,Проект (име) на лице чија сопственост е да се постави,
IP Address,IP адреса,
Icon,Икона,
Icon will appear on the button,Ќе се појави икона на копчето,
Identity Details,Детали за идентитет,
Idx,IDX,
"If Apply Strict User Permission is checked and User Permission is defined for a DocType for a User, then all the documents where value of the link is blank, will not be shown to that User","Ако применуваат строги корисник дозвола се проверува и пристап Дадена е дефинирано за DOCTYPE за пристап, а потоа сите документи, каде што вредноста на врската е празно, нема да биде прикажан на тој пристап",
If Checked workflow status will not override status in list view,Ако е означено статус работа нема да ја замени статус во листа,
"If Icon is set, it will be shown instead of Label","Ако е поставена иконата, таа ќе биде прикажана наместо Етикета",
"If checked, all other workflows become inactive.","Ако е избрано, сите други workflows стане неактивен.",
"If checked, users will not see the Confirm Access dialog.","Ако е обележано, корисниците нема да видите дијалогот Потврди пристап.",
"If disabled, this role will be removed from all users.","Доколку е исклучено, оваа улога ќе биде отстранет од сите корисници.",
"If enabled,  user can login from any IP Address using Two Factor Auth, this can also be set for all users in System Settings","Доколку е овозможено, корисникот може да се најавите од која било ИП-адреса користејќи Autor Two Factor, ова може да се постави и за сите корисници во System Settings",
"If enabled, all users can login from any IP Address using Two Factor Auth. This can also be set only for specific user(s) in User Page","Ако е овозможено, сите корисници можат да се најават од било која IP адреса користејќи Two Factor Auth. Ова исто така може да се постави само за специфични корисници на страницата за корисници",
"If enabled, changes to the document are tracked and shown in timeline","Доколку е овозможено, промените во документот се следат и се прикажани во временската рамка",
"If enabled, document views are tracked, this can happen multiple times","Ако е овозможено, се следат прегледи на документи, тоа може да се случи повеќе пати",
"If enabled, the document is marked as seen, the first time a user opens it","Доколку е овозможено, документот е обележан како што се гледа, за прв пат некој корисник да го отвори",
"If enabled, the notification will show up in the notifications dropdown on the top right corner of the navigation bar.","Ако е овозможено, известувањето ќе се појави во паѓачот на известувањата на горниот десен агол на лентата за навигација.",
"If enabled, the password strength will be enforced based on the Minimum Password Score value. A value of 2 being medium strong and 4 being very strong.","Ако е вклучено, лозинката сила ќе се спроведе врз основа на Минимална вредност на Лозинка рејтинг. А вредноста на 2, кој медиум силен и 4 се многу силни.",
"If enabled, users who login from Restricted IP Address, won't be prompted for Two Factor Auth","Ако е овозможено, корисниците кои се најавуваат од ограничена IP адреса, нема да бидат повикани за Two Factor Auth",
"If enabled, users will be notified every time they login. If not enabled, users will only be notified once.","Ако е овозможено, корисниците ќе бидат известени секој пат кога ќе се најавите. Ако не е овозможено, корисниците ќе бидат известени само еднаш.",
If non standard port (e.g. 587),"Ако не се стандардни порта (на пример, 587)",
"If non standard port (e.g. 587). If on Google Cloud, try port 2525.","Ако нестандардно пристаниште (пр. 587). Ако во Google Cloud, пробајте пристаниште 2525.",
"If non-standard port (e.g. POP3: 995/110, IMAP: 993/143)","Ако нестандардна порта (на пр. POP3: 995/110, IMAP: 993/143)",
"If not set, the currency precision will depend on number format","Ако не е поставено, на валута точност ќе зависи од бројот формат",
"If the user has any role checked, then the user becomes a ""System User"". ""System User"" has access to the desktop","Ако корисникот има било провери улога, тогаш корисникот ќе стане &quot;Систем за корисникот&quot;. &quot;Систем за корисникот&quot; има пристап на работната површина",
If user is the owner,Ако корисникот е сопственик,
"If you set this, this Item will come in a drop-down under the selected parent.","Ако ја поставите оваа, оваа точка ќе дојде во опаѓачкото под избраните родител.",
"If your data is in HTML, please copy paste the exact HTML code with the tags.","Ако вашите податоци е во HTML, Ве молиме копирање и поставување на точната HTML кодот со тагови.",
Ignore User Permissions,Игнорирај Кориснички дозволи,
Ignore XSS Filter,Игнорирај XSS филтер,
Ignore attachments over this size,Игнорирај прилози од оваа големина,
Ignored Apps,Игнорирани апликации,
Image,Слика,
Image Field,поле сликата,
Image Link,Слика линк,
Implicit,имплицитни,
Import,Увоз,
Import File,Датотека за увоз,
Import File Errors and Warnings,Увезете грешки и предупредувања за датотеки,
Import Log,Увоз Влез,
Import Log Preview,Внесете преглед преглед,
Import Preview,Преглед на увоз,
Import Type,Тип на увоз,
Import Warnings,Предупредувања за увоз,
Import from Google Sheets,Увезете од Табели на Google,
In Days,Во денови,
In Filter,Во филтерот,
In Global Search,Во глобалната пребарување,
In List View,Во List View,
In Preview,Во прегледот,
In Reply To,Како одговор на,
In Standard Filter,Во Стандарден филтер,
In points. Default is 9.,Во бодови. Стандардно е 9.,
In seconds,Во секунди,
Inbox,Инбокс,
Inbox User,Корисник за сандаче,
Include Search in Top Bar,Вклучи Барај во Топ Бар,
Include Web View Link in Email,Испратете документ Врски Преглед на е-пошта,
Index,Индекс,
Index Web Pages for Search,Индексирај веб-страници за пребарување,
Indexing Authorization Code,Код за овластување за индексирање,
Indexing Refresh Token,Индексирање на токенот за освежување,
Indicator,индикатор,
Indicator Color,Боја на индикаторот,
Info,Информации,
Initial Sync Count,Почетна синхронизација Грофот,
InnoDB,InnoDB,
Insert After,Вметнете По,
Insert New Records,Внеси нови записи,
Insert Style,Внеси Стил,
Installed Application,Инсталирана апликација,
Installed Applications,Инсталирани апликации,
Int,Int,
Integration Request,Барање за интеграција,
Integrations,Интеграции,
Integrations can use this field to set email delivery status,Интеграции можат да го користат ова поле за да го поставите статусот мејл за испорака,
Interests,Интереси,
Intermediate,средно,
Internal record of document shares,Внатрешна евиденција на акции документ,
Introduce your company to the website visitor.,Воведување на вашата компанија на веб-сајтот посетител.,
Introduction,Вовед,
Introductory information for the Contact Us Page,Воведни информации за страница за контакт,
Invalid,Невалиден,
Inverse,Инверзна,
Is Active,Е активен,
Is Attachments Folder,Е Поднесени Папка,
Is Billing Contact,Дали е контакт за наплата,
Is Child Table,Е табела на децата,
Is Complete,Е комплетен,
Is Completed,е завршена,
Is Custom Field,Е сопствено поле,
Is Default,Е стандардно,
Is Folder,Е папка,
Is Home Folder,Е Домашнапапка,
Is Mandatory Field,Е задолжително поле,
Is Optional State,Е факултативна држава,
Is Primary,Е основно,
Is Primary Contact,Е основно Контакт,
Is Primary Mobile,Е основно мобилен,
Is Primary Phone,Е примарен телефон,
Is Private,Е приватна,
Is Public,Јавно е,
Is Published Field,Објавено е поле,
Is Single,Е Слободна,
Is Skipped,Дали е прескокнат,
Is Spam,е спам,
Is Standard,Е стандард,
Is Submittable,Е Submittable,
Is Table,е маса,
Is Tree,Е дрво,
Is Unique,Единствено,
Is Your Company Address,Дали вашата компанија адреса,
Item Label,Етикета на предметот,
Item Type,Тип на предмет,
JS,JS,
JSON,JSON,
JSON Request Body,Тело за барање на ЈСОН,
JavaScript,Javascript-от,
JavaScript Format: frappe.query_reports['REPORTNAME'] = {},Го вклучите Javascript-формат: frappe.query_reports [&#39;REPORTNAME&#39;] = {},
Javascript,Javascript,
Jinja,Jaинџа,
Kanban,Kanban,
Kanban Board,Kanban одбор,
Kanban Board Column,Kanban одбор колона,
Kanban Board Name,Име Kanban одбор,
Keep track of all update feeds,Следете ги сите ажурирани канали,
Keeps track of all communications,Ги следи сите комуникации,
Key,Клучни,
Keyboard Shortcuts,Кратенки на тастатурата,
Knowledge Base Contributor,База на знаење Соработник,
Knowledge Base Editor,База на знаење на уредникот,
LDAP Email Field,LDAP-пошта поле,
LDAP First Name Field,LDAP-Име на поле,
LDAP Group,Група ЛДАП,
LDAP Group Field,Полето на групата LDAP,
LDAP Group Mapping,Мапирање на групите LDAP,
LDAP Group Mappings,Мапирање на групите LDAP,
LDAP Last Name Field,Полето за презиме LDAP,
LDAP Middle Name Field,Полето за средно име на LDAP,
LDAP Mobile Field,Поле за мобилно LDAP,
LDAP Phone Field,Телефонски поле за LDAP,
LDAP Search String,LDAP пребарување стринг,
LDAP Security,Безбедност на ЛДАП,
LDAP Server Url,LDAP сервер URL,
LDAP Settings,Подесувања за LDAP,
LDAP User Creation and Mapping,Креирање и мапирање на корисници на LDAP,
LDAP Username Field,LDAP име на поле,
Label,Етикета,
Label Help,Помош етикета,
Label and Type,Етикета и тип,
Landing Page,Целна страница,
Language,Јазик,
Language Code,јазик законик,
Language Name,јазик Име,
Last Active,Последно активен,
Last Backup On,Последната резервна копија е вклучена,
Last Execution,Последно извршување,
Last IP,Последните IP,
Last Known Versions,Минатата верзии,
Last Login,Најнови најавување,
Last Month,Претходниот месец,
Last Name,Презиме,
Last Password Reset Date,Последен датум за ресетирање на лозинката,
Last Point Allocation Date,Датум на распределување на последната точка,
Last Quarter,Последна четвртина,
Last Sync On,Последно синхронизирање е вклучено,
Last Synced On,Последно синхронизирање Вклучено,
Last User,Последен корисник,
Last Week,Минатата недела,
Last Year,Минатата година,
Lead Conversion Time,Водечко време за конверзија,
Leaderboard,Табла,
Leave blank to repeat always,Оставете празно за да се повторува секогаш,
Ledger,Леџер,
Left,Лево,
Legal,Правни,
Length,Должина на,
Letter,Писмо,
Letter Head,Писмо Раководител,
Letter Head Based On,Глава на писмо врз основа на,
Letter Head Image,Слика на главата,
Letter Head Name,Писмо Раководител Име,
Letter Head in HTML,Писмо раководител во HTML,
Level,Ниво,
Level Name,Име на ниво,
License,Лиценца,
Light Color,Светла боја,
Like,Допаѓа,
Likes,Допаѓања,
Limit,Граница,
Limit Number of DB Backups,Ограничете го бројот на DB резервни копии,
Line,Линија,
Link,Линк,
Link Cards,Линк картички,
Link DocType,линк DOCTYPE,
Link Document Type,Тип на документ за врска,
Link Fieldname,Име на полето за врска,
Link Name,линк Име,
Link Title,линк Наслов,
Link To,Врска до,
Link to the page you want to open. Leave blank if you want to make it a group parent.,Линк кон страницата што сакате да ја отворите. Оставете го празно ако сакате да го направи група родител.,
Linked,Поврзани,
Linked Documents,Поврзани документи,
Links,Линкови,
List,Листа,
List Filter,Филтер со листа,
List Settings,Поставки за списокот,
List View Settings,Поставки за преглед на список,
"List as [{""label"": _(""Jobs""), ""route"":""jobs""}]","Листа како [{ &quot;етикета&quot;: _ ( &quot;Џобс&quot;), &quot;пат&quot;: &quot;работни места&quot;}]",
List of patches executed,Листа на закрпи егзекутирани,
Load Balancing,Балансирање на носивост,
Location,Локација,
Log,Пријавете се,
Log Data,Податоци за логирање,
Log Setting User,Корисник за поставување дневник,
Log Settings,Поставки за најавување,
Login,Влези,
Login After,Најави по,
Login Before,Влези Пред,
Login Required,Влези за задолжителни,
Logo Width,Ширина на логото,
Logout,Одјава,
Logout All Sessions on Password Reset,Одјавете се од сите сесии на ресетирање на лозинката,
Logout From All Devices After Changing Password,Одјавување од сите уреди по промена на лозинка,
Long Text,Долг текст,
Low,Ниски,
Main Section,Главниот дел,
Main Section (HTML),Главен дел (HTML),
Main Section (Markdown),Главен дел (Ознаки),
Maintenance Manager,Одржување менаџер,
Maintenance User,Одржување пристап,
"Make ""name"" searchable in Global Search",Направете &quot;име&quot; може да се пребарува во глобалната пребарување,
Mandatory,Задолжително,
Mandatory Depends On,Задолжително зависи од,
Map route parameters into form variables. Example <code>/project/&lt;name&gt;</code>,Мапа на параметрите на рутата во променливи на формата. Пример <code>/project/&lt;name&gt;</code>,
Markdown,Markdown,
Markdown Editor,Уредувач на Markdown,
Marked As Spam,Означени како спам,
Max 500 records at a time,Max 500 записи во време,
Max Attachment Size (in MB),Макс Прилог големина (во MB),
Max Attachments,Макс Прилози,
Max Length,Максимална должина,
Max Value,Макс вредност,
Maximum,Максимално,
Maximum Number of Fields,Максимален број на полиња,
Maximum Points,Максимални поени,
Medium,Медиум,
Meeting,Средба,
Mention,Споменете,
Mentions,Менции,
Message,Порака,
Message (HTML),Порака (HTML),
Message (Markdown),Порака (ознака),
Message Examples,Примери порака,
Message ID,на порака,
Message Parameter,Порака Параметар,
Message-id,Порака-проект,
Meta Description,Мета опис,
Meta Image,Мета слика,
Meta Tags,Мета Тагови,
Meta Title,Мета Наслов,
Method,Метод,
Middle Name,Средно име,
Milestone,Пресвртница,
Milestone Tracker,Преглед на пресврт,
Minimum,Минимум,
Minimum Password Score,Минимална Лозинка рејтинг,
Mobile No,Мобилни Не,
Module,Модул,
Module Def,Модул Def,
Module Name,Модул Име,
Module Onboarding,Одбор на модул,
Modules HTML,Модули HTML,
Monday,Понеделник,
Monospace,Профилите,
Monthly,Месечен,
Monthly Long,Месечно долго,
More Information,Повеќе информации,
More content for the bottom of the page.,Повеќе содржини за дното на оваа страница.,
Multiplier Field,Полето за мултипликатор,
Must be a publicly accessible Google Sheets URL,Мора да биде јавно достапна URL на Google Sheets,
"Must be of type ""Attach Image""",Мора да биде од типот &quot;Прикачи слика&quot;,
Mute Sounds,Неми Звуци,
MyISAM,MyISAM,
Name,Име,
Naming,Именување,
Naming Series,Именување Серија,
Navbar,Navbar,
Navbar Item,Ставка на Navbar,
Navbar Settings,Поставки за Navbar,
Navbar Template,Шаблон Navbar,
Navbar Template Values,Вредности на шаблонот Navbar,
New,Ново,
New Name,Ново име,
New value to be set,Нова вредност треба да се постави,
Newsletter,Билтен,
Newsletter Email Group,Билтен Email група,
Newsletter Manager,Билтен менаџер,
Next Action Email Template,Следна Шаблон за е-пошта,
Next Actions HTML,Следни дејства HTML,
Next Schedule Date,Следен датум на распоред,
Next State,Следна држава,
Next Sync Token,Следен синхронизирај,
No,Не,
No Copy,Не Копирај,
No of Requested SMS,Број на Побарано СМС,
No of Rows (Max 500),Број на редови (макс 500),
No of Sent SMS,Број на испратени СМС,
Non Negative,Ненегативно,
None,Никој,
Not Sent,Не Испратени,
Note,Забелешка,
Note Seen By,Забелешка гледа од страна на,
Note: By default emails for failed backups are sent.,Забелешка: Стандардно се испраќаат пораки за неуспешни копии.,
"Note: For best results,  images must be of the same size and width must be greater than height.","Забелешка: За најдобри резултати, сликите мора да бидат со иста големина, а ширината мора да биде поголема од висината.",
Note: Multiple sessions will be allowed in case of mobile device,Забелешка: повеќе сесии ќе им биде дозволено во случај на мобилен уред,
Notification,известување,
Notification Log,Пријавување на известувања,
Notification Recipient,Примателот на известување,
Notification Settings,Поставки за известување,
Notification Subscribed Document,Известување за претплатен документ,
Notifications,Известувања,
Notifications and bulk mails will be sent from this outgoing server.,Известувања и дел пораки ќе бидат испратени од овој појдовниот сервер.,
Notify Users On Every Login,Ги извести корисниците на секој Најава,
Notify by Email,Известете преку е-пошта,
Notify by email,Да го извести преку е-пошта,
Notify if unreplied,Извести ако unreplied,
Notify if unreplied for (in mins),Извести ако unreplied за (во минути),
Notify users with a popup when they log in,Ги извести корисниците со скокачки прозорец кога ќе се логирате во,
Number Card,Картичка со број,
Number Card Link,Врска со картичка со број,
Number Cards,Картички со броеви,
Number Format,Формат на броеви,
Number of Backups,Број на копии,
Number of DB Backups,Број на DB резервни копии,
Number of Groups,Број на групи,
Number of columns for a field in a Grid (Total Columns in a grid should be less than 11),Број на колони за областа во мрежа (Вкупно Колумни во мрежа треба да биде помал од 11),
Number of columns for a field in a List View or a Grid (Total Columns should be less than 11),Број на колони за поле во List View или Grid (Вкупно Колумни треба да биде помал од 11),
OAuth Authorization Code,OAuth код за авторизација,
OAuth Bearer Token,OAuth Носител токен,
OAuth Client,OAuth потрошувач,
OAuth Client ID,ИД на клиент на OAuth,
OAuth Provider Settings,Прилагодување на OAuth провајдер,
OTP App,App OTP,
OTP Issuer Name,ОТП Име на издавачот,
Off,Исклучено,
Office,Канцеларија,
Office 365,Office 365,
Older backups will be automatically deleted,Постарите копии ќе бидат автоматски избришани,
On Hold,На чекање,
Onboarding Permission,Дозвола за одење,
Onboarding Step,Чекор во одбор,
Onboarding Step Map,Мапа на чекор Чекор,
"Once submitted, submittable documents cannot be changed. They can only be Cancelled and Amended.","Откако ќе се достават, документите за испраќање не можат да се променат. Тие можат да бидат откажани и дополнети само.",
Only Allow Edit For,Само што им овозможуваат Измени за,
Only Send Records Updated in Last X Hours,Испраќај рекорди во Последно освежено Х часа,
Open,Отворен,
Open Documents,Отворени документи,
Open Reference Document,Отворен референтен документ,
Open URL in a New Tab,Отворете URL во ново јазиче,
Open a dialog with mandatory fields to create a new record quickly,Отворете дијалог со задолжителни полиња за брзо создавање на нов запис,
Opened,Отворена,
Operation,Работа,
Optional: Always send to these ids. Each Email Address on a new row,Изборно: Секогаш Испратете на овие документи за идентификација. Секој е-мејл адреса на нов ред,
Optional: The alert will be sent if this expression is true,"Изборно: На алармирање ќе бидат испратени, ако овој израз е точен",
Options,Опции,
Options Help,Опции Помош,
Orange,Портокалова,
Order,Со цел,
Org History,Org Историја,
Org History Heading,Org Историја Заглавие,
Other,Други,
Outlook.com,Outlook.com,
Output,излез,
PDF Page Size,PDF Page Size,
PDF Settings,PDF Settings,
Page,Страница,
Page Break,Page Break,
Page Builder,Градител на страници,
Page Building Blocks,Блоки за градење страници,
Page HTML,HTML страница,
Page Name,Страница Име,
Page Settings,Поставки на страница,
Parameter,Параметар,
Parent Field (Tree),Родителско поле (дрво),
Parent Label,Родител Етикета,
Partial Success,Делумен успех,
Participants,Учесниците,
Passive,Пасивни,
Password,Лозинка,
Password Reset Link Generation Limit,Ресетирање на лозинка Ограничување за генерирање врски,
Password for Base DN,Лозинка за база DN,
Patch,Далноводи,
Patch Log,Печ Влез,
Path,Патека,
Path to CA Certs File,Пат до датотека со сертификати за CA,
Path to Server Certificate,Пат до сертификат за сервер,
Path to private Key File,Пат до приватна датотека со клучеви,
Pending,Во очекување,
Pending Approval,Се чека одобрување,
Pending Verification,Во очекување на верификација,
Percent,Проценти,
Percentage,Процент,
Period,Период,
Perm Level,Перм ниво,
Permanent,постојана,
Permission Level,Дозвола ниво,
Permission Rules,Дозвола Правила,
Permissions,Дозволи,
Permitted Documents For User,Дозволено Документи за корисникот,
Personal,Лични,
Personal Data Deletion Request,Барање за бришење лични податоци,
Personal Data Download Request,Барање за преземање лични податоци,
Phone,Телефон,
Phone No.,Телефонски број,
Phone Number,Телефонски број,
Pie,Пита,
Pincode,Pincode,
Plant,Растителни,
Point Allocation Periodicity,Периодичност на распределување на точка,
Points,Поени,
Port,Порт,
Portal Menu,портал Мени,
Portal Menu Item,Портал Ставка,
Portal Settings,портал Settings,
Position,Позиција,
Postal,Поштенските,
Postal Code,поштенски код,
Precision,Прецизност,
Preferred Billing Address,Најпосакувана платежна адреса,
Preferred Shipping Address,Најпосакувана Адреса за Испорака,
Prefix,Префикс,
Prepared Report,Подготвен извештај,
Prepared Report User,Подготвен извештај за корисник,
Preview,Преглед,
Preview HTML,Преглед на HTML,
Preview Message,Преглед на пораката,
Previous Hash,Претходна Hash,
Primary,Основно,
Primary Color,Примарна боја,
Print,Печати,
Print Format,Печати формат,
Print Format Builder,Креирај формат за печатење,
Print Format Help,Печати формат Помош,
Print Format Type,Печати Тип формат,
Print Hide,Печати Сокриј,
Print Hide If No Value,Печати Сокриј Ако нема вредност,
Print Server,Сервер за печатење,
Print Settings,Поставки за печатење,
Print Style,Печати Стил,
Print Style Name,Име на стилот на печатење,
Print Style Preview,Печати Стил Преглед,
Print UOM after Quantity,Печатете UOM по количина,
Print Width,Ширина на печатење,
"Print Width of the field, if the field is a column in a table","Печати Ширина на полето, ако поле не е колона во табелата",
Print taxes with zero amount,Печати даноци со нула,
Print with letterhead,Печатење со меморандуми,
Printer Name,Име на печатачот,
Printing,Печатење,
Priority,Приоритет,
Private,Приватен,
ProTip: Add <code>Reference: {{ reference_doctype }} {{ reference_name }}</code> to send document reference,ProTip: Додади <code>Reference: {{ reference_doctype }} {{ reference_name }}</code> за да се испрати референтен документ,
Property,Сопственост,
Property Depends On,Имотот зависи од,
Property Setter,Сопственост сетер,
Property Setter overrides a standard DocType or Field property,Сопственост сетер надминува стандарден DOCTYPE или имот поле,
Property Type,Тип на имотот,
Provider,Провајдер,
Provider Name,Име на провајдерот,
Public,Јавноста,
Publish,Објавете,
Published,Објавено,
Published On,Објавено на,
Pull from Google Calendar,Повлечете од Календарот на Google,
Pull from Google Contacts,Повлечете од Контактите на Google,
Pulled from Google Calendar,Извлечено од Календарот на Гугл,
Pulled from Google Contacts,Извлечено од Контактите на Google,
Purchase Manager,Купување менаџер,
Purchase Master Manager,Купување мајстор менаџер,
Purchase User,Набавка пристап,
Purple,Виолетова,
Push to Google Calendar,Притисни до Календарот на Google,
Push to Google Contacts,Притиснете кон Контактите на Google,
Quarterly,Квартален,
Query,Пребарување,
Query / Script,Барање / Скрипта,
Query Options,Опции за пребарување,
Query Report,Пријави пребарување,
Queued,Чекаат на ред,
Quick Entry,Брз влез,
RAW Information Log,Дневник на информации за РАВ,
Random,Случајно,
Rating,Рејтинг,
Raw Commands,Сурови команди,
Raw Email,суровини Е-пошта,
Raw Printing,Сурово печатење,
Read,Прочитајте,
Read Only,Само за читање,
Read Only Depends On,Прочитајте само зависи од,
Read Time,Читај време,
Read by Recipient,Прочитајте од примачот,
Read by Recipient On,Прочитајте од Примачот,
Reason,Причината,
Received,Доби,
Receiver By Document Field,Приемник по поле на документ,
Receiver By Role,Приемник по улога,
Receiver Parameter,Приемник Параметар,
Recipient,Примачот,
Recipient Unsubscribed,Примателот отпишавте,
Recipients,Примателите,
Recorder,Рекордер,
Red,Црвена,
Redirect URI Bound To Auth Code,Пренасочување URI обврзани да Овласти законик,
Redirect URIs,Пренасочување на врски,
Redirect URL,Пренасочување на URL,
Ref DocType,Реф DOCTYPE,
Reference,Референтен,
Reference Date,Референтен датум,
Reference DocName,Референтен DocName,
Reference DocType,Референтен DocType,
Reference Docname,Референтен DocName,
Reference Doctype,Референтен DOCTYPE,
Reference Document,референтен документ,
Reference Document Name,Име на референтниот документ,
Reference Document Type,Референтен документ Тип,
Reference Name,Име на референца,
Reference Owner,Суд за сопственикот,
Reference Report,Референтен извештај,
Reference Type,Референтен Тип,
Reference name,Референца,
Referrer,Упатувач,
Refresh Google Sheet,Освежете го Листот на Google,
Refresh Token,Освежи токен,
Rejected,Одбиени,
Relinked,relinked,
Reload,Вчитај ја страната повторно,
Remember Last Selected Value,Запомни последната избрана вредност,
Reminder,Потсетник,
Repeat On,Повторете,
Repeat Till,Повторете До,
Repeat on Day,Повторете го денот,
Repeat on Last Day of the Month,Повторете го на последниот ден од месецот,
Repeat this Event,Повторете го овој настан,
Replied,Одговори,
Reply,Одговори,
Report,Извештај,
Report Builder,Креирај извештај,
Report Column,Пријави колона,
Report Description,Опис на извештајот,
Report Filter,Пријавете филтер,
Report Filters,Пријави Филтри,
Report Hide,Извештај Сокриј,
Report Information,Информации за извештаи,
Report Manager,Извештај менаџер,
Report Name,Име на отчет,
Report Reference Doctype,Извештај за референтен тип,
Report Type,Тип на излагањето,
Reports,извештаи,
Represents a User in the system.,Претставува пристап во системот.,
Represents the states allowed in one document and role assigned to change the state.,Претставува државите дозволено во еден документ и улогата доделен на промена на државата.,
Request Data,Барам податоци,
Request Structure,Побарајте структура,
Request URL,Барам URL,
Requested Numbers,Бара броеви,
Require Trusted Certificate,Барајте доверлив сертификат,
Reset Password Key,Ресетирање на Лозинка Клучни,
Response,Одговор,
Response Type,Тип на одговор,
Restored,Вратена,
Restrict IP,Ограничи IP,
Restrict To Domain,Ограничи до домен,
Restrict to Domain,Ограничување на домен,
Restrict user from this IP address only. Multiple IP addresses can be added by separating with commas. Also accepts partial IP addresses like (111.111.111),Ограничување на корисникот само од оваа IP адреса. Повеќе IP адреси може да се додаде со одделување со запирки. Исто така прифаќа делумна IP адреси како (111.111.111),
Retry,Повтори,
Reverse Icon Color,Обратна икони во боја,
Revert,Вратете,
Revert Of,Врати се,
Reverted,Вратен,
Review,Преглед,
Review Level,Ниво на преглед,
Review Levels,Нивоа за прегледување,
Review Points,Прегледни точки,
Revoked,Одземени,
Rich Text,Rich Text,
Right,Право,
Robots.txt,robots.txt,
Role,Улога,
Role Name,Улогата Име,
Role Permission for Page and Report,Улогата Дозвола за Пејџ и Извештај,
Role Permissions,Улогата на пишување,
Role Permissions Manager,Менаџер улога на пишување,
Role Profile,Профил на улоги,
Role and Level,Улогата и ниво,
Roles,Улоги,
Roles Assigned,Доделени улоги,
Roles HTML,Улоги HTML,
Roles Html,Улоги HTML,
Round Robin,Тркалезна Робин,
Route,Пат,
Route History,Историја на маршрутата,
Route Redirects,Пренасочувања на рутата,
"Route: Example ""/desk""",Пат: Пример „/ работна маса“,
Row Index,Индекс на редови,
Row Name,Име на редот,
Rows Added,Додадено редови,
Rows Removed,редови Отстранет,
Rule,Правило,
Rule Conditions,Услови за правило,
Rule Name,Име на правило,
Rules defining transition of state in the workflow.,Правила дефинирање на транзицијата на државата во тек на работа.,
"Rules for how states are transitions, like next state and which role is allowed to change state etc.","Правила за тоа како држави се транзиции, како следната држава и која улога е дозволено да се промени состојбата итн",
Rules with higher priority number will be applied first.,Прво ќе се применат правила со поголем број на приоритет.,
Run Jobs only Daily if Inactive For (Days),Работи само еднаш дневно ако е неактивен за (денови),
Run scheduled jobs only if checked,Стартувај закажани работни места само ако проверени,
S3 Backup Settings,S3 Резервни копии,
S3 Bucket Details,Детали за кофата S3,
SMS,порака,
SMS Gateway URL,SMS Gateway URL,
SMS Log,SMS Влез,
SMS Parameter,SMS Параметар,
SMS Settings,SMS Settings,
SMTP Settings for outgoing emails,Settings SMTP за појдовни пораки,
"SQL Conditions. Example: status=""Open""",SQL услови. Пример: статус = &quot;Отвори&quot;,
SSL/TLS Mode,SSL / TLS режим,
Sales Manager,Менаџер за продажба,
Sales Master Manager,Продажбата мајстор менаџер,
Sales User,Продажбата пристап,
Salesforce,Salesforce,
Salutation,Титула,
Sample,Пример,
Saturday,Сабота,
Save,Зачувај,
Scheduled,Закажана,
Scheduled Job,Закажана работа,
Scheduled Job Log,Закажан дневник за работа,
Scheduled Job Type,Закален вид на работа,
Scheduled To Send,Треба да се испрати,
Scheduler Event,Распоред на настани,
Scope,Обем,
Scopes,домет,
Script,Скрипта,
Script Manager,Управувач со скрипти,
Script Report,Скрипта Извештај,
Script Type,Скрипта Тип,
Script to attach to all web pages.,Скрипта да се закачите на сите веб страни.,
Search Fields,Полиња за пребарување,
Search Priorities,Приоритети за пребарување,
Section,Дел,
Section Break,Прелом на секција,
Security Settings,Поставки за безбедност,
Seen,Види,
Seen By,Видено од,
Seen By Table,Се гледа од страна на маса,
Select,Изберете,
Select Dashboard,Изберете табла,
Select Date Range,Изберете Опсег на датум,
Select DocType,Изберете DOCTYPE,
Select Doctype,Изберете Doctype,
Select Transaction,Изберете Трансакција,
Select an image of approx width 150px with a transparent background for best results.,Одберете слика од околу ширина 150px со транспарентна позадина за најдобри резултати.,
Select the label after which you want to insert new field.,Изберете етикетата по што сакате да го вметнете нова област.,
Send After,Испрати По,
Send Alert On,Испрати сигнал на,
Send Email Alert,Испрати е-мејл сигнализација,
Send Email Print Attachments as PDF (Recommended),Испрати Е-пошта Печати прилози како PDF (се препорачува),
Send Email for Successful Backup,Испрати е-пошта за успешна резервна копија,
Send Email for Successful backup,Испрати е-пошта за успешна резервна копија,
Send Me A Copy of Outgoing Emails,Испрати ми копија од појдовни пораки,
Send Notification To,Испрати известување до,
Send Notification to,Испрати известување до,
Send Notifications For Documents Followed By Me,Испратете известувања за документи следени од мене,
Send Notifications For Email Threads,Испратете известувања за нишки по е-пошта,
Send Notifications To,Доставуваат известувања до,
Send Print as PDF,Испрати печатење како PDF,
Send System Notification,Испрати известување за системот,
Send To All Assignees,Испратете до сите доделени,
Send Unsubscribe Link,Испрати отпишување линк,
Send Welcome Email,Испрати Добредојдовте Email,
Send alert if date matches this field's value,Испрати алармирање доколку датумот одговара на вредноста оваа област е,
Send alert if this field's value changes,Испрати предупредување ако промените вредноста оваа област е,
Send an email reminder in the morning,Испрати е-потсетник е-мејл во утринските часови,
Send days before or after the reference date,Испрати дена пред или по референтниот датум,
Send enquiries to this email address,Испрати барања на оваа е-маил адреса,
Send only if there is any data,Испрати само ако има било какви податоци,
Send unsubscribe message in email,Испрати отпишување порака во е-мејл,
Sender,Испраќачот,
Sender Email,Испраќачот е-пошта,
Sender Name,Испраќачот Име,
Sendgrid,Sendgrid,
Sending,Испраќање на,
Sent,Испрати,
Sent On,Испрати на,
Sent Read Receipt,Испрати признаница за прием,
Sent To,Испратени до,
Sent or Received,Пратена или примена,
Sent/Received Email,Испратена / примена е-пошта,
Separator,Сепаратор,
Sequence Id,Ид на низа,
Series List for this Transaction,Серија Листа за оваа трансакција,
Server Action,Акција на серверот,
Server IP,IP адреса на серверот,
Server Script,Скрипта за сервери,
Service,Услуги,
Session Default,Стандардно за сесијата,
Session Default Settings,Стандардни поставки за сесија,
Session Defaults,Сесија стандардно,
Set Banner from Image,Постави знамето од слика,
"Set Default Options for all charts on this Dashboard (Ex: ""colors"": [""#d1d8dd"", ""#ff5858""])","Поставете стандардни опции за сите графикони на оваа табла (Пр.: &quot;Бои&quot;: [&quot;# d1d8dd&quot;, &quot;# ff5858&quot;])",
Set New Password,Намести Нова лозинка,
Set Property After Alert,Поставете сопственост По сигнализација,
Set Role For,Поставете улога,
Set Value,Постави вредност,
Set non-standard precision for a Float or Currency field,Намести нестандардни прецизност за Носете или Валута поле,
Settings,Подесувања,
Settings Dropdown,Паѓање на поставките,
Settings for Contact Us Page,Прилагодувања за страница за контакт,
Settings for the About Us Page,Подесувања за За нас страница,
Setup,Подесување,
Setup Complete,Целосно подесување,
Setup Wizard,Советник за подесување,
Share,Сподели,
Shared,Заедничка,
Shipping,Испорака,
Shop,Продавница,
Short Name,Кратко име,
Shortcuts,Кратенки,
Show Attachments,Прикажи прилози,
Show Dashboard,Покажи табла,
Show Document,Прикажи документ,
Show Failed Logs,Покажете неуспешни логови,
Show Form Tour,Покажи турнеја на формата,
Show Full Error and Allow Reporting of Issues to the Developer,Прикажи целосна грешка и Дозволи пријавување на проблеми на програмери,
Show Full Form?,Да се прикаже целосната форма?,
Show Line Breaks after Sections,Прикажи линија паузи по Секции,
Show Percentage Stats,Покажи статистика за процент,
Show Preview Popup,Прикажи преглед,
Show Report,Покажи извештај,
Show Section Headings,Прикажи Тема Наслови,
Show Sidebar,Прикажи лента,
Show Title,Прикажи Наслов,
Show as cc,Прикажи како cc,
Show full form instead of a quick entry modal,Покажете целосна форма наместо мода за брз влез,
Show in Module Section,Show во Модул Дел,
Show in filter,Прикажи во филтер,
Show percentage difference according to this time interval,Покажете процентна разлика според овој временски интервал,
"Show title in browser window as ""Prefix - title""",Прикажи титула во прозорецот на прелистувачот како &quot;Префикс - назив&quot;,
Sidebar Items,Странична лента Теми,
Sidebar Settings,Странична лента Settings,
Sidebar and Comments,Лента и Коментари,
Signature,Потпис,
"Simple Python Expression, Example: Status in (""Closed"", ""Cancelled"")","Едноставно изразување на Пајтон, Пример: Статус во (&quot;Затворено&quot;, &quot;Отфрлено&quot;)",
"Simple Python Expression, Example: Status in (""Invalid"")","Едноставно изразување на Пајтон, Пример: Статус во (&quot;Невалиден&quot;)",
"Simple Python Expression, Example: status == 'Open' and type == 'Bug'","Едноставно изразување на Питон, Пример: статус == &#39;Отвори&#39; и тип == &#39;Бубачка&#39;",
Simultaneous Sessions,симултани сесии,
Single Types have only one record no tables associated. Values are stored in tabSingles,Еден Видови има само еден рекорд не маси поврзани. Вредности се чуваат во tabSingles,
Skip Authorization,Скокни овластување,
Skype,Skype,
Slack,Slack,
Slack Channel,Slack Channel,
Slack Webhook URL,URL на слаба веб-страница,
Slideshow,Слајдшоу,
Slideshow Items,Слајдшоу Теми,
Slideshow Name,Име слајдшоу,
Slideshow like display for the website,Слајдшоу како прикажување на веб-страница,
Small Text,Мал текст,
Smallest Currency Fraction Value,Најмалата Фракција валутна вредност,
Smallest circulating fraction unit (coin). For e.g. 1 cent for USD and it should be entered as 0.01,"Најмалата циркулираат дел единица (паричка). Како на пример: 1 цент за долари и тоа треба да се внесе како 0,01",
Social,Социјална,
Social Link Settings,Поставки за социјална врска,
Social Link Type,Тип на социјална врска,
Social Login Key,Клучен клуч за пријавување,
Social Login Provider,Давател на социјални најавувања,
Social Logins,Социјални најави,
Soft-Bounced,Мек-bounced,
Sort Field,Вид поле,
Sort Order,Подредување,
Source,Извор,
Source Name,извор Име,
Source Text,извор на текстот,
Spam,спам,
SparkPost,SparkPost,
Standard,Стандард,
Standard Sidebar Menu,Стандардна лента Мени,
Start Date,Датум на почеток,
Start Date Field,Почетно поле за датум,
Start Time,Почеток Време,
StartTLS,StartTLS,
Started,Почна,
Starts on,Почнува на,
State,Држава,
State/Province,Држава / провинција,
States,Држави,
Static Parameters,Статични параметрите,
Stats,Статистика,
Stats Time Interval,Интервал на времето за статистика,
Status,Статус,
Step,Чекор,
Steps,Чекори,
Stopped,Запрен,
Stores the JSON of last known versions of various installed apps. It is used to show release notes.,Продавници JSON на последната позната верзии на различни инсталирани апликации. Тоа се користи за да се покаже белешки за изданието.,
Style,Стил,
Style Settings,прилагодуваúа за стилот,
"Style represents the button color: Success - Green, Danger - Red, Inverse - Black, Primary - Dark Blue, Info - Light Blue, Warning - Orange","Стил претставува боја на копчето: Успех - Зелен, опасност - црвена, Инверзна - Црното, а Примарна - темно сина, Инфо - Светло сина, Предупредување - портокал",
Stylesheet,Стилски лист,
"Sub-currency. For e.g. ""Cent""","Под-валута. На пример, &quot;Cent&quot;",
Sub-domain provided by erpnext.com,Под-домен обезбедени од страна erpnext.com,
Subdomain,Поддомен,
Subject,Предмет,
Subject Field,Предметно поле,
Submit,Поднесе,
Submit After Import,Поднесете по увозот,
Submitted,Поднесени,
Subsidiary,Подружница,
Subtitle,Поднаслов,
Success,Успех,
Success Action,Акција за успех,
Success Message,Успех порака,
Success URL,Успех URL,
Sum,Сума,
Sunday,Недела,
Symbol,Симбол,
Sync,Синхронизирај,
Sync with Google Calendar,Синхронизирајте со Google Calendar,
Sync with Google Contacts,Синхронизирајте со „Контакти на Google“,
System,Систем,
System Console,Системска конзола,
System Manager,Систем за менаџер,
System Notification,Известување за системот,
System Page,систем Page,
System Settings,System Settings,
System managers are allowed by default,Менаџерите на системот се стандардно дозволени,
Table,Табела,
Table Break,Пауза на маса,
Table HTML,Табела HTML,
Table MultiSelect,Мултиселекција на табела,
Tag,Ознака,
Tag Link,Врска со ознака,
Target,Целни,
Tax Category,Категорија на данок,
Team Members,Членови на тимот,
Team Members Heading,Членови на тимот Заглавие,
Template,Шаблон,
Template Options,Опции на шаблони,
Template Warnings,Предупредувања за шаблони,
Text,Текст,
Text Align,Текст Порамни,
Text Color,Боја на текст,
Text Content,текст содржина,
Text Editor,Уредувачот на текст,
The name that will appear in Google Calendar,Името што ќе се појави во Google Календар,
The user from this field will be rewarded points,Корисникот од ова поле ќе биде награден со поени,
The webhook will be triggered if this expression is true,Интернет-страницата ќе се активира ако овој израз е вистина,
Theme,Тема,
Theme Configuration,Конфигурација на темата,
Theme URL,URL адреса на темата,
These values will be automatically updated in transactions and also will be useful to restrict permissions for this user on transactions containing these values.,"Овие вредности ќе се ажурира автоматски во трансакции, а исто така ќе биде корисно да се ограничи дозволи за оваа корисник на трансакции кои ги содржат овие вредности.",
Third Party Authentication,Трета партија за проверка на автентичност,
This card will be available to all Users if this is set,Оваа картичка ќе биде достапна за сите корисници доколку е поставена,
This chart will be available to all Users if this is set,Оваа табела ќе биде достапна за сите корисници доколку е поставена,
This format is used if country specific format is not found,Овој формат се користи ако не се најде специфичен формат земја,
This goes above the slideshow.,Ова оди над слајдшоу.,
This is an example Google SERP Preview.,Ова е пример за преглед на Google SERP.,
This is the number of the last created transaction with this prefix,Ова е бројот на последниот создадена трансакција со овој префикс,
This will be shown in a modal after routing,Ова ќе биде прикажано во мода по рутирањето,
This will be shown to the user in a dialog after routing to the report,Ова ќе му се покаже на корисникот во дијалог по рутирањето до извештајот,
Thumbnail URL,Thumbnail URL,
Thursday,Четврток,
Time,Време,
Time Format,Формат на време,
Time Interval,Временски интервал,
Time Series,Временски серии,
Time Series Based On,Временски серии врз основа на,
Time Zone,Временска зона,
Time Zones,Временски зони,
Time format,Формат на време,
Time in seconds to retain QR code image on server. Min:<strong>240</strong>,Време во секунди за да се задржи QR-кодот на серверот. Мин: <strong>240</strong>,
Timeline,Временска рамка,
Timeline DocType,Хронологија DOCTYPE,
Timeline Field,Хронологија на поле,
Timeline Links,Временски врски,
Timeline Name,Хронологија Име,
Timeseries,Тајмери,
Timespan,Timespan,
Timestamp,Временска ознака,
Title,Наслов,
Title Field,Наслов на поле,
Title Prefix,Наслов префикс,
To,До,
To Date,Датум,
To Date Field,До полето за датум,
To and CC,Да и КК,
"To use Slack Channel, add a <a href=""#List/Slack%20Webhook%20URL/List"">Slack Webhook URL</a>.","За да користите Slack Channel, додадете <a href=""#List/Slack%20Webhook%20URL/List"">URL</a> на <a href=""#List/Slack%20Webhook%20URL/List"">Slack Webhook</a> .",
ToDo,ToDo,
Token,токен,
Top,Врв,
Top Bar Item,Топ Бар Точка,
Top Bar Items,Топ Бар материјали,
Topic,на тема,
Total Subscribers,Вкупно Претплатници,
Total number of emails to sync in initial sync process ,Вкупниот број на пораки за да ги синхронизирате во почетниот процес синхронизација,
Traceback,Traceback,
Track Changes,следат промените,
Track Email Status,Следете статус на е-пошта,
Track Field,Поле поле,
Track Seen,песна Гледано,
Track Views,Следи ги прегледите,
Track milestones for any document,Следете ги пресвртниците за кој било документ,
Transaction Hash,Трансакција Hash,
Transaction Log,Дневник на трансакции,
Transaction Log Report,Извештај за пријавување трансакции,
Transition Rules,Правила транзиција,
Transitions,Транзиции,
Translatable,Translatable,
Translated Text,преведен текст,
Translation,превод,
Trash,Ѓубре,
Tree,дрво,
Tree structures are implemented using Nested Set,Структурите на дрвото се спроведуваат со употреба на Nested Set,
Trigger Method,активирањето Метод,
"Trigger on valid methods like ""before_insert"", ""after_update"", etc (will depend on the DocType selected)","Активирањето на важечки методи како &quot;before_insert&quot;, &quot;after_update&quot;, итн (ќе зависи од DOCTYPE избрани)",
Tuesday,Вторник,
Two Factor Authentication,Две фактори за автентикација,
Two Factor Authentication method,Два фактори за проверка на автентичност,
Type,Тип,
UID,UID,
UIDNEXT,UIDNEXT,
UIDVALIDITY,UIDVALIDITY,
UNSEEN,невидена,
URL,URL,
URL for documentation or help,URL за документација или помош,
URL to go to on clicking the slideshow image,URL-то на кое треба да кликнете на сликата за слајдшоу,
Unassign Condition,Неразделна состојба,
Unhandled Email,Необработена Е-пошта,
Unique,Уникатен,
Unread,непрочитани,
Unread Notification Sent,Непрочитани известување испратено,
Unshared,неразделен,
Unsubscribe Method,Метод за отпишување,
Unsubscribe Param,отпишување Парам,
Unsubscribed,Отпишавте,
Update,Ажурирање,
Update Existing Records,Ажурирајте ги постојните записи,
Update Field,Ажурирање на поле,
Update Series Number,Ажурирање Серија број,
Update Settings,Поставки за ажурирање,
Update Value,Ажурирање вредност,
Updated,Ажурирани,
Uploaded To Dropbox,Поставено до Dropbox,
Uploaded To Google Drive,Поставено на Google Drive,
Use % for any non empty value.,Користете% за која било непразна вредност.,
Use ASCII encoding for password,Користете ASCII кодирање за лозинка,
Use IMAP,Користење на IMAP,
Use POST,Користете POST,
Use Report Chart,Користете Табела за извештаи,
Use SSL,Употреба SSL,
Use TLS,Употреба TLS,
Use this fieldname to generate title,Користете го ова за да се генерираат fieldname титула,
User,Корисник,
User ,Корисник,
User Agent,Кориснички агент,
User Cannot Create,Корисникот не може да се создаде,
User Cannot Search,Корисникот не може Барај,
User Defaults,Корисникот Стандардни,
User Details,Детали за корисникот,
User Email,корисник E-mail,
User Emails,кориснички пораки,
User Field,Корисничко поле,
User ID,ID на корисникот,
User ID Property,Имот на лична карта на корисникот,
User ID of a Blogger,User ID на Blogger,
User Id,ИД на корисникот,
User Image,Најави image,
User Name,Корисничко име,
User Permission,Корисничка дозвола,
User Profile,Кориснички профил,
User Social Login,Кориснички социјален најава,
User Tags,Корисникот Тагови,
User Type,Корисникот Тип,
User can login using Email id or Mobile number,Корисникот може да се логирате со користење на е-мејл ID или мобилен број,
User can login using Email id or User Name,Корисникот може да се најавите со користење на Email id или User Name,
User must always select,Корисникот мора секогаш изберете,
Username,Корисничко име,
Users,Корисници,
Users assigned to the reference document will get points.,Корисниците доделени на референтниот документ ќе добијат поени.,
Valid,Важи,
Validate Field,Провери го полето,
Validity,Валидноста,
Value,Вредност,
Value Based On,Врз основа на вредност,
Value Change,Вредност промени,
Value Changed,Променети вредност,
Value To Be Set,Вредност да се постави,
Value from this field will be set as the due date in the ToDo,Вредноста од ова поле ќе биде поставена како датум на достасување во ToDo,
Value to Validate,Вредност за потврда,
Verdana,Verdana,
Verified,Потврдено,
Version,Верзија,
Video URL,URL на видео,
View,Поглед,
View Log,Преглед на дневник,
View Properties (via Customize Form),За преглед на карактеристиките (преку Персонализација форма),
View Report,Погледнете го извештајот,
View Settings,Погледнете Подесувања,
View Website,Преглед на веб-страница,
Viewed By,Гледано од,
Visit,Посета,
Warehouse,Магацин,
Warning,Предупредување,
Watch Video,Погледнете видео,
Web Form,Веб образец,
Web Form Field,Веб образец Теренски,
Web Form Fields,Веб образец Полињата,
Web Page,Веб-страница,
Web Page Block,Блокирање на веб-страница,
Web Page View,Преглед на веб-страница,
Web Template,Веб-образец,
Web Template Field,Поле за веб-образец,
Web Template Values,Вредности на веб-образец,
Web View,веб Види,
Webhook,Webhook,
Webhook Data,Податоци за Webhook,
Webhook Header,Заглавие на веб-горе,
Webhook Headers,Заглавија на веб-горе,
Webhook Request,Барање за Webhook,
Webhook Secret,Тајната на веб-страниците,
Webhook Security,Безбедност на веб-страници,
Webhook Trigger,Вклучување на веб-страници,
Webhook URL,Веб-URL адреса,
Website,Веб-страница,
Website Analytics,Анализа на веб-страници,
Website Manager,Веб-страница менаџер,
Website Meta Tag,Веб-страница Мета таг,
Website Route Meta,Интернет-страница за рута,
Website Route Redirect,Пренасочување на рутата на веб-страница,
Website Script,Веб-сајтот сценарио,
Website Settings,Settings веб-страница,
Website Sidebar,Веб-страница на лента,
Website Sidebar Item,Веб-страница лента Точка,
Website Slideshow,Веб-страница слајдшоу,
Website Slideshow Item,Веб-страница слајдшоу Точка,
Website Theme,Веб-сајт Тема,
Website Theme Ignore App,Тема на веб-страница Игнорирај ја апликацијата,
Website Theme Image,Веб-сајт Тема слика,
Website Theme Image Link,Веб-сајт Тема Image Линк,
Wednesday,Среда,
Weekdays,Работни дена,
Weekly,Неделен,
Weekly Long,Неделно долго,
Welcome Email Template,Шаблон за е-пошта за добредојде,
"When enabled this will allow guests to upload files to your application, You can enable this if you wish to collect files from user without having them to log in, for example in job applications web form.","Кога е овозможено, ова ќе им овозможи на гостите да испраќаат датотеки во вашата апликација, можете да го овозможите ова ако сакате да соберете датотеки од корисник без да ги најавите, на пример во веб-форма за апликации за работа.",
Which view of the associated DocType should this shortcut take you to?,На кој преглед на поврзаниот DocType треба да ве однесе оваа кратенка?,
Width,Ширина,
Wildcard Filter,Филтер за вајлд кард,
"Will add ""%"" before and after the query",Addе додаде „%“ пред и по барањето,
Will be used in url (usually first name).,Ќе се користат во URL-то (обично првото име).,
Will run scheduled jobs only once a day for inactive sites. Default 4 days if set to 0.,Runе извршуваат закажани работни места само еднаш дневно за неактивни страници. Стандардно 4 дена ако е поставено на 0.,
Workflow,Работното,
Workflow Action,Работното акција,
Workflow Action Master,Работното акција мајстор,
Workflow Action Name,Име акција работното,
Workflow Action is not created for optional states,Дејството на работниот тек не е креирано за изборни состојби,
Workflow Document State,Работното документ држава,
Workflow Name,Работното Име,
Workflow State,Работното држава,
Workflow State Field,Работното држава Теренски,
Workflow Transition,Работното транзиција,
Workflow state represents the current state of a document.,Државни работното претставува моменталната состојба на документот.,
Write,Напиши,
X Field,X поле,
XLSX,xlsx,
Y Axis,Y Оска,
Y Field,Y поле,
Yahoo Mail,Yahoo Mail,
Yandex.Mail,Yandex.Mail,
Year,Година,
Yearly,Годишно,
Yellow,Жолто,
Yes,Да,
Your organization name and address for the email footer.,Вашата организација име и адреса за е-мејл подножјето.,
Zero means send records updated at anytime,Нула значи испрати записи ажурирани во секое време,
_doctype,_doctype,
_report,_report,
adjust,прилагодување,
after_insert,after_insert,
align-center,усогласат-центар,
align-justify,усогласат-оправдаат,
align-left,усогласат-левичарската,
align-right,усогласат-десничарската,
arrow-down,стрелка надолу,
arrow-left,стрелка лево-,
arrow-right,стрелка-десничарската,
arrow-up,стрелка нагоре,
asterisk,ѕвездичка,
backward,назад,
ban-circle,Бан круг,
barcode,Баркод,
bell,Бел,
blue,сина,
bold,Задебелен,
book,книга,
bookmark,обележувач,
briefcase,куфер,
bullhorn,мегафон,
calendar,календар,
camera,камера,
certificate,сертификат,
check,Проверете,
chevron-down,Шеврон надолу,
chevron-left,Шеврон-левичарската,
chevron-right,Шеврон-десничарската,
chevron-up,Шеврон-up,
circle-arrow-down,круг стрелка надолу,
circle-arrow-left,круг стрелка лево-,
circle-arrow-right,круг стрелка-десничарската,
circle-arrow-up,круг стрелка нагоре,
cog,пси,
comment,коментар,
darkgrey,темно сива,
dd-mm-yyyy,дд-милиметри-гггг,
dd.mm.yyyy,дд.мм.гггг,
dd/mm/yyyy,дд / мм / гггг,
download,Преземи,
download-alt,Download-алт,
"e.g. ""Support"", ""Sales"", ""Jerry Yang""","на пример, ""Поддршка"", ""Продажби"", ""Горан Цветковски""",
e.g. pop.gmail.com / imap.gmail.com,на пр pop.gmail.com / imap.gmail.com,
e.g. replies@yourcomany.com. All replies will come to this inbox.,"на пр replies@yourcomany.com. Сите одговори, ќе се дојде до овој сандаче.",
e.g. smtp.gmail.com,на пр smtp.gmail.com,
edit,Уреди,
eject,исфрлиш,
email,е-пошта,
envelope,коверт,
exclamation-sign,фантастичен знак-,
eye-close,око-близина,
eye-open,око-отворени,
facebook,Фејсбук,
facetime-video,FaceTime видео,
fairlogin,fairlogin,
fast-backward,брзо назад,
fast-forward,брзо напред,
file,датотека,
film,филм,
filter,Филтрирај,
fire,оган,
flag,знаме,
folder-close,папка во близина,
folder-open,папка отворена,
font,фонт,
forward,напред,
fullscreen,цел екран,
gift,подарок,
glass,стакло,
globe,глобус,
green,зелена,
hand-down,рака надолу,
hand-left,рака-левичарската,
hand-right,рака десен,
hand-up,рака-up,
hdd,HDD,
headphones,слушалки,
heart,срце,
home,дома,
icon,Icon,
in minutes,за неколку минути,
inbox,Сандаче,
indent-left,алинеја-лево,
indent-right,алинеја-десничарската,
info-sign,инфо-знак,
italic,курзив,
leaf,лист,
link,линк,
linkedin,поврзан,
list,Листа,
list-alt,Листата-алт,
lock,заклучување,
magnet,магнет,
map-marker,мапа маркер,
minus,минус,
minus-sign,Знакот минус-,
mm-dd-yyyy,ММ-ДД-гггг,
mm/dd/yyyy,MM / DD / YYYY,
module,модул,
move,Премести,
music,музика,
no failed attempts,Не неуспешни обиди,
off,исклучување,
ok,ред,
ok-circle,OK-круг,
ok-sign,OK-знак,
old_parent,old_parent,
on_cancel,on_cancel,
on_change,on_change,
on_submit,on_submit,
on_trash,on_trash,
on_update,on_update,
on_update_after_submit,on_update_after_submit,
orange,портокал,
page,страница,
pause,пауза,
pencil,молив,
picture,слика,
plane,авион,
play,игра,
play-circle,игра-круг,
plus,плус,
plus-sign,плус знак,
print,печати,
purple,виолетова,
qrcode,qrcode,
query-report,пребарување-извештај,
question-sign,Прашањето-знак,
random,по случаен избор,
red,црвено,
refresh,освежи,
remove,отстрани,
remove-circle,Отстрани-круг,
remove-sign,Отстрани-знак,
repeat,повторете,
resize-full,менување на големината полн,
resize-horizontal,менување на големината-хоризонтални,
resize-small,промените големината на-мали,
resize-vertical,промените големината на вертикална,
response,одговор,
retweet,retweet,
road,патот,
screenshot,екранот,
search,Барај,
share,удел,
share-alt,на акции alt,
shopping-cart,шопинг количка,
signal,сигнал,
star,ѕвезда,
star-empty,ѕвезда-празни,
step-backward,чекор назад,
step-forward,чекор напред,
stop,Стоп,
tag,Таг,
tags,ознаки,
tasks,задачи,
text-height,текст висина,
text-width,текст ширина,
th,та,
th-large,та-големи,
th-list,та-листа,
thumbs-down,палците надолу,
thumbs-up,палците нагоре,
time,време,
tint,боја,
trash,ѓубре,
twitter,Твитер,
upload,поставете,
user,Корисникот,
volume-down,волумен надолу,
volume-off,волумен-оф,
volume-up,волумен-up,
warning-sign,предупредување знакот,
wrench,клуч,
yellow,жолта,
yyyy-mm-dd,гггг-мм-дд,
zoom-in,зголеми,
zoom-out,намали,
