"""Company History""",&quot;ကုမ္ပဏီသမိုင်း&quot;,
"""Team Members"" or ""Management""",&quot;ရေးအဖွဲ့အဖွဲ့ဝင်များ&quot; သို့မဟုတ် &quot;စီမံခန့်ခွဲမှု&quot;,
&lt;head&gt; HTML,&lt;head&gt; HTML ကို,
**Currency** Master,** ငွေကြေးစနစ် ** မဟာ,
0 - Draft; 1 - Submitted; 2 - Cancelled,0 င် - မူကြမ်း; 1 - Submitted; 2 - ဖျက်သိမ်း,
0 is highest,0 င်အမြင့်မားဆုံးဖြစ်ပါတယ်,
A list of resources which the Client App will have access to after the user allows it.<br> e.g. project,အသုံးပြုသူကခွင့်ပြုပြီးနောက်လိုင်း App ကိုမှဝင်ရောက်ခွင့်ရှိလိမ့်မည်သည့်အရင်းအမြစ်များကိုစာရင်းတစ်ခု။ <br> ဥပမာစီမံကိန်းအတွက်,
A symbol for this currency. For e.g. $,ဒီငွေကြေးများအတွက်သင်္ကေတ။ ဥပမာ $ for,
A4,A4,
ALL,အားလုံး,
API,API ကို,
API Access,API Access,
API Endpoint,API ကိုဆုံးမှတ်,
API Endpoint Args,API ကိုဆုံးမှတ် Args,
API Key,API ကို Key ကို,
API Method,API နည်းလမ်း,
API Secret,API ကိုလြှို့ဝှကျ,
ASC,ASC,
About Us Settings,ကျွန်ုပ်တို့ကို Settings ကိုအကြောင်း,
About Us Team Member,ကျွန်ုပ်တို့ကိုရေးအဖွဲ့အဖွဲ့ဝင်အကြောင်း,
Access Key ID,Access ကိုသော့ ID,
Access Key Secret,key ကိုသုံးပါ,
Access Log,access ကို Log in ဝင်ရန်,
Access Token,Access Token,
Access Token URL,Access ကိုတိုကင် URL ကို,
Account,အကောင့်ဖွင့်,
Accounts Manager,အကောင့်အသစ်များ၏ Manager က,
Accounts User,အသုံးပြုသူအကောင့်,
Action,action,
Action / Route,လှုပ်ရှားမှု / လမ်းကြောင်း,
Action Timeout (Seconds),လှုပ်ရှားမှုရပ်သွားသည် (စက္ကန့်),
Action Type,လှုပ်ရှားမှုအမျိုးအစား,
Actions,* Actions,
Active,active,
Active Domains,active ကိုဒိုမိန်း,
Activity Log,လုပ်ဆောင်ချက်အထဲ,
Add Container,ကွန်တိန်နာထည့်ပါ,
Add Custom Tags,စိတ်ကြိုက် Tags ထည့်ပါ,
Add Gray Background,မီးခိုးရောင်နောက်ခံထည့်ပါ,
Add Signature,ထိုးမြဲလက်မှတ် Add,
Add Total Row,စုစုပေါင်း Row Add,
Add Unsubscribe Link,စာရင်းဖျက်ရန် Link ကို Add,
"Added HTML in the &lt;head&gt; section of the web page, primarily used for website verification and SEO",အဓိကအားဖြင့် Website ကိုစိစစ်အတည်ပြုခြင်းနှင့် SEO ဆိုသည်မှာများအတွက်အသုံးပြုတဲ့ဝဘ်စာမျက်နှာ၏ &lt;head&gt; အပိုင်းအတွက် HTML ကို Added,
Additional Permissions,နောက်ထပ်ခွင့်ပြုချက်,
Address,လိပ်စာ,
Address And Contacts,လိပ်စာနှင့်အဆက်အသွယ်များ,
Address Line 1,လိပ်စာစာကြောင်း 1,
Address Line 2,လိပ်စာလိုင်း 2,
Address Template,လိပ်စာ Template:,
Address Title,လိပ်စာခေါင်းစဉ်,
Address Type,လိပ်စာရိုက်ထည့်ပါ,
Address and other legal information you may want to put in the footer.,လိပ်စာနှင့်သင် footer အတွက်ထားရန်လိုပေမည်အခြားဥပဒေရေးရာသတင်းအချက်အလက်များကို။,
Addresses And Contacts,လိပ်စာနှင့်ဆက်သွယ်ရန်,
Adds a custom field to a DocType,တစ် DOCTYPE မှတစ်စိတ်ကြိုက်ထည့်သွင်း,
Administrator,အုပ်ချုပ်သူ,
Advanced,advanced,
Advanced Control,အဆင့်မြင့်ထိန်းချုပ်ရေး,
Advanced Settings,အဆင့်မြင့်ချိန်ညှိမှုများ,
After Cancel,Cancel ပြီးနောက်,
After Delete,ပယ်ဖျက်ပြီးနောက်,
After Save,သိမ်းဆည်းပြီးနောက်,
After Save (Submitted Document),သိမ်းဆည်းပြီးနောက် (တင်ပြစာရွက်စာတမ်း),
After Submit,တင်သွင်းပြီးနောက်,
Aggregate Function Based On,အပေါ်အခြေခံပြီးစုစုပေါင်း function ကို,
Alert,သတိပေး,
Align Labels to the Right,မှန်ကန်စွာရွေးချယ်ရန် Labels: align,
Align Right,ညာဘက် align,
All,အားလုံး,
All Day,အားလုံးသည်နေ့,
Allocated To,ရန်လျာထား,
Allot Points To Assigned Users,Assigned အသုံးပြုသူများရန်အမှတ်စာရေးတံ ချ. ဝေ,
Allow,ခွင့်ပြု,
Allow Auto Repeat,အော်တိုထပ် Allow,
Allow Bulk Edit,အစုလိုက် Edit ကို Allow,
Allow Comments,မှတ်ချက်များ Allow,
Allow Consecutive Login Attempts ,Allow ဆက်တိုက်ဝင်မည်ကြိုးစားခြင်း,
Allow Delete,Delete Allow,
Allow Dropbox Access,Dropbox ကို Access က Allow,
Allow Guest,Guest ည့်သည်ခွင့်ပြုသည်,
Allow Guest to View,ဧည့်သည် View မှ Allow,
Allow Guests to Upload Files,ဧည့်သည်ဖိုင်များအင်တာနက်ပေါ်တင်ခြင်းမှ Allow,
Allow Import (via Data Import Tool),(ဒေတာများကိုတင်သွင်း Tool ကိုမှတဆင့်) ကိုတင်သွင်းခွင့်ပြုပါ,
Allow Incomplete Forms,မပြည့်စုံပုံစံ Allow,
Allow Login After Fail,ဝင်မည်ကျရှုံးခြင်းပြီးနောက် Allow,
Allow Login using Mobile Number,ဝင်မည်မိုဘိုင်းနံပါတ်သုံးပြီး Allow,
Allow Login using User Name,ဝင်မည်အသုံးပြုသူအမည်သုံးပြီး Allow,
Allow Modules,မော်ဂျူးများ Allow,
Allow Print,ပုံနှိပ်ပါ Allow,
Allow Print for Cancelled,ပယ်ဖျက်ဘို့ပရင့်ထုတ်ရန် Allow,
Allow Print for Draft,မူကြမ်းများအတွက်ပုံနှိပ်ပါ Allow,
Allow Read On All Link Options,အားလုံး Link ကို Options ကိုတွင်ဖတ်ပါ Allow,
Allow Rename,Rename Allow,
Allow Roles,အခန်းကဏ္ဍ Allow,
Allow Self Approval,ကိုယ်ပိုင်အတည်ပြုချက် Allow,
Allow approval for creator of the document,စာရွက်စာတမ်း၏ဖန်ဆင်းရှင်များအတွက်ခွင့်ပြုချက် Allow,
Allow document creation via Email,အီးမေးလ်မှတဆင့်စာရွက်စာတမ်းများဖန်တီးခွင့်ပြုပါ,
Allow events in timeline,အချိန်ဇယားထဲမှာ Allow ဖြစ်ရပ်များ,
Allow in Quick Entry,လျင်မြန်စွာ Entry အတွက် Allow,
Allow on Submit,Submit အပေါ် Allow,
Allow only one session per user,အသုံးပြုသူတစ်ဦးလျှင်တစ်ဦးတည်းသာ session ကို Allow,
Allow page break inside tables,စားပွဲအတွင်းပိုင်းစာမျက်နှာချိုး Allow,
Allow saving if mandatory fields are not filled,မဖြစ်မနေလယ်ကွင်းပြည့်ဝကြသည်မဟုတ်လျှင်ချွေ Allow,
Allow user to login only after this hour (0-24),(0-24) အသုံးပြုသူသာဒီနာရီပြီးနောက် login မှ Allow,
Allow user to login only before this hour (0-24),(0-24) အသုံးပြုသူကိုသာထိုအခြိနျမီ login မှ Allow,
Allowed,Allowed,
Allowed In Mentions,ခုနှစ်တွင်ပြောဆိုရန်ခွင့်ပြု,
"Always add ""Draft"" Heading for printing draft documents",အမြဲတမ်းပုံနှိပ်ဥပဒေမူကြမ်းစာရွက်စာတမ်းများများအတွက်ခေါင်းစီး &quot;မူကြမ်း&quot; add,
Amend,ပြင်ပြု,
Amended From,မှစ. ပြင်ဆင်,
An icon file with .ico extension. Should be 16 x 16 px. Generated using a favicon generator. [favicon-generator.org],.ico extenstion နဲ့ icon တစ်ခုဖိုင်။ အသက် 16 &#39;x 16 ဦး px ဖြစ်သင့်သည်။ တစ် favicon မီးစက်ကိုအသုံးပြုပြီးထုတ်လုပ်။ [favicon-generator.org],
Analytics,analytics,
Annual,နှစ်ပတ်လည်,
Anonymous,အမည်မသိ,
Any string-based printer languages can be used. Writing raw commands requires knowledge of the printer's native language provided by the printer manufacturer. Please refer to the developer manual provided by the printer manufacturer on how to write their native commands. These commands are rendered on the server side using the Jinja Templating Language.,မဆို string ကို-based ပရင်တာဘာသာစကားများကိုအသုံးပြုနိုင်ပါတယ်။ ကုန်ကြမ်းပညတ်တော်တို့ကိုရေးသားခြင်းပရင်တာထုတ်လုပ်သူများကထောက်ပံ့ပေးပရင်တာရဲ့မိခင်ဘာသာစကား၏အသိပညာလိုအပ်သည်။ သူတို့ရဲ့ဇာတိပညတ်တို့ကိုရေးသားဖို့ဘယ်လိုပေါ်ပရင်တာထုတ်လုပ်သူများကထောက်ပံ့ပေးသည့်ဆော့ဖ်ဝဲရေးလက်စွဲစာအုပ်သွားရောက်ဖတ်ရှုပါ။ ထို command ကတော့ Jinja template ဘာသာစကားများကို အသုံးပြု. ဆာဗာဘက်မှာပြန်ဆိုရသည်။,
App,App ကို,
App Access Key,App ကို Access ကို Key ကို,
App Client ID,App ကိုလိုင်း ID ကို,
App Client Secret,App ကိုလိုင်းလျှို့ဝှက်ချက်,
App Name,App ကိုအမည်,
App Secret Key,App ကိုလြှို့ဝှကျ Key ကို,
Append Emails to Sent Folder,Folder ကိုပို့။ စာများပို့ပါ,
Append To,ရန် append,
Applicable For,အကြောင်းမူကားသက်ဆိုင်သော,
Application Logo,လျှောက်လွှာလိုဂို,
Application Name,လျှောက်လွှာအမည်,
Application Version,လျှောက်လွှာဗားရှင်း,
Applied On,လျှောက်ထားသည်,
Apply Document Permissions,စာရွက်စာတမ်းခွင့်ပြုချက်များ Apply,
Apply Only Once,တစ်ကြိမ်သာလျှောက်ပါ,
Apply Strict User Permissions,တင်းကျပ်အသုံးပြုသူခွင့်ပြုချက်များ Apply,
Apply To All Document Types,အားလုံးစာရွက်စာတမ်းအမျိုးအစားများရန် Apply,
Apply this rule if the User is the Owner,အသုံးပြုသူကိုပိုင်ရှင်ဖြစ်လျှင်ဤနည်းဥပဒေ Apply,
Apply this rule only once per document,ဤစည်းမျဉ်းကိုစာရွက်စာတမ်းတစ်ခုလျှင်တစ်ကြိမ်သာကျင့်သုံးပါ,
Appreciation,ကြေးဇူးတငျကွောငျး,
Archived,မော်ကွန်းတင်ထား,
Arial,Arial,
Assign Condition,အခြေအနေ assign,
Assign To Users,အသုံးပြုသူများသည်ရန်သတ်မှတ်,
Assigned,Assigned,
Assigned By,အားဖြင့်တာဝန်ပေး,
Assigned By Full Name,အပြည့်အဝအမည်အားဖြင့်တာဝန်ပေးအပ်,
Assignment,တာဝန်ကျတဲ့နေရာ,
Assignment Completed,တာဝန်ကျတဲ့ Completed,
Assignment Days,တာဝန်ကျတဲ့နေ့ရက်များ,
Assignment Rule,တာဝန်ကျတဲ့စည်းမျဉ်း,
Assignment Rule Day,တာဝန်နည်းဥပဒေ,
Assignment Rule User,တာဝန်ကျတဲ့စည်းမျဉ်းအသုံးပြုသူ,
Assignment Rules,တာဝန်ကျတဲ့နေရာစည်းကမ်းများ,
Assignments,တာဝန်,
Attach,ကပ်,
Attach Image,Image ကို Attach,
Attach Print,ပုံနှိပ် Attach,
Attached File,ပူးတွဲဖိုင်,
Attached To DocType,DOCTYPE နိုင်ရန်ပူးတွဲပါ,
Attached To Field,ကွင်းဆင်းရန်ပူးတွဲ,
Attached To Name,အမည်နိုင်ရန်ပူးတွဲပါ,
Attachment,attachment,
Attachment Limit (MB),attachment Limit (MB),
Attachment Link,ချိတ်တွဲလင့်ခ်,
Attachment Removed,attachment ဖယ်ရှားပြီး,
Attachments,attachments,
Auth URL Data,auth URL ကိုဒေတာများ,
Authentication,Authentication ကို,
Author,စာရေးသူ,
Authorization Code,ခွင့်ပြုချက် Code ကို,
Authorize API Indexing  Access,API Indexing Access ကိုခွင့်ပြုပါ,
Authorize Google Calendar Access,Google ကပြက္ခဒိန် Access ကိုခွင့်ပြုရန်,
Authorize Google Contacts Access,Google အဆက်အသွယ် Access ကိုခွင့်ပြုရန်,
Authorize Google Drive Access,Google Drive ကို Access ကိုခွင့်ပြုရန်,
Authorize URL,URL ကိုခွင့်ပြုရန်,
Authorized,Authorized,
Auto,အော်တို,
Auto Email Report,အော်တိုအီးမေးလ်အစီရင်ခံစာ,
Auto Name,မော်တော်ကားအမည်,
Auto Repeat,အော်တိုထပ်ခါတလဲလဲ,
Auto Reply Message,မော်တော်ကားစာပြန်ရန် Message,
Automatically Assign Documents to Users,အသုံးပြုသူများမှစာရွက်စာတမ်းများကိုအလိုအလျောက်သတ်မှတ်,
Automation,အလိုအလြောကျစကျတပျဆငျမှု,
Avatar,avatar,
Average,ပျမ်းမျှ,
Awaiting Password,Password ကိုစောင့်ဆိုင်း,
Awaiting password,Password ကိုစောင့်ဆိုင်း,
BCC,BCC,
Background Color,နောက်ခံသမိုင်းအရောင်,
Background Workers,နောက်ခံသမိုင်းကြောင်းအလုပ်သမားများ,
Backup Details,Backup အသေးစိတ်,
Backup Files,Backup ဖိုင်များ,
Backup Folder ID,Backup ကို Folder ကို ID ကို,
Backup Folder Name,Backup ကို Folder ကိုအမည်,
Backup Frequency,Backup ကိုကြိမ်နှုန်း,
Backup public and private files along with the database.,အများဆိုင်နှင့်ကိုယ်ရေးကိုယ်တာဖိုင်များကိုဒေတာဗေ့စ်နှင့်အတူအရန်ကူးပါ။,
Backups,Backup တွေကို,
Banner,Banner,
Banner HTML,Banner က HTML,
Banner Image,"Banner သင်ခန်းစာများ,",
Banner is above the Top Menu Bar.,Banner ကိုထိပ်တန်း Menu ကိုဘားအထက်ဖြစ်ပါတယ်။,
Bar,ဘား,
Barcode,ဘားကုဒ်,
Base Distinguished Name (DN),base ကိုခွဲခြမ်းစိတ်ဖြာအမည် (DN),
Base URL,base URL ကို,
Based On,ပေါ်အခြေခံကာ,
Based on Field,Field အပေါ်အခြေခံသည်,
Based on Permissions For User,အသုံးပြုသူများအတွက်ခွင့်ပြုချက်များအပေါ် အခြေခံ.,
Basic,အခြေခံပညာ,
Before Cancel,ပယ်ဖျက်မီ,
Before Delete,မဖျက်မီ,
Before Insert,ထည့်သွင်းခြင်းမပြုမီ,
Before Save,သိမ်းဆည်းခြင်းမပြုမီ,
Before Save (Submitted Document),သိမ်းဆည်းခြင်းမပြုမီ (စာရွက်စာတမ်းအားတင်သွင်းပြီး),
Before Submit,တင်သွင်းခြင်းမပြုမီ,
Beginner,အစပြုသူ,
Beta,beta ကို,
Billing,ငွေတောင်းခံ,
Bio,ဇီဝ,
Birth Date,မွေးနေ့,
Block Module,block Module,
Block Modules,block ပါဝါ,
Blocked,ပိတ်ဆို့,
Blog Category,ဘလော့အမျိုးအစား,
Blog Intro,ဘလော့ Intro,
Blog Introduction,ဘလော့နိဒါန်း,
Blog Post,ဘလော့ Post က,
Blog Settings,ဘလော့ Settings ကို,
Blog Title,ဘလော့ခေါင်းစဉ်,
Blogger,ဘလော့ဂါ,
Blue,ပြာသော,
Bold,ရဲရင့်,
Bot,bot,
Bottom,အောက်,
Bounced,ကစားနိုင်ခဲ့ပါတယ်,
Brand,ကုန်အမှတ်တံဆိပ်,
Brand HTML,ကုန်အမှတ်တံဆိပ်က HTML,
Brand Image,ကုန်အမှတ်တံဆိပ်ပုံရိပ်,
Breadcrumbs,Breadcrumbs,
Browser,Browser,
Browser Version,Browser ဗားရှင်း,
Brute Force Security,brute တပ်ဖွဲ့လုံခြုံရေး,
Bucket Name,ရေပုံးအမည်,
Bulk Update,bulk Update ကို,
Button,button ကို,
Button Gradients,Button Gradients,
Button Rounded Corners,ခလုတ်ထောင့်ကျည်,
Button Shadows,Button Shadows,
Bypass Restricted IP Address Check If Two Factor Auth Enabled,Two Factor Auth ဖွင့်ထားပါကကန့်သတ်ထားသော IP address ကိုစစ်ဆေးပါ,
Bypass Two Factor Auth for users who login from restricted IP Address,ကန့်သတ်သည် IP Address ကိုကနေ login သူကိုအသုံးပြုသူများအတွက် Bypass လုပ်ရနှစ်ဦး Factor Auth,
Bypass restricted IP Address check If Two Factor Auth Enabled,နှစ်ဦး Factor Auth Enabled လိုလျှင် Bypass လုပ်ရ IP Address ကိုစစ်ဆေးမှုများကန့်သတ်,
CC,CC ကို,
CSS,CSS ကို,
CSS Class,CSS အတန်းအစား,
CSV,CSV,
CTA Label,CTA တံဆိပ်,
CTA URL,CTA URL,
Calendar,ပြက္ခဒိန်,
Calendar Name,ပြက္ခဒိန်အမည်,
Calendar View,ပြက္ခဒိန်ကြည့်ရန်,
Call,တယ်လီဖုန်းဆက်,
Call To Action,လှုပ်ရှားမှုသို့ခေါ်ပါ,
Call To Action URL,လှုပ်ရှားမှု URL ကိုခေါ်ပါ,
Callback Message,ပြန်ခေါ်စာ,
Callback Title,Callback ခေါင်းစဉ်,
Campaign,ကင်ပိန်း,
Cancel,ပျက်စေ,
Cancelled,ဖျက်သိမ်းခဲ့သည်,
Card,ကဒ်ပြား,
Cards,ကတ်များ,
Category,Category:,
Category Description,category: ဖျေါပွခကျြ,
Category Name,Category: အမည်,
Center,အလယ်ဗဟို,
Chaining Hash,Chaining Hash,
Change Label (via Custom Translation),(စိတ်တိုင်းကျဘာသာပြန်စာပေမှတဆင့်) ပြောင်းလဲမှုကိုတံဆိပ်တပ်ရန်,
Change Password,စကားဝှက်ကိုပြောင်းရန်,
Channel,channel,
Chart,ဇယား,
Chart Configuration,ဖွဲ့စည်းပုံဇယားကွက်,
Chart Name,ဇယားအမည်,
Chart Options,ဇယား Options ကို,
Chart Source,ဇယားရင်းမြစ်,
Chart Type,ဇယားအမျိုးအစား,
Charts,ဇယား,
Chat,chat,
Check,စစ်ဆေးခြင်း,
Check this if you want to force the user to select a series before saving. There will be no default if you check this.,သင်ချွေတာရှေ့တော်၌စီးရီးကိုရွေးဖို့ user ကိုတွန်းအားပေးချင်တယ်ဆိုရင်ဒီစစ်ဆေးပါ။ သင်သည်ဤစစ်ဆေးလျှင်အဘယ်သူမျှမက default ရှိပါတယ်ဖြစ်လိမ့်မည်။,
Checking this will hide custom doctypes and reports cards in Links section,၎င်းကိုစစ်ဆေးခြင်းသည်စိတ်ကြိုက် doctypes များနှင့်ကဒ်ပြားများကို Links ကဏ္inတွင်ဖုံးကွယ်လိမ့်မည်,
Checksum Version,checksum ဗားရှင်း,
Child Tables are shown as a Grid in other DocTypes,ကလေးသူငယ်ဇယားသည်အခြား DOCTYPE အတွက် Grid အဖြစ်ပြသထားပါသည်,
Choose authentication method to be used by all users,အားလုံးအသုံးပြုသူများအနေဖြင့်အသုံးပြုရမှစစ်မှန်ကြောင်းအထောက်အထားပြသခြင်းနည်းလမ်းအားရွေးချယ်ပါ,
City,မြို့,
City/Town,မြို့တော် / မြို့,
Clicked,နှိပ်လိုက်,
Client,ဖောက်သည်,
Client Code,လိုင်းကုဒ်,
Client Credentials,client သံတမန်ဆောင်ဧည်,
Client ID,client ID ကို,
Client Information,client သတင်းအချက်အလက်,
Client Script,client Script,
Client Secret,client လျှို့ဝှက်ချက်,
Client URLs,client URLs များကို,
Close Condition,အနီးကပ်အခြေအနေ,
Closed,ပိတ်ထားသော,
Code,Code ကို,
Collapsible,ခေါက်,
Collapsible Depends On,ခေါက်တွင်မူတည်,
Color,အရောင်,
Column Break,ကော်လံ Break,
Column Name,ကော်လံအမည်,
Columns,ကော်လံ,
Columns / Fields,ကော်လံ / Field များ,
Comment,မှတ်ချက်,
Comment By,By မှတ်ချက်လေး,
Comment Email,အီးမေးလ် Comment,
Comment Type,မှတ်ချက်ကအမျိုးအစား,
Comments and Communications will be associated with this linked document,မှတ်ချက်များနှင့်ဆက်သွယ်ရေးဝန်ကြီးကဒီနှင့်ဆက်စပ်စာရွက်စာတမ်းနှင့်အတူဆက်နွယ်လိမ့်မည်,
Commit,ကတိကဝတ်,
Communication,ဆက်သွယ်ရေး,
Communication Link,ဆက်သွယ်ရေး Link ကို,
Communication Type,ဆက်သွယ်ရေးအမျိုးအစား,
Compact Item Print,ကျစ်လစ်သိပ်သည်း Item ပုံနှိပ်ပါ,
Company History,ကုမ္ပဏီသမိုင်း,
Company Introduction,ကုမ္ပဏီမိတ်ဆက်နိဒါန်း,
Company Name,ကုမ္ပဏီအမည်,
Complete,ပြည့်စုံသော,
Completed,ပြီးစီး,
Component,component,
Condition,condition,
Conditions,အခြေအနေများ,
Configuration,ဖွဲ့စည်းပုံ,
Confirmation Email Template,အတည်ပြုအီးမေးလ် template,
Console,Console,
Console Log,Console မှတ်တမ်း,
Contact,ထိတှေ့,
Contact Details,ဆက်သွယ်ရန်အသေးစိတ်,
Contact Email,ဆက်သွယ်ရန်အီးမေးလ်,
Contact Numbers,ဆက်သွယ်ရန်နံပါတ်များ,
Contact Phone,ဆက်သွယ်ရန်ဖုန်း,
Contact Us Settings,ကျွန်ုပ်တို့ကို Settings ကိုဆက်သွယ်ရန်,
"Contact options, like ""Sales Query, Support Query"" etc each on a new line or separated by commas.","&quot;အရောင်း Query, ပံ့ပိုးမှု Query&quot; စသည်တို့ကဲ့သို့သောဆက်သွယ်ရန်ရွေးချယ်စရာအသစ်တစ်ခုလိုင်းပေါ်တွင်အသီးအသီးသို့မဟုတ်ကော်မာကွဲကွာ။",
Contacts,ဆက်သွယ်ရန်,
Content,content,
Content (HTML),အကြောင်းအရာ (HTML) ကို,
Content (Markdown),အကြောင်းအရာ (Markdown),
Content Hash,content Hash,
Content Type,content Type,
Context,နောက်ခံ,
Context Script,ဆက်စပ် script,
Contributed,လှူဒါန်းခဲ့,
Contribution Document Name,ပံ့ပိုးမှုစာရွက်စာတမ်းအမည်,
Contribution Status,ပံ့ပိုးမှုအခြေအနေ,
Copyright,မူပိုင်ခွင့်,
Core,core,
Count,ရေတွက်,
Count Filter,Filter ကိုရေတွက်ပါ,
Counter,ကောင်တာ,
Country,ပြည်,
Country Name,နိုင်ငံအမည်,
County,ကောင်တီ,
Create,ဖန်တီး,
Create Contacts from Incoming Emails,အဝင်အီးမေးလ်များမှဆက်သွယ်ရန်,
Create Entry,Create Entry,
Create Log,Log ဖန်တီးပါ,
Create and Send Newsletters,သတင်းလွှာ Create နှင့် Send,
Created,Created,
Criticism,ဝေဖန်မှု,
Cron,Cron,
Cron Format,Cron အမျိုးအစား,
Currency,ငှေကွေး,
Currency Name,ငွေကြေးအမည်,
Currency Precision,ငွေကြေး Precision,
Current,ယခု,
Custom,ထုံးစံဓလေ့,
Custom Base URL,custom အခြေစိုက် URL ကို,
Custom CSS,custom CSS ကို,
Custom Configuration,စိတ်တိုင်းကျ Configuration,
Custom DocPerm,custom DocPerm,
Custom Field,custom ဖျော်ဖြေမှု,
Custom Format,custom စီစဉ်ဖွဲ့စည်းမှုပုံစံ,
Custom HTML Help,custom က HTML အကူအညီ,
Custom Menu Items,စိတ်တိုင်းကျ Menu ကိုပစ္စည်းများ,
Custom Options,စိတ်ကြိုက်ရွေးချယ်စရာများ,
Custom Overrides,စိတ်ကြိုက် Overrides,
Custom Report,custom အစီရင်ခံစာ,
Custom Role,မိမိစိတ်ကြိုက်အခန်းက္ပ,
Custom SCSS,စိတ်ကြိုက် SCSS,
Custom Sidebar Menu,စိတ်တိုင်းကျ Sidebar Menu ကို,
Custom?,custom?,
Customization,customization,
Customize Form,Form တွင် Customize,
Customize Form Field,Form တွင်ကွင်းဆင်း Customize,
DESC,DESC,
Daily,နေ့စဉ်,
Daily Long,နေ့စဉ်သုံး,
Danger,အန္တရာယ်,
Dark Color,အမှောင်အရောင်,
Dashboard,ဒိုင်ခွက်,
Dashboard Chart,dashboard ကိုဇယား,
Dashboard Chart Field,Dashboard ဇယားကွက်,
Dashboard Chart Link,Dashboard ကိုဇယား Link ကို,
Dashboard Chart Source,Dashboard ကိုဇယားရင်းမြစ်,
Dashboard Manager,ဒိုင်ခွက်မန်နေဂျာ,
Dashboard Name,dashboard ကိုအမည်,
Dashboard Settings,Dashboard ဆက်တင်များ,
Dashboards,Dashboard,
Data,ဒေတာ,
Data Export,ဒေတာကိုပို့ကုန်,
Data Import,ဒေတာများကိုတင်သွင်း,
Database Engine,ဒေတာဘေ့စအင်ဂျင်,
Date,နေ့စှဲ,
Date Format,နေ့စွဲစီစဉ်ဖွဲ့စည်းမှုပုံစံ,
Date Range,နေ့စွဲ Range,
Date and Number Format,ရက်စွဲနှင့်နံပါတ် Format ကို,
Datetime,Datetime,
Day,နေ့,
Day of Week,အပတ်၏နေ့,
Days After,ပြီးနောက်ရက်ပတ်လုံး,
Days Before,ခင်မှာရက်ပတ်လုံး,
Days Before or After,ခင်မှာသို့မဟုတ်ပြီးနောက်ရက်ပတ်လုံး,
Default,ပျက်ကွက်,
Default Incoming,default Incoming,
Default Letter Head,default ပေးစာဌာနမှူး,
Default Outgoing,default အထွက်,
Default Portal Home,ပုံမှန် Portal Home,
Default Print Format,default ပုံနှိပ်စီစဉ်ဖွဲ့စည်းမှုပုံစံ,
Default Print Language,default ပါပုံနှိပ်ဘာသာစကားများ,
Default Redirect URI,default ပြန်ညွှန်း URI,
Default Role at Time of Signup,Signup ၏အချိန်ကာလမှာ default အခန်းက္ပ,
Default Sort Field,default စီဖျော်ဖြေမှု,
Default Sort Order,default စီအမိန့်,
Default Value,default တန်ဖိုး,
"Default: ""Contact Us""",default: &quot;ဆက်သွယ်ရန်&quot;,
DefaultValue,DefaultValue,
Defaults,Defaults ကို,
Defines actions on states and the next step and allowed roles.,ပြည်နယ်နှင့်လာမည့်ခြေလှမ်းနှင့်ခွင့်ပြုခဲ့အခန်းကဏ္ဍအပေါ်အရေးယူဆောင်ရွက်ချက်များကိုသတ်မှတ်ပါတယ်။,
Defines workflow states and rules for a document.,တစ်ဦးစာရွက်စာတမ်းတွေအတွက်လုပ်ငန်းအသွားအလာပြည်နယ်နှင့်စည်းမျဉ်းစည်းကမ်းသတ်မှတ်ပါတယ်။,
Delayed,နှောင့်နှေး,
Delete,Delete,
Deleted,Deleted,
Deleted DocType,Deleted DOCTYPE,
Deleted Document,Deleted စာရွက်စာတမ်း,
Deleted Name,Deleted အမည်,
Delivery Status,Delivery နဲ့ Status,
Department,ဌါန,
Dependencies,မှီခို,
Depends On,တွင်မူတည်,
Description,ဖေါ်ပြချက်,
"Description for listing page, in plain text, only a couple of lines. (max 200 characters)","စာမျက်နှာစာရင်းအတွက်ဖော်ပြချက်, လွင်ပြင်စာသားအတွက်လိုင်း၏စုံတွဲတစ်တွဲသာ။ (အများဆုံးစာလုံးရေ ၂၀၀)",
Designation,သတ်မှတ်ပေးထားခြင်း,
Desk,စာရေးခုံ,
Desk Access,desk Access ကို,
Desktop Icon,desktop ပေါ်မှာ Icon,
Details,အသေးစိတ်အချက်အလက်များကို,
"Different ""States"" this document can exist in. Like ""Open"", ""Pending Approval"" etc.","ကွဲပြားခြားနားတဲ့ &quot;ပွညျထောငျစု&quot; ဤစာရွက်စာတမ်းများတွင်တည်ရှိနေနိုင်တယ်။ &quot;ပွင့်လင်း&quot;, &quot;ဆိုင်းငံ့ထားခွင့်ပြုချက်ရယူရန်&quot; စသည်တို့ကဲ့သို့ပင်",
Digits,ဂဏန်း,
Disable Auto Refresh,အော်တို Refresh ကို Disable,
Disable Comments,မှတ်ချက်များကိုပိတ်ပါ,
Disable Count,Disable လုပ်ထားအရေအတွက်,
Disable SMTP server authentication,SMTP server ကိုစစ်မှန်ကြောင်းအထောက်အထားပြသခြင်းကို Disable,
Disable Sidebar Stats,Sidebar Stats ကတော့ disable,
Disable Signup,signup လုပ်နိုင်ပါသည်ကို disable,
Disable Standard Email Footer,Standard အီးမေးလ် footer ကို disable,
Disabled,ချို့ငဲသော,
Display,ပြသ,
Display Depends On,display တွင်မူတည်,
Doc Event,doc Event,
Doc Events,doc ပွဲများ,
Doc Status,doc နဲ့ Status,
DocField,DocField,
DocPerm,DocPerm,
DocShare,DocShare,
DocType,DocType,
DocType Action,DocType လှုပ်ရှားမှု,
DocType Event,DocType ပွဲ,
DocType Link,DocType Link ကို,
DocType View,DocType ကြည့်ရန်,
DocType is a Table / Form in the application.,DOCTYPE လျှောက်လွှာအတွက်စားပွဲတင် / Form တွင်ဖြစ်ပါသည်။,
DocType on which this Workflow is applicable.,ဒီအသွားအလာသက်ဆိုင်သောအရာအပေါ် DOCTYPE ။,
Doctype,DOCTYPE,
Document,စာရွက်စာတမ်း,
Document Actions,စာရွက်စာတမ်းလုပ်ဆောင်ချက်များ,
Document Follow,စာရွက်စာတမ်း Follow,
Document Link,မှတ်တမ်းလင့်,
Document Links,စာရွက်စာတမ်းလင့်များ,
Document Name,စာရွက်စာတမ်းအမည်,
Document Naming Rule,မှတ်တမ်းအမည်အမည်နည်းဥပဒေ,
Document Naming Rule Condition,စာရွက်စာတမ်းအမည်စည်းမျဉ်းစည်းကမ်း,
Document Share,မှတ်တမ်းမျှဝေပါ,
Document Share Report,စာရွက်စာတမ်းဝေမျှမယ်အစီရင်ခံစာ,
Document States,စာရွက်စာတမ်းစတိတ်,
Document Tag,Document Tag,
Document Title,စာရွက်စာတမ်းခေါင်းစဉ်,
Document Type,စာရွက်စာတမ်းကအမျိုးအစား,
Document Type to Track,ခြေရာခံဖို့စာရွက်စာတမ်းအမျိုးအစား,
Document Types,စာရွက်စာတမ်းအမျိုးအစားများ,
Documentation Link,မှတ်တမ်းလင့်,
Documentation URL,မှတ်တမ်း URL,
Domain,ဒိုမိန်း,
Domain Settings,ဒိုမိန်းက Settings,
Domains HTML,domains က HTML,
"Don't HTML Encode HTML tags like &lt;script&gt; or just characters like &lt; or &gt;, as they could be intentionally used in this field","သူတို့ရည်ရွယ်ချက်ရှိရှိဒီလယ်ကွင်းများတွင်အသုံးပြုနိုင်အဖြစ်, &lt;script&gt; သို့မဟုတ်ပဲဇာတ်ကောင်တူ &lt;သို့မဟုတ်&gt; တူမက HTML encoding က HTML tags များလုပ်ပါ",
Don't Override Status,Status ကိုဖျက်ရေးရန်မနေပါနဲ့,
Don't Send Emails,အီးမေးလ်ပို့မနေပါနဲ့,
Donut,ဒိုးနပ်,
Download Backups,ဒေါင်းလုပ်ရန်များ,
Download Template,ဒေါင်းလုပ် Template:,
Dropbox Access Token,Dropbox ကို Access ကိုတိုကင်,
Dropbox Settings,Dropbox ကိုချိန်ညှိ,
Dropdowns,Dropdowns,
Due Date,သတ်မှတ်ချိန်းရက်,
Due Date Based On,ကြောင့်နေ့စွဲတွင် အခြေခံ.,
Duration,ရှည်ကြာခြင်း,
Dynamic Filters,dynamic filter များ,
Dynamic Filters JSON,dynamic filter များ JSON,
Dynamic Filters Section,dynamic filter များပုဒ်မ,
Dynamic Link,dynamic Link ကို,
Dynamic Report Filters,dynamic အစီရင်ခံစာစိစစ်မှုများ,
Dynamic Route,Dynamic လမ်းကြောင်း,
Dynamic Template,dynamic template ကို,
Edit,Edit ကို,
Edit Values,တန်ဖိုးများကိုတည်းဖြတ်ပါ,
Editable Grid,Edit Grid,
Eg. smsgateway.com/api/send_sms.cgi,eg ။ smsgateway.com/api/send_sms.cgi,
Email,အီးမေး,
Email Account,အီးမေးလ်အကောင့်ကို,
Email Account Name,အီးမေးလ်အကောင့်အမည်,
Email Address,အီးမေးလိပ်စာ,
Email Address whose Google Contacts are to be synced.,အဘယ်သူ၏ Google အဆက်အသွယ်တစ်ပြိုင်တည်းချိန်ကိုက်ခံရဖို့ရှိပါတယ် Email လိပ်စာ။,
Email Addresses,အီးမေးလ်လိပ်စာ,
Email Domain,အီးမေးလ်ပို့ရန်ဒိုမိန်း,
Email Flag Queue,အီးမေးလ်ပို့ရန်အလံတန်းစီ,
Email Footer Address,အီးမေးလ် footer လိပ်စာ,
Email Group,အီးမေးလ်အုပ်စု,
Email Group Member,အီးမေးလ် Group မှအဖွဲ့ဝင်,
Email ID,အီးမေးလ်ပို့ရန် ID ကို,
Email IDs,အီးမေးလ် IDS,
Email Id,အီးမေးလ် ID ကို,
Email Inbox,အီးမေးလ်ဝင်ပုံး,
Email Queue,အီးမေးလ်တန်းစီ,
Email Queue Recipient,အီးမေးလ်တန်းစီလက်ခံသူ,
Email Queue records.,အီးမေးလ်တန်းစီမှတ်တမ်းများ။,
Email Reply Help,အီးမေးလ်ပို့ရန်စာပြန်ရန်အကူအညီ,
Email Rule,အီးမေးလ်ပို့ရန်နည်းဥပဒေ,
Email Sent,အီးမေးလ် Sent,
Email Settings,အီးမေးလ် Settings ကို,
Email Signature,အီးမေးလ်ထိုးမြဲလက်မှတ်,
Email Status,အီးမေးလ်ပို့ရန်အခြေအနေ,
Email Sync Option,အီးမေးလ်ပို့ရန် Sync ကို Option ကို,
Email Template,အီးမေးလ်ပို့ရန် Template ကို,
Email To,အီးမေးလ်ကရန်,
Email Unsubscribe,အီးမေးလ် unsubscribe,
Emails will be sent with next possible workflow actions,အီးမေးလ်များကိုလာမယ့်ဖြစ်နိုင်သမျှလုပ်ငန်းအသွားအလာလုပ်ရပ်များနှင့်အတူစေလွှတ်တော်မူလိမ့်မည်,
Enable,Enable,
Enable Auto Reply,မော်တော်ကားစာပြန်ရန် Enable,
Enable Automatic Backup,အလိုအလျောက် Backup ကို Enable,
Enable Automatic Linking in Documents,စာရွက်စာတမ်းများအတွက်အလိုအလျောက်ချိတ်ဆက်ခြင်း Enable,
Enable Comments,မှတ်ချက်များကို Enable,
Enable Email Notifications,အီးမေးလ်သတိပေးချက်များကိုဖွင့်,
Enable Google Indexing,Google Indexing ကိုဖွင့်ပါ,
Enable In App Website Tracking,App ဝဘ်ဆိုက် Tracking တွင် Enable လုပ်ပါ,
Enable Incoming,Incoming Enable,
Enable Onboarding,Onboarding Enable လုပ်ပါ,
Enable Outgoing,အထွက် Enable,
Enable Password Policy,Password ကိုပေါ်လစီ Enable,
Enable Print Server,ပုံနှိပ်ပါဆာဗာ Enable,
Enable Raw Printing,ရော်ပုံနှိပ် Enable,
Enable Scheduled Jobs,Scheduled ဂျော့ Enable,
Enable Security,လုံခြုံရေးဖွင့်,
Enable Social Login,လူမှုဝင်မည် Enable,
Enable Social Sharing,Social Sharing ကိုဖွင့်ပါ,
Enable Two Factor Auth,နှစ်ဦး Factor Auth Enable,
Enabled,Enabled,
End Date,အဆုံးနေ့စွဲ,
End Date Field,အဆုံးနေ့စွဲဖျော်ဖြေမှု,
Endpoint URL,အဆုံးမှတ် URL ကို,
Endpoints,Endpoints,
Ends on,အပေါ်အဆုံးသတ်,
Energy Point,စွမ်းအင်ပွိုင့်,
Energy Point Log,စွမ်းအင်ဝန်ကြီးဌာနပွိုင့် Log in ဝင်ရန်,
Energy Point Rule,စွမ်းအင်ဝန်ကြီးဌာနပွိုင့်စည်းမျဉ်း,
Energy Point Settings,စွမ်းအင်ဝန်ကြီးဌာနပွိုင့်က Settings,
Energy Points,စွမ်းအင်ဝန်ကြီးဌာနအမှတ်,
Enter Form Type,Form တွင် Type ကိုရိုက်ထည့်ပါ,
"Enter default value fields (keys) and values. If you add multiple values for a field, the first one will be picked. These defaults are also used to set ""match"" permission rules. To see list of fields, go to ""Customize Form"".","default value ကိုလယ်ကွက် (သော့) နှင့်တန်ဖိုးများကိုရိုက်ထည့်ပါ။ သင်တစ်ဦးသည်လယ်ပြင်၌အဘို့အမျိုးစုံတန်ဖိုးများကိုပေါင်းထည့်လိုလျှင်, ပထမဦးဆုံးတစျဦးကိုခူးလိမ့်မည်။ ဤရွေ့ကား default အတိုင်းလည်း &quot;ပွဲ&quot; ခွင့်ပြုချက်စည်းမျဉ်းစည်းကမ်းများသတ်မှတ်အသုံးပြုကြသည်။ လယ်ကွင်း၏စာရင်းကိုမြင်မှ &quot;Customize ကို Form တွင်&quot; သွားပါ။",
"Enter static url parameters here (Eg. sender=ERPNext, username=ERPNext, password=1234 etc.)","ဒီနေရာမှာ static နဲ့ url parameters တွေကိုရိုက်ထည့်ပါ (ဥပမာ။ ပေးပို့သူ = ERPNext, အသုံးပြုသူအမည် = ERPNext, စကားဝှက် = 1234 စသည်တို့)",
Enter url parameter for message,မက်ဆေ့ခ်ျကိုသည် url parameter ကိုရိုက်ထည့်,
Enter url parameter for receiver nos,လက်ခံ nos သည် url parameter ကိုရိုက်ထည့်,
Error,အမှား,
Error Log,အမှားပါ,
Error Message,အမှားပြစာ,
Event,အဖြစ်အပျက်,
Event Category,အဖြစ်အပျက် Category:,
Event Participants,အဖြစ်အပျက်ပါဝင်,
Event Type,အဖြစ်အပျက်ကအမျိုးအစား,
Everyone,လူတိုင်းသည်,
"Ex: ""colors"": [""#d1d8dd"", ""#ff5858""]","ဥပမာ: &quot;အရောင်များ&quot;: [&quot;# d1d8dd&quot;, &quot;# ff5858&quot;]",
Example,နမူနာ,
"Example: ""/desk""",ဥပမာ: &quot;/ desk&quot;,
Example: #Tree/Account,ဥပမာ - # သစ်ပင် / အကောင့်,
Example: 00001,ဥပမာ: 00001,
Example: {{ subject }},ဥပမာ: {{ဘာသာရပ်}},
Excel,Excel,
Exception,ချွင်းချက်,
Execute,Execute,
Expert,ကျွမ်းကျင်သူ,
Expiration time,သက်တမ်းကုန်ဆုံးအချိန်,
Expire Notification On,တွင်သတိပေးချက်သက်တမ်းကုန်ဆုံး,
Expired,Expired,
Expires In,ခုနှစ်တွင်သက်တမ်းကုန်ဆုံးမည်,
Expires On,တွင်သက်တမ်းကုန်ဆုံးမည်,
Expiry time of QR Code Image Page,QR Code ကို Image ကို &#39;s Page ၏သက်တမ်းကုန်ဆုံးအချိန်,
Export,ထုတ်ကုန်,
Export From,မှစ. တင်ပို့မှု,
Expose Recipients,လက်ခံသူများဖော်ထုတ်,
"Expression, Optional","expression, မလုပ်မဖြစ်",
Facebook,Facebook က,
Failed,Failed,
FavIcon,FavIcon,
Fax,ဖက်စ်,
Featured,ကဗျာ,
Feedback,တုံ့ပြန်ချက်,
Feedback Request,တုံ့ပြန်ချက်တောင်းဆိုခြင်း,
Fetch From,မှစ. ဆွဲယူ,
Field,လယ်ယာ,
Field Description,လယ်ပြင်၌ဖော်ပြချက်များ,
Field Name,လယ်ပြင်၌အမည်,
Field To Check,Check ရန်ကွင်းဆင်း,
Field Type,field ကအမျိုးအစား,
"Field that represents the Workflow State of the transaction (if field is not present, a new hidden Custom Field will be created)","ထိုအရောင်းအဝယ်၏လုပ်ငန်းအသွားအလာပြည်နယ်ကိုကိုယ်စားပြုကြောင်းလယ်ပြင်၌ (လယ်ပြင်၌ပစ္စုပ္ပန်မဟုတ်ပါလျှင်, အသစ်တခုက hidden Custom Field နေသူများကဖန်တီးလိမ့်မည်)",
Field to Track,ခြေရာခံဖို့ကွင်းဆင်း,
Fieldname,Fieldname,
Fields,လယ်ကွက်,
Fields Multicheck,fields Multicheck,
"Fields separated by comma (,) will be included in the ""Search By"" list of Search dialog box","ကော်မာ (,) ခြားပြီးလယ်ကွက်ရှာဖွေရန်ပေးတဲ့ dialog box ကို၏စာရင်း &quot;အားဖြင့်ရှာရန်&quot; တွင်ထည့်သွင်းလိမ့်မည်",
Fieldtype,Fieldtype,
File,ဖိုင်,
File Backup,file ကို Backup ကို,
File Information,ပြန်ကြားရေး file,
File Name,ဖိုင်နာမည်,
File Size,ဖိုင်အရွယ်အစား,
File Type,ဖိုင်အမျိုးအစား,
File URL,file ကို URL ကို,
Files,files တွေကို,
Filter Data,filter မှာ Data,
Filter List,filter များစာရင်း,
Filter Meta,Meta Filter,
Filter Name,filter အမည်,
Filter Values,filter တန်ဖိုးများ,
Filters,စိစစ်မှုများ,
Filters Configuration,စစ်ထုတ်ခြင်းပြင်ဆင်မှုများ,
Filters Display,စိစစ်မှုများပြရန်,
Filters JSON,စိစစ်မှုများ JSON,
Filters Section,filter များအပိုင်း,
"Filters will be accessible via <code>filters</code>. <br><br>Send output as <code>result = [result]</code>, or for old style <code>data = [columns], [result]</code>","စစ် <code>filters</code> မှတဆင့် <code>filters</code> နိုင်သည်။<br><br> output ကို <code>result = [result]</code> , ဒါမှမဟုတ်အဟောင်းစတိုင် <code>data = [columns], [result]</code> ဘို့ <code>data = [columns], [result]</code>",
Finished,ချော,
First Name,နာမည်,
First Success Message,ပထမဦးစွာအောင်မြင်မှုကို Message,
Flag,အလံ,
Float,မြော,
Float Precision,float Precision,
Fold,ခေါက်,
Folder,Folder ကို,
Font,font,
Font Properties,Font Properties,
Font Size,ဖောင့်အရွယ်အစား,
Fonts,fonts,
Footer,footer,
Footer HTML,footer က HTML,
Footer Items,footer ပစ္စည်းများ,
Footer Logo,Footer Logo,
Footer Template,အောက်ခြေပုံစံ,
Footer Template Values,အောက်ခြေшаблонတန်ဖိုးများ,
Footer will display correctly only in PDF,footer သာ PDF ဖိုင်ရယူရန်အတွက်မှန်ကန်စွာပြသပေးမှာ,
For DocType Link / DocType Action,DocType Link ကို / DocType လှုပ်ရှားမှုသည်,
For Document Event,စာရွက်စာတမ်း Event များအတွက်,
For User,အသုံးပြုသူများအတွက်,
For Value,Value ကိုများအတွက်,
For example: {} Open,ဥပမာအားဖြင့် - {} ဖွင့်ပါ,
"For help see <a href=""https://frappeframework.com/docs/user/en/guides/portal-development/web-forms"" target=""_blank"">Client Script API and Examples</a>","အကူအညီအတွက် <a href=""https://frappeframework.com/docs/user/en/guides/portal-development/web-forms"" target=""_blank"">Client Script API နှင့်ဥပမာ</a> များကိုကြည့်ပါ",
"For more information, <a class=""text-muted"" href=""https://erpnext.com/docs/user/manual/en/setting-up/email/linking-emails-to-document"">click here</a>.","ပိုမိုသိရှိလိုပါက, <a class=""text-muted"" href=""https://erpnext.com/docs/user/manual/en/setting-up/email/linking-emails-to-document"">ဤနေရာကိုကလစ်နှိပ်ပါ</a> ။",
Force,အင်အားစု,
Force Show,အင်အားစု Show ကို,
Force User to Reset Password,Password ကို Reset လုပ်ဖို့အသုံးပြုသူအတင်း,
Form Settings,form ကိုချိန်ညှိမှုများ,
Form URL-Encoded,Form ကို URL ကို-encoding,
Format,format,
Format Data,format အချက်အလက်,
Forward To Email Address,Forward Email လိပ်စာရန်,
Fraction,အစိတ်အပိုင်း,
Fraction Units,အစိတ်အပိုင်းယူနစ်,
Frappe,Frappe,
Frequency,frequency,
Friday,သောကြာနေ့,
From,မှ,
From Date,နေ့စွဲကနေ,
From Date Field,နေ့စွဲ Field မှ,
From Full Name,နာမည်အပြည့်အစုံကနေ,
From User,အသုံးပြုသူမှ,
Full,ပြည့်သော,
Full Name,နာမည်အပြည့်အစုံ,
Full Width,အကျယ်အပြည့်,
Function,function ကို,
GMail,Gmail,
Gantt,Gantt,
Gender,"ကျား, မ",
Generate Keys,သော့ချက်များ Generate,
Geo,Geo,
Geolocation,geolocation,
Get Contacts,ဆက်သွယ်ရန် get,
Get your globally recognized avatar from Gravatar.com,Gravatar.com မှသင့်တကမ္ဘာလုံးအသိအမှတ်ပြု avatar Get,
Git Branch,Git ဘဏ်ခွဲ,
GitHub,GitHub,
Global Search DocType,ကမ္ဘာလုံးဆိုင်ရာရှာရန် DOCTYPE,
Global Search Settings,ကမ္ဘာလုံးဆိုင်ရာရှာရန် Settings များ,
Global Unsubscribe,ကမ္တာ့ unsubscribe,
Go to Page,စာမျက်နှာသို့သွားပါ,
Google,Google က,
Google Analytics Anonymize IP,Google Analytics အမည်ဝှက် IP,
Google Analytics ID,Google Analytics ID ကို,
Google Calendar,Google ကပြက္ခဒိန်,
Google Calendar Event ID,Google ကပြက္ခဒိန်ပွဲစဉ် ID,
Google Calendar ID,Google ကပြက္ခဒိန် ID ကို,
Google Contacts,Google အဆက်အသွယ်,
Google Contacts Id,Google အဆက်အသွယ် Id,
Google Drive,Google Drive ကို,
Google Font,Google ကဖောင့်,
Google Settings,Google ဆက်တင်များ,
Google Snippet Preview,Google Snippet Preview,
Grant Type,Grant ကအမျိုးအစား,
Green,စိမ်းလန်းသော,
Group,အစု,
Group By,အုပ်စုလိုက်,
Group By Based On,အပေါ်အခြေခံပြီးအုပ်စု,
Group By Type,အမျိုးအစားအလိုက်အုပ်စုလိုက်,
Guest,ဧည့်သည်,
HH:mm,နာရီ - မီလီမီတာ,
HH:mm:ss,နာရီ: မီလီမီတာ: စက္ကန့်,
HTML,HTML ကို,
HTML Editor,HTML ကို Editor ကို,
HTML Page,HTML ကို &#39;s Page,
HTML for header section. Optional,header အပိုင်းသည် HTML ကို။ optional,
Half,တဝက်,
Half Yearly,တစ်ဝက်နှစ်အလိုက်,
Half-yearly,half-နှစ်အလိုက်,
Has  Attachment,နှောင်ကြိုးများကိုရှိပါတယ်,
Has Domain,ဒိုမိန်းရှိပါတယ်,
Has Role,အခန်းက္ပရှိပါတယ်,
Has Web View,Web ကိုကြည့်ရန်ရှိပါတယ်,
Header,header,
Header HTML,header က HTML,
Header and Breadcrumbs,Header နှင့် Breadcrumbs,
Headers,headers,
Heading,ဉီးတည်ချက်,
Heatmap,အပူပေးမြေပုံ,
Help,ကူညီကြပါ,
Help Article,အကူအညီအပိုဒ်,
Help Articles,အကူအညီဆောင်းပါးများ,
Help Category,အကူအညီ Category:,
Help Dropdown,Dropdown ကိုကူညီပါ,
Help HTML,HTML ကိုကူညီပါ,
Helvetica,Helvetica,
Hidden,ဝှက်ထား,
Hide,ဖျောက်ထား,
Hide Block,ဖျောက်ရန်,
Hide Border,Border ဖျောက်ထားပါ,
Hide CTA,CTA ဖျောက်ထားပါ,
Hide Copy,Copy ကူးဝှက်,
Hide Custom DocTypes and Reports,စိတ်တိုင်းကျ DocTypes နှင့်အစီရင်ခံစာများကိုဖျောက်ထားပါ,
Hide Days,နေ့များဖျောက်ထားပါ,
Hide Footer Signup,footer signup လုပ်နိုင်ပါသည်ဝှက်,
Hide Login,Login ၀ င်ပါ,
Hide Seconds,စက္ကန့်ဖျောက်ပါ,
Hide Standard Menu,စံ Menu ကိုဖျောက်ထားပါ,
Hide footer in auto email reports,အော်တိုအီးမေးလ်ကအစီရင်ခံစာများတွင်အောက်ခြေ Hide,
High,မြင့်သော,
Higher priority rule will be applied first,ပိုမိုမြင့်မားသောဦးစားပေးစည်းမျဉ်းပထမဦးဆုံးလျှောက်ထားပါလိမ့်မည်,
Highlight,Highlight,
Home,နေအိမ်,
Home Page,Home Page,
Home Settings,မူလစာမျက်နှာ Settings များ,
Hourly,နာရီတိုင်း,
Hourly Long,နာရီကြာရှည်,
Hourly rate limit for generating password reset links,စကားဝှက်ကိုပြန်လည်သတ်မှတ်ထားသောအချိတ်အဆက်များထုတ်လုပ်ရန်အတွက်နာရီအလိုက်နှုန်းကန့်သတ်ချက်ရှိသည်,
"How should this currency be formatted? If not set, will use system defaults",ဒီငွေကြေး format ချရမည်လော ထားမသွားဘူးဆိုရင် system ကို default အတိုင်းအသုံးပြုလိမ့်မည်,
ID (name) of the entity whose property is to be set,အဘယ်သူ၏ပစ္စည်းဥစ္စာပိုင်ဆိုင်မှုသတ်မှတ်ခံရဖို့ဖြစ်ပါတယ် entity ၏ ID ကို (အမည်),
IP Address,IP Address ကို,
Icon,အိုင်ကွန်,
Icon will appear on the button,icon ခလုတ်ကိုပေါ်လာပါလိမ့်မယ်,
Identity Details,အထောက်အထားအသေးစိတ်,
Idx,Idx,
"If Apply Strict User Permission is checked and User Permission is defined for a DocType for a User, then all the documents where value of the link is blank, will not be shown to that User","Apply တင်းကျပ်အသုံးပြုသူခွင့်ပြုချက် check လုပ်ထားသည်နှင့်အသုံးပြုသူတို့၏ခွင့်ပြုချက်တစ်အသုံးပြုသူများအတွက် DOCTYPE များအတွက်သတ်မှတ်ထားသောလျှင်, ထိုလင့်ခ်၏တန်ဖိုးကိုအလွတ်ရှိရာအားလုံးစာရွက်စာတမ်းများ, ထိုအသုံးပြုသူပြလိမ့်မည်မဟုတ်",
If Checked workflow status will not override status in list view,Checked လုပ်ငန်းအသွားအလာအဆင့်အတန်းစာရင်းမြင်ကွင်းထဲမှာ status ကို override မည်မဟုတ်ခဲ့လျှင်,
"If Icon is set, it will be shown instead of Label",Icon ကိုသတ်မှတ်ထားပါက Label အစားပြလိမ့်မည်,
"If checked, all other workflows become inactive.","checked မယ်ဆိုရင်, ရှိသမျှသည်အခြားသော Workflows လှုပျမရှားဖြစ်လာ။",
"If checked, users will not see the Confirm Access dialog.","check လုပ်ထားပါက, အသုံးပြုသူများ Confirm Access ကိုပေးတဲ့ dialog မြင်ရလိမ့်မည်မဟုတ်ပါ။",
"If disabled, this role will be removed from all users.",မသန်စွမ်းလျှင်ဤအခန်းကဏ္ဍအားလုံးအသုံးပြုသူများအနေဖယ်ရှားပါလိမ့်မည်။,
"If enabled,  user can login from any IP Address using Two Factor Auth, this can also be set for all users in System Settings","enabled ဆိုလျှင်, အသုံးပြုသူနှစ်ဦး Factor Auth ကိုအသုံးပြုပြီးမည်သည့် IP Address ကိုကနေ login နိုငျသညျ, ဤသူကိုလည်း System ကိုချိန်ညှိမှုများအားလုံးကိုအသုံးပြုသူများအတွက်သတ်မှတ်နိုင်ပါသည်",
"If enabled, all users can login from any IP Address using Two Factor Auth. This can also be set only for specific user(s) in User Page","enabled ရှိလျှင်, အားလုံးအသုံးပြုသူများသည်နှစ်ဦး Factor Auth ကိုအသုံးပြုပြီးမည်သည့် IP Address ကိုကနေ login နိုင်ပါတယ်။ ဤသည်ကိုလည်းအသုံးပြုသူစာမျက်နှာများတွင်သာသတ်သတ်မှတ်မှတ်အသုံးပြုသူ (s) ကိုအဘို့သတ်မှတ်နိုင်ပါသည်",
"If enabled, changes to the document are tracked and shown in timeline","enabled လျှင်, စာရွက်စာတမ်းမှစသောအပြောင်းအလဲအချိန်ဇယားထဲမှာခြေရာခံများနှင့်ပြသနေကြသည်",
"If enabled, document views are tracked, this can happen multiple times","enabled, စာရွက်စာတမ်းအမြင်များခြေရာခံနေတယ်ဆိုရင်, ဒီအကြိမ်ပေါင်းများစွာဖွစျနိုငျ",
"If enabled, the document is marked as seen, the first time a user opens it","enabled လျှင်, စာရွက်စာတမ်းကိုတှေ့မွငျအဖြစ်မှတ်သားသည်ပထမဦးဆုံးအကြိမ်အသုံးပြုသူတစ်ဦးကဖွင့်လှစ်",
"If enabled, the notification will show up in the notifications dropdown on the top right corner of the navigation bar.",ဖွင့်ထားပါက navigation bar ၏ညာဘက်ထောင့်ရှိ notifications dropdown တွင်ပေါ်လာလိမ့်မည်။,
"If enabled, the password strength will be enforced based on the Minimum Password Score value. A value of 2 being medium strong and 4 being very strong.","enabled လျှင်, စကားဝှက်ကိုတန်ခိုးအစွမ်းသတ္တိဟာနိမ့်ဆုံး Password ကိုရမှတ်တန်ဖိုးကိုအပေါ်အခြေခံပြီးပြဌာန်းပါလိမ့်မည်။ 2 တစ်ဦးကတန်ဖိုးကိုအလတ်စားခိုင်မာတဲ့ဖြစ်ခြင်းနှင့် 4 အလွန်အားကောင်းတဲ့ဖြစ်ခြင်း။",
"If enabled, users who login from Restricted IP Address, won't be prompted for Two Factor Auth","enabled လြှငျ, ကန့်သတ် IP Address ကိုကနေ login သူကိုသုံးစွဲသူများနှစ်ဦး Factor Auth များအတွက်သတိပေးခံရမည်မဟုတ်ပါ",
"If enabled, users will be notified every time they login. If not enabled, users will only be notified once.","enabled လျှင်, အသုံးပြုသူသူတို့ login အခါတိုင်းအကြောင်းကြားပါလိမ့်မည်။ ဖွင့်မလျှင်, အသုံးပြုသူတစ်ခါသာအကြောင်းကြားပါလိမ့်မည်။",
If non standard port (e.g. 587),non standard port (ဥပမာ 587) ဆိုပါက,
"If non standard port (e.g. 587). If on Google Cloud, try port 2525.","non standard port (ဥပမာ 587) လျှင်။ Google Cloud ပေါ်မှာလြှငျ, ဆိပ်ကမ်းကို 2525 ကွိုးစားပါ။",
"If non-standard port (e.g. POP3: 995/110, IMAP: 993/143)","Non-စံဆိပ်ကမ်းကို (995/110, IMAP ကို: 993/143 ဥပမာ POP3) အကယ်.",
"If not set, the currency precision will depend on number format","သတ်မှတ်မထားလျှင်, ငွေကြေးတိကျစွာအရေအတွက်ကိုပုံစံပေါ်တွင်မူတည်ပါလိမ့်မယ်",
"If the user has any role checked, then the user becomes a ""System User"". ""System User"" has access to the desktop","အသုံးပြုသူကို check မဆိုအခန်းကဏ္ဍရှိပါတယ်လျှင်, အသုံးပြုသူတစ်ဦး &quot;System ကိုအသုံးပြုသူတို့၏&quot; ဖြစ်လာသည်။ &quot;စနစ်အသုံးပြုသူက&quot; desktop ပေါ်မှာလက်လှမ်းမီရှိပါတယ်",
If user is the owner,အသုံးပြုသူပိုင်ရှင်ဖြစ်လျှင်,
"If you set this, this Item will come in a drop-down under the selected parent.",သင်သည်ဤသတ်မှတ်ပါကယခု Item drop-down ရွေးချယ်ထားသည့်မိဘအောက်မှာအတွက်လာလိမ့်မည်။,
"If your data is in HTML, please copy paste the exact HTML code with the tags.","သင့်ရဲ့ဒေတာကို HTML မှာဖြစ်ပါတယ်လျှင်, tags များနှင့်အတူအတိအကျကို HTML code ကို paste လုပ်ပါ copy ပါ။",
Ignore User Permissions,အသုံးပြုသူခွင့်ပြုချက် Ignore,
Ignore XSS Filter,XSS Filter ကိုလျစ်လျူရှုပါ,
Ignore attachments over this size,ဒီအရွယ်အစားကျော် attachment များကိုလျစ်လျူရှုပါ,
Ignored Apps,လျစ်လျူရှုထားသောအက်ပလီကေးရှင်းများ,
Image,image,
Image Field,image ကိုဖျော်ဖြေမှု,
Image Link,image ကို Link ကို,
Implicit,သွယ်ဝိုက်,
Import,တင်သွင်း,
Import File,သွင်းကုန်ဖိုင်မှတ်တမ်း,
Import File Errors and Warnings,ဖိုင်အမှားနှင့်သတိပေးချက်များကိုတင်သွင်းပါ,
Import Log,သွင်းကုန်အထဲ,
Import Log Preview,သွင်းကုန် Log in ဝင်ရန် Preview ကို,
Import Preview,သွင်းကုန်ကို Preview,
Import Type,သွင်းကုန်အမျိုးအစား,
Import Warnings,သွင်းကုန်သတိပေးချက်များ,
Import from Google Sheets,Google Sheets မှတင်သွင်းသည်,
In Days,နေ့ရက်များအတွက်,
In Filter,Filter ကိုအတွက်,
In Global Search,ကမ္တာ့ရှာရန်အတွက်,
In List View,List ကိုကြည့်ရန်အတွက်,
In Preview,ကို Preview ခုနှစ်တွင်,
In Reply To,ရန်စာပြန်ရန်အတွက်,
In Standard Filter,စံ Filter ကိုခုနှစ်တွင်,
In points. Default is 9.,ရမှတ်အတွက်။ default 9 ဖြစ်ပါတယ်။,
In seconds,စက္ကန့်အတွင်း,
Inbox,Inbox,
Inbox User,Inbox အသုံးပြုသူ,
Include Search in Top Bar,ထိပ်တန်းဘားများတွင်ရှာရန် Include,
Include Web View Link in Email,အီးမေးလ်ဖြင့်စာရွက်စာတမ်း Web View link ကိုပို့ပါ,
Index,ညွှန်ပြသောအရာ,
Index Web Pages for Search,ရှာဖွေရန်အညွှန်းဝက်ဘ်စာမျက်နှာများ,
Indexing Authorization Code,Indexing Authorization Code ကို,
Indexing Refresh Token,Indexing တိုကင် Refresh,
Indicator,indicator,
Indicator Color,indicator အရောင်,
Info,info,
Initial Sync Count,ကနဦး Sync ကိုအရေအတွက်,
InnoDB,InnoDB,
Insert After,ပြီးနောက် Insert,
Insert New Records,အသစ်သောမှတ်တမ်းများထည့်ပါ,
Insert Style,INSERT ပုံစံ,
Installed Application,ထည့်သွင်းထားသောလျှောက်လွှာ,
Installed Applications,Installed Applications ကို,
Int,int,
Integration Request,ပေါင်းစည်းရေးတောင်းဆိုခြင်း,
Integrations,Integrated,
Integrations can use this field to set email delivery status,ပေါင်းစည်းမှုရဲ့အီးမေးလ်ပေးအပ်ခြင်းအဆင့်အတန်းသတ်မှတ်ဖို့ဒီလယ်ပြင်ကိုသုံးနိုင်သည်,
Interests,စိတ်ဝင်စားမှုများ,
Intermediate,ကြားဖြစ်သော,
Internal record of document shares,စာရွက်စာတမ်းရှယ်ယာ internal စံချိန်တင်,
Introduce your company to the website visitor.,website ကိုဧည့်သည်မှသင့်ကုမ္ပဏီမိတ်ဆက်ပေး။,
Introduction,နိဒါန်း,
Introductory information for the Contact Us Page,ထို Contact Us စာမျက်နှာဖြစ်သည်နိဒါန်းသတင်းအချက်အလက်,
Invalid,မှားနေသော,
Inverse,inverse,
Is Active,Active ဖြစ်ပါတယ်,
Is Attachments Folder,ပူးတွဲဖိုင်များ Folder ကို Is,
Is Billing Contact,ငွေတောင်းခံမှုဖြစ်သည်,
Is Child Table,ကလေးဇယားသည်,
Is Complete,ပြည့်စုံသည်,
Is Completed,Completed ဖြစ်ပါတယ်,
Is Custom Field,Custom Field ဖြစ်ပါတယ်,
Is Default,ပုံမှန်ဖြစ်,
Is Folder,Folder ကို Is,
Is Home Folder,မူလစာမျက်နှာ Folder ကို Is,
Is Mandatory Field,မသင်မနေရဖျော်ဖြေမှုဖြစ်ပါတယ်,
Is Optional State,မလုပ်မဖြစ်နိုင်ငံတော်ဖြစ်ပါသည်,
Is Primary,မူလတန်း Is,
Is Primary Contact,မူလတန်းဆက်သွယ်ရန်ဖြစ်ပါသည်,
Is Primary Mobile,မူလတန်းမိုဘိုင်း Is,
Is Primary Phone,မူလတန်းဖုန်းဖြစ်ပါတယ်,
Is Private,ပုဂ္ဂလိကဖြစ်ပါသည်,
Is Public,အများပြည်သူ,
Is Published Field,ဖျော်ဖြေမှု Published ဖြစ်ပါတယ်,
Is Single,လူပျိုဖြစ်,
Is Skipped,ကျော်သွားသည်,
Is Spam,ပမ် Is,
Is Standard,Standard ဖြစ်ပါသည်,
Is Submittable,Submittable ဖြစ်ပါသည်,
Is Table,စားပွဲတင် Is,
Is Tree,Tree ဖြစ်ပါသည်,
Is Unique,ထူးခြားသည်,
Is Your Company Address,သင့်ရဲ့ကုမ္ပဏီလိပ်စာဖြစ်ပါသည်,
Item Label,ပစ္စည်းတံဆိပ်,
Item Type,ပစ္စည်းအမျိုးအစား,
JS,JS,
JSON,JSON,
JSON Request Body,JSON တောင်းဆိုမှုခန္ဓာကိုယ်,
JavaScript,Javascript ကို,
JavaScript Format: frappe.query_reports['REPORTNAME'] = {},JavaScript ကိုစီစဉ်ဖွဲ့စည်းမှုပုံစံ: frappe.query_reports [&#39;REPORTNAME&#39;] = {},
Javascript,Javascript,
Jinja,Jinja,
Kanban,Kanban,
Kanban Board,Kanban ဘုတ်အဖွဲ့,
Kanban Board Column,Kanban ဘုတ်အဖွဲ့ကော်လံ,
Kanban Board Name,Kanban ဘုတ်အဖွဲ့အမည်,
Keep track of all update feeds,အားလုံး update ကို feeds တွေကိုခြေရာခံသိမ်းဆည်းထားပါ,
Keeps track of all communications,အားလုံးဆက်သွယ်ရေးလမ်းကြောင်းစောင့်ရှောက်,
Key,သော့,
Keyboard Shortcuts,keyboard Shortcuts,
Knowledge Base Contributor,Knowledge Base Contributor,
Knowledge Base Editor,Knowledge Base Editor ကို,
LDAP Email Field,LDAP အီးမေးလ်ဖျော်ဖြေမှု,
LDAP First Name Field,LDAP ပထမအမည်ဖျော်ဖြေမှု,
LDAP Group,LDAP Group မှ,
LDAP Group Field,LDAP Group မှကွင်းဆင်း,
LDAP Group Mapping,LDAP Group မှမြေပုံ,
LDAP Group Mappings,LDAP Group မှမြေပုံချထားပုံများ,
LDAP Last Name Field,LDAP နောက်ဆုံးအမည်ဖျော်ဖြေမှု,
LDAP Middle Name Field,LDAP အလယျပိုငျးအမည်ဖျော်ဖြေမှု,
LDAP Mobile Field,LDAP မိုဘိုင်းဖျော်ဖြေမှု,
LDAP Phone Field,LDAP ဖုန်းဖျော်ဖြေမှု,
LDAP Search String,LDAP ရှာရန့် String,
LDAP Security,LDAP လုံခြုံရေး,
LDAP Server Url,LDAP ဆာဗာ Url ကို,
LDAP Settings,LDAP ချိန်ညှိချက်များ,
LDAP User Creation and Mapping,LDAP အသုံးပြုသူဖန်ဆင်းခြင်းနှင့်ပုံထုတ်ခြင်း,
LDAP Username Field,LDAP အသုံးပြုသူအမည်ဖျော်ဖြေမှု,
Label,ကပ်တံဆိပ်,
Label Help,label အကူအညီ,
Label and Type,Label နှင့် Type,
Landing Page,ဆင်းသက်စာမျက်နှာ,
Language,ဘာသာစကား,
Language Code,ဘာသာစကား Code ကို,
Language Name,ဘာသာစကားအမည်,
Last Active,ပြီးခဲ့သည့် Active ကို,
Last Backup On,တွင်နောက်ဆုံး Backup ကို,
Last Execution,နောက်ဆုံး Execution,
Last IP,နောက်ဆုံး IP ကို,
Last Known Versions,နောက်ဆုံး Known ဗားရှင်း,
Last Login,နောက်ဆုံးဝင်မည်,
Last Month,နောက်ဆုံးလ,
Last Name,မျိုးနွယ်အမည်,
Last Password Reset Date,နောက်ဆုံး Password ကို Reset နေ့စွဲ,
Last Point Allocation Date,နောက်ဆုံးပွိုင့်ခွဲဝေနေ့စွဲ,
Last Quarter,နောက်ဆုံးရပ်ကွက်,
Last Sync On,နောက်ဆုံး Sync ကိုတွင်,
Last Synced On,နောက်ဆုံး Sync တွင်,
Last User,နောက်ဆုံးအသုံးပြုသူ,
Last Week,ပြီးခဲ့သည့်အပတ်က,
Last Year,ပြီးခဲ့သည့်နှစ်က,
Lead Conversion Time,ကူးပြောင်းခြင်းအချိန်ဦးဆောင်လမ်းပြ,
Leaderboard,LEADERBOARD,
Leave blank to repeat always,အမြဲပြန်လုပ်မှအလွတ် Leave,
Ledger,လယ်ဂျာ,
Left,လက်ဝဲဘက်,
Legal,ဥပဒေကြောင်းအရ,
Length,အရှည်,
Letter,စာ,
Letter Head,ပေးစာဌာနမှူး,
Letter Head Based On,ပေးစာဌာနမှူးအခြေပြုတွင်,
Letter Head Image,ပေးစာဌာနမှူးပုံရိပ်,
Letter Head Name,ပေးစာအကြီးအကဲအမည်,
Letter Head in HTML,HTML မှာပေးစာဌာနမှူး,
Level,level,
Level Name,level အမည်,
License,လိုင်စင်,
Light Color,အလင်းအရောင်,
Like,ကြိုက်တယ်,
Likes,အကြိုက်များ,
Limit,ကန့်သတ်,
Limit Number of DB Backups,DB အရံသိမ်းဆည်းခြင်း၏ကန့်သတ်အရေအတွက်,
Line,လိုင်း,
Link,Link,
Link Cards,Link ကဒ်များ,
Link DocType,link ကို DOCTYPE,
Link Document Type,လင့်ခ်စာရွက်စာတမ်းအမျိုးအစား,
Link Fieldname,ကွင်းဆင်းအမည်ချိတ်ဆက်ပါ,
Link Name,link ကိုအမည်,
Link Title,link ခေါင်းစဉ်,
Link To,Link To,
Link to the page you want to open. Leave blank if you want to make it a group parent.,သင်ဖွင့်ချင်တဲ့စာမျက်နှာမှ link ။ သင်ကအုပ်စုတစုမိဘလုပ်လိုလျှင်အလွတ်ချန်ထားပါ။,
Linked,နှင့်ဆက်စပ်,
Linked Documents,ချိတ်ဆက်စာရွက်စာတမ်းများ,
Links,Links များ,
List,စာရင်း,
List Filter,စာရင်း Filter ကို,
List Settings,ချိန်ညှိချက်များစာရင်း,
List View Settings,စာရင်းကြည့်ရန်ချိန်ညှိချက်များ,
"List as [{""label"": _(""Jobs""), ""route"":""jobs""}]","အဖြစ်စာရင်း [{: _ ( &quot;ဂျော့&quot;), &quot;လမ်းကြောင်း&quot;: &quot;တံဆိပ်&quot; &quot;အလုပ်အကိုင်&quot;}]",
List of patches executed,ကွပ်မျက်ခံရပြင်ဆင်ဖာထေးစာရင်း,
Load Balancing,ဝန်ထပ်ဆင့်တင်ခြင်း,
Location,တည်ရှိမှု,
Log,တုံး,
Log Data,log ဒေတာများ,
Log Setting User,အသုံးပြုသူချိန်ညှိခြင်းမှတ်တမ်း,
Log Settings,ချိန်ညှိချက်များကို Log,
Login,လော့ဂ်အင်ဝင်ရန်,
Login After,ပြီးနောက် Login,
Login Before,ခင်မှာ Login,
Login Required,login လိုအပ်ပါသည်,
Logo Width,Logo အကျယ်,
Logout,logout,
Logout All Sessions on Password Reset,Password Reset ရှိ Sessions အားလုံးကို Logout လုပ်ပါ,
Logout From All Devices After Changing Password,စကားဝှက်ကိုပြောင်းလဲပြီးသည့်နောက်ကိရိယာအားလုံးမှထွက်ပါ,
Long Text,Long ကစာသား,
Low,အနိမျ့,
Main Section,အဓိကပုဒ်မ,
Main Section (HTML),အဓိကအပိုင်း (HTML),
Main Section (Markdown),အဓိကအပိုင်း (Markdown),
Maintenance Manager,ပြုပြင်ထိန်းသိမ်းမှု Manager က,
Maintenance User,ပြုပြင်ထိန်းသိမ်းမှုအသုံးပြုသူတို့၏,
"Make ""name"" searchable in Global Search",ကမ္တာ့ရှာရန်အတွက် &quot;အမည်&quot; ရှာဖွေ Make,
Mandatory,အတင်းအကျပ်ဖြစ်သော,
Mandatory Depends On,မဖြစ်မနေမှီခိုသည်,
Map route parameters into form variables. Example <code>/project/&lt;name&gt;</code>,Form ကို variable ကိုသို့လမ်းကြောင်းလမ်းကြောင်း parameters တွေကို။ နမူနာ <code>/project/&lt;name&gt;</code>,
Markdown,Markdown,
Markdown Editor,Markdown Editor ကို,
Marked As Spam,Spam email တွေကိုအမျှမှတ်သား,
Max 500 records at a time,တစ်ကြိမ်မှာ max 500 မှတ်တမ်းများ,
Max Attachment Size (in MB),(ကို MB အတွက်) မက်စ်နှောင်ကြိုး Size ကို,
Max Attachments,max Attachments,
Max Length,မက်စ်ရှည်,
Max Value,မက်စ် Value တစ်ခု,
Maximum,အများဆုံး,
Maximum Number of Fields,Fields အများဆုံးအရေအတွက်,
Maximum Points,အများဆုံးအမှတ်,
Medium,အလယ်အလတ်,
Meeting,အစည်းအဝေး,
Mention,ဖော်ပြခြင်း,
Mentions,ဖျောပွထားသ,
Message,မက်ဆေ့ခ်ျ,
Message (HTML),မက်ဆေ့ခ်ျ (HTML),
Message (Markdown),မက်ဆေ့ခ်ျ (Markdown),
Message Examples,မက်ဆေ့ခ်ျကိုဥပမာများ,
Message ID,ကို Message ID ကို,
Message Parameter,message Parameter,
Message-id,မက်ဆေ့ခ်ျကို-id သည်,
Meta Description,Meta ဖော်ပြချက်,
Meta Image,Meta ပုံ,
Meta Tags,meta Tags:,
Meta Title,meta ခေါင်းစဉ်,
Method,နည်းလမ်း,
Middle Name,အလယ်နာမည်,
Milestone,မှတ်တိုင်,
Milestone Tracker,မှတ်တိုင် Tracker,
Minimum,အနည်းဆုံး,
Minimum Password Score,နိမ့်ဆုံး Password ကိုရမှတ်,
Mobile No,မိုဘိုင်းလ်မရှိပါ,
Module,module,
Module Def,module ဒက်ဖ်,
Module Name,module အမည်,
Module Onboarding,Module Onboarding,
Modules HTML,modules က HTML,
Monday,တနင်္လာနေ့,
Monospace,Monospace,
Monthly,လစဉ်,
Monthly Long,လစဉ်ကြာရှည်,
More Information,More Information ကို,
More content for the bottom of the page.,စာမျက်နှာ၏အောက်ဆုံးပိုအကြောင်းအရာများကို။,
Multiplier Field,မြှောက်ကိန်းဖျော်ဖြေမှု,
Must be a publicly accessible Google Sheets URL,အများမြင်နိုင်သောဂူဂယ်လ်စာရွက်များ URL ဖြစ်ရမည်,
"Must be of type ""Attach Image""",အမျိုးအစားဖြစ်ရမည် &quot;Image ကိုပူးတွဲ&quot;,
Mute Sounds,အသံတိတ်အသံ,
MyISAM,MyISAM ကတော့,
Name,နာမကို,
Naming,အမည်ပေးခြင်း,
Naming Series,စီးရီးအမည်,
Navbar,Navbar,
Navbar Item,Navbar ပစ္စည်း,
Navbar Settings,Navbar ဆက်တင်များ,
Navbar Template,Navbar ပုံစံ,
Navbar Template Values,Navbar template တန်ဖိုးများ,
New,အသစ်,
New Name,နယူးအမည်,
New value to be set,နယူးတန်ဖိုးကိုသတ်မှတ်ခံရဖို့,
Newsletter,သတင်းလွှာ,
Newsletter Email Group,သတင်းလွှာအီးမေးလ်အုပ်စု,
Newsletter Manager,သတင်းလွှာ Manager က,
Next Action Email Template,Next ကိုလှုပ်ရှားမှုအီးမေးလ် Template ကို,
Next Actions HTML,Next ကိုလုပ်ဆောင်ချက်များက HTML,
Next Schedule Date,Next ကိုဇယားနေ့စွဲ,
Next State,Next ကိုပြည်နယ်,
Next Sync Token,Next ကို Sync ကိုတိုကင်,
No,မရှိပါ,
No Copy,အဘယ်သူမျှမမိတ္တူ,
No of Requested SMS,တောင်းဆိုထားသော SMS ၏မရှိပါ,
No of Rows (Max 500),တန်း (မက်စ်ပေါင်း 500) ၏အဘယ်သူမျှမ,
No of Sent SMS,Sent SMS ၏မရှိပါ,
Non Negative,မဟုတ်အနုတ်လက္ခဏာ,
None,အဘယ်သူမျှမ,
Not Sent,Sent မဟုတ်,
Note,မှတ်ချက်,
Note Seen By,မြင်မှတ်ချက်,
Note: By default emails for failed backups are sent.,မှတ်ချက်: ပုံမှန်အားဖြင့်ပျက်ကွက်ရန်သင့်သိမ်းဆည်းချက်တွေကိုများအတွက်အီးမေးလ်များကိုစလှေတျတျောနေကြသည်။,
"Note: For best results,  images must be of the same size and width must be greater than height.",မှတ်ချက်: အကောင်းဆုံးရလဒ်များကိုများအတွက်ပုံရိပ်တွေအတူတူပင်အရွယ်အစားနှင့်အကျယ်၏ဖြစ်ရမည်အမြင့်ထက် သာ. ကြီးမြတ်ဖြစ်ရပါမည်။,
Note: Multiple sessions will be allowed in case of mobile device,မှတ်ချက်: အကွိမျမြားစှာအစည်းအဝေးများမိုဘိုင်း device ကို၏အမှု၌ခွင့်ပြုလိမ့်မည်,
Notification,သတိပေးချက်,
Notification Log,အသိပေးချက်မှတ်တမ်း,
Notification Recipient,သတိပေးချက်လက်ခံသူ,
Notification Settings,အသိပေးချက်ပြင်ဆင်ခြင်းများ,
Notification Subscribed Document,Subscribed စာရွက်စာတမ်းအကြောင်းကြားစာ,
Notifications,အသိပေးချက်များ,
Notifications and bulk mails will be sent from this outgoing server.,အသိပေးချက်များနှင့်အမြောက်အများမေးလ်ဒီထွက်သွားတဲ့ server ကနေပို့လိမ့်မည်။,
Notify Users On Every Login,တိုင်းဝင်မည်တွင်အသုံးပြုသူများအားအသိပေး,
Notify by Email,အီးမေးလ်ဖြင့်အကြောင်းကြားပါ,
Notify by email,အီးမေးလ်ကိုအကြောင်းကြား,
Notify if unreplied,unreplied လျှင်အကြောင်းကြား,
Notify if unreplied for (in mins),unreplied လျှင် (မိနစ်) အတွက်လည်းအကြောင်းကြား,
Notify users with a popup when they log in,"သူတို့အတွက် log အခါ, တစ်ဦးပေါ့ပ်အပ်နှင့်အတူအသုံးပြုသူများအားအသိပေး",
Number Card,နံပါတ်ကဒ်,
Number Card Link,နံပါတ်ကဒ် link,
Number Cards,နံပါတ်ကဒ်များ,
Number Format,နံပါတ်စီစဉ်ဖွဲ့စည်းမှုပုံစံ,
Number of Backups,အရံသိမ်းဆည်းအရေအတွက်,
Number of DB Backups,DB Backups တွေကိုအရေအတွက်,
Number of Groups,အုပ်စုအရေအတွက်,
Number of columns for a field in a Grid (Total Columns in a grid should be less than 11),တစ်ဦး Grid အတွက်လယ်များအတွက်ကော်လံအရေအတွက် (ကဇယားကွက်ထဲမှာစုစုပေါင်း Columns 11 ထက်လျော့နည်းဖြစ်သင့်),
Number of columns for a field in a List View or a Grid (Total Columns should be less than 11),တစ်ဦး List ကိုကြည့်ရန်သို့မဟုတ်တစ် Grid အတွက်လယ်များအတွက်ကော်လံ၏နံပါတ် (စုစုပေါင်းကော်လံများထက်နည်း 11 ဖြစ်သင့်),
OAuth Authorization Code,OAuth ခွင့်ပြုချက် Code ကို,
OAuth Bearer Token,OAuth ဆောင်လုလင်တိုကင်,
OAuth Client,OAuth လိုင်း,
OAuth Client ID,OAuth လိုင်း ID ကို,
OAuth Provider Settings,OAuth ပေးသူက Settings,
OTP App,OTP App ကို,
OTP Issuer Name,OTP ထုတ်ပြန်သူအမည်,
Off,ပိတ်,
Office,ရုံး,
Office 365,Office 365 ကို,
Older backups will be automatically deleted,အဟောင်းတွေ Backup တွေကိုအလိုအလျှောက်ဖျက်ပစ်ပါလိမ့်မည်,
On Hold,ခေတ္တဆိုင်းငံထားသည်,
Onboarding Permission,သင်္ဘောပေါ်ခွင့်ပြုချက်,
Onboarding Step,onboarding အဆင့်,
Onboarding Step Map,အဆင့်မြေပုံ onboarding,
"Once submitted, submittable documents cannot be changed. They can only be Cancelled and Amended.","တင်သွင်းပြီးတာနဲ့တင်ပြသူစာရွက်စာတမ်းများကိုပြောင်းလဲမရပါ။ သူတို့ကသာဖျက်ပါ, ပြင်ဆင်နိုင်ပါသည်။",
Only Allow Edit For,Edit ကိုသည်သာ Allow,
Only Send Records Updated in Last X Hours,နောက်ဆုံး X ကိုနာရီအတွက်နောက်ဆုံးရေးသားချိန် Records ကိုသာပို့ပါ,
Open,ဖွင့်လှစ်,
Open Documents,စာရွက်စာတမ်းများကိုဖွင့်ပါ,
Open Reference Document,ကိုးကားစရာစာရွက်စာတမ်းဖွင့်ပါ,
Open URL in a New Tab,New Tab တွင် URL ထည့်ပါ,
Open a dialog with mandatory fields to create a new record quickly,လျင်မြန်စွာမှတ်တမ်းအသစ်တစ်ခုကိုဖန်တီးရန်မဖြစ်မနေလယ်ကွင်းနဲ့ပေးတဲ့ dialog ကိုဖွင့်,
Opened,ဖွင့်လှစ်,
Operation,စစ်ဆင်ရေး,
Optional: Always send to these ids. Each Email Address on a new row,optional: အမြဲတမ်းသောဤအိုင်ဒီမှပေးပို့ပါ။ အသစ်တစ်ခုကိုတန်းပေါ်အသီးအသီးအီးမေးလ်လိပ်စာ,
Optional: The alert will be sent if this expression is true,optional: ဤစကားရပ်ဟုတ်မှန်သည်ဆိုပါကအဆိုပါသတိပေးချက်ကိုစလှေတျပါလိမ့်မည်,
Options,Options ကို,
Options Help,Options ကိုအကူအညီ,
Orange,လိမ္မော်သီး,
Order,အမိန့်,
Org History,org သမိုင်း,
Org History Heading,org သမိုင်း HEAD,
Other,အခြား,
Outlook.com,Outlook.com,
Output,output,
PDF Page Size,PDF ဖိုင်ရယူရန့်စာမျက်နှာ Size အ,
PDF Settings,PDF ဖိုင်ရယူရန် Settings ကို,
Page,စာမျက်နှာ,
Page Break,စာမျက်နှာ Break,
Page Builder,စာမျက်နှာတည်ဆောက်သူ,
Page Building Blocks,စာမျက်နှာတည်ဆောက်ခြင်း,
Page HTML,စာမျက်နှာက HTML,
Page Name,စာမျက်နှာအမည်,
Page Settings,စာမကျြနှာကိုဆက်တင်,
Parameter,parameter,
Parent Field (Tree),မိဘဖျော်ဖြေမှု (Tree),
Parent Label,မိဘ Label,
Partial Success,တစ်စိတ်တစ်ပိုင်းအောင်မြင်မှု,
Participants,သင်တန်းသားများ,
Passive,မလှုပ်မရှားနေသော,
Password,စကားဝှက်,
Password Reset Link Generation Limit,Password ကို Reset Link ကိုမျိုးဆက်ကန့်သတ်,
Password for Base DN,အခြေစိုက်စခန်း DN ဘို့ Password ကို,
Patch,ဖါ,
Patch Log,patch အထဲ,
Path,path,
Path to CA Certs File,", CA Cert ဖိုင်မှတ်တမ်းမှလမ်းကြောင်းကို",
Path to Server Certificate,ဆာဗာလက်မှတ်မှ path,
Path to private Key File,ပုဂ္ဂလိကကီးဖိုင်မှ path,
Pending,လာမည့်,
Pending Approval,ဆိုင်းငံ့ထားအတည်ပြုချက်,
Pending Verification,ဆိုင်းငံ့အတည်ပြု,
Percent,ရာခိုင်နှုန်း,
Percentage,ရာခိုင်နှုန်း,
Period,ကာလ,
Perm Level,Perm အဆင့်,
Permanent,အမြဲတမ်း,
Permission Level,ခွင့်ပြုချက်အဆင့်,
Permission Rules,ခွင့်ပြုချက်နည်းဥပဒေများ,
Permissions,ခွင့်ပြုချက်,
Permitted Documents For User,အသုံးပြုသူသည်ခွင့်ပြုစာရွက်စာတမ်းများ,
Personal,ပုဂ္ဂိုလ်ရေး,
Personal Data Deletion Request,ပုဂ္ဂိုလ်ရေးဒေတာများကိုပယ်ဖျက်ခြင်းတောင်းဆိုခြင်း,
Personal Data Download Request,ပုဂ္ဂိုလ်ရေးဒေတာများကိုဒေါင်းလုပ်တောင်းဆိုခြင်း,
Phone,Phone များ,
Phone No.,ဖုန်းကိုအမှတ်,
Phone Number,ဖုန်းနံပါတ်,
Pie,ပိုင်,
Pincode,Pincode,
Plant,စက်ရုံ,
Point Allocation Periodicity,point ခွဲဝေ periodic,
Points,ရမှတ်,
Port,ဆိပ်ကမ်း,
Portal Menu,portal Menu ကို,
Portal Menu Item,portal Menu ကို Item,
Portal Settings,Portal ကိုချိန်ညှိ,
Position,ရာထူး,
Postal,စာတိုက်,
Postal Code,စာတိုက်သင်္ကေတ,
Precision,စေ့စပ်သေချာခြင်း,
Preferred Billing Address,ပိုဦးစားပေးသည် Billing လိပ်စာ,
Preferred Shipping Address,ပိုဦးစားပေးသည် Shipping လိပ်စာ,
Prefix,ရှေ့ဆကျတှဲ,
Prepared Report,ပြင်ဆင်ထားအစီရင်ခံစာ,
Prepared Report User,ပြင်ဆင်မှုအစီရင်ခံစာအသုံးပြုသူ,
Preview,ကို Preview,
Preview HTML,ကို Preview HTML ကို,
Preview Message,preview ကို Message,
Previous Hash,ယခင် Hash,
Primary,မူလတန်း,
Primary Color,မူလတန်းအရောင်,
Print,ပုံနှိပ်ပါ,
Print Format,ပုံနှိပ်စီစဉ်ဖွဲ့စည်းမှုပုံစံ,
Print Format Builder,ပုံနှိပ်စီစဉ်ဖွဲ့စည်းမှုပုံစံ Builder,
Print Format Help,ပုံနှိပ်စီစဉ်ဖွဲ့စည်းမှုပုံစံအကူအညီ,
Print Format Type,ပုံနှိပ်စီစဉ်ဖွဲ့စည်းမှုပုံစံကအမျိုးအစား,
Print Hide,ပုံနှိပ်ဖျောက်,
Print Hide If No Value,အဘယ်သူမျှမ Value ကိုဆိုပါက print ကိုဖျောက်,
Print Server,ပုံနှိပ်ပါဆာဗာ,
Print Settings,ပုံနှိပ် Settings ကို,
Print Style,ပုံနှိပ်ပုံစံ,
Print Style Name,ပုံနှိပ်ပါစတိုင်အမည်,
Print Style Preview,ပုံနှိပ်ပုံစံကို Preview,
Print UOM after Quantity,အရေအတွက်အပြီး UOM ကို print ထုတ်ပါ,
Print Width,ပုံနှိပ်အကျယ်,
"Print Width of the field, if the field is a column in a table","လယ်ပြင်၌ဇယားတစ်ခုကော်လံလိုလျှင်, လယ်၌အကျယ် Print",
Print taxes with zero amount,သုညငွေပမာဏနှင့်အတူပုံနှိပ်ပါအခွန်များ,
Print with letterhead,letterhead နှင့်အတူ Print,
Printer Name,ပရင်တာအမည်,
Printing,ပုံနှိပ်ခြင်း,
Priority,ဦးစားပေး,
Private,ကိုယ်ပိုင်,
ProTip: Add <code>Reference: {{ reference_doctype }} {{ reference_name }}</code> to send document reference,ProTip: Add <code>Reference: {{ reference_doctype }} {{ reference_name }}</code> စာရွက်စာတမ်းကိုးကားစေလွှတ်မည်,
Property,အိမ်ခြံမြေ,
Property Depends On,အိမ်ခြံမြေအပေါ်မူတည်သည်,
Property Setter,အိမ်ခြံမြေ Setter,
Property Setter overrides a standard DocType or Field property,အိမ်ခြံမြေ Setter တစ်ဦးစံ DOCTYPE သို့မဟုတ်ကွင်းဆင်းပစ္စည်းဥစ္စာပိုင်ဆိုင်မှုတွေကို override,
Property Type,ပစ္စည်းအမျိုးအစား,
Provider,provider,
Provider Name,provider အမည်,
Public,ပြည်သူ့ကျန်းမာရေး,
Publish,ပုံနှိပ်ထုတ်ဝေ,
Published,Published,
Published On,တွင် Published,
Pull from Google Calendar,Google ကပြက္ခဒိန်ထဲကနေဆွဲထုတ်,
Pull from Google Contacts,Google Contacts မှ Pull,
Pulled from Google Calendar,Google ကပြက္ခဒိန်ထဲကနေဆွဲထုတ်,
Pulled from Google Contacts,Google Contacts မှဆွဲထုတ်,
Purchase Manager,ဝယ်ယူခြင်း Manager က,
Purchase Master Manager,ဝယ်ယူမဟာ Manager က,
Purchase User,ဝယ်ယူအသုံးပြုသူ,
Purple,ခရမ်းရောင်,
Push to Google Calendar,Google ကပြက္ခဒိန်မှ Push,
Push to Google Contacts,Google အဆက်အသွယ်မှ Push,
Quarterly,သုံးလတစ်ကြိမ်,
Query,မေးခွန်း,
Query / Script,Query / Script,
Query Options,query က Options,
Query Report,query အစီရင်ခံစာ,
Queued,Queued,
Quick Entry,လျင်မြန်စွာ Entry &#39;,
RAW Information Log,RAW ပြန်ကြားရေး Log in ဝင်ရန်,
Random,ကျပန်း,
Rating,rating,
Raw Commands,ကုန်ကြမ်း Commands,
Raw Email,ကုန်ကြမ်းအီးမေးလ်,
Raw Printing,ကုန်ကြမ်းပုံနှိပ်,
Read,ဖတ်,
Read Only,သာလျှင် Read,
Read Only Depends On,ဖတ်ရန်ပေါ်မူတည်သည်,
Read Time,အချိန်ကိုဖတ်ပါ,
Read by Recipient,လက်ခံသူများက Read,
Read by Recipient On,တွင်လက်ခံသူများက Read,
Reason,အကွောငျးရငျး,
Received,ရရှိထားသည့်,
Receiver By Document Field,Document Field မှလက်ခံသူ,
Receiver By Role,အခန်းက္ပအားဖြင့် Receiver,
Receiver Parameter,receiver Parameter,
Recipient,လက်လံသူ,
Recipient Unsubscribed,လက်ခံမဲ့သူကို unsubscribe,
Recipients,လက်ခံသူများ,
Recorder,အသံဖမ်း,
Red,နီသော,
Redirect URI Bound To Auth Code,Auth Code ကိုမလွဲမသွေ URI Redirect,
Redirect URIs,သော URIs redirect,
Redirect URL,URL ကို redirect,
Ref DocType,Ref DOCTYPE,
Reference,အညွှန်း,
Reference Date,ကိုးကားစရာနေ့စွဲ,
Reference DocName,ကိုးကားစရာ DOCNAME,
Reference DocType,ကိုးကားစရာ DOCTYPE,
Reference Docname,ကိုးကားစရာ DocName,
Reference Doctype,ကိုးကားစရာ Doctype,
Reference Document,ကိုးကားစရာစာရွက်စာတမ်း,
Reference Document Name,ကိုးကားစရာစာရွက်စာတမ်းအမည်,
Reference Document Type,ကိုးကားစရာ Document ဖိုင် Type အမျိုးအစား,
Reference Name,ကိုးကားစရာအမည်,
Reference Owner,ကိုးကားစရာပိုင်ရှင်,
Reference Report,ကိုးကားစရာအစီရင်ခံစာ,
Reference Type,ကိုးကားစရာ Type,
Reference name,ကိုးကားစရာအမည်,
Referrer,ည,
Refresh Google Sheet,Google Sheet ကို Refresh,
Refresh Token,Refresh တိုကင်,
Rejected,ပယ်ချ,
Relinked,Relinked,
Reload,Reload ကို,
Remember Last Selected Value,နောက်ဆုံး Selected Value ကိုအောကျမေ့,
Reminder,သတိပေးချက်,
Repeat On,တွင် Repeat,
Repeat Till,Repeat မှီတိုငျအောငျ,
Repeat on Day,နေ့တွင် Repeat,
Repeat on Last Day of the Month,လ၏နောက်ဆုံးနေ့တွင် Repeat,
Repeat this Event,ဒီအဖြစ်အပျက် Repeat,
Replied,Replied,
Reply,ပြန်ကြား,
Report,အစီရင်ခံစာ,
Report Builder,အစီရင်ခံစာ Builder,
Report Column,ကော်လံအစီရင်ခံပါ,
Report Description,အစီရင်ခံစာဖော်ပြချက်,
Report Filter,အစီရင်ခံစာ Filter,
Report Filters,အစီရင်ခံစာစိစစ်မှုများ,
Report Hide,အစီရင်ခံစာဖျောက်,
Report Information,ပြန်ကြားရေးတိုင်ကြားရန်,
Report Manager,အစီရင်ခံစာ Manager က,
Report Name,အစီရင်ခံစာအမည်,
Report Reference Doctype,ကိုးကားစရာ Doctype သတင်းပို့ပါ,
Report Type,အစီရင်ခံစာ Type,
Reports,အစီရင်ခံစာများ,
Represents a User in the system.,system ကိုတစ်အသုံးပြုသူကိုကိုယ်စားပြုပါတယ်။,
Represents the states allowed in one document and role assigned to change the state.,ပြည်နယ်ကိုပြောင်းလဲတာဝန်ပေးတယောက်စာရွက်စာတမ်းနှင့်အခန်းကဏ္ဍအတွက်ခွင့်ပြုပြည်နယ်များကိုကိုယ်စားပြုပါတယ်။,
Request Data,တောင်းဆိုမှုမှာ Data,
Request Structure,တောင်းဆိုမှုဖွဲ့စည်းပုံ,
Request URL,တောင်းဆိုမှု URL ကို,
Requested Numbers,တောင်းဆိုထားသော Numbers,
Require Trusted Certificate,အသိမှတ်ပြုလက်မှတ်လိုအပ်,
Reset Password Key,Password ကို Reset Key ကို,
Response,တုံ့ပြန်ချက်,
Response Type,တုန့်ပြန်အမျိုးအစား,
Restored,ပွနျလညျထူထောငျ,
Restrict IP,အိုင်ပီကန့်သတ်,
Restrict To Domain,ဒိုမိန်းစေရန်ကန့်သတ်ရန်,
Restrict to Domain,ဒိုမိန်းစေရန်ကန့်သတ်ရန်,
Restrict user from this IP address only. Multiple IP addresses can be added by separating with commas. Also accepts partial IP addresses like (111.111.111),သာဒီ IP address ကိုကနေအသုံးပြုသူကန့်သတ်။ အကွိမျမြားစှာ IP လိပ်စာများကော်မာနှင့်အတူခွဲထုတ်ခြင်းဖြင့်ဖြည့်စွက်နိုင်ပါသည်။ ဒါ့အပြင် (111.111.111) လိုတစ်စိတ်တစ်ပိုင်း IP လိပ်စာများကိုလက်ခံ,
Retry,ပြန်ကြိုးစားမည်,
Reverse Icon Color,အိုင်ကွန်အရောင် reverse,
Revert,နောက်ပြန်,
Revert Of,၏ယခင်အခြေအနေပြန်သွားရန်,
Reverted,မူလ,
Review,ဆန်းစစ်ခြင်း,
Review Level,ဆန်းစစ်ခြင်းအဆင့်,
Review Levels,ဆန်းစစ်ခြင်း Levels,
Review Points,ဆန်းစစ်ခြင်းအမှတ်,
Revoked,ရုတ်သိမ်း,
Rich Text,ချမ်းသာတဲ့စာသား,
Right,မှန်သော,
Robots.txt,robots.txt,
Role,အခန်းက္ပ,
Role Name,အခန်းက္ပအမည်,
Role Permission for Page and Report,စာမျက်နှာနှင့်အစီရင်ခံစာများအတွက်အခန်းက္ပခွင့်ပြုချက်,
Role Permissions,အခန်းက္ပခွင့်ပြုချက်,
Role Permissions Manager,အခန်းက္ပခွင့်ပြုချက် Manager က,
Role Profile,အခန်းက္ပကိုယ်ရေးဖိုင်,
Role and Level,အခန်းကဏ္ဍနှင့်အဆင့်,
Roles,အခန်းကဏ္ဍ,
Roles Assigned,Assigned အခန်းကဏ္ဍ,
Roles HTML,အခန်းကဏ္ဍက HTML,
Roles Html,အခန်းကဏ္ HTML HTML,
Round Robin,round ရော်ဘင်,
Route,ခရီးစဉ်,
Route History,လမ်းကြောင်းသမိုင်း,
Route Redirects,လမ်းကြောင်းပြန်ညွှန်း,
"Route: Example ""/desk""",လမ်းကြောင်း: ဥပမာ &quot;/ desk&quot;,
Row Index,အတန်းအညွှန်း,
Row Name,အတန်းအမည်,
Rows Added,အတန်း Added,
Rows Removed,ဖယ်ရှားပြီးအတန်း,
Rule,အုပ်ချုပ်,
Rule Conditions,စည်းမျဉ်းစည်းကမ်းများ,
Rule Name,စည်းမျဉ်းအမည်,
Rules defining transition of state in the workflow.,အဆိုပါလုပ်ငန်းအသွားအလာအတွက်ပြည်နယ်၏အကူးအပြောင်း defining နည်းဥပဒေများ။,
"Rules for how states are transitions, like next state and which role is allowed to change state etc.","လာမယ့်ပြည်နယ်နှင့်ရာအခန်းကဏ္ဍပြည်နယ်စသည်တို့ကိုပြောင်းလဲခွင့်ပြုတာဖြစ်ပါတယ်တူပြည်နယ်များ, အသွင်ကူးပြောင်းမှုတွေဟာဘယ်လောက်များအတွက်စည်းမျဉ်းများ",
Rules with higher priority number will be applied first.,ပိုမိုမြင့်မားသော ဦး စားပေးနံပါတ်နှင့်အတူစည်းမျဉ်းစည်းကမ်းတွေကိုပထမ ဦး ဆုံးလျှောက်ထားပါလိမ့်မည်။,
Run Jobs only Daily if Inactive For (Days),မလှုပ်မရှားဖြစ်နေပါက (နေ့များ) သာအလုပ်များကိုနေ့စဉ်နေ့တိုင်းလုပ်ပါ။,
Run scheduled jobs only if checked,စီစဉ်ထားအလုပ်အကိုင်များကို run checked သာလျှင်,
S3 Backup Settings,S3 ကို Backup ကိုချိန်ညှိမှုများ,
S3 Bucket Details,S3 ရေပုံးအသေးစိတ်,
SMS,စာတို,
SMS Gateway URL,SMS ကို Gateway က URL ကို,
SMS Log,SMS ကိုအထဲ,
SMS Parameter,SMS ကို Parameter,
SMS Settings,SMS ကို Settings ကို,
SMTP Settings for outgoing emails,ထွက်သွားတဲ့အီးမေးလ်များ SMTP Settings ကို,
"SQL Conditions. Example: status=""Open""",SQL နှင့်အခြေအနေများ။ ဥပမာ: အဆင့်အတန်း = &quot;ပွင့်လင်း&quot;,
SSL/TLS Mode,SSL / TLS Mode ကို,
Sales Manager,အရောင်းမန်နေဂျာ,
Sales Master Manager,အရောင်းမဟာ Manager က,
Sales User,အရောင်းအသုံးပြုသူတို့၏,
Salesforce,Salesforce,
Salutation,နှုတ်ဆက်,
Sample,နမူနာ,
Saturday,စနေနေ့,
Save,Save ကို,
Scheduled,Scheduled,
Scheduled Job,စီစဉ်ထားယောဘ,
Scheduled Job Log,Scheduled Job Log,
Scheduled Job Type,စီစဉ်ထားအလုပ်အမျိုးအစား,
Scheduled To Send,ပေးပို့ဖို့စီစဉ်ထား,
Scheduler Event,Scheduler ပွဲ,
Scope,scope,
Scopes,မျက်နှာစာများ,
Script,script,
Script Manager,Script Manager,
Script Report,script အစီရင်ခံစာ,
Script Type,script ကအမျိုးအစား,
Script to attach to all web pages.,အားလုံးက်ဘ်ဆိုက်စာမျက်နှာတွေမှာပူးတွဲဇာတ်ညွှန်း။,
Search Fields,ရှာဖွေရန် Fields,
Search Priorities,ဦး စားပေးရှာဖွေပါ,
Section,အပိုင်း,
Section Break,ပုဒ်မ Break,
Security Settings,လုံခြုံရေး settings,
Seen,မြင်ဘူး,
Seen By,အားဖြင့်မြင်ကြ,
Seen By Table,စားပွဲတင်အားဖြင့်မြင်ကြ,
Select,ကိုရွေးပါ,
Select Dashboard,Dashboard ကိုရွေးချယ်ပါ,
Select Date Range,Date Range ကိုရွေးပါ,
Select DocType,DOCTYPE ကိုရွေးပါ,
Select Doctype,DOCTYPE ကို Select လုပ်ပါ,
Select Transaction,Transaction ကိုရွေးပါ,
Select an image of approx width 150px with a transparent background for best results.,အကောင်းဆုံးရလဒ်တစ်ခုပွင့်လင်းနောက်ခံနှင့်အတူခန့်အကျယ် 150px ၏ပုံရိပ်တစ်ခုရွေးပါ။,
Select the label after which you want to insert new field.,သင်အသစ်များသည်လယ်ပြင်၌ထည့်သွင်းရန်လိုသည့်နောက်ပိုင်းတံဆိပ်ကိုရွေးချယ်ပါ။,
Send After,ပြီးနောက် Send,
Send Alert On,သတိပေးချက်တွင် Send,
Send Email Alert,အီးမေးလ်သတိပေးချက်ပို့,
Send Email Print Attachments as PDF (Recommended),PDF ဖိုင်ရယူရန်အဖြစ်အီးမေးလ်ပုံနှိပ်ခဲ့သည် Attachments Send (အကြံပြုထားသည့်),
Send Email for Successful Backup,အောင်မြင်သော Backup ကိုများအတွက်အီးမေးလ်ပို့ပါ,
Send Email for Successful backup,အောင်မြင်သော Backup ကိုများအတွက်အီးမေးလ်ပို့ပါ,
Send Me A Copy of Outgoing Emails,ငါ့ကိုအထွက်အီးမေးလ်များ၏တစ်ဦးက Copy ကူး Send,
Send Notification To,မှအမိန့်ကြော်ငြာစာ Send,
Send Notification to,ရန်သတိပေးချက် Send,
Send Notifications For Documents Followed By Me,ငါ့နောက်မှစာရွက်စာတမ်းများအတွက်အကြောင်းကြားစာများပေးပို့ပါ,
Send Notifications For Email Threads,အီးမေးလ် Threads များအတွက်အသိပေးချက်များပေးပို့ပါ,
Send Notifications To,ရန်အသိပေးချက်များ Send,
Send Print as PDF,PDF ဖိုင်ရယူရန်အဖြစ်ပုံနှိပ် Send,
Send System Notification,စနစ်အသိပေးချက်ကိုပို့ပါ,
Send To All Assignees,တာဝန်ခံအားလုံးကိုပေးပို့ပါ,
Send Unsubscribe Link,စာရင်းဖျက်ရန် Link ကိုပို့ပါ,
Send Welcome Email,ကြိုဆိုပါတယ်အီးမေးလ်ပို့ပါ,
Send alert if date matches this field's value,နေ့စွဲဤနယ်ပယ်တွင်ရဲ့တန်ဖိုးကိုကိုက်ညီလျှင်တပ်လှန် Send,
Send alert if this field's value changes,ဤနယ်ပယ်တွင်ရဲ့တန်ဖိုးကိုအပြောင်းအလဲများလျှင်တပ်လှန် Send,
Send an email reminder in the morning,နံနက်ယံ၌အီးမေးလ်သတိပေး Send,
Send days before or after the reference date,ထိုကိုးကားနေ့စွဲမီသို့မဟုတ်အပြီးရက်ပေါင်း Send,
Send enquiries to this email address,ဒီအီးမေးလ်လိပ်စာမေးမြန်းစုံစမ်းလိုသည်များ Send,
Send only if there is any data,မည်သည့်ဒေတာများရှိလျှင်သာပို့ပါ,
Send unsubscribe message in email,အီးမေးလ်ထဲတွင်ယူမှုကိုဖျက်သတင်းစကားကိုပို့ပါ,
Sender,ပေးပို့သူ,
Sender Email,ပေးပို့သူအီးမေးလ်,
Sender Name,ပေးပို့သူအမည်,
Sendgrid,Sendgrid,
Sending,ပေးပို့ခြင်း,
Sent,ကိုစလှေတျ,
Sent On,တွင် Sent,
Sent Read Receipt,Sent ဖတ်ငွေလက်ခံပြေစာ,
Sent To,ရန်ကိုစလှေတျ,
Sent or Received,ကိုစလှေတျသို့မဟုတ်ရရှိထားသည့်,
Sent/Received Email,Sent / အီးမေးလ်ရရှိထားသည့်,
Separator,Separator,
Sequence Id,နောက်ဆက်တွဲ Id,
Series List for this Transaction,ဒီ Transaction သည်စီးရီးများစာရင်း,
Server Action,ဆာဗာလှုပ်ရှားမှု,
Server IP,ဆာဗာအိုင်ပီ,
Server Script,ဆာဗာ Script,
Service,ဝန်ဆောင်မှု,
Session Default,session ပုံမှန်,
Session Default Settings,session ပုံမှန်ချိန်ညှိမှုများ,
Session Defaults,session Defaults ကို,
Set Banner from Image,ပုံရိပ်ကနေ Banner Set,
"Set Default Options for all charts on this Dashboard (Ex: ""colors"": [""#d1d8dd"", ""#ff5858""])","ဤ Dashboard ပေါ်ရှိဇယားအားလုံးအတွက်စံသတ်မှတ်ချက်များကိုသတ်မှတ်ပါ (ဥပမာ - &quot;colors&quot;: [&quot;# d1d8dd&quot;, &quot;# ff5858&quot;])",
Set New Password,နယူး Password ကို Set,
Set Property After Alert,အချက်ပေးပြီးနောက်အိမ်ခြံမြေ Set,
Set Role For,သည် set အခန်းက္ပ,
Set Value,Set Value တစ်ခု,
Set non-standard precision for a Float or Currency field,တစ် Float သို့မဟုတ်ငွေကြေးစနစ်လယ်ပြင်သည် Non-စံတိ Set,
Settings,Settings ကို,
Settings Dropdown,ချိန်ညှိချက်များ Dropdown,
Settings for Contact Us Page,Contact Us စာမျက်နှာဖြစ်သည် Settings ကို,
Settings for the About Us Page,ထိုအကြောင်း Us စာမျက်နှာဖြစ်သည် Settings ကို,
Setup,ပြငိဆငိခနိး,
Setup Complete,Setup ကို Complete,
Setup Wizard,Setup Wizard,
Share,ဝေစု,
Shared,shared,
Shipping,သင်္ဘောဖြင့်ကုန်ပစ္စည်းပို့ခြင်း,
Shop,ကုန်ဆိုင်,
Short Name,တိုတောင်းသောအမည်,
Shortcuts,shortcuts,
Show Attachments,Show ကိုပူးတွဲပါ,
Show Dashboard,Show ကို Dashboard ကို,
Show Document,Show ကိုစာရွက်စာတမ်း,
Show Failed Logs,မအောင်မြင်သောမှတ်တမ်းများကိုပြပါ,
Show Form Tour,Form Tour ကိုပြပါ,
Show Full Error and Allow Reporting of Issues to the Developer,အပြည့်အဝမှားယွင်းနေသည်ပြရန်နှင့်ရေးသားသူမှကိစ္စများ၏အစီရင်ခံ Allow,
Show Full Form?,ပုံစံအပြည့်ပြသပါ။,
Show Line Breaks after Sections,ကဏ္ဍများပြီးနောက် Show ကိုလိုင်း Break များ,
Show Percentage Stats,ရာခိုင်နှုန်းရာခိုင်နှုန်းပြပါ,
Show Preview Popup,Show ကိုအစမ်းကြည့်ရန်ဝင်းဒိုး,
Show Report,Show ကိုအစီရင်ခံစာ,
Show Section Headings,Show ကိုပုဒ်မခေါင်းစဉ် heading,
Show Sidebar,show ကို Sidebar,
Show Title,Show ကိုခေါင်းစဉ်,
Show as cc,cc အဖြစ်ပြသပါ,
Show full form instead of a quick entry modal,အမြန် entry ကိုပုံစံ၏အစားအပြည့်အဝပုံစံကိုပြပါ,
Show in Module Section,Module Section မှာ Show ကို,
Show in filter,filter ကိုအတွက်ပြရန်,
Show percentage difference according to this time interval,ဒီအချိန်ကြားကာလအရရာခိုင်နှုန်းခြားနားချက်ကိုပြပါ,
"Show title in browser window as ""Prefix - title""",&quot;- ခေါင်းစဉ်ကို prefix&quot; အဖြစ် browser ကိုပြတင်းပေါက်၌ Show ကိုခေါင်းစဉ်,
Sidebar Items,sidebar ပစ္စည်းများ,
Sidebar Settings,sidebar က Settings,
Sidebar and Comments,sidebar နှင့်ထင်မြင်ချက်များ,
Signature,လက်မှတ်,
"Simple Python Expression, Example: Status in (""Closed"", ""Cancelled"")","ရိုးရှင်းသော Python ကိုဖော်ပြမှု, ဥပမာ: ( &quot;ပိတ်ထားသော&quot;, &quot;မှပယ်ဖျက်&quot;) အတွက်အခြေအနေ",
"Simple Python Expression, Example: Status in (""Invalid"")","ရိုးရှင်းသော Python ကိုဖော်ပြမှု, ဥပမာ: ( &quot;မှားနေသော&quot;) အတွက်အခြေအနေ",
"Simple Python Expression, Example: status == 'Open' and type == 'Bug'","ရိုးရှင်းသော Python ကိုဖော်ပြမှု, ဥပမာ: status ကို == &#39;&#39; ပွင့်လင်း &#39;နှင့်အမျိုးအစား ==&#39; &#39;ဘာဂ်&#39; &#39;",
Simultaneous Sessions,တစ်ပြိုင်နက်တည်း Sessions,
Single Types have only one record no tables associated. Values are stored in tabSingles,လူပျိုအမျိုးအစားများကိုမစားပွဲဆက်နွယ်တစ်ခုသာစံချိန်ရှိသည်။ တန်ဖိုးများကို tabSingles ထဲမှာသိမ်းထားပါတယ်,
Skip Authorization,ခွင့်ပြုချက် skip,
Skype,Skype ကို,
Slack,ပျင်းရိ,
Slack Channel,ပျင်းရိ Channel ကို,
Slack Webhook URL,Webhook URL ကိုပိတ်ဆို့တားဆီးစေ,
Slideshow,ဆလိုက်ရှိုး,
Slideshow Items,ဆလိုက်ရှိုးပစ္စည်းများ,
Slideshow Name,ဆလိုက်ရှိုးအမည်,
Slideshow like display for the website,website ကိုသည် display ကိုတူဆလိုက်ရှိုး,
Small Text,အသေးစားစာသား,
Smallest Currency Fraction Value,အသေးဆုံးငွေကြေးစနစ်အပိုင်းအစများ Value ကို,
Smallest circulating fraction unit (coin). For e.g. 1 cent for USD and it should be entered as 0.01,အသေးဆုံးပျံ့နှံ့နေတဲ့အစိတ်အပိုင်းယူနစ် (အကြွေစေ့) ။ အမေရိကန်ဒေါ်လာဘို့ဥပမာ 1 ရာခိုင်နှုန်းအဘို့နှင့်က 0.01 အဖြစ်သို့ ဝင်. ရပါမည်,
Social,လူမှုရေး,
Social Link Settings,လူမှုဆက်သွယ်ရေးဆက်တင်များ,
Social Link Type,Social Link အမျိုးအစား,
Social Login Key,လူမှုဝင်မည် Key ကို,
Social Login Provider,လူမှုဝင်မည်ပေးသူ,
Social Logins,လူမှု login,
Soft-Bounced,soft-ကစားနိုင်ခဲ့ပါတယ်,
Sort Field,Sort ဖျော်ဖြေမှု,
Sort Order,Sort အမိန့်,
Source,အရင်းအမြစ်,
Source Name,source အမည်,
Source Text,source စာသား,
Spam,Spam များကို,
SparkPost,SparkPost,
Standard,စံ,
Standard Sidebar Menu,စံ Sidebar Menu ကို,
Start Date,စတင်သည့်ရက်စွဲ,
Start Date Field,Start ကိုနေ့စွဲဖျော်ဖြေမှု,
Start Time,Start ကိုအချိန်,
StartTLS,STARTTLS,
Started,Started,
Starts on,အပေါ်စတင်,
State,ပြည်နယ်,
State/Province,ပြည်နယ် / ပြည်နယ်,
States,ပွညျထောငျစု,
Static Parameters,static Parameter များကို,
Stats,Stats,
Stats Time Interval,Stats Time Interval,
Status,အဆင့်အတန်း,
Step,အဆင့်,
Steps,အဆင့်များ,
Stopped,ရပ်တန့်,
Stores the JSON of last known versions of various installed apps. It is used to show release notes.,စတိုးဆိုင်အမျိုးမျိုးထည့်သွင်း apps များ၏နောက်ဆုံးသိရဗားရှင်း၏ JSON ။ ဒါဟာလွှတ်ပေးရန်မှတ်စုများကိုပြရာတွင်အသုံးပြုသည်။,
Style,စတိုင်,
Style Settings,စတိုင်က Settings,
"Style represents the button color: Success - Green, Danger - Red, Inverse - Black, Primary - Dark Blue, Info - Light Blue, Warning - Orange","စတိုင်ခလုတ်ကိုအရောင်ကိုကိုယ်စားပြု: အောင်မြင်မှုဆိုတာ - အစိမ်းရောင်, အန္တရာယ် - နီ, Inverse - အနက်ရောင်, မူလတန်း - Dark Blue, Info - အလင်းအပြာရောင်, သတိပေးခြင်း - လိမ္မော်ရောင်",
Stylesheet,မင်္ဂလာပါ,
"Sub-currency. For e.g. ""Cent""",sub-ငွေကြေး။ ဥပမာ &quot;Cent က&quot; အကြောင်းမူကား,
Sub-domain provided by erpnext.com,erpnext.com ကထောက်ပံ့ပေး sub-domain,
Subdomain,subdomain,
Subject,ဘာသာရပ်,
Subject Field,ဘာသာရပ်ဖျော်ဖြေမှု,
Submit,Submit,
Submit After Import,သွင်းကုန်ပြီးနောက် Submit,
Submitted,Submitted,
Subsidiary,ထောက်ခံသောကုမ္ပဏီ,
Subtitle,ခေါင်းစဉ်ကလေး,
Success,အောင်မြင်သည်,
Success Action,အောင်မြင်မှုလှုပ်ရှားမှု,
Success Message,အောင်မြင်မှုဆိုတာ Message,
Success URL,အောင်မြင်မှုဆိုတာ URL ကို,
Sum,ငှေပေါငျး,
Sunday,တနင်္ဂနွေ,
Symbol,အထိမ်းအမှတ်,
Sync,Sync ကို,
Sync with Google Calendar,Google ကပြက္ခဒိန်နှင့်အတူ Sync ကို,
Sync with Google Contacts,Google ကအဆက်အသွယ်များနှင့် Sync ကို,
System,စံနစ်,
System Console,System Console,
System Manager,system Manager က,
System Notification,စနစ်အသိပေးချက်,
System Page,System ကို &#39;s Page,
System Settings,System Settings,
System managers are allowed by default,စနစ်မန်နေဂျာများကိုပုံမှန်အားဖြင့်ခွင့်ပြုသည်,
Table,စားပှဲ,
Table Break,စားပွဲတင်,
Table HTML,စားပွဲတင်က HTML,
Table MultiSelect,စားပွဲတင် MultiSelect,
Tag,Tag,
Tag Link,Tag Link,
Target,Target က,
Tax Category,အခွန်အမျိုးအစား,
Team Members,ရေးအဖွဲ့င်များ,
Team Members Heading,ရေးအဖွဲ့အဖွဲ့ဝင်များဦးတည်,
Template,template,
Template Options,template Options ကို,
Template Warnings,template သတိပေးချက်များ,
Text,စာသား,
Text Align,text align,
Text Color,စာသားအရောင်,
Text Content,စာသားအကြောင်းအရာ,
Text Editor,text Editor ကို,
The name that will appear in Google Calendar,Google ကပြက္ခဒိန်၌ထင်ရှားလတံ့သောအမည်ဖြင့်,
The user from this field will be rewarded points,ဒီလယ်ကွင်းကနေအသုံးပြုသူအချက်များအကျိုးကိုခံရလိမ့်မည်,
The webhook will be triggered if this expression is true,ဤအသုံးအနှုနျးမှန်လျှင် webhook ဖြစ်ပေါ်လိမ့်မည်,
Theme,အကွောငျး,
Theme Configuration,အဓိကအကြောင်းအရာပြင်ဆင်မှု,
Theme URL,theme URL ကို,
These values will be automatically updated in transactions and also will be useful to restrict permissions for this user on transactions containing these values.,ဤရွေ့ကားတန်ဖိုးများကိုအလိုအလျှောက်ငွေကြေးလွှဲပြောင်းမှုမှာ updated လိမ့်မည်စသည်ဤတန်ဖိုးများကိုင်အရောင်းအပေါ်မှာဤအသုံးပြုသူသည်ခွင့်ပြုချက်ကန့်သတ်ဖို့အသုံးဝင်ပါလိမ့်မည်။,
Third Party Authentication,တတိယပါတီ Authentication,
This card will be available to all Users if this is set,ဤကဒ်ကိုအသုံးပြုပါကအသုံးပြုသူများအားလုံးရရှိနိုင်ပါသည်,
This chart will be available to all Users if this is set,ဤသတ်မှတ်ထားပါကဤဇယားကိုအသုံးပြုသူများအားလုံးရရှိနိုင်ပါသည်,
This format is used if country specific format is not found,တိုင်းပြည်တိကျတဲ့ format ကိုမတွေ့ရှိပါကဤ format ကိုအသုံးပြုပါတယ်,
This goes above the slideshow.,ဤအဆလိုက်ရှိုးအထက်တတ်၏။,
This is an example Google SERP Preview.,၎င်းသည်ဥပမာ Google SERP Preview ဖြစ်သည်။,
This is the number of the last created transaction with this prefix,ဤရှေ့ဆက်အတူပြီးခဲ့သည့်နေသူများကဖန်တီးအရောင်းအဝယ်အရေအတွက်သည်,
This will be shown in a modal after routing,၎င်းသည်လမ်းကြောင်းပြီးနောက်ပုံစံကိုပြလိမ့်မည်,
This will be shown to the user in a dialog after routing to the report,၎င်းသည်အစီရင်ခံစာသို့ routing ပြီးနောက် dialog ကိုအသုံးပြုသူအားပြလိမ့်မည်,
Thumbnail URL,thumbnail URL ကို,
Thursday,ကြာသပတေးနေ့,
Time,အချိန်,
Time Format,အချိန်ပုံစံ,
Time Interval,အချိန်ကြားကာလ,
Time Series,အချိန်စီးရီး,
Time Series Based On,အချိန်စီးရီးအခြေပြုတွင်,
Time Zone,အချိန်ဇုန်,
Time Zones,အချိန်ဇုန်,
Time format,အချိန်ပုံစံ,
Time in seconds to retain QR code image on server. Min:<strong>240</strong>,ဆာဗာပေါ်တွင် QR ကုဒ်ကို image ကိုထိန်းသိမ်းထားဖို့စက္ကန့်အတွင်းအချိန်။ min: <strong>240</strong>,
Timeline,timeline ကို,
Timeline DocType,timeline ကို DOCTYPE,
Timeline Field,timeline ကိုဖျော်ဖြေမှု,
Timeline Links,timeline ကို Links များ,
Timeline Name,timeline ကိုအမည်,
Timeseries,Timeseries,
Timespan,Timespan,
Timestamp,Timestamp,
Title,ဘှဲ့,
Title Field,ခေါင်းစဉ်ဖျော်ဖြေမှု,
Title Prefix,ခေါင်းစဉ် prefix,
To,သို့,
To Date,ယနေ့အထိ,
To Date Field,နေ့စွဲကွင်းဆင်းရန်,
To and CC,ရန်နှင့် CC ကို,
"To use Slack Channel, add a <a href=""#List/Slack%20Webhook%20URL/List"">Slack Webhook URL</a>.","Slack Channel ကိုသုံးရန် Slack <a href=""#List/Slack%20Webhook%20URL/List"">Webhook URL ကို</a> ထည့်ပါ။",
ToDo,todo,
Token,တိုကင်,
Top,ထိပ်ဆုံး,
Top Bar Item,ထိပ်ဆုံးဘား Item,
Top Bar Items,ထိပ်ဆုံးဘားပစ္စည်းများ,
Topic,အကွောငျး,
Total Subscribers,စုစုပေါင်း Subscribers,
Total number of emails to sync in initial sync process ,ကနဦးထပ်တူပြုခြင်းဖြစ်စဉ်တွင်တစ်ပြိုင်တည်းချိန်ကိုက်ရန်အီးမေးလ်များစုစုပေါင်းအရေအတွက်,
Traceback,Traceback,
Track Changes,track အပြောင်းအလဲများ,
Track Email Status,track အီးမေးလ်အခြေအနေ,
Track Field,track ဖျော်ဖြေမှု,
Track Seen,Track မွငျ,
Track Views,Views စာကိုခြေရာခံ,
Track milestones for any document,မည်သည့်စာရွက်စာတမ်းအဘို့မှတ်တိုင်ကိုခြေရာခံ,
Transaction Hash,ငွေသွင်းငွေထုတ် Hash,
Transaction Log,ငွေသွင်းငွေထုတ် Log in ဝင်ရန်,
Transaction Log Report,ငွေသွင်းငွေထုတ် Log in ဝင်ရန်အစီရင်ခံစာ,
Transition Rules,အကူးအပြောင်းနည်းဥပဒေများ,
Transitions,အသွင်ကူးပြောင်းမှု,
Translatable,ဘာသာပြန်ချက်,
Translated Text,ဘာသာပြန်ထားသောစာသား,
Translation,ဘာသာပြန်ချက်,
Trash,အသုံးမရသောအရာ,
Tree,သစ်ပင်,
Tree structures are implemented using Nested Set,သစ်ပင်အဆောက်အဦများအသိုက်သတ်မှတ်မည်ကို အသုံးပြု. အကောင်အထည်ဖော်ဆောင်ရွက်နေကြပါတယ်,
Trigger Method,ခလုတ် Method ကို,
"Trigger on valid methods like ""before_insert"", ""after_update"", etc (will depend on the DocType selected)","&quot;before_insert&quot;, &quot;after_update&quot; ကဲ့သို့တရားဝင်နည်းလမ်းများအပေါ်ခလုတ်, etc (ရွေးချယ်ထားသော DOCTYPE အပေါ်မူတည်ပါလိမ့်မယ်)",
Tuesday,အင်္ဂါနေ့,
Two Factor Authentication,နှစ်ဦးက factor authentication,
Two Factor Authentication method,နှစ်ဦးက factor authentication နည်းလမ်း,
Type,ပုံစံ,
UID,UID,
UIDNEXT,UIDNEXT,
UIDVALIDITY,UIDVALIDITY,
UNSEEN,မမွငျရသော,
URL,URL ကို,
URL for documentation or help,စာရွက်စာတမ်းများသို့မဟုတ်အကူအညီအတွက် URL ကို,
URL to go to on clicking the slideshow image,ဆလိုက်ရှိုးပုံကိုနှိပ်ခြင်းသို့သွားရန် URL,
Unassign Condition,တာဝန်ပေးမထားအခြေအနေ,
Unhandled Email,Unhandled အီးမေးလ်,
Unique,ထူးခြားသော,
Unread,မဖတ်ရသေးသော,
Unread Notification Sent,ဖတ်ဖြစ်သောအသိပေးခြင်း Sent,
Unshared,မျှဝေမ,
Unsubscribe Method,စာရင်းဖျက်ရန် Method ကို,
Unsubscribe Param,စာရင်းဖျက်ရန်ရာမီတာများ,
Unsubscribed,unsubscribe,
Update,Update ကို,
Update Existing Records,ဖြစ်တည်မှုမှတ်တမ်းကိုအပ်ဒိတ်လုပ်,
Update Field,Update ကိုဖျော်ဖြေမှု,
Update Series Number,Update ကိုစီးရီးနံပါတ်,
Update Settings,ချိန်ညှိချက်များကို Update လုပ်ပါ,
Update Value,Update ကို Value တစ်ခု,
Updated,Updated,
Uploaded To Dropbox,Dropbox ကိုရန် Uploaded,
Uploaded To Google Drive,Google Drive ကိုရန် Uploaded,
Use % for any non empty value.,မည်သည့်အချည်းနှီးသောတန်ဖိုးမဆို% ကိုသုံးပါ။,
Use ASCII encoding for password,စကားဝှက် ASCII encoding ကကိုသုံးပါ,
Use IMAP,IMAP ထဲကကိုအသုံးပြုပါ,
Use POST,POST ကိုသုံးပါ,
Use Report Chart,အစီရင်ခံစာဇယားကိုအသုံးပြုပါ,
Use SSL,SSL ကိုအသုံးပြုပါ,
Use TLS,TLS ကိုသုံးပါ,
Use this fieldname to generate title,ခေါင်းစဉ်ကို generate ရန်ဤ fieldname ကိုသုံးပါ,
User,အသုံးပြုသူကို,
User ,အသုံးပြုသူကို,
User Agent,အသုံးပြုသူကိုယ်စားလှယ်,
User Cannot Create,အသုံးပြုသူ Create မရပါ,
User Cannot Search,အသုံးပြုသူရှာရန်မရပါ,
User Defaults,အသုံးပြုသူ Defaults ကို,
User Details,အသုံးပြုသူအသေးစိတ်,
User Email,အသုံးပြုသူအီးမေးလ်,
User Emails,အသုံးပြုသူအီးမေးလ်များ,
User Field,အသုံးပြုသူဖျော်ဖြေမှု,
User ID,သုံးစွဲသူအိုင်ဒီ,
User ID Property,အသုံးပြုသူ ID အိမ်ခြံမြေ,
User ID of a Blogger,တစ်ဘလော့ဂါ၏အသုံးပြုသူ ID,
User Id,သုံးစွဲသူအိုင်ဒီ,
User Image,"အသုံးပြုသူသင်ခန်းစာများ,",
User Name,အသုံးပြုသူအမည်,
User Permission,အသုံးပြုသူခွင့်ပြုချက်,
User Profile,အသုံးပြုသူပရိုဖိုင်,
User Social Login,အသုံးပြုသူလူမှုဝင်မည်,
User Tags,အသုံးပြုသူ Tags:,
User Type,အသုံးပြုသူကအမျိုးအစား,
User can login using Email id or Mobile number,အသုံးပြုသူအီးမေးလ်အိုင်ဒီသို့မဟုတ်ဖုန်းနံပါတ်ကိုအသုံးပြုပြီး login နိုင်ပါတယ်,
User can login using Email id or User Name,အသုံးပြုသူအီးမေးလ်အိုင်ဒီသို့မဟုတ်အသုံးပြုသူအမည်ကိုသုံးပြီး login နိုင်ပါတယ်,
User must always select,အသုံးပြုသူအမြဲရွေးချယ်ရမည်,
Username,အသုံးပြုသူအမည်,
Users,အသုံးပြုသူများက,
Users assigned to the reference document will get points.,ရည်ညွှန်းစာရွက်စာတမ်းမှတာဝန်ပေးအပ်အသုံးပြုသူများမှတ်ရလိမ့်မယ်။,
Valid,တရားဝင်သော,
Validate Field,Field ကိုအတည်ပြုပါ,
Validity,တရားဝင်မှု,
Value,တန်ဖိုး,
Value Based On,Value ကိုတွင် အခြေခံ.,
Value Change,Value တစ်ခုပြောင်းရန်,
Value Changed,Value တစ်ခု Changed,
Value To Be Set,Value ကို Set ခံရရန်,
Value from this field will be set as the due date in the ToDo,ဤအကွက်မှတန်ဖိုးကို ToDo တွင်သတ်မှတ်သည့်နေ့ရက်အဖြစ်သတ်မှတ်လိမ့်မည်,
Value to Validate,Validate မှတန်ဖိုး,
Verdana,Verdana,
Verified,မှန်ကန်ကြောင်းအတည်ပြု,
Version,version,
Video URL,ဗီဒီယို URL,
View,ကြည့်ရန်,
View Log,ကြည့်ရန်မှတ်တမ်း,
View Properties (via Customize Form),(Customize ကို Form တွင်ကနေတဆင့်) view Properties ကို,
View Report,အစီရင်ခံစာကြည့်ပါ,
View Settings,ကြည့်ရန်ချိန်ညှိမှုများ,
View Website,view ဝက်ဘ်ဆိုက်,
Viewed By,အားဖြင့် Viewed,
Visit,အလည်အပတ်,
Warehouse,ကုနျလှောငျရုံ,
Warning,သတိပေးခြင်း,
Watch Video,ဗွီဒီယိုကြည့်မည်,
Web Form,Web ကို Form တွင်,
Web Form Field,Web ကို Form တွင်ဖျော်ဖြေမှု,
Web Form Fields,Web ကို Form တွင် Fields,
Web Page,ဝက်ဘ်စာမျက်နှာ,
Web Page Block,ဝက်ဘ်စာမျက်နှာပိတ်ဆို့ခြင်း,
Web Page View,ဝက်ဘ်စာမျက်နှာကြည့်ရန်,
Web Template,Web Template,
Web Template Field,Web Template Field,
Web Template Values,ဝက်ဘ် template ကိုတန်ဖိုးများ,
Web View,Web ကိုကြည့်ရန်,
Webhook,Webhook,
Webhook Data,Webhook ဒေတာများ,
Webhook Header,Webhook Header ကို,
Webhook Headers,Webhook header,
Webhook Request,Webhook တောင်းဆိုခြင်း,
Webhook Secret,Webhook လျှို့ဝှက်ချက်,
Webhook Security,Webhook လုံခြုံရေး,
Webhook Trigger,Webhook အစပျိုး,
Webhook URL,Webhook URL ကို,
Website,website,
Website Analytics,Website Analytics,
Website Manager,website Manager က,
Website Meta Tag,ဝဘ်ဆိုဒ်တွင် Meta Tag ကို,
Website Route Meta,ဝက်ဘ်ဆိုက်လမ်းကြောင်းတွင် Meta,
Website Route Redirect,ဝက်ဘ်ဆိုက်လမ်းကြောင်းပြန်ညွှန်း,
Website Script,website Script ကို,
Website Settings,website Settings ကို,
Website Sidebar,ဝက်ဘ်ဆိုက် Sidebar,
Website Sidebar Item,ဝက်ဘ်ဆိုက် Sidebar Item,
Website Slideshow,website Slideshow,
Website Slideshow Item,website Slideshow Item,
Website Theme,website Theme,
Website Theme Ignore App,ဝဘ်ဆိုက် Theme App ကိုလျစ်လျူရှုပါ,
Website Theme Image,"website Theme သင်ခန်းစာများ,",
Website Theme Image Link,"website Theme သင်ခန်းစာများ, Link ကို",
Wednesday,ဗုဒ္ဓဟူးနေ့,
Weekdays,ကြားရက်များ,
Weekly,ရက်သတ္တပတ်တကြိမ်ဖြစ်သော,
Weekly Long,အပတ်စဉ်အရှည်,
Welcome Email Template,ကြိုဆိုပါတယ်,
"When enabled this will allow guests to upload files to your application, You can enable this if you wish to collect files from user without having them to log in, for example in job applications web form.","ဒီဧည့်သည်များသင့်လျှောက်လွှာဖိုင်များကို upload တင်ခွင့်ပြုပါလိမ့်မယ် enabled အခါသင်အလုပ် applications များကို web form မှာဥပမာအားဖြင့်, လော့ဂ်မှသူတို့ကိုမလိုဘဲအသုံးပြုသူမှဖိုင်များကိုစုဆောင်းရန်ဆန္ဒရှိလျှင်, သင်ကဒီ enable နိုင်ပါတယ်။",
Which view of the associated DocType should this shortcut take you to?,သက်ဆိုင်ရာ DocType ၏မည်သည့်အမြင်ကဤဖြတ်လမ်းကိုသင့်အားယူသင့်သနည်း။,
Width,ကျယ်ဝန်းခြင်း,
Wildcard Filter,Wildcard Filter,
"Will add ""%"" before and after the query",စုံစမ်းမှုမတိုင်မီနှင့်ပြီးနောက် &quot;%&quot; ကိုထည့်ပါလိမ့်မည်,
Will be used in url (usually first name).,url (များသောအားဖြင့်ပထမဦးဆုံးအမည်) အတွက်အသုံးပြုလိမ့်မည်။,
Will run scheduled jobs only once a day for inactive sites. Default 4 days if set to 0.,မလှုပ်မရှားဖြစ်နေသောဆိုဒ်များအတွက်တစ်ရက်လျှင်တစ်ကြိမ်သာအချိန်ဇယားဆွဲထားသည့်အလုပ်များကိုလုပ်လိမ့်မည်။ 0 ထားလျှင်ပုံမှန် 4 ရက်။,
Workflow,အသွားအလာ,
Workflow Action,အသွားအလာလှုပ်ရှားမှု,
Workflow Action Master,အသွားအလာလှုပ်ရှားမှုမဟာ,
Workflow Action Name,အသွားအလာလှုပ်ရှားမှုအမည်,
Workflow Action is not created for optional states,လုပ်ငန်းအသွားအလာလှုပ်ရှားမှု optional ကိုပြည်နယ်များဖန်တီးသည်မဟုတ်,
Workflow Document State,အသွားအလာ Document ဖိုင်ပြည်နယ်,
Workflow Name,အသွားအလာအမည်,
Workflow State,အသွားအလာပြည်နယ်,
Workflow State Field,အသွားအလာပြည်နယ်ကွင်းဆင်း,
Workflow Transition,အသွားအလာေူပာင်းလဲရေး,
Workflow state represents the current state of a document.,အသွားအလာပြည်နယ် document ရဲ့လက်ရှိပြည်နယ်ကိုကိုယ်စားပြုပါတယ်။,
Write,ရေးသား,
X Field,X Field,
XLSX,XLSX,
Y Axis,Y ဝင်ရိုး,
Y Field,Y Field,
Yahoo Mail,ရာဟူးမေးလ်,
Yandex.Mail,Yandex.Mail,
Year,ခုနှစ်,
Yearly,နှစ်အလိုက်,
Yellow,အဝါရောင်,
Yes,ဟုတ်ကဲ့,
Your organization name and address for the email footer.,အီးမေးလ်တစ်ခုထဲက footer သည်သင့်အဖွဲ့အစည်းအမည်နှင့်လိပ်စာ။,
Zero means send records updated at anytime,သုညအချိန်မရွေး updated မှတ်တမ်းများပေးပို့ဆိုလိုတယ်,
_doctype,_doctype,
_report,_report,
adjust,သင့်အောင်လုပ်,
after_insert,after_insert,
align-center,တေ့-စင်တာ,
align-justify,တေ့-ကိုအပြစ်လွတ်,
align-left,တေ့-လက်ဝဲ,
align-right,တေ့ညာ,
arrow-down,မြှား-Down,
arrow-left,မြှား-လက်ဝဲ,
arrow-right,မြှားညာ,
arrow-up,မြှား-up က,
asterisk,ကြယ်မှတ်,
backward,နောက်ပြန်,
ban-circle,ပိတ်ပင်ထားမှု-စက်ဝိုင်း,
barcode,barcode,
bell,ခေါင်းလောင်း,
blue,အပြာ,
bold,ရဲရင့်,
book,စာအုပ်,
bookmark,bookmark,
briefcase,လကျဆှဲအိတျ,
bullhorn,bullhorn,
calendar,ပြက္ခဒိန်,
camera,ကင်မရာက,
certificate,လက်မှတ်,
check,စစ်ဆေးခြင်း,
chevron-down,Chevron-Down,
chevron-left,Chevron-လက်ဝဲ,
chevron-right,Chevron ညာ,
chevron-up,Chevron-up က,
circle-arrow-down,စက်ဝိုင်း-မြှား-Down,
circle-arrow-left,စက်ဝိုင်း-မြှား-လက်ဝဲ,
circle-arrow-right,စက်ဝိုင်း-မြှားညာ,
circle-arrow-up,စက်ဝိုင်း-မြှား-up က,
cog,cog,
comment,မှတ်ချက်,
darkgrey,darkgrey,
dd-mm-yyyy,dd-မီလီမီတာ-yyyy,
dd.mm.yyyy,dd.mm.yyyy,
dd/mm/yyyy,dd / မီလီမီတာ / yyyy,
download,ဒေါင်းလုပ်,
download-alt,"download, alt +",
"e.g. ""Support"", ""Sales"", ""Jerry Yang""","ဥပမာ &quot;ပံ့ပိုးမှု&quot;, &quot;အရောင်း&quot;, &quot;ဂျယ်ရီယန်း&quot;",
e.g. pop.gmail.com / imap.gmail.com,ဥပမာ pop.gmail.com / imap.gmail.com,
e.g. replies@yourcomany.com. All replies will come to this inbox.,ဥပမာ replies@yourcomany.com ။ အားလုံးသည်ပြန်ကြားချက်ဒီ inbox ရဲ့ရောက်လိမ့်မည်။,
e.g. smtp.gmail.com,ဥပမာ smtp.gmail.com,
edit,Edit ကို,
eject,ထွက်စေ,
email,အီးမေးလ်,
envelope,စာအိတ်,
exclamation-sign,"ကြီးတွေ,!-နိမိတ်လက္ခဏာ",
eye-close,မျက်စိ-နီးစပ်,
eye-open,မျက်စိဖွင့်လိုက်ပါ,
facebook,ဖေ့စ်ဘွတ်ခ်,
facetime-video,FaceTime-ဗီဒီယို,
fairlogin,fairlogin,
fast-backward,အစာရှောင်-နောက်ပြန်,
fast-forward,အစာရှောင်-ရှေ့ဆက်,
file,ဖိုင်ကို,
film,ရုပ်ရှင်,
filter,ရေစစ်,
fire,မီး,
flag,အလံ,
folder-close,ဖိုင်တွဲ-နီးစပ်,
folder-open,folder ကိုဖွင့်လိုက်ပါ,
font,font,
forward,ရှေ့သို့,
fullscreen,မျက်နှာပြင်အပြည့်,
gift,ဆုလက်ဆောင်,
glass,ဖန်ခွက်,
globe,အလုံး,
green,အစိမ်း,
hand-down,လက်-Down,
hand-left,လက်-left,
hand-right,လက်ညာ,
hand-up,လက်-up က,
hdd,HDD,
headphones,နားကြပ်,
heart,နှလုံး,
home,အိမ်,
icon,icon,
in minutes,မိနစ်အတွင်း,
inbox,inbox,
indent-left,ကုန်အမှာစာ-လက်ဝဲ,
indent-right,ကုန်အမှာစာညာ,
info-sign,info-နိမိတ်လက္ခဏာ,
italic,italic,
leaf,အရွက်,
link,Link ကို,
linkedin,linkedin,
list,စာရင်း,
list-alt,စာရင်း-alt +,
lock,သော့ခတ်,
magnet,သံလိုက်,
map-marker,မြေပုံ-အမှတ်အသား,
minus,အနှုတ်,
minus-sign,အနုတ်-နိမိတ်လက္ခဏာ,
mm-dd-yyyy,မီလီမီတာ-dd-yyyy,
mm/dd/yyyy,မီလီမီတာ / dd / yyyy,
module,module,
move,လှုပ်ရှား,
music,ဂီတ,
no failed attempts,ကြိုးစားမှုမအောင်မြင်ခဲ့ခြင်းမရှိ,
off,သွား,
ok,အိုကေ,
ok-circle,ok-စက်ဝိုင်း,
ok-sign,ok-နိမိတ်လက္ခဏာ,
old_parent,old_parent,
on_cancel,on_cancel,
on_change,on_change,
on_submit,on_submit,
on_trash,on_trash,
on_update,on_update,
on_update_after_submit,on_update_after_submit,
orange,လိမ္မော်သီး,
page,စာမျက်နှာ,
pause,ခေတ္တရပ်ဆိုင်း,
pencil,ခဲတံ,
picture,ရုပ်ပုံ,
plane,လေယာဉ်,
play,ကစား,
play-circle,ကစား-စက်ဝိုင်း,
plus,အပေါင်း,
plus-sign,အပေါင်း-နိမိတ်လက္ခဏာ,
print,ပုံနှိပ်,
purple,ခရမ်းရောင်နု,
qrcode,qrcode,
query-report,query ကို-အစီရင်ခံစာ,
question-sign,မေးခွန်း-နိမိတ်လက္ခဏာ,
random,အမှတ်မဲ့ဖြစ်သော,
red,အနီေရာင်,
refresh,Refresh,
remove,Remove,
remove-circle,ဖယ်ရှားရန်-စက်ဝိုင်း,
remove-sign,ဖယ်ရှားရန်-နိမိတ်လက္ခဏာ,
repeat,ပြန်ဆို,
resize-full,အရွယ်အစား-အပြည့်အဝ,
resize-horizontal,အရွယ်အစား-ရေပြင်ညီ,
resize-small,အရွယ်အစားသေးငယ်တဲ့-,
resize-vertical,အရွယ်အစား-ဒေါင်လိုက်,
response,တုံ့ပြန်ချက်,
retweet,retweet,
road,လမ်း,
screenshot,screenshot,
search,ရှာဖှေ,
share,ဝေစု,
share-alt,ရှယ်ယာ-alt +,
shopping-cart,စျေးဝယ်တွန်းလှည်း,
signal,အလံပြချက်,
star,ကြယ်,
star-empty,ကြယ်ပွင့်-အချည်းနှီး,
step-backward,ခြေလှမ်း-နောက်ပြန်,
step-forward,ခြေလှမ်း-ရှေ့ဆက်,
stop,ရပ်,
tag,tag,
tags,အမှတ်အသားများ (Tags),
tasks,လုပ်ငန်းတာဝန်များ,
text-height,text-အမြင့်,
text-width,text-width ကို,
th,ကြိမ်မြောက်,
th-large,ကြိမ်မြောက်-ကြီးများ,
th-list,ကြိမ်မြောက်-စာရင်း,
thumbs-down,လက်မ-Down,
thumbs-up,လက်မထောင်ပြခြင်း,
time,အချိန်,
tint,တင့်,
trash,အသုံးမရသောအရာ,
twitter,twitter,
upload,တင်ပါ,
user,အသုံးပြုသူ,
volume-down,volume အ-Down,
volume-off,volume အ-off,
volume-up,volume အ-up က,
warning-sign,သတိပေးချက်ကို-နိမိတ်လက္ခဏာ,
wrench,လိမ်ဖဲ့ခြင်း,
yellow,ဝါသော,
yyyy-mm-dd,yyyy မီလီမီတာ-dd,
zoom-in,zoom ကို-in ပါ,
zoom-out,zoom ကို-ထုတ်,
