"""Company History""","""Bedrijfsgeschiedenis""",
"""Team Members"" or ""Management""","""Teamleden"" of ""Management""",
&lt;head&gt; HTML,&lt;head&gt; HTML,
**Currency** Master,**Valuta** Stam,
0 - Draft; 1 - Submitted; 2 - Cancelled,0 - Ontwerp; 1 - Ingediend; 2 - Geannuleerd,
0 is highest,0 is hoogst,
A list of resources which the Client App will have access to after the user allows it.<br> e.g. project,Een lijst van de middelen die de Client App toegang zal moeten nadat de gebruiker toelaat. <br> bijv project,
A symbol for this currency. For e.g. $,Een symbool voor deze valuta. Voor bijvoorbeeld $,
A4,A4,
ALL,Alle,
API,API,
API Access,API-toegang,
API Endpoint,API-eindpunt,
API Endpoint Args,API-eindpuntargumenten,
API Key,API Key,
API Method,API-methode,
API Secret,API Secret,
ASC,ASC,
About Us Settings,Over Ons Instellingen,
About Us Team Member,Over ons Teamlid,
Access Key ID,Toegang Key ID,
Access Key Secret,Toegang tot sleutelgeheim,
Access Log,Toegangslogboek,
Access Token,Toegang Token,
Access Token URL,Toegang tot token-URL,
Account,Rekening,
Accounts Manager,Rekeningen Beheerder,
Accounts User,Gebruikersaccounts,
Action,Actie,
Action / Route,Actie / route,
Action Timeout (Seconds),Actie-time-out (seconden),
Action Type,actie type,
Actions,Acties,
Active,Actief,
Active Domains,Actieve domeinen,
Activity Log,Activiteitenlogboek,
Add Container,Container toevoegen,
Add Custom Tags,Voeg aangepaste tags toe,
Add Gray Background,Voeg grijze achtergrond toe,
Add Signature,Handtekening toevoegen,
Add Total Row,Voeg Totaal Rij toe,
Add Unsubscribe Link,Voeg afmeldlink,
"Added HTML in the &lt;head&gt; section of the web page, primarily used for website verification and SEO","Toegevoegd HTML in de &lt;head&gt; sectie van de webpagina, voornamelijk gebruikt voor de website van verificatie en SEO",
Additional Permissions,Additionele Machtigingen,
Address,Adres,
Address And Contacts,Adres en contacten,
Address Line 1,Adres Lijn 1,
Address Line 2,Adres Lijn 2,
Address Template,Adres Sjabloon,
Address Title,Adres Titel,
Address Type,Adrestype,
Address and other legal information you may want to put in the footer.,Adres-en andere wettelijke informatie die u wilt zetten in de voettekst.,
Addresses And Contacts,Adressen en Contacten,
Adds a custom field to a DocType,Voegt een aangepast veld toe aan een DocType,
Administrator,Beheerder,
Advanced,Geavanceerd,
Advanced Control,Geavanceerde besturing,
Advanced Settings,Geavanceerde instellingen,
After Cancel,Na annuleren,
After Delete,Na verwijderen,
After Save,Na opslaan,
After Save (Submitted Document),Na opslaan (ingediend document),
After Submit,Na verzenden,
Aggregate Function Based On,Totale functie gebaseerd op,
Alert,Alert,
Align Labels to the Right,Richt Labels naar rechts,
Align Right,Rechts uitlijnen,
All,Allemaal,
All Day,Gehele dag,
Allocated To,Toegewezen aan,
Allot Points To Assigned Users,Wijs punten toe aan toegewezen gebruikers,
Allow,Toestaan,
Allow Auto Repeat,Automatisch herhalen toestaan,
Allow Bulk Edit,Laat Bulk Bewerken toe,
Allow Comments,Laat Reacties,
Allow Consecutive Login Attempts ,Sta opeenvolgende inlogpogingen toe,
Allow Delete,Laat Verwijderen,
Allow Dropbox Access,Laat Dropbox Access,
Allow Guest,Gast toestaan,
Allow Guest to View,Laat Gast te bekijken,
Allow Guests to Upload Files,Sta gasten toe bestanden te uploaden,
Allow Import (via Data Import Tool),Laat Import (via gegevens importeren Tool),
Allow Incomplete Forms,Laat Onvolledig ingevulde formulieren,
Allow Login After Fail,Aanmelden na mislukken toestaan,
Allow Login using Mobile Number,Log in met Mobielnummer,
Allow Login using User Name,Log in met gebruikersnaam,
Allow Modules,Modules toestaan,
Allow Print,laat Print,
Allow Print for Cancelled,Laat Print voor Geannuleerde,
Allow Print for Draft,Laat Print voor Draft,
Allow Read On All Link Options,Lees verder over alle linkopties,
Allow Rename,Laat hernoemen,
Allow Roles,laat Rollen,
Allow Self Approval,Toestaan zelf-goedkeuring,
Allow approval for creator of the document,Sta goedkeuring toe voor maker van het document,
Allow document creation via Email,Sta documentcreatie via e-mail toe,
Allow events in timeline,Laat gebeurtenissen toe in de tijdlijn,
Allow in Quick Entry,Toestaan bij snel invoeren,
Allow on Submit,Laat op Submit,
Allow only one session per user,Laat slechts één sessie per gebruiker,
Allow page break inside tables,Laat pagina-einde in tabellen,
Allow saving if mandatory fields are not filled,Laat het opslaan als verplichte velden niet zijn ingevuld,
Allow user to login only after this hour (0-24),Gebruiker mag alleen inloggen na dit uur (0-24),
Allow user to login only before this hour (0-24),Gebruiker mag alleen inloggen voor dit uur (0-24),
Allowed,Toegestaan,
Allowed In Mentions,Toegestaan in vermeldingen,
"Always add ""Draft"" Heading for printing draft documents",Voeg altijd &quot;Concept&quot; Heading for printing conceptdocumenten,
Amend,Amenderen,
Amended From,Gewijzigd Van,
An icon file with .ico extension. Should be 16 x 16 px. Generated using a favicon generator. [favicon-generator.org],Een icoon bestand met de extensie .ico. Moet 16 x 16 px. Gegenereerd met behulp van een favicon generator. [favicon-generator.org],
Analytics,Analytics,
Annual,jaar-,
Anonymous,Anoniem,
Any string-based printer languages can be used. Writing raw commands requires knowledge of the printer's native language provided by the printer manufacturer. Please refer to the developer manual provided by the printer manufacturer on how to write their native commands. These commands are rendered on the server side using the Jinja Templating Language.,"Elke string-gebaseerde printertalen kunnen worden gebruikt. Het schrijven van onbewerkte opdrachten vereist kennis van de moedertaal van de printer, geleverd door de printerfabrikant. Raadpleeg de ontwikkelaarshandleiding van de printerfabrikant over het schrijven van hun eigen opdrachten. Deze commando&#39;s worden aan de serverzijde weergegeven met behulp van de Jinja Templating Language.",
App,App,
App Access Key,App Access Key,
App Client ID,App Client ID,
App Client Secret,App Client Secret,
App Name,App Naam,
App Secret Key,App Secret Key,
Append Emails to Sent Folder,E-mails toevoegen aan map Verzonden,
Append To,Toevoegen aan,
Applicable For,Toepasselijk voor,
Application Logo,Toepassingslogo,
Application Name,Naam van de toepassing,
Application Version,Applicatie versie,
Applied On,Toegepast op,
Apply Document Permissions,Pas documentmachtigingen toe,
Apply Only Once,Slechts eenmaal toepassen,
Apply Strict User Permissions,Strikte Gebruikersvergunningen toepassen,
Apply To All Document Types,Toepassen op alle documenttypen,
Apply this rule if the User is the Owner,Pas deze regel als de gebruiker met de eigenaar,
Apply this rule only once per document,Pas deze regel slechts eenmaal per document toe,
Appreciation,Waardering,
Archived,Gearchiveerd,
Arial,Arial,
Assign Condition,Toestand toewijzen,
Assign To Users,Toewijzen aan gebruikers,
Assigned,toegewezen,
Assigned By,Toegewezen door,
Assigned By Full Name,In opdracht van volledige naam,
Assignment,toewijzing,
Assignment Completed,opdracht voltooid,
Assignment Days,Opdrachtdagen,
Assignment Rule,Toewijzingsregel,
Assignment Rule Day,Dag van de opdrachtregel,
Assignment Rule User,Toewijzingsregel Gebruiker,
Assignment Rules,Opdrachtregels,
Assignments,opdrachten,
Attach,Hechten,
Attach Image,Bevestig Afbeelding,
Attach Print,Bevestig Print,
Attached File,Bijgevoegd bestand,
Attached To DocType,Bijlage Aan DocType,
Attached To Field,Bijgevoegd aan veld,
Attached To Name,Gehecht Aan Naam,
Attachment,Gehechtheid,
Attachment Limit (MB),Attachment Limit (MB),
Attachment Link,Bijlage Link,
Attachment Removed,Attachment verwijderd,
Attachments,Toebehoren,
Auth URL Data,Auth URL-gegevens,
Authentication,authenticatie,
Author,Auteur,
Authorization Code,Authorisatie Code,
Authorize API Indexing  Access,Autoriseer API Indexing Access,
Authorize Google Calendar Access,Google Agenda-toegang autoriseren,
Authorize Google Contacts Access,Autoriseer Google Contacten Toegang,
Authorize Google Drive Access,Autoriseer Google Drive Access,
Authorize URL,Autoriseer URL,
Authorized,geautoriseerde,
Auto,Auto,
Auto Email Report,Auto Email Report,
Auto Name,Auto Naam,
Auto Repeat,Auto herhalen,
Auto Reply Message,Automatisch Antwoord,
Automatically Assign Documents to Users,Wijs automatisch documenten toe aan gebruikers,
Automation,Automatisering,
Avatar,Avatar,
Average,Gemiddelde,
Awaiting Password,In afwachting van wachtwoord,
Awaiting password,In afwachting van Password,
BCC,BCC,
Background Color,Achtergrondkleur,
Background Workers,Achtergrond werknemers,
Backup Details,Back-upgegevens,
Backup Files,Backup bestanden,
Backup Folder ID,Back-upmap-ID,
Backup Folder Name,Naam back-upmap,
Backup Frequency,Backup Frequentie,
Backup public and private files along with the database.,Maak samen met de database een back-up van openbare en privébestanden.,
Backups,Backups,
Banner,Banner,
Banner HTML,Banner HTML,
Banner Image,Banner Afbeelding,
Banner is above the Top Menu Bar.,Banner is boven de top menubalk.,
Bar,Bar,
Barcode,Barcode,
Base Distinguished Name (DN),Base Distinguished Name (DN),
Base URL,Basis-URL,
Based On,Gebaseerd op,
Based on Field,Gebaseerd op veld,
Based on Permissions For User,Op basis van de machtigingen voor de gebruiker,
Basic,Basis,
Before Cancel,Voor annuleren,
Before Delete,Voordat verwijderen,
Before Insert,Voor het invoegen,
Before Save,Voordat u opslaat,
Before Save (Submitted Document),Voor opslaan (verzonden document),
Before Submit,Voordat indienen,
Beginner,Beginner,
Beta,beta,
Billing,Facturering,
Bio,Bio,
Birth Date,Geboortedatum,
Block Module,Block Module,
Block Modules,Block Modules,
Blocked,Geblokkeerd,
Blog Category,Blog Categorie,
Blog Intro,Blog Intro,
Blog Introduction,Blog Inleiding,
Blog Post,Blog Post,
Blog Settings,Blog Instellingen,
Blog Title,Blog Titel,
Blogger,Blogger,
Blue,Blauw,
Bold,Stoutmoedig,
Bot,Bot,
Bottom,Bodem,
Bounced,Gebouncet,
Brand,Merk,
Brand HTML,Merk HTML,
Brand Image,merk Afbeelding,
Breadcrumbs,Broodkruimels,
Browser,Browser,
Browser Version,Browserversie,
Brute Force Security,Brute Force-beveiliging,
Bucket Name,Bucketnaam,
Bulk Update,bulk-update,
Button,Knop,
Button Gradients,Knop verlopen,
Button Rounded Corners,Knoop Afgeronde Hoeken,
Button Shadows,Knopschaduwen,
Bypass Restricted IP Address Check If Two Factor Auth Enabled,Beperkt IP-adres omzeilen Controleer of twee-factorenauthenticatie is ingeschakeld,
Bypass Two Factor Auth for users who login from restricted IP Address,Bypass Two Factor Auth voor gebruikers die zich aanmelden bij een beperkt IP-adres,
Bypass restricted IP Address check If Two Factor Auth Enabled,Bypass beperkte IP-adrescontrole Als twee factoren geactiveerd zijn,
CC,CC,
CSS,CSS,
CSS Class,CSS-klasse,
CSV,CSV,
CTA Label,CTA-label,
CTA URL,CTA-URL,
Calendar,Agenda,
Calendar Name,Kalendernaam,
Calendar View,Kalenderweergave,
Call,Bellen,
Call To Action,Oproep tot actie,
Call To Action URL,Call-to-action-URL,
Callback Message,Terugbelbericht,
Callback Title,Callback-titel,
Campaign,Campagne,
Cancel,Annuleren,
Cancelled,Geannuleerd,
Card,Kaart,
Cards,Kaarten,
Category,Categorie,
Category Description,categorie Omschrijving,
Category Name,Categorienaam,
Center,Centreren,
Chaining Hash,Hash koppelen,
Change Label (via Custom Translation),Label wijzigen (via Custom Translation),
Change Password,Verander wachtwoord,
Channel,Kanaal,
Chart,tabel,
Chart Configuration,Kaartconfiguratie,
Chart Name,Grafieknaam,
Chart Options,Grafiek opties,
Chart Source,Grafiekbron,
Chart Type,Diagramtype,
Charts,Grafieken,
Chat,Chat,
Check,Controleren,
Check this if you want to force the user to select a series before saving. There will be no default if you check this.,Controleer dit als u wilt dwingen de gebruiker om een reeks voor het opslaan te selecteren. Er zal geen standaard zijn als je dit controleren.,
Checking this will hide custom doctypes and reports cards in Links section,"Als u dit aanvinkt, worden aangepaste doctypes en rapportkaarten in de sectie Links verborgen",
Checksum Version,Checksum-versie,
Child Tables are shown as a Grid in other DocTypes,Onderliggende tabellen worden als raster weergegeven in andere DocTypes,
Choose authentication method to be used by all users,Kies de verificatiemethode die door alle gebruikers wordt gebruikt,
City,City,
City/Town,Stad / Plaats,
Clicked,Geklikt,
Client,Klant,
Client Code,Klantcode,
Client Credentials,client geloofsbrieven,
Client ID,klant identificatie,
Client Information,Klanteninformatie,
Client Script,Client Script,
Client Secret,Client Secret,
Client URLs,Client-URL&#39;s,
Close Condition,Conditie sluiten,
Closed,Gesloten,
Code,Code,
Collapsible,Inklapbaar,
Collapsible Depends On,Inklapbaar item hangt af van,
Color,Kleur,
Column Break,Column Break,
Column Name,Kolomnaam,
Columns,columns,
Columns / Fields,Kolommen / velden,
Comment,Commentaar,
Comment By,Reactie door,
Comment Email,Reactie e-mail,
Comment Type,Reactie Type,
Comments and Communications will be associated with this linked document,Commentaren en Communicatie zal geassocieerd worden met dit gekoppelde document,
Commit,Commit,
Communication,Communicatie,
Communication Link,Communicatie Link,
Communication Type,communicatie Type,
Compact Item Print,Compact Item Print,
Company History,Bedrijf Geschiedenis,
Company Introduction,Bedrijf Introductie,
Company Name,Bedrijfsnaam,
Complete,Voltooien,
Completed,Voltooid,
Component,bestanddeel,
Condition,Voorwaarde,
Conditions,Voorwaarden,
Configuration,Configuratie,
Confirmation Email Template,E-mailsjabloon voor bevestiging,
Console,Troosten,
Console Log,Consolelogboek,
Contact,Contact,
Contact Details,Contactgegevens,
Contact Email,Contact E-mail,
Contact Numbers,Telefoonnummers,
Contact Phone,Contact telefoon,
Contact Us Settings,Neem contact met ons op Instellingen,
"Contact options, like ""Sales Query, Support Query"" etc each on a new line or separated by commas.","Contact opties, zoals ""Sales Query, Support Query"" etc. Elk op een nieuwe regel of gescheiden door komma's.",
Contacts,Contacten,
Content,Inhoud,
Content (HTML),Inhoud (HTML),
Content (Markdown),Inhoud (Markdown),
Content Hash,Content Hash,
Content Type,Content Type,
Context,Context,
Context Script,Contextscript,
Contributed,bijgedragen,
Contribution Document Name,Bijdrage Documentnaam,
Contribution Status,Bijdrage status,
Copyright,Copyright,
Core,Kern,
Count,tellen,
Count Filter,Telfilter,
Counter,Teller,
Country,Land,
Country Name,Naam van het land,
County,Provincie,
Create,Creëren,
Create Contacts from Incoming Emails,Maak contacten op basis van inkomende e-mails,
Create Entry,Invoer maken,
Create Log,Maak logboek,
Create and Send Newsletters,Maken en verzenden van nieuwsbrieven,
Created,gemaakt,
Criticism,Kritiek,
Cron,cron,
Cron Format,Cron-indeling,
Currency,Valuta,
Currency Name,Valutanaam,
Currency Precision,Valuta Precisie,
Current,Actueel,
Custom,Aangepast,
Custom Base URL,Aangepaste basis-URL,
Custom CSS,Aangepaste CSS,
Custom Configuration,Aangepaste configuratie,
Custom DocPerm,Custom DocPerm,
Custom Field,Aangepast veld,
Custom Format,Aangepast formaat,
Custom HTML Help,Aangepaste HTML Help,
Custom Menu Items,Aangepaste menu-items,
Custom Options,Aangepaste opties,
Custom Overrides,Aangepaste overschrijvingen,
Custom Report,Aangepast rapport,
Custom Role,Custom Role,
Custom SCSS,Aangepaste SCSS,
Custom Sidebar Menu,Custom Sidebar Menu,
Custom?,Aangepast?,
Customization,Maatwerk,
Customize Form,Aanpassen formulier,
Customize Form Field,Aanpassen formulierveld,
DESC,DESC,
Daily,Dagelijks,
Daily Long,Dagelijks lang,
Danger,Gevaar,
Dark Color,Donkere kleur,
Dashboard,Dashboard,
Dashboard Chart,Dashboardgrafiek,
Dashboard Chart Field,Dashboardgrafiekveld,
Dashboard Chart Link,Link naar dashboarddiagram,
Dashboard Chart Source,Bron van dashboarddiagram,
Dashboard Manager,Dashboardbeheerder,
Dashboard Name,Dashboardnaam,
Dashboard Settings,Dashboard-instellingen,
Dashboards,dashboards,
Data,Data,
Data Export,Gegevens exporteren,
Data Import,Gegevens importeren,
Database Engine,Database Engine,
Date,Datum,
Date Format,Datumnotatie,
Date Range,Datumbereik,
Date and Number Format,Datum en Nummer Formaat,
Datetime,Datetime,
Day,Dag,
Day of Week,Dag van de week,
Days After,Dagen na,
Days Before,Dagen voor,
Days Before or After,Dagen voor of na,
Default,Standaard,
Default Incoming,Standaard Inkomende,
Default Letter Head,Standaard Briefhoofd,
Default Outgoing,Standaard uitgaande,
Default Portal Home,Standaard Portal Home,
Default Print Format,Standaard Print Format,
Default Print Language,Standaard afdruktaal,
Default Redirect URI,Standaard Redirect URI,
Default Role at Time of Signup,Default Rol op het moment van Inschrijven,
Default Sort Field,Standaard sorteerveld,
Default Sort Order,Standaard sorteervolgorde,
Default Value,Standaardwaarde,
"Default: ""Contact Us""",Default: &quot;Contact&quot;,
DefaultValue,Standaardwaarde,
Defaults,Standaardwaarden,
Defines actions on states and the next step and allowed roles.,Definieert acties op staten en de volgende stap en liet rollen.,
Defines workflow states and rules for a document.,Definieert workflow-staten en regels voor een document.,
Delayed,Vertraagd,
Delete,Verwijder,
Deleted,Verwijderd,
Deleted DocType,verwijderde DocType,
Deleted Document,verwijderde Document,
Deleted Name,verwijderde Naam,
Delivery Status,Verzendstatus,
Department,Afdeling,
Dependencies,afhankelijkheden,
Depends On,Hangt af van,
Description,Beschrijving,
"Description for listing page, in plain text, only a couple of lines. (max 200 characters)","Beschrijving voor lijstpagina, in platte tekst, slechts een paar regels. (max 200 karakters)",
Designation,Benaming,
Desk,Bureau,
Desk Access,Desk Access,
Desktop Icon,Bureaubladicoon,
Details,Details,
"Different ""States"" this document can exist in. Like ""Open"", ""Pending Approval"" etc.","Verschillende ""stadia"" waar dit document uit kan bestaan, bijvoorbeeld ""Open"", ""In afwachting van goedkeuring"", enz.",
Digits,Cijfers,
Disable Auto Refresh,Schakel Auto Refresh uit,
Disable Comments,Schakel opmerkingen uit,
Disable Count,Schakel graaf uit,
Disable SMTP server authentication,SMTP-serververificatie uitschakelen,
Disable Sidebar Stats,Schakel zijbalkstatistieken uit,
Disable Signup,Uitschakelen Inschrijven,
Disable Standard Email Footer,Uitschakelen Standard Email Footer,
Disabled,Uitgeschakeld,
Display,tonen,
Display Depends On,Weergave is afhankelijk van,
Doc Event,Doc Event,
Doc Events,Doc Events,
Doc Status,Doc Status,
DocField,DocField,
DocPerm,DocPerm,
DocShare,DocShare,
DocType,DocType,
DocType Action,DocType-actie,
DocType Event,DocType-evenement,
DocType Link,DocType Link,
DocType View,DocType-weergave,
DocType is a Table / Form in the application.,DocType is een tabel / formulier in de applicatie.,
DocType on which this Workflow is applicable.,DocType waarop deze Workflow van toepassing is.,
Doctype,Doctype,
Document,Document,
Document Actions,Documentacties,
Document Follow,Document volgen,
Document Link,Documentlink,
Document Links,Documentkoppelingen,
Document Name,Documentnaam,
Document Naming Rule,Regel voor de naamgeving van documenten,
Document Naming Rule Condition,Voorwaarde voor regel voor naamgeving van documenten,
Document Share,Document delen,
Document Share Report,Document Delen Report,
Document States,Document Staten,
Document Tag,Document-tag,
Document Title,Document titel,
Document Type,Soort document,
Document Type to Track,Te volgen documenttype,
Document Types,Document Types,
Documentation Link,Documentatielink,
Documentation URL,Documentatie-URL,
Domain,Domein,
Domain Settings,Domeininstellingen,
Domains HTML,Domeinen HTML,
"Don't HTML Encode HTML tags like &lt;script&gt; or just characters like &lt; or &gt;, as they could be intentionally used in this field","Doe geen HTML coderen HTML-tags zoals &lt;script&gt; of gewoon tekens zoals &lt;en&gt;, omdat ze bewust kunnen worden gebruikt in dit gebied",
Don't Override Status,Niet overschrijven Status,
Don't Send Emails,Stuur geen e-mails,
Donut,Donut,
Download Backups,Download Backups,
Download Template,Download Template,
Dropbox Access Token,Dropbox Access Token,
Dropbox Settings,Dropbox-instellingen,
Dropdowns,Dropdown-menu&#39;s,
Due Date,Vervaldatum,
Due Date Based On,Vervaldatum op basis van,
Duration,Looptijd,
Dynamic Filters,Dynamische filters,
Dynamic Filters JSON,Dynamische filters JSON,
Dynamic Filters Section,Dynamische filters sectie,
Dynamic Link,Dynamische Link,
Dynamic Report Filters,Dynamische rapportfilters,
Dynamic Route,dynamische route,
Dynamic Template,Dynamische sjabloon,
Edit,Bewerk,
Edit Values,Waarden bewerken,
Editable Grid,bewerkbare Grid,
Eg. smsgateway.com/api/send_sms.cgi,Bijv. smsgateway.com / api / send_sms.cgi,
Email,E-mail,
Email Account,E-mail account,
Email Account Name,E-mail Account Naam,
Email Address,E-mailadres,
Email Address whose Google Contacts are to be synced.,E-mailadres waarvan Google-contacten moeten worden gesynchroniseerd.,
Email Addresses,E-mailadressen,
Email Domain,email Domain,
Email Flag Queue,E-mail Flag Queue,
Email Footer Address,Email Footer Adres,
Email Group,E-mail Group,
Email Group Member,E-mail Groepslid,
Email ID,E-mail identiteit,
Email IDs,E-mail Ids,
Email Id,E-mail-ID,
Email Inbox,Email Inbox,
Email Queue,E-mail Queue,
Email Queue Recipient,E-mail wachtrij Ontvanger,
Email Queue records.,E-mail Queue verslagen.,
Email Reply Help,Email Reply Help,
Email Rule,E-mail Rule,
Email Sent,E-mail verzonden,
Email Settings,E-mail Instellingen,
Email Signature,E-mail Handtekening,
Email Status,E-mail Status,
Email Sync Option,E-mail Sync Option,
Email Template,Email sjabloon,
Email To,Email naar,
Email Unsubscribe,E-mail Afmelden,
Emails will be sent with next possible workflow actions,E-mails worden verzonden met de volgende mogelijke workflow-acties,
Enable,in staat stellen,
Enable Auto Reply,Inschakelen Automatisch Antwoord,
Enable Automatic Backup,Schakel Automatische back-up in,
Enable Automatic Linking in Documents,Schakel automatisch koppelen in documenten in,
Enable Comments,Inschakelen Reacties,
Enable Email Notifications,E-mailmeldingen inschakelen,
Enable Google Indexing,Schakel Google Indexing in,
Enable In App Website Tracking,In-app-website volgen inschakelen,
Enable Incoming,Inschakelen Binnenkomend,
Enable Onboarding,Schakel onboarding in,
Enable Outgoing,Inschakelen Uitgaand,
Enable Password Policy,Wachtwoordbeleid inschakelen,
Enable Print Server,Schakel afdrukserver in,
Enable Raw Printing,Schakel Raw Printing in,
Enable Scheduled Jobs,Inschakelen Geplande Jobs,
Enable Security,Schakel beveiliging in,
Enable Social Login,Schakel sociale login in,
Enable Social Sharing,Schakel sociaal delen in,
Enable Two Factor Auth,Schakel twee factoren automatisch in,
Enabled,Ingeschakeld,
End Date,Einddatum,
End Date Field,Einddatum veld,
Endpoint URL,Eindpunt-URL,
Endpoints,Eindpunten,
Ends on,Eindigt op,
Energy Point,Energiepunt,
Energy Point Log,Energiepuntlogboek,
Energy Point Rule,Energiepuntregel,
Energy Point Settings,Instellingen energiepunt,
Energy Points,Energiepunten,
Enter Form Type,Voer Form Type in,
"Enter default value fields (keys) and values. If you add multiple values for a field, the first one will be picked. These defaults are also used to set ""match"" permission rules. To see list of fields, go to ""Customize Form"".","Voer standaardwaarde velden (toetsen) en waarden. Als u meerdere waarden toe te voegen voor een veld, zal de eerste worden opgepikt. Deze standaardwaarden worden ook gebruikt om &quot;match&quot; toestemming regels te stellen. Om lijst met velden te zien, ga naar &quot;Customize Form&quot;.",
"Enter static url parameters here (Eg. sender=ERPNext, username=ERPNext, password=1234 etc.)","Voer statische url parameters hier in (bijv. afzender=ERPNext, username = ERPNext, wachtwoord = 1234 enz.)",
Enter url parameter for message,Voer URL-parameter voor bericht in,
Enter url parameter for receiver nos,Voer URL-parameter voor de ontvanger nos,
Error,Fout,
Error Log,Error log,
Error Message,Foutmelding,
Event,Evenement,
Event Category,Evenement Categorie,
Event Participants,Deelnemers aan het evenement,
Event Type,Gebeurtenis Type,
Everyone,Iedereen,
"Ex: ""colors"": [""#d1d8dd"", ""#ff5858""]","Voorbeeld: &quot;kleuren&quot;: [&quot;# d1d8dd&quot;, &quot;# ff5858&quot;]",
Example,Voorbeeld,
"Example: ""/desk""",Voorbeeld: &quot;/ desk&quot;,
Example: #Tree/Account,Voorbeeld: # Tree / Account,
Example: 00001,Voorbeeld: 00001,
Example: {{ subject }},Voorbeeld: {{subject}},
Excel,uitmunten,
Exception,Uitzondering,
Execute,Uitvoeren,
Expert,Deskundige,
Expiration time,vervaltijd,
Expire Notification On,Verlopen Notification On,
Expired,Verlopen,
Expires In,Verloopt in,
Expires On,Verloopt op,
Expiry time of QR Code Image Page,Vervaldatum van QR Code Image Page,
Export,Exporteren,
Export From,Exporteren van,
Expose Recipients,Expose Ontvangers,
"Expression, Optional","Uitdrukking, Optioneel",
Facebook,Facebook,
Failed,Gefaald,
FavIcon,FavIcon,
Fax,Fax,
Featured,Uitgelicht,
Feedback,Terugkoppeling,
Feedback Request,Terugkoppeling Request,
Fetch From,Ophalen van,
Field,Veld,
Field Description,Veld Omschrijving,
Field Name,Veldnaam,
Field To Check,Te controleren veld,
Field Type,Veldtype,
"Field that represents the Workflow State of the transaction (if field is not present, a new hidden Custom Field will be created)","Veld dat de workflow-status van de transactie vertegenwoordigt (indien veld niet aanwezig is, een nieuwe verborgen Aangepast veld wordt aangemaakt)",
Field to Track,Veld om te volgen,
Fieldname,Veldnaam,
Fields,Velden,
Fields Multicheck,Velden Multicheck,
"Fields separated by comma (,) will be included in the ""Search By"" list of Search dialog box","Velden gescheiden door een komma (,) zal worden opgenomen in de &quot;Zoek Per&quot; lijst van Search dialoogvenster",
Fieldtype,Veldtype,
File,het dossier,
File Backup,Bestandsback-up,
File Information,Bestandsinformatie,
File Name,Bestandsnaam,
File Size,Bestandsgrootte,
File Type,Bestandstype,
File URL,File-URL,
Files,bestanden,
Filter Data,Filter data,
Filter List,Filterlijst,
Filter Meta,Filter Meta,
Filter Name,Naam filteren,
Filter Values,Filterwaarden,
Filters,Filters,
Filters Configuration,Filters Configuratie,
Filters Display,filters weergeven,
Filters JSON,Filters JSON,
Filters Section,Filters Sectie,
"Filters will be accessible via <code>filters</code>. <br><br>Send output as <code>result = [result]</code>, or for old style <code>data = [columns], [result]</code>","Filters zijn toegankelijk via <code>filters</code> .<br><br> Stuur uitvoer als <code>result = [result]</code> , of voor oude stijl <code>data = [columns], [result]</code>",
Finished,Afgewerkt,
First Name,Voornaam,
First Success Message,Eerste succesbericht,
Flag,Vlag,
Float,Zweven,
Float Precision,Decimale precisie,
Fold,Vouw,
Folder,Map,
Font,doopvont,
Font Properties,Lettertype-eigenschappen,
Font Size,Tekengrootte,
Fonts,Fonts,
Footer,Voettekst,
Footer HTML,Voettekst HTML,
Footer Items,Voettekst onderdelen,
Footer Logo,Voettekst Logo,
Footer Template,Voettekst sjabloon,
Footer Template Values,Voettekstsjabloonwaarden,
Footer will display correctly only in PDF,Voettekst wordt alleen correct in PDF weergegeven,
For DocType Link / DocType Action,Voor DocType Link / DocType-actie,
For Document Event,Voor documentgebeurtenis,
For User,voor Gebruikers,
For Value,Voor waarde,
For example: {} Open,Bijvoorbeeld: {} Openen,
"For help see <a href=""https://frappeframework.com/docs/user/en/guides/portal-development/web-forms"" target=""_blank"">Client Script API and Examples</a>","Zie <a href=""https://frappeframework.com/docs/user/en/guides/portal-development/web-forms"" target=""_blank"">Client Script API en voorbeelden</a> voor hulp",
"For more information, <a class=""text-muted"" href=""https://erpnext.com/docs/user/manual/en/setting-up/email/linking-emails-to-document"">click here</a>.","<a class=""text-muted"" href=""https://erpnext.com/docs/user/manual/en/setting-up/email/linking-emails-to-document"">Klik hier</a> voor meer informatie.",
Force,Dwingen,
Force Show,Force Show,
Force User to Reset Password,Dwing gebruiker om wachtwoord opnieuw in te stellen,
Form Settings,Formulierinstellingen,
Form URL-Encoded,Formulier URL-gecodeerd,
Format,Formaat,
Format Data,Formaat Gegevens,
Forward To Email Address,Doorsturen naar e-mailadres,
Fraction,Fractie,
Fraction Units,Fractie Units,
Frappe,Frappe,
Frequency,Frequentie,
Friday,Vrijdag,
From,Van,
From Date,Van Datum,
From Date Field,Van datumveld,
From Full Name,Van volledige naam,
From User,Van gebruiker,
Full,vol,
Full Name,Volledige naam,
Full Width,Volle breedte,
Function,Functie,
GMail,GMail,
Gantt,Gantt,
Gender,Geslacht,
Generate Keys,Genereer sleutels,
Geo,Geo-,
Geolocation,Geolocation,
Get Contacts,Contactpersonen ophalen,
Get your globally recognized avatar from Gravatar.com,Maak uw wereldwijd erkende avatar bij Gravatar.com,
Git Branch,Git Branch,
GitHub,GitHub,
Global Search DocType,Globaal zoeken DocType,
Global Search Settings,Algemene zoekinstellingen,
Global Unsubscribe,Global Afmelden,
Go to Page,Ga naar pagina,
Google,Google,
Google Analytics Anonymize IP,Google Analytics Anonimiseert IP,
Google Analytics ID,Google Analytics ID,
Google Calendar,Google kalender,
Google Calendar Event ID,Google Agenda-gebeurtenis-ID,
Google Calendar ID,Google Agenda-ID,
Google Contacts,Google Contacten,
Google Contacts Id,Google Contacten-ID,
Google Drive,Google Drive,
Google Font,Google-lettertype,
Google Settings,Google instellingen,
Google Snippet Preview,Voorbeeld van Google-fragment,
Grant Type,Grant Type,
Green,Groen,
Group,Groep,
Group By,Groeperen op,
Group By Based On,Groeperen op basis van,
Group By Type,Groeperen op type,
Guest,Gast,
HH:mm,HH: mm,
HH:mm:ss,HH: mm: ss,
HTML,HTML,
HTML Editor,HTML-editor,
HTML Page,HTML-pagina,
HTML for header section. Optional,HTML voor header sectie . facultatief,
Half,Voor de helft,
Half Yearly,Halfjaarlijkse,
Half-yearly,Halfjaarlijks,
Has  Attachment,Heeft bijlage,
Has Domain,Heeft domein,
Has Role,Heeft Rol,
Has Web View,Heeft Webweergave,
Header,hoofd,
Header HTML,HTML koptekst,
Header and Breadcrumbs,Koptekst en paneermeel,
Headers,headers,
Heading,titel,
Heatmap,Heatmap,
Help,Help,
Help Article,Help Artikel,
Help Articles,Help Artikelen,
Help Category,Help Categorie,
Help Dropdown,Help Dropdown,
Help HTML,Help HTML,
Helvetica,Helvetica,
Hidden,Verborgen,
Hide,Zich verstoppen,
Hide Block,Verberg blok,
Hide Border,Rand verbergen,
Hide CTA,Verberg CTA,
Hide Copy,Verberg Copy,
Hide Custom DocTypes and Reports,Verberg aangepaste documenttypen en rapporten,
Hide Days,Dagen verbergen,
Hide Footer Signup,Verberg Footer Inschrijven,
Hide Login,Login verbergen,
Hide Seconds,Verberg seconden,
Hide Standard Menu,Hide Standard Menu,
Hide footer in auto email reports,Voettekst verbergen in automatische e-mailrapporten,
High,Hoog,
Higher priority rule will be applied first,Regel met hogere prioriteit wordt eerst toegepast,
Highlight,Markeer,
Home,Thuis,
Home Page,Home Page,
Home Settings,Home instellingen,
Hourly,ieder uur,
Hourly Long,Elk uur lang,
Hourly rate limit for generating password reset links,Uurtarieflimiet voor het genereren van links voor het opnieuw instellen van wachtwoorden,
"How should this currency be formatted? If not set, will use system defaults","Hoe moet deze valuta worden geformatteerd? Indien niet ingesteld, dan zal gebruik gemaakt wroden van de systeem standaard",
ID (name) of the entity whose property is to be set,ID (naam) van de entiteit waarvan de eigenschap moet worden ingesteld,
IP Address,IP adres,
Icon,Icoon,
Icon will appear on the button,Pictogram verschijnt op de knop,
Identity Details,Identiteitsdetails,
Idx,idx,
"If Apply Strict User Permission is checked and User Permission is defined for a DocType for a User, then all the documents where value of the link is blank, will not be shown to that User","Als Strikt Gebruiker Toestemming is aangevinkt en Gebruikers Toestemming is gedefinieerd voor een DocType voor een gebruiker, worden alle documenten waar de waarde van de link leeg is, niet getoond aan die gebruiker",
If Checked workflow status will not override status in list view,Als Gecontroleerd workflow-status niet status lijstweergave overschrijft,
"If Icon is set, it will be shown instead of Label","Als Icon is ingesteld, wordt dit weergegeven in plaats van Label",
"If checked, all other workflows become inactive.","Indien aangevinkt, worden alle andere workflows inactief.",
"If checked, users will not see the Confirm Access dialog.","Indien ingeschakeld, kunnen gebruikers niet zien het dialoogvenster Bevestigen Access.",
"If disabled, this role will be removed from all users.","Indien uitgeschakeld, zal deze rol van alle gebruikers worden verwijderd.",
"If enabled,  user can login from any IP Address using Two Factor Auth, this can also be set for all users in System Settings","Indien ingeschakeld, kan de gebruiker zich aanmelden vanaf elk IP-adres met behulp van Two Factor Auth, dit kan ook worden ingesteld voor alle gebruikers in Systeeminstellingen",
"If enabled, all users can login from any IP Address using Two Factor Auth. This can also be set only for specific user(s) in User Page","Indien ingeschakeld, kunnen alle gebruikers inloggen vanaf elk IP-adres met behulp van Two Factor Auth. Dit kan ook alleen voor specifieke gebruiker (s) in de gebruikerspagina worden ingesteld",
"If enabled, changes to the document are tracked and shown in timeline","Indien ingeschakeld, worden wijzigingen in het document bijgehouden en weergegeven in de tijdlijn",
"If enabled, document views are tracked, this can happen multiple times","Indien ingeschakeld, worden documentweergaven bijgehouden, dit kan meerdere keren gebeuren",
"If enabled, the document is marked as seen, the first time a user opens it","Indien ingeschakeld, wordt het document gemarkeerd als zichtbaar, de eerste keer dat een gebruiker het opent",
"If enabled, the notification will show up in the notifications dropdown on the top right corner of the navigation bar.","Indien ingeschakeld, wordt de melding weergegeven in de vervolgkeuzelijst met meldingen in de rechterbovenhoek van de navigatiebalk.",
"If enabled, the password strength will be enforced based on the Minimum Password Score value. A value of 2 being medium strong and 4 being very strong.","Indien ingeschakeld, wordt de wachtwoordsterkte afgedwongen op basis van de minimum wachtwoordcijferwaarde. Een waarde van 2 is medium sterk en 4 is zeer sterk.",
"If enabled, users who login from Restricted IP Address, won't be prompted for Two Factor Auth","Indien ingeschakeld, zullen gebruikers die zich aanmelden vanuit een beperkt IP-adres, niet om twee factoren worden gevraagd",
"If enabled, users will be notified every time they login. If not enabled, users will only be notified once.","Indien ingeschakeld, worden gebruikers elke keer in kennis gesteld wanneer ze inloggen. Indien niet ingeschakeld, worden gebruikers slechts een keer in kennis gesteld.",
If non standard port (e.g. 587),Als niet-standaard poort (bijv. 587),
"If non standard port (e.g. 587). If on Google Cloud, try port 2525.",Als niet-standaardpoort (bijvoorbeeld 587). Als u in Google Cloud poort 2525 probeert.,
"If non-standard port (e.g. POP3: 995/110, IMAP: 993/143)","Indien niet-standaard poort (bijv. POP3: 995/110, IMAP: 993/143)",
"If not set, the currency precision will depend on number format","Indien niet ingesteld, zal de valutaprecisie afhangen van het nummerformaat",
"If the user has any role checked, then the user becomes a ""System User"". ""System User"" has access to the desktop","Als de gebruiker een rol gecontroleerd heeft, dan is de gebruiker wordt een &quot;Systeem&quot;. &quot;Systeem&quot; heeft toegang tot de desktop",
If user is the owner,Als de gebruiker is de eigenaar,
"If you set this, this Item will come in a drop-down under the selected parent.","Als u dit instelt , zal deze post in een drop -down onder de gekozen basismotor .",
"If your data is in HTML, please copy paste the exact HTML code with the tags.","Als uw gegevens in HTML, kopieer plak de exacte HTML-code met de labels.",
Ignore User Permissions,Negeer Gebruikersmachtigingen,
Ignore XSS Filter,Negeer XSS-filter,
Ignore attachments over this size,Negeer bijlagen dan deze omvang,
Ignored Apps,Genegeerde apps,
Image,Afbeelding,
Image Field,beeldveld,
Image Link,Afbeelding Link,
Implicit,stilzwijgend,
Import,Importeren,
Import File,Importeer bestand,
Import File Errors and Warnings,Importeer bestandsfouten en waarschuwingen,
Import Log,Importeren Log,
Import Log Preview,Voorbeeld van logboek importeren,
Import Preview,Voorbeeld importeren,
Import Type,Type invoer,
Import Warnings,Waarschuwingen importeren,
Import from Google Sheets,Importeer vanuit Google Spreadsheets,
In Days,In dagen,
In Filter,In Filter,
In Global Search,In Global Search,
In List View,In lijstweergave,
In Preview,In voorbeeld,
In Reply To,Als antwoord op,
In Standard Filter,In Standard Filter,
In points. Default is 9.,In punten. Standaard is 9.,
In seconds,In seconden,
Inbox,Postvak IN,
Inbox User,Inbox-gebruiker,
Include Search in Top Bar,Inclusief Zoeken in Top Bar,
Include Web View Link in Email,Stuur document Web View-link in e-mail,
Index,Index,
Index Web Pages for Search,Index-webpagina&#39;s voor zoeken,
Indexing Authorization Code,Autorisatiecode indexeren,
Indexing Refresh Token,Vernieuwingstoken indexeren,
Indicator,Indicator,
Indicator Color,Indicator Kleur,
Info,Info,
Initial Sync Count,Initial synchronisatietelketen,
InnoDB,InnoDB,
Insert After,Invoegen na,
Insert New Records,Voeg nieuwe records in,
Insert Style,Stijl invoegen,
Installed Application,Geïnstalleerde applicatie,
Installed Applications,Geïnstalleerde applicaties,
Int,Int,
Integration Request,integratie Request,
Integrations,Integraties,
Integrations can use this field to set email delivery status,Integraties kunnen dit veld gebruiken om de e-mail status ingevoerd,
Interests,Interesses,
Intermediate,tussen-,
Internal record of document shares,Interne record van document aandelen,
Introduce your company to the website visitor.,Introduceer uw bedrijf aan de website bezoeker.,
Introduction,Introductie,
Introductory information for the Contact Us Page,Inleidende informatie voor het Contactformulier,
Invalid,Ongeldig,
Inverse,Omgekeerde,
Is Active,Is actief,
Is Attachments Folder,Is Attachments Folder,
Is Billing Contact,Is contactpersoon voor facturering,
Is Child Table,Is onderliggende tabel,
Is Complete,Is compleet,
Is Completed,Is voltooid,
Is Custom Field,Is Aangepast veld,
Is Default,Is Standaard,
Is Folder,Is Folder,
Is Home Folder,Is Thuis Folder,
Is Mandatory Field,Is Verplicht veld,
Is Optional State,Is optionele staat,
Is Primary,Is primair,
Is Primary Contact,Is Primaire contactpersoon,
Is Primary Mobile,Is primair mobiel,
Is Primary Phone,Is primaire telefoon,
Is Private,Is Private,
Is Public,Is openbaar,
Is Published Field,Wordt gepubliceerd Field,
Is Single,Is Single,
Is Skipped,Wordt overgeslagen,
Is Spam,is Spam,
Is Standard,Is Standaard,
Is Submittable,Kan ingediend worden,
Is Table,is Table,
Is Tree,Is boom,
Is Unique,Is uniek,
Is Your Company Address,Is uw bedrijf Adres,
Item Label,Artikellabel,
Item Type,Type voorwerp,
JS,JS,
JSON,JSON,
JSON Request Body,JSON-aanvraaginstantie,
JavaScript,JavaScript,
JavaScript Format: frappe.query_reports['REPORTNAME'] = {},JavaScript Formaat : frappe.query_reports ['REPORTNAME'] = { },
Javascript,Javascript,
Jinja,Jinja,
Kanban,Kanban,
Kanban Board,Kanban Board,
Kanban Board Column,Kanban Board Column,
Kanban Board Name,Naam Kanban Board,
Keep track of all update feeds,Blijf op de hoogte van alle update feeds,
Keeps track of all communications,Houdt alle communicatie bij,
Key,Sleutel,
Keyboard Shortcuts,Toetsenbord sneltoetsen,
Knowledge Base Contributor,Knowledge Base Inzender,
Knowledge Base Editor,Knowledge Base Editor,
LDAP Email Field,LDAP Email Field,
LDAP First Name Field,LDAP Voornaam Field,
LDAP Group,LDAP-groep,
LDAP Group Field,LDAP-groepsveld,
LDAP Group Mapping,LDAP-groepstoewijzing,
LDAP Group Mappings,LDAP-groepstoewijzingen,
LDAP Last Name Field,LDAP-achternaamveld,
LDAP Middle Name Field,Veld LDAP-middelste naam,
LDAP Mobile Field,LDAP mobiel veld,
LDAP Phone Field,LDAP-telefoonveld,
LDAP Search String,LDAP Search String,
LDAP Security,LDAP-beveiliging,
LDAP Server Url,LDAP-server Url,
LDAP Settings,LDAP-instellingen,
LDAP User Creation and Mapping,Maken en toewijzen van LDAP-gebruikers,
LDAP Username Field,LDAP Gebruikersnaam Field,
Label,Label,
Label Help,Label Help,
Label and Type,Label en Type,
Landing Page,Landing Page,
Language,Taal,
Language Code,taalcode,
Language Name,Taalnaam,
Last Active,Laatst actief,
Last Backup On,Laatste back-up aan,
Last Execution,Laatste uitvoering,
Last IP,Laatste IP-,
Last Known Versions,Laatst Bekende Versies,
Last Login,Laatst ingelogd,
Last Month,Vorige maand,
Last Name,Achternaam,
Last Password Reset Date,Datum laatste wachtwoord opnieuw instellen,
Last Point Allocation Date,Datum toewijzingsdatum,
Last Quarter,Het laatste kwartier,
Last Sync On,Last Sync On,
Last Synced On,Laatst gesynchroniseerd,
Last User,Laatste gebruiker,
Last Week,Vorige week,
Last Year,Vorig jaar,
Lead Conversion Time,Lead Conversion Time,
Leaderboard,Scorebord,
Leave blank to repeat always,Laat leeg om altijd te herhalen,
Ledger,Grootboek,
Left,Links,
Legal,wettelijk,
Length,Lengte,
Letter,Brief,
Letter Head,Brief Hoofd,
Letter Head Based On,Briefhoofd op basis van,
Letter Head Image,Briefhoofd afbeelding,
Letter Head Name,Brief Hoofd Naam,
Letter Head in HTML,Brief Hoofd in HTML,
Level,Niveau,
Level Name,Niveau naam,
License,Licentie,
Light Color,Lichte kleur,
Like,Leuk vinden,
Likes,Sympathieën,
Limit,Begrenzing,
Limit Number of DB Backups,Beperk aantal DB-back-ups,
Line,Lijn,
Link,Koppeling,
Link Cards,Koppel kaarten,
Link DocType,Link DocType,
Link Document Type,Type document koppelen,
Link Fieldname,Veldnaam koppelen,
Link Name,Link Naam,
Link Title,Link Titel,
Link To,Link naar,
Link to the page you want to open. Leave blank if you want to make it a group parent.,Link naar de pagina die u wilt openen. Laat leeg als u wilt dat een groep ouders te maken.,
Linked,Linked,
Linked Documents,Gekoppelde documenten,
Links,Links,
List,Lijst,
List Filter,Lijst filter,
List Settings,Lijstinstellingen,
List View Settings,Instellingen voor lijstweergave,
"List as [{""label"": _(""Jobs""), ""route"":""jobs""}]","Lijst als [{ &quot;label&quot;: _ ( &quot;Jobs&quot;), &quot;route&quot;: &quot;banen&quot;}]",
List of patches executed,Lijst van pleisters uitgevoerd,
Load Balancing,Load Balancing,
Location,Locatie,
Log,Log,
Log Data,Loggegevens,
Log Setting User,Logboekinstelling gebruiker,
Log Settings,Log instellingen,
Login,Login,
Login After,Login Na,
Login Before,Login Voor,
Login Required,Login Verplicht,
Logo Width,Logo breedte,
Logout,Afmelden,
Logout All Sessions on Password Reset,Alle sessies afmelden bij het opnieuw instellen van het wachtwoord,
Logout From All Devices After Changing Password,Afmelden bij alle apparaten na het wijzigen van het wachtwoord,
Long Text,Lange tekst,
Low,Laag,
Main Section,Hoofd Sectie,
Main Section (HTML),Hoofdsectie (HTML),
Main Section (Markdown),Hoofdsectie (Markdown),
Maintenance Manager,Maintenance Manager,
Maintenance User,Onderhoud Gebruiker,
"Make ""name"" searchable in Global Search",Maak &quot;naam&quot; doorzoekbaar in Global Search,
Mandatory,Verplicht,
Mandatory Depends On,Verplicht hangt af van,
Map route parameters into form variables. Example <code>/project/&lt;name&gt;</code>,Wijs routeparameters toe aan formuliervariabelen. Voorbeeld <code>/project/&lt;name&gt;</code>,
Markdown,Markdown,
Markdown Editor,Markdown Editor,
Marked As Spam,Gemarkeerd als spam,
Max 500 records at a time,Max 500 selecties tegelijkertijd,
Max Attachment Size (in MB),Max Bijlage Grootte (in MB),
Max Attachments,Max Bijlagen,
Max Length,Maximale lengte,
Max Value,Max Value,
Maximum,Maximaal,
Maximum Number of Fields,Maximaal aantal velden,
Maximum Points,Maximum aantal punten,
Medium,Medium,
Meeting,Vergadering,
Mention,Vermelden,
Mentions,vermeldingen,
Message,Bericht,
Message (HTML),Bericht (HTML),
Message (Markdown),Bericht (Markdown),
Message Examples,Bericht Voorbeelden,
Message ID,Message ID,
Message Parameter,Bericht Parameter,
Message-id,Bericht-id,
Meta Description,Meta omschrijving,
Meta Image,Meta afbeelding,
Meta Tags,Meta-tags,
Meta Title,Metatitel,
Method,Methode,
Middle Name,Midden-naam,
Milestone,Mijlpaal,
Milestone Tracker,Milestone Tracker,
Minimum,Minimum,
Minimum Password Score,Minimum wachtwoord score,
Mobile No,Mobiel nummer,
Module,module,
Module Def,Module Def,
Module Name,Modulenaam,
Module Onboarding,Module onboarding,
Modules HTML,Modules HTML,
Monday,Maandag,
Monospace,Monospace,
Monthly,Maandelijks,
Monthly Long,Maandelijks lang,
More Information,Meer informatie,
More content for the bottom of the page.,Meer inhoud voor de onderkant van de pagina.,
Multiplier Field,Vermenigvuldiger veld,
Must be a publicly accessible Google Sheets URL,Moet een openbaar toegankelijke URL van Google Spreadsheets zijn,
"Must be of type ""Attach Image""",Moet van het type zijn &quot;Attach Image&quot;,
Mute Sounds,Mute Sounds,
MyISAM,MyISAM,
Name,Naam,
Naming,Benaming,
Naming Series,Benoemen Series,
Navbar,Navbar,
Navbar Item,Navbar-item,
Navbar Settings,Navbar-instellingen,
Navbar Template,Navbar-sjabloon,
Navbar Template Values,Navbar-sjabloonwaarden,
New,Nieuw,
New Name,Nieuwe naam,
New value to be set,Nieuwe waarde in te stellen,
Newsletter,Nieuwsbrief,
Newsletter Email Group,Nieuwsbrief E-mail Group,
Newsletter Manager,Nieuwsbrief Manager,
Next Action Email Template,Volgende actie-e-mailsjabloon,
Next Actions HTML,Volgende acties HTML,
Next Schedule Date,Volgende schema datum,
Next State,Volgend Stadium,
Next Sync Token,Volgende synchronisatietoken,
No,Nee,
No Copy,Geen kopie,
No of Requested SMS,Aantal gevraagde SMS,
No of Rows (Max 500),Geen van Rijen (Max 500),
No of Sent SMS,Aantal gestuurde SMS,
Non Negative,Niet negatief,
None,Geen,
Not Sent,Niet verzonden,
Note,Opmerking,
Note Seen By,Opmerking gezien door,
Note: By default emails for failed backups are sent.,Opmerking: standaard worden e-mails voor mislukte back-ups verzonden.,
"Note: For best results,  images must be of the same size and width must be greater than height.",Opmerking: voor de beste resultaten moeten afbeeldingen van dezelfde grootte en breedte groter zijn dan hoogte.,
Note: Multiple sessions will be allowed in case of mobile device,Opmerking: meerdere sessies zullen in het geval van mobiele apparatuur worden toegestaan,
Notification,Kennisgeving,
Notification Log,Meldingslogboek,
Notification Recipient,Melding Ontvanger,
Notification Settings,Notificatie instellingen,
Notification Subscribed Document,Kennisgeving onderschreven document,
Notifications,meldingen,
Notifications and bulk mails will be sent from this outgoing server.,Kennisgevingen en bulk mails worden verstuurd vanaf deze server voor uitgaande mail.,
Notify Users On Every Login,Gebruikers in kennis stellen op elke login,
Notify by Email,Melden per e-mail,
Notify by email,Notificeren per e-mail,
Notify if unreplied,Houd indien Onbeantwoorde,
Notify if unreplied for (in mins),Houd indien Onbeantwoorde voor (in minuten),
Notify users with a popup when they log in,Houd gebruikers met een pop-up wanneer deze zich aanmeldt,
Number Card,Nummerkaart,
Number Card Link,Nummer Card Link,
Number Cards,Cijferkaarten,
Number Format,Getalnotatie,
Number of Backups,Aantal Backups,
Number of DB Backups,Aantal DB-back-ups,
Number of Groups,Aantal groepen,
Number of columns for a field in a Grid (Total Columns in a grid should be less than 11),Aantal kolommen voor een veld in een raster (Total kolommen in een raster moet minder dan 11 zijn),
Number of columns for a field in a List View or a Grid (Total Columns should be less than 11),Aantal kolommen voor een veld in een lijstweergave of een Grid (Totaal Columns moet minder dan 11),
OAuth Authorization Code,OAuth Authorization Code,
OAuth Bearer Token,OAuth Bearer Token,
OAuth Client,OAuth Client,
OAuth Client ID,OAuth-client-ID,
OAuth Provider Settings,OAuth Provider Instellingen,
OTP App,OTP App,
OTP Issuer Name,OTP Uitgeversnaam,
Off,Uit,
Office,Kantoor,
Office 365,Office 365,
Older backups will be automatically deleted,Oudere backups worden automatisch verwijderd,
On Hold,In de wacht,
Onboarding Permission,Toestemming voor onboarding,
Onboarding Step,Onboarding-stap,
Onboarding Step Map,Onboarding Step Map,
"Once submitted, submittable documents cannot be changed. They can only be Cancelled and Amended.",Na indiening kunnen de in te dienen documenten niet meer worden gewijzigd. Ze kunnen alleen worden geannuleerd en gewijzigd.,
Only Allow Edit For,Sta alleen Bewerken toe voor,
Only Send Records Updated in Last X Hours,Verzend alleen Records bijgewerkt in de laatste X uur,
Open,Open,
Open Documents,Open documenten,
Open Reference Document,Open referentiedocument,
Open URL in a New Tab,Open URL in een nieuw tabblad,
Open a dialog with mandatory fields to create a new record quickly,Open een dialoogvenster met verplichte velden om snel een nieuw record te maken,
Opened,Geopend,
Operation,Operatie,
Optional: Always send to these ids. Each Email Address on a new row,Optioneel: Stuur altijd naar deze ids. Elke e-mail adres op een nieuwe rij,
Optional: The alert will be sent if this expression is true,Optioneel: De Alert zal worden verzonden als deze expressie waar is,
Options,Opties,
Options Help,Opties Help,
Orange,Oranje,
Order,Bestellen,
Org History,org Geschiedenis,
Org History Heading,Org Geschiedenis rubriek,
Other,Ander,
Outlook.com,Outlook.com,
Output,uitgang,
PDF Page Size,PDF-paginaformaat,
PDF Settings,PDF-instellingen,
Page,Bladzijde,
Page Break,Pagina-einde,
Page Builder,Page Builder,
Page Building Blocks,Pagina-bouwstenen,
Page HTML,Pagina HTML,
Page Name,Page Name,
Page Settings,Pagina instellingen,
Parameter,Parameter,
Parent Field (Tree),Bovenliggend veld (boom),
Parent Label,Parent Label,
Partial Success,Gedeeltelijk succes,
Participants,Deelnemers,
Passive,Passief,
Password,Wachtwoord,
Password Reset Link Generation Limit,Limiet voor genereren van link voor opnieuw instellen van wachtwoord,
Password for Base DN,Wachtwoord voor Base DN,
Patch,Patch,
Patch Log,Patch Log,
Path,Pad,
Path to CA Certs File,Pad naar CA Certs-bestand,
Path to Server Certificate,Pad naar servercertificaat,
Path to private Key File,Pad naar privésleutelbestand,
Pending,In afwachting van,
Pending Approval,In afwachting van goedkeuring,
Pending Verification,wachten op verificatie,
Percent,Percentage,
Percentage,Percentage,
Period,periode,
Perm Level,Perm Level,
Permanent,blijvend,
Permission Level,Machtigingsniveau,
Permission Rules,Machtigingsregels,
Permissions,Machtigingen,
Permitted Documents For User,Toegestane documenten voor Gebruiker,
Personal,Persoonlijk,
Personal Data Deletion Request,Verzoek tot verwijdering van persoonsgegevens,
Personal Data Download Request,Verzoek om download van persoonlijke gegevens,
Phone,Telefoon,
Phone No.,Telefoonnummer,
Phone Number,Telefoonnummer,
Pie,Taart,
Pincode,Pincode,
Plant,Fabriek,
Point Allocation Periodicity,Puntallocatie Periodiciteit,
Points,punten,
Port,haven,
Portal Menu,portal Menu,
Portal Menu Item,Portal Menu Item,
Portal Settings,portal Instellingen,
Position,Positie,
Postal,Post-,
Postal Code,Postcode,
Precision,Precisie,
Preferred Billing Address,Voorkeur Factuuradres,
Preferred Shipping Address,Voorkeur verzendadres,
Prefix,Voorvoegsel,
Prepared Report,Voorbereid rapport,
Prepared Report User,Voorbereid rapport gebruiker,
Preview,Voorbeeld,
Preview HTML,Preview HTML,
Preview Message,Voorbeeldbericht,
Previous Hash,Vorige hasj,
Primary,Primair,
Primary Color,Primaire kleur,
Print,Afdrukken,
Print Format,Print Formaat,
Print Format Builder,Print Format Builder,
Print Format Help,Print Formaat Help,
Print Format Type,Print Formaat Type,
Print Hide,Print Verberg,
Print Hide If No Value,Print verbergen Als Nee Waarde,
Print Server,Printserver,
Print Settings,Afdrukinstellingen,
Print Style,Print Stijl,
Print Style Name,Naam afdrukstijl,
Print Style Preview,Print Stijl Voorbeeld,
Print UOM after Quantity,Druk maateenheid af na aantal,
Print Width,Afdrukbreedte,
"Print Width of the field, if the field is a column in a table","Drukbreedte van het veld, als het veld een kolom in een tabel",
Print taxes with zero amount,Afdrukbelasting met nulbedrag,
Print with letterhead,Afdrukken met briefhoofd,
Printer Name,Printernaam,
Printing,Afdrukken,
Priority,Prioriteit,
Private,Prive-,
ProTip: Add <code>Reference: {{ reference_doctype }} {{ reference_name }}</code> to send document reference,Protip: Toevoegen <code>Reference: {{ reference_doctype }} {{ reference_name }}</code> te sturen documentverwijzing,
Property,Eigendom,
Property Depends On,Eigendom hangt af van,
Property Setter,Eigenschappen Insteller,
Property Setter overrides a standard DocType or Field property,Eigenschap Setter overschrijft een standaard DocType of Field woning,
Property Type,Eigendom Type,
Provider,leverancier,
Provider Name,Provider naam,
Public,Publiek,
Publish,Publiceren,
Published,Gepubliceerd,
Published On,Gepubliceerd op,
Pull from Google Calendar,Uit Google Agenda halen,
Pull from Google Contacts,Uit Google Contacten halen,
Pulled from Google Calendar,Getrokken uit Google Agenda,
Pulled from Google Contacts,Getrokken uit Google Contacten,
Purchase Manager,Purchase Manager,
Purchase Master Manager,Aankoop Master Manager,
Purchase User,Aankoop Gebruiker,
Purple,Purper,
Push to Google Calendar,Push naar Google Agenda,
Push to Google Contacts,Push naar Google Contacten,
Quarterly,Kwartaal,
Query,Query,
Query / Script,Query / script,
Query Options,Query-opties,
Query Report,Query Rapport,
Queued,Wachtrij,
Quick Entry,Snelle invoer,
RAW Information Log,RAW-informatielogboek,
Random,Willekeurig,
Rating,Beoordeling,
Raw Commands,Ruwe opdrachten,
Raw Email,Raw Email,
Raw Printing,Raw afdrukken,
Read,Lezen,
Read Only,Alleen lezen,
Read Only Depends On,Alleen lezen hangt af van,
Read Time,Leestijd,
Read by Recipient,Lezen door ontvanger,
Read by Recipient On,Lezen door ontvanger op,
Reason,Reden,
Received,ontvangen,
Receiver By Document Field,Ontvanger per documentveld,
Receiver By Role,Ontvanger per rol,
Receiver Parameter,Receiver Parameter,
Recipient,Ontvanger,
Recipient Unsubscribed,Ontvanger Uitgeschreven,
Recipients,Ontvangers,
Recorder,opnemer,
Red,Rood,
Redirect URI Bound To Auth Code,Redirect URI Bound To Auth Code,
Redirect URIs,redirect URI,
Redirect URL,redirect URL,
Ref DocType,Ref DocType,
Reference,Referentie,
Reference Date,Referentie Datum,
Reference DocName,Referentie DocName,
Reference DocType,Referentie DocType,
Reference Docname,Referentie DocName,
Reference Doctype,Referentie Doctype,
Reference Document,Referentie document,
Reference Document Name,Referentiedocumentnaam,
Reference Document Type,Referentie Document Type,
Reference Name,Referentienaam,
Reference Owner,eigenaar ref,
Reference Report,Referentierapport,
Reference Type,Referentie Type,
Reference name,Referentie Naam,
Referrer,Verwijzer,
Refresh Google Sheet,Vernieuw het Google-blad,
Refresh Token,Vernieuwen Token,
Rejected,Afgewezen,
Relinked,Relinked,
Reload,Herladen,
Remember Last Selected Value,Vergeet Laatst geselecteerde Value,
Reminder,Herinnering,
Repeat On,Herhaal op,
Repeat Till,Herhaal tot,
Repeat on Day,Herhaal op dag,
Repeat on Last Day of the Month,Herhaal dit op de laatste dag van de maand,
Repeat this Event,Herhaal dit evenement,
Replied,Beantwoord,
Reply,Antwoorden,
Report,Rapport,
Report Builder,Rapport Bouwer,
Report Column,Rapportkolom,
Report Description,Rapportbeschrijving,
Report Filter,Rapportfilter,
Report Filters,rapport Filters,
Report Hide,Rapport Verbergen,
Report Information,Informatie melden,
Report Manager,Report Manager,
Report Name,Rapportnaam,
Report Reference Doctype,Rapportreferentie Doctype,
Report Type,Rapport Type,
Reports,rapporten,
Represents a User in the system.,Vertegenwoordigt een gebruiker in het systeem.,
Represents the states allowed in one document and role assigned to change the state.,Vertegenwoordigt de staten toegestaan in één document en de rol toegewezen aan de staat te veranderen.,
Request Data,Verzoek om gegevens,
Request Structure,Verzoekstructuur,
Request URL,URL aanvragen,
Requested Numbers,Gevraagde Numbers,
Require Trusted Certificate,Vereist vertrouwd certificaat,
Reset Password Key,Reset Password Key,
Response,antwoord,
Response Type,response Type,
Restored,Hersteld,
Restrict IP,Beperken IP,
Restrict To Domain,Beperken tot domein,
Restrict to Domain,Beperkt tot Domein,
Restrict user from this IP address only. Multiple IP addresses can be added by separating with commas. Also accepts partial IP addresses like (111.111.111),"Beperk de gebruiker van dit IP-adres alleen. Meerdere IP-adressen kunnen worden toegevoegd door het scheiden van met komma&#39;s. Ook aanvaardt gedeeltelijke IP-adres, zoals (111.111.111)",
Retry,opnieuw proberen,
Reverse Icon Color,Reverse Icon Kleur,
Revert,terugkeren,
Revert Of,Terugkeren van,
Reverted,teruggekeerd,
Review,Beoordeling,
Review Level,Review niveau,
Review Levels,Beoordeling niveaus,
Review Points,Review punten,
Revoked,herroepen,
Rich Text,Rich Text,
Right,Rechts,
Robots.txt,robots.txt,
Role,Rol,
Role Name,Rolnaam,
Role Permission for Page and Report,Rol Toestemming voor pagina en het verslag,
Role Permissions,Rol Machtigingen,
Role Permissions Manager,Rol Machtigingen Manager,
Role Profile,Rolprofiel,
Role and Level,Rol en Niveau,
Roles,Rollen,
Roles Assigned,Toegewezen Rollen,
Roles HTML,Rollen HTML,
Roles Html,Rollen Html,
Round Robin,Rond Robin,
Route,Route,
Route History,Route geschiedenis,
Route Redirects,Route omleidingen,
"Route: Example ""/desk""",Route: Voorbeeld &quot;/ desk&quot;,
Row Index,Rij-index,
Row Name,Rij naam,
Rows Added,rijen Toegevoegd,
Rows Removed,rijen verwijderd,
Rule,Regel,
Rule Conditions,Regelvoorwaarden,
Rule Name,Regelnaam,
Rules defining transition of state in the workflow.,Regels met betrekking tot de overgang van de staat in de workflow.,
"Rules for how states are transitions, like next state and which role is allowed to change state etc.","Regels voor de manier waarop stadia overgaan, zoals 'volgend stadium' en welke rol dit stadium mag veranderen, etc.",
Rules with higher priority number will be applied first.,Regels met een hoger prioriteitsnummer worden eerst toegepast.,
Run Jobs only Daily if Inactive For (Days),Taken alleen dagelijks uitvoeren indien inactief gedurende (dagen),
Run scheduled jobs only if checked,Run geplande taken alleen als aangevinkt.,
S3 Backup Settings,S3 Back-upinstellingen,
S3 Bucket Details,S3-emmergegevens,
SMS,sms,
SMS Gateway URL,SMS Gateway URL,
SMS Log,SMS Log,
SMS Parameter,SMS Parameter,
SMS Settings,SMS-instellingen,
SMTP Settings for outgoing emails,SMTP-instellingen voor uitgaande e-mails,
"SQL Conditions. Example: status=""Open""",SQL Voorwaarden. Voorbeeld: status = &quot;Open&quot;,
SSL/TLS Mode,SSL / TLS-modus,
Sales Manager,Verkoopsmanager,
Sales Master Manager,Sales Master Manager,
Sales User,Sales Gebruiker,
Salesforce,Verkoopsteam,
Salutation,Aanhef,
Sample,Monster,
Saturday,Zaterdag,
Save,bewaren,
Scheduled,Geplande,
Scheduled Job,Geplande taak,
Scheduled Job Log,Gepland takenlogboek,
Scheduled Job Type,Type geplande taak,
Scheduled To Send,Gepland voor sturen,
Scheduler Event,Scheduler-evenement,
Scope,strekking,
Scopes,scopes,
Script,Script,
Script Manager,Scriptbeheer,
Script Report,Script Rapport,
Script Type,Script Type,
Script to attach to all web pages.,Script te hechten aan alle webpagina's.,
Search Fields,Zoek Velden,
Search Priorities,Zoek prioriteiten,
Section,Sectie,
Section Break,Sectie-einde,
Security Settings,Beveiligingsinstellingen,
Seen,Seen,
Seen By,Gezien door,
Seen By Table,Gezien door Table,
Select,Kiezen,
Select Dashboard,Selecteer Dashboard,
Select Date Range,Selecteer datumbereik,
Select DocType,Selecteer DocType,
Select Doctype,Selecteer Doctype,
Select Transaction,Selecteer Transactie,
Select an image of approx width 150px with a transparent background for best results.,Voor het beste resultaat; selecteer een afbeelding van ca. 150px breedte met een transparante achtergrond,
Select the label after which you want to insert new field.,"Selecteer het label, waarachter u nieuwe veld wilt invoegen.",
Send After,Stuur Na,
Send Alert On,Stuur Alert Op,
Send Email Alert,Stuur e-mail alert,
Send Email Print Attachments as PDF (Recommended),Stuur E-mail Afdrukken Bijlagen als PDF (aanbevolen),
Send Email for Successful Backup,Stuur een e-mail voor een succesvolle back-up,
Send Email for Successful backup,Stuur een e-mail voor een succesvolle back-up,
Send Me A Copy of Outgoing Emails,Stuur me een kopie van uitgaande e-mails,
Send Notification To,Stuur Kennisgeving aan,
Send Notification to,Stuur bericht naar,
Send Notifications For Documents Followed By Me,Stuur meldingen voor documenten die door mij zijn gevolgd,
Send Notifications For Email Threads,Stuur meldingen voor e-mailthreads,
Send Notifications To,Verzend Notificaties naar,
Send Print as PDF,Verzend Afdruk als PDF,
Send System Notification,Systeemmelding verzenden,
Send To All Assignees,Verzenden naar alle toegewezen personen,
Send Unsubscribe Link,Stuur afmeldlink,
Send Welcome Email,Stuur Welkom Email,
Send alert if date matches this field's value,Stuur Alert als datum overeenkomt met waarde in dit veld.,
Send alert if this field's value changes,Stuur Alert als de waarde in dit veld wijzigt,
Send an email reminder in the morning,Stuur een e-mail herinnering in de ochtend,
Send days before or after the reference date,Stuur dagen voor of na de peildatum,
Send enquiries to this email address,Stuur uw vragen naar dit e-mailadres,
Send only if there is any data,Stuur alleen als er geen gegevens,
Send unsubscribe message in email,Stuur unsubscribe bericht e-mail,
Sender,Afzender,
Sender Email,E-mail afzender,
Sender Name,Naam afzender,
Sendgrid,SendGrid,
Sending,Verzenden,
Sent,verzonden,
Sent On,Verzonden op,
Sent Read Receipt,Verzonden Leesbevestiging,
Sent To,Verzenden Naar,
Sent or Received,Verzonden of ontvangen,
Sent/Received Email,Verzonden / ontvangen e-mail,
Separator,Scheidingsteken,
Sequence Id,Volgorde-ID,
Series List for this Transaction,Reeks voor deze transactie,
Server Action,Serveractie,
Server IP,Server IP,
Server Script,Server Script,
Service,Service,
Session Default,Sessie Standaard,
Session Default Settings,Standaard sessie-instellingen,
Session Defaults,Standaardwaarden sessie,
Set Banner from Image,Instellen Banner uit Afbeelding,
"Set Default Options for all charts on this Dashboard (Ex: ""colors"": [""#d1d8dd"", ""#ff5858""])","Standaardopties instellen voor alle grafieken op dit dashboard (bijv. &quot;Kleuren&quot;: [&quot;# d1d8dd&quot;, &quot;# ff5858&quot;])",
Set New Password,Set Nieuw wachtwoord,
Set Property After Alert,Eigenschap instellen na alarmering,
Set Role For,Stel rol voor de,
Set Value,Geef waarde,
Set non-standard precision for a Float or Currency field,Stel niet-standaard precisie voor een Float of Valuta veld,
Settings,instellingen,
Settings Dropdown,Instellingen dropdown,
Settings for Contact Us Page,Instellingen voor Contact Pagina,
Settings for the About Us Page,Instellingen voor de pagina Over ons,
Setup,Instellingen,
Setup Complete,Installatie voltooid,
Setup Wizard,Instellingen Wizard,
Share,Delen,
Shared,gedeelde,
Shipping,Logistiek,
Shop,Winkelen,
Short Name,Korte Naam,
Shortcuts,shortcuts,
Show Attachments,Bijlagen weergeven,
Show Dashboard,Dashboard weergeven,
Show Document,Document weergeven,
Show Failed Logs,Mislukte logboeken weergeven,
Show Form Tour,Toon formuliertour,
Show Full Error and Allow Reporting of Issues to the Developer,Toon volledige fout en laat rapportage van problemen toe aan de ontwikkelaar,
Show Full Form?,Volledig formulier weergeven?,
Show Line Breaks after Sections,Show Line Breaks na Secties,
Show Percentage Stats,Percentagestatistieken weergeven,
Show Preview Popup,Voorbeeldpop-up weergeven,
Show Report,Rapport weergeven,
Show Section Headings,Show koppen,
Show Sidebar,Show Sidebar,
Show Title,Show Titel,
Show as cc,Toon als cc,
Show full form instead of a quick entry modal,Toon volledig formulier in plaats van een snel invoermodaal,
Show in Module Section,Show in Module Sectie,
Show in filter,Toon in filter,
Show percentage difference according to this time interval,Toon procentuele verschil volgens dit tijdsinterval,
"Show title in browser window as ""Prefix - title""",Toon titel in browservenster als &quot;Prefix - titel&quot;,
Sidebar Items,sidebar items,
Sidebar Settings,sidebar Instellingen,
Sidebar and Comments,Sidebar en Reacties,
Signature,Handtekening,
"Simple Python Expression, Example: Status in (""Closed"", ""Cancelled"")","Eenvoudige Python-expressie, voorbeeld: status in (&quot;Gesloten&quot;, &quot;Geannuleerd&quot;)",
"Simple Python Expression, Example: Status in (""Invalid"")","Eenvoudige Python-expressie, voorbeeld: status in (&quot;Ongeldig&quot;)",
"Simple Python Expression, Example: status == 'Open' and type == 'Bug'","Eenvoudige Python-expressie, voorbeeld: status == &#39;Open&#39; en type == &#39;Bug&#39;",
Simultaneous Sessions,Gelijktijdig Sessions,
Single Types have only one record no tables associated. Values are stored in tabSingles,Enkele soorten hebben slechts een record geen tafels verbonden . Waarden worden opgeslagen in tabSingles,
Skip Authorization,Sla Authorization,
Skype,Skype,
Slack,speling,
Slack Channel,Slack Channel,
Slack Webhook URL,Slack Webhook-URL,
Slideshow,Diashow,
Slideshow Items,Diashow Items,
Slideshow Name,Diashow Naam,
Slideshow like display for the website,Diashow als display voor de website,
Small Text,Kleine tekst,
Smallest Currency Fraction Value,Kleinste Valuta fractiewaarde,
Smallest circulating fraction unit (coin). For e.g. 1 cent for USD and it should be entered as 0.01,"Kleinste circulerende fractie eenheid (munt). Voor bijvoorbeeld 1 cent voor USD en het moet worden ingevoerd als 0,01",
Social,sociaal,
Social Link Settings,Social Link-instellingen,
Social Link Type,Type sociale link,
Social Login Key,Social Login Key,
Social Login Provider,Social Login Provider,
Social Logins,Social logins,
Soft-Bounced,Soft-Bounced,
Sort Field,Sorteren Veld,
Sort Order,Sorteervolgorde,
Source,Bron,
Source Name,Bron naam,
Source Text,bron tekst,
Spam,Spam,
SparkPost,SparkPost,
Standard,Standaard,
Standard Sidebar Menu,Standard Sidebar Menu,
Start Date,Startdatum,
Start Date Field,Begindataveld,
Start Time,Starttijd,
StartTLS,StartTLS,
Started,Begonnen,
Starts on,Begint op,
State,Staat,
State/Province,Staat / provincie,
States,Statussen,
Static Parameters,Statische Parameters,
Stats,Statistieken,
Stats Time Interval,Statistieken Tijdsinterval,
Status,Status,
Step,Stap,
Steps,Stappen,
Stopped,Gestopt,
Stores the JSON of last known versions of various installed apps. It is used to show release notes.,Slaat de JSON van de laatst bekende versies van de verschillende geïnstalleerde apps. Het wordt gebruikt om de release notes zien.,
Style,Stijl,
Style Settings,Stijlinstellingen,
"Style represents the button color: Success - Green, Danger - Red, Inverse - Black, Primary - Dark Blue, Info - Light Blue, Warning - Orange","Stijl staat voor de kleur van de knoppen: Succes - Groen, Gevaar - Rood, Inverse - Zwart, Lager - Dark Blue, Info - Light Blue, Waarschuwing - Oranje",
Stylesheet,Stylesheet,
"Sub-currency. For e.g. ""Cent""",Sub-valuta. Voor bijvoorbeeld &quot;Cent&quot;,
Sub-domain provided by erpnext.com,Subdomein aangeleverd door erpnext.com,
Subdomain,Subdomein,
Subject,Onderwerp,
Subject Field,Onderwerp veld,
Submit,Indienen,
Submit After Import,Verzenden na importeren,
Submitted,Ingediend,
Subsidiary,Dochteronderneming,
Subtitle,subtitel,
Success,Succes,
Success Action,Succesactie,
Success Message,Succes Bericht,
Success URL,Succes URL,
Sum,Som,
Sunday,Zondag,
Symbol,Symbool,
Sync,Synchroniseren,
Sync with Google Calendar,Synchroniseren met Google Agenda,
Sync with Google Contacts,Synchroniseer met Google Contacten,
System,Systeem,
System Console,Systeemconsole,
System Manager,System Manager,
System Notification,Systeemmelding,
System Page,Systeempagina,
System Settings,Systeeminstellingen,
System managers are allowed by default,Systeembeheerders zijn standaard toegestaan,
Table,Tabel,
Table Break,Tafelonderbreking,
Table HTML,Tabel HTML,
Table MultiSelect,Tafel MultiSelect,
Tag,Label,
Tag Link,Tag Link,
Target,Doel,
Tax Category,Belastingcategorie,
Team Members,Teamleden,
Team Members Heading,Teamleden Koptekst,
Template,Sjabloon,
Template Options,Sjabloonopties,
Template Warnings,Sjabloonwaarschuwingen,
Text,Tekst,
Text Align,Tekst uitlijnen,
Text Color,Tekst Kleur,
Text Content,text Content,
Text Editor,Text Editor,
The name that will appear in Google Calendar,De naam die in Google Agenda wordt weergegeven,
The user from this field will be rewarded points,De gebruiker uit dit veld krijgt punten,
The webhook will be triggered if this expression is true,De webhook wordt geactiveerd als deze uitdrukking waar is,
Theme,Thema,
Theme Configuration,Thema configuratie,
Theme URL,Thema-URL,
These values will be automatically updated in transactions and also will be useful to restrict permissions for this user on transactions containing these values.,These values will be automatically updated in transactions and also will be useful to restrict permissions for this user on transactions containing these values.,
Third Party Authentication,Third Party Authentication,
This card will be available to all Users if this is set,Deze kaart is beschikbaar voor alle gebruikers als deze is ingesteld,
This chart will be available to all Users if this is set,Deze grafiek is beschikbaar voor alle gebruikers als deze is ingesteld,
This format is used if country specific format is not found,Dit formaat wordt gebruikt als landspecifiek formaat niet kan worden gevonden,
This goes above the slideshow.,Dit staat boven de diavoorstelling.,
This is an example Google SERP Preview.,Dit is een voorbeeld van een Google SERP Preview.,
This is the number of the last created transaction with this prefix,Dit is het nummer van de laatst gemaakte transactie met dit voorvoegsel,
This will be shown in a modal after routing,Dit wordt na routing in een modaal weergegeven,
This will be shown to the user in a dialog after routing to the report,Dit wordt aan de gebruiker getoond in een dialoogvenster nadat het naar het rapport is gestuurd,
Thumbnail URL,Miniatuur URL,
Thursday,Donderdag,
Time,Tijd,
Time Format,Tijd formaat,
Time Interval,Tijdsinterval,
Time Series,Tijdreeksen,
Time Series Based On,Tijdreeks gebaseerd op,
Time Zone,Tijdzone,
Time Zones,Tijdzones,
Time format,Tijd formaat,
Time in seconds to retain QR code image on server. Min:<strong>240</strong>,Tijd in seconden om QR code-afbeelding op server te behouden. Min: <strong>240</strong>,
Timeline,Tijdlijn,
Timeline DocType,Timeline DocType,
Timeline Field,Timeline Field,
Timeline Links,Tijdlijn koppelingen,
Timeline Name,Timeline Naam,
Timeseries,Tijdreeksen,
Timespan,Tijdspanne,
Timestamp,Timestamp,
Title,Titel,
Title Field,Titelveld,
Title Prefix,Titel Voorvoegsel,
To,Naar,
To Date,Tot Datum,
To Date Field,Tot op heden veld,
To and CC,Aan en CC,
"To use Slack Channel, add a <a href=""#List/Slack%20Webhook%20URL/List"">Slack Webhook URL</a>.","Om Slack Channel te gebruiken, voegt u een <a href=""#List/Slack%20Webhook%20URL/List"">Slack Webhook-URL toe</a> .",
ToDo,Actie,
Token,blijk,
Top,Top,
Top Bar Item,Top Bar Item,
Top Bar Items,Top Bar Items,
Topic,Onderwerp,
Total Subscribers,Totaal Abonnees,
Total number of emails to sync in initial sync process ,Totaal aantal e-mails te synchroniseren in eerste synchronisatie proces,
Traceback,Herleiden,
Track Changes,Spoorwissel,
Track Email Status,Volg e-mailstatus,
Track Field,Volg veld,
Track Seen,Track Seen,
Track Views,Trackweergaven,
Track milestones for any document,Mijlpalen bijhouden voor elk document,
Transaction Hash,Transactie Hash,
Transaction Log,Transactielogboek,
Transaction Log Report,Transactielogboekrapport,
Transition Rules,Overgang Regels,
Transitions,Overgangen,
Translatable,vertaalbaar,
Translated Text,vertaalde tekst,
Translation,Vertaling,
Trash,uitschot,
Tree,Boom,
Tree structures are implemented using Nested Set,Boomstructuren worden geïmplementeerd met behulp van Nested Set,
Trigger Method,Trigger Methode,
"Trigger on valid methods like ""before_insert"", ""after_update"", etc (will depend on the DocType selected)","Trigger geldige methoden zoals &quot;before_insert&quot;, &quot;after_update&quot;, etc (hangt af van de geselecteerde DocType)",
Tuesday,Dinsdag,
Two Factor Authentication,Twee Factor Authentication,
Two Factor Authentication method,Twee Factor Authentication methode,
Type,Type,
UID,UID,
UIDNEXT,UIDNEXT,
UIDVALIDITY,UIDVALIDITY,
UNSEEN,ONGEZIEN,
URL,URL,
URL for documentation or help,URL voor documentatie of hulp,
URL to go to on clicking the slideshow image,URL om naar toe te gaan door op de afbeelding van de diavoorstelling te klikken,
Unassign Condition,Toewijzing ongedaan maken,
Unhandled Email,unhandled Email,
Unique,Uniek,
Unread,Ongelezen,
Unread Notification Sent,Melding 'Ongelezen' verstuurd,
Unshared,ongedeelde,
Unsubscribe Method,Afmelden Methode,
Unsubscribe Param,Afmelden Param,
Unsubscribed,Uitgeschreven,
Update,Bijwerken,
Update Existing Records,Bestaande records bijwerken,
Update Field,Veld bijwerken,
Update Series Number,Serienummer bijwerken,
Update Settings,Update-instellingen,
Update Value,Waarde bijwerken,
Updated,Bijgewerkt,
Uploaded To Dropbox,Geupload naar Dropbox,
Uploaded To Google Drive,Geupload naar Google Drive,
Use % for any non empty value.,Gebruik% voor elke niet-lege waarde.,
Use ASCII encoding for password,Gebruik ASCII-codering voor wachtwoord,
Use IMAP,Met IMAP,
Use POST,Gebruik POST,
Use Report Chart,Gebruik rapportdiagram,
Use SSL,Gebruik SSL,
Use TLS,gebruik TLS,
Use this fieldname to generate title,Gebruik deze veldnaam om de titel te genereren,
User,Gebruiker,
User ,Gebruiker,
User Agent,User Agent,
User Cannot Create,Gebruiker kan niet aanmaken,
User Cannot Search,Gebruiker kan niet zoeken,
User Defaults,Gebruiker Standaardwaarden,
User Details,gebruikersdetails,
User Email,gebruiker E-mail,
User Emails,gebruiker Emails,
User Field,Gebruikersveld,
User ID,Gebruikers-ID,
User ID Property,Gebruiker ID Eigendom,
User ID of a Blogger,Gebruikers-ID van een Blogger,
User Id,Gebruikersnaam,
User Image,Gebruiker Afbeelding,
User Name,Gebruikersnaam,
User Permission,Gebruikersmachtiging,
User Profile,Gebruikersprofiel,
User Social Login,Gebruikers sociale login,
User Tags,Gebruiker-tags,
User Type,Gebruikerstype,
User can login using Email id or Mobile number,Gebruiker kan inloggen met e-mail id of mobiel nummer,
User can login using Email id or User Name,Gebruiker kan inloggen met e-mail id of gebruikersnaam,
User must always select,Gebruiker moet altijd kiezen,
Username,Gebruikersnaam,
Users,Gebruikers,
Users assigned to the reference document will get points.,"Gebruikers die aan het referentiedocument zijn toegewezen, krijgen punten.",
Valid,Geldig,
Validate Field,Valideer veld,
Validity,Geldigheid,
Value,Waarde,
Value Based On,Op basis van waarde,
Value Change,Waarde Veranderen,
Value Changed,Waarde Veranderd,
Value To Be Set,Waarde om te worden ingesteld,
Value from this field will be set as the due date in the ToDo,De waarde van dit veld wordt ingesteld als de vervaldatum in de taak,
Value to Validate,Waarde om te valideren,
Verdana,Verdana,
Verified,geverifieerd,
Version,Versie,
Video URL,Video URL,
View,Uitzicht,
View Log,Bekijk log,
View Properties (via Customize Form),Bekijk Properties (via Customize Form),
View Report,Bekijk het rapport,
View Settings,Bekijk instellingen,
View Website,Bekijk Website,
Viewed By,Bekeken door,
Visit,Bezoeken,
Warehouse,Magazijn,
Warning,Waarschuwing,
Watch Video,Bekijk video,
Web Form,Web Form,
Web Form Field,Webformulier invulveld,
Web Form Fields,Webformulier invulvelden,
Web Page,Webpagina,
Web Page Block,Webpaginablok,
Web Page View,Webpaginaweergave,
Web Template,Websjabloon,
Web Template Field,Websjabloon veld,
Web Template Values,Waarden van websjablonen,
Web View,Webweergave,
Webhook,webhook,
Webhook Data,Webhook Data,
Webhook Header,Webhook Header,
Webhook Headers,Webhook Headers,
Webhook Request,Webhook aanvraag,
Webhook Secret,Webhook Secret,
Webhook Security,Webhook-beveiliging,
Webhook Trigger,Webhook-trigger,
Webhook URL,Webhook-URL,
Website,Website,
Website Analytics,Website-analyse,
Website Manager,Website Manager,
Website Meta Tag,Website-metatag,
Website Route Meta,Website Route Meta,
Website Route Redirect,Website-route omleiden,
Website Script,Website Script,
Website Settings,Website instellingen,
Website Sidebar,Website Sidebar,
Website Sidebar Item,Website Sidebar Item,
Website Slideshow,Website Diashow,
Website Slideshow Item,Website Diashow Item,
Website Theme,Website Theme,
Website Theme Ignore App,Website-thema App negeren,
Website Theme Image,Website Theme Afbeelding,
Website Theme Image Link,Website Theme Afbeelding Link,
Wednesday,Woensdag,
Weekdays,Doordeweekse dagen,
Weekly,Wekelijks,
Weekly Long,Wekelijks lang,
Welcome Email Template,Welkom e-mailsjabloon,
"When enabled this will allow guests to upload files to your application, You can enable this if you wish to collect files from user without having them to log in, for example in job applications web form.","Indien ingeschakeld, kunnen gasten bestanden naar uw toepassing uploaden. U kunt dit inschakelen als u bestanden van de gebruiker wilt verzamelen zonder dat ze hoeven in te loggen, bijvoorbeeld in het webformulier voor sollicitaties.",
Which view of the associated DocType should this shortcut take you to?,Naar welke weergave van het bijbehorende DocType moet deze snelkoppeling u leiden?,
Width,Breedte,
Wildcard Filter,Jokertekenfilter,
"Will add ""%"" before and after the query",Zal &quot;%&quot; voor en na de zoekopdracht toevoegen,
Will be used in url (usually first name).,Wordt gebruikt in url (meestal voornaam).,
Will run scheduled jobs only once a day for inactive sites. Default 4 days if set to 0.,Voert geplande taken slechts eenmaal per dag uit voor inactieve sites. Standaard 4 dagen indien ingesteld op 0.,
Workflow,Workflow,
Workflow Action,Workflow Actie,
Workflow Action Master,Workflow Actie Master,
Workflow Action Name,Workflow Actie Naam,
Workflow Action is not created for optional states,Workflowactie wordt niet gemaakt voor optionele statussen,
Workflow Document State,Workflow Document Status,
Workflow Name,Workflow Naam,
Workflow State,Workflow Status,
Workflow State Field,Workflow Status Veld,
Workflow Transition,Workflow Overgang,
Workflow state represents the current state of a document.,Workflow status vertegenwoordigt de huidige toestand van een document.,
Write,Schrijven,
X Field,X veld,
XLSX,XLSX,
Y Axis,Y-as,
Y Field,Y veld,
Yahoo Mail,Yahoo Mail,
Yandex.Mail,Yandex.Mail,
Year,Jaar,
Yearly,Jaarlijks,
Yellow,Geel,
Yes,Ja,
Your organization name and address for the email footer.,Naam van uw organisatie en het adres van de e-mail voettekst.,
Zero means send records updated at anytime,Nul betekent dat u op elk gewenst moment de gegevens bijwerkt,
_doctype,_doctype,
_report,_rapport,
adjust,aanpassen,
after_insert,after_insert,
align-center,align-center,
align-justify,align-justify,
align-left,align-left,
align-right,align-right,
arrow-down,arrow-down,
arrow-left,pijl-links,
arrow-right,pijl-rechts,
arrow-up,pijl-up,
asterisk,sterretje,
backward,achterwaarts,
ban-circle,ban-cirkel,
barcode,barcode,
bell,bel,
blue,blauw,
bold,Vet,
book,boek,
bookmark,bladwijzer,
briefcase,koffer,
bullhorn,megafoon,
calendar,kalender,
camera,camera,
certificate,certificaat,
check,controleren,
chevron-down,chevron-down,
chevron-left,chevron-links,
chevron-right,chevron-rechts,
chevron-up,chevron-up,
circle-arrow-down,circle-arrow-down,
circle-arrow-left,cirkel-pijl-links,
circle-arrow-right,cirkel-pijl-rechts,
circle-arrow-up,cirkel-pijl-up,
cog,tandwiel,
comment,Reactie,
darkgrey,donker grijs,
dd-mm-yyyy,dd-mm-jjjj,
dd.mm.yyyy,dd.mm.jjjj,
dd/mm/yyyy,dd/mm/jjjj,
download,Download,
download-alt,download-alt,
"e.g. ""Support"", ""Sales"", ""Jerry Yang""","bijv. ""Ondersteuning "","" Verkoop "",""Henk de Vries""",
e.g. pop.gmail.com / imap.gmail.com,bv pop.gmail.com / imap.gmail.com,
e.g. replies@yourcomany.com. All replies will come to this inbox.,bijv. antwoord@uwbedrijf.nl. Alle antwoorden zullen op deze inbox binnenkomen.,
e.g. smtp.gmail.com,bv smtp.gmail.com,
edit,Bewerken,
eject,uitwerpen,
email,e-mail,
envelope,envelop,
exclamation-sign,uitroepteken,
eye-close,oog-gesloten,
eye-open,oog-open,
facebook,facebook,
facetime-video,FaceTime-video,
fairlogin,fairlogin,
fast-backward,snel achteruit,
fast-forward,snel vooruit,
file,bestand,
film,film,
filter,filter,
fire,brand,
flag,vlag,
folder-close,map-close,
folder-open,map te openen,
font,font,
forward,vooruit,
fullscreen,volledig scherm,
gift,gift,
glass,glas,
globe,wereldbol,
green,groen,
hand-down,hand-neer,
hand-left,hand-links,
hand-right,hand-rechts,
hand-up,hand-op,
hdd,hdd,
headphones,hoofdtelefoon,
heart,hart,
home,huis,
icon,pictogram,
in minutes,in minuten,
inbox,Inbox,
indent-left,inspringing-links,
indent-right,inspringing-rechts,
info-sign,info-teken,
italic,cursief,
leaf,blad,
link,Link,
linkedin,LinkedIn,
list,lijst,
list-alt,list-alt,
lock,slot,
magnet,magneet,
map-marker,kaart-marker,
minus,minus,
minus-sign,min-teken,
mm-dd-yyyy,mm-dd-jjjj,
mm/dd/yyyy,mm/dd/jjjj,
module,Module,
move,verhuizing,
music,Muziek,
no failed attempts,geen mislukte pogingen,
off,uit,
ok,OK,
ok-circle,ok-cirkel,
ok-sign,ok-teken,
old_parent,old_parent,
on_cancel,on_cancel,
on_change,on_change,
on_submit,on_submit,
on_trash,on_trash,
on_update,on_update,
on_update_after_submit,on_update_after_submit,
orange,oranje,
page,Pagina,
pause,pauze,
pencil,potlood,
picture,afbeelding,
plane,vliegtuig,
play,spelen,
play-circle,play-cirkel,
plus,plus,
plus-sign,plus-teken,
print,afdruk,
purple,Purper,
qrcode,qrcode,
query-report,vraag-rapport,
question-sign,vraagteken,
random,toevallig,
red,rood,
refresh,vernieuwen,
remove,verwijderen,
remove-circle,remove-cirkel,
remove-sign,remove-teken,
repeat,herhaling,
resize-full,resize-full,
resize-horizontal,resize-horizontale,
resize-small,resize-small,
resize-vertical,resize-verticale,
response,antwoord,
retweet,retweet,
road,weg,
screenshot,screenshot,
search,zoeken,
share,aandeel,
share-alt,delen-alt,
shopping-cart,shopping-cart,
signal,signaal,
star,ster,
star-empty,star-leeg,
step-backward,step-achteruit,
step-forward,stap-vooruit,
stop,hou op,
tag,Tag,
tags,tags,
tasks,taken,
text-height,text-height,
text-width,text-width,
th,th,
th-large,th-large,
th-list,th-list,
thumbs-down,duim-omlaag,
thumbs-up,duim-omhoog,
time,tijd,
tint,tint,
trash,prullenbak,
twitter,twitter,
upload,uploaden,
user,gebruiker,
volume-down,volume-omlaag,
volume-off,volume-uit,
volume-up,volume-omhoog,
warning-sign,waarschuwing-teken,
wrench,moersleutel,
yellow,geel,
yyyy-mm-dd,jjjj-mm-dd,
zoom-in,inzoomen,
zoom-out,uitzoomen,
