"""Company History""",&quot;Selskapets historie&quot;,
"""Team Members"" or ""Management""",&quot;Team medlemmer&quot; eller &quot;Management&quot;,
&lt;head&gt; HTML,&lt;head&gt; HTML,
**Currency** Master,** Valuta ** Master,
0 - Draft; 1 - Submitted; 2 - Cancelled,0 - Utkast; 1 - Skrevet; 2 - Avlyst,
0 is highest,0 er høyest,
A list of resources which the Client App will have access to after the user allows it.<br> e.g. project,En liste over ressurser som klient app vil ha tilgang til etter at brukeren tillater det. <br> f.eks prosjekt,
A symbol for this currency. For e.g. $,Et symbol for denne valuta. For eksempel $,
A4,A4,
ALL,Alt,
API,API,
API Access,API-tilgang,
API Endpoint,API Endpoint,
API Endpoint Args,API Endpoint Args,
API Key,API-nøkkel,
API Method,API-metode,
API Secret,API Secret,
ASC,ASC,
About Us Settings,Om oss Innstillinger,
About Us Team Member,Om oss Team Member,
Access Key ID,Tilgangsnøkkel-ID,
Access Key Secret,Få tilgang til nøkkelhemmeligheten,
Access Log,Tilgangslogg,
Access Token,Tilgang Token,
Access Token URL,Tilgangstoken URL,
Account,Konto,
Accounts Manager,Accounts Manager,
Accounts User,Regnskap User,
Action,Handling,
Action / Route,Handling / Rute,
Action Timeout (Seconds),Action Timeout (sekunder),
Action Type,Handlingstype,
Actions,Handlinger,
Active,Aktiv,
Active Domains,Aktive domener,
Activity Log,Aktivitetsloggen,
Add Container,Legg til beholder,
Add Custom Tags,Legg til egendefinerte koder,
Add Gray Background,Legg til grå bakgrunn,
Add Signature,Legg Signatur,
Add Total Row,Legg Total Row,
Add Unsubscribe Link,Legg avmeldingslinken,
"Added HTML in the &lt;head&gt; section of the web page, primarily used for website verification and SEO","Lagt HTML i &lt;head&gt; delen av nettsiden, primært brukes til nettstedet verifikasjon og SEO",
Additional Permissions,Ytterligere Tillatelser,
Address,Adresse,
Address And Contacts,Adresse og kontakter,
Address Line 1,Adresselinje 1,
Address Line 2,Adresselinje 2,
Address Template,Adresse Mal,
Address Title,Adresse Tittel,
Address Type,Adressetype,
Address and other legal information you may want to put in the footer.,Adresse og annen juridisk informasjon du ønsker å sette i bunnteksten.,
Addresses And Contacts,Adresser og kontakter,
Adds a custom field to a DocType,Legger til et egendefinert felt til en DOCTYPE,
Administrator,Administrator,
Advanced,Avansert,
Advanced Control,Avansert kontroll,
Advanced Settings,Avanserte innstillinger,
After Cancel,Etter avbryt,
After Delete,Etter sletting,
After Save,Etter lagre,
After Save (Submitted Document),Etter lagring (innsendt dokument),
After Submit,Etter innsending,
Aggregate Function Based On,Samlet funksjon basert på,
Alert,Varsling,
Align Labels to the Right,Juster etiketter til høyre,
Align Right,Juster riktig,
All,Alle,
All Day,Hele Dagen,
Allocated To,Avsatt til,
Allot Points To Assigned Users,Tildel poeng til tildelte brukere,
Allow,Tillate,
Allow Auto Repeat,Tillat automatisk gjenta,
Allow Bulk Edit,Tillat Bulk Edit,
Allow Comments,Tillat Kommentarer,
Allow Consecutive Login Attempts ,Tillat sammenhengende påloggingsforsøk,
Allow Delete,Tillat Slett,
Allow Dropbox Access,Tillat Dropbox Tilgang,
Allow Guest,Tillat gjest,
Allow Guest to View,Tillat gjeste til Vis,
Allow Guests to Upload Files,Tillat gjestene å laste opp filer,
Allow Import (via Data Import Tool),Tillate import (via dataimport Tool),
Allow Incomplete Forms,Tillat Ufullstendige skjemaer,
Allow Login After Fail,Tillat innlogging etter feil,
Allow Login using Mobile Number,Tillat innlogging ved hjelp av mobilnummer,
Allow Login using User Name,Tillat innlogging med brukernavn,
Allow Modules,Tillat moduler,
Allow Print,lar utskrifts,
Allow Print for Cancelled,Lar utskrifts for avbrutt,
Allow Print for Draft,Lar utskrifts for Draft,
Allow Read On All Link Options,Tillat lesing på alle koblingsalternativer,
Allow Rename,Tillat Rename,
Allow Roles,Tillat Roller,
Allow Self Approval,Tillat selv godkjenning,
Allow approval for creator of the document,Tillat godkjenning for skaperen av dokumentet,
Allow document creation via Email,Tillat oppretting av dokumenter via e-post,
Allow events in timeline,Tillat hendelser i tidslinjen,
Allow in Quick Entry,Tillat i hurtigoppføring,
Allow on Submit,Tillat på Send,
Allow only one session per user,Tillat bare én økt per bruker,
Allow page break inside tables,Tillate sideskift inni tabeller,
Allow saving if mandatory fields are not filled,Tillat å spare hvis obligatoriske feltene ikke er fylt,
Allow user to login only after this hour (0-24),Tillater brukeren å logge inn først etter denne timen (0-24),
Allow user to login only before this hour (0-24),Tillater brukeren å logge bare før denne timen (0-24),
Allowed,Tillatt,
Allowed In Mentions,Tillatt i omtaler,
"Always add ""Draft"" Heading for printing draft documents",Alltid legge til &quot;Draft&quot; Overskrift for utskrift av utkast til dokumenter,
Amend,endre,
Amended From,Endret Fra,
An icon file with .ico extension. Should be 16 x 16 px. Generated using a favicon generator. [favicon-generator.org],Et ikon fil med ICO forlengelse. Bør være 16 x 16 px. Generert ved hjelp av et favorittikon generator. [favicon-generator.org],
Analytics,Analytics,
Annual,Årlig,
Anonymous,Anonym,
Any string-based printer languages can be used. Writing raw commands requires knowledge of the printer's native language provided by the printer manufacturer. Please refer to the developer manual provided by the printer manufacturer on how to write their native commands. These commands are rendered on the server side using the Jinja Templating Language.,Alle strengbaserte skriverspråk kan brukes. Å skrive rå kommandoer krever kunnskap om skriverens morsmål som leveres av skriverprodusenten. Se utviklerhåndboken som leveres av skriverprodusenten for hvordan du skriver innfødte kommandoer. Disse kommandoene blir gjengitt på serversiden ved hjelp av Jinja Templating Language.,
App,App,
App Access Key,App tilgangsnøkkel,
App Client ID,App-klient-ID,
App Client Secret,App Client Secret,
App Name,App Name,
App Secret Key,App hemmelig nøkkel,
Append Emails to Sent Folder,Legg e-post til sendt mappe,
Append To,Føy til,
Applicable For,Aktuelt For,
Application Logo,Søknadslogo,
Application Name,Programnavn,
Application Version,Søknadsversjon,
Applied On,Påført,
Apply Document Permissions,Bruk dokumenttillatelser,
Apply Only Once,Bruk bare en gang,
Apply Strict User Permissions,Bruk Strenge Bruker Tillatelser,
Apply To All Document Types,Gjelder alle dokumenttyper,
Apply this rule if the User is the Owner,Gjelder denne regelen dersom Bruker er eier,
Apply this rule only once per document,Bruk denne regelen bare en gang per dokument,
Appreciation,Verdsettelse,
Archived,Arkivert,
Arial,Arial,
Assign Condition,Tildel tilstand,
Assign To Users,Tildel til brukere,
Assigned,Assigned,
Assigned By,Tildelt av,
Assigned By Full Name,Tildelt av Fullt navn,
Assignment,Tildeling,
Assignment Completed,Overdragelse Fullført,
Assignment Days,Oppdragsdager,
Assignment Rule,Oppdragsregel,
Assignment Rule Day,Oppdragsregelens dag,
Assignment Rule User,Tilordningsregelbruker,
Assignment Rules,Oppdragsregler,
Assignments,oppdrag,
Attach,Fest,
Attach Image,Fest bilde,
Attach Print,Fest Print,
Attached File,Vedlagt fil,
Attached To DocType,Festet til DOCTYPE,
Attached To Field,Vedlagt til felt,
Attached To Name,Festet til navn,
Attachment,Vedlegg,
Attachment Limit (MB),Limit vedlegg (MB),
Attachment Link,Vedleggskobling,
Attachment Removed,Vedlegg Fjernet,
Attachments,vedlegg,
Auth URL Data,Auth URL-data,
Authentication,Autentisering,
Author,Forfatter,
Authorization Code,Godkjennelseskoden,
Authorize API Indexing  Access,Autoriser API-indekseringstilgang,
Authorize Google Calendar Access,Autoriser Google Kalender-tilgang,
Authorize Google Contacts Access,Tillat tilgang til Google-kontakter,
Authorize Google Drive Access,Autoriser Google Drive Access,
Authorize URL,Godkjenn nettadressen,
Authorized,autorisert,
Auto,Auto,
Auto Email Report,Auto E-postrapport,
Auto Name,Auto Name,
Auto Repeat,Auto Repeat,
Auto Reply Message,Auto svarmelding,
Automatically Assign Documents to Users,Tilordne dokumenter automatisk til brukere,
Automation,Automasjon,
Avatar,Avatar,
Average,Gjennomsnitt,
Awaiting Password,Venter på passord,
Awaiting password,Venter passord,
BCC,BCC,
Background Color,Bakgrunnsfarge,
Background Workers,bakgrunns~~POS=TRUNC Workers,
Backup Details,Sikkerhetskopieringsdetaljer,
Backup Files,Backup filer,
Backup Folder ID,Mappe-ID for sikkerhetskopi,
Backup Folder Name,Navn på sikkerhetskopimappe,
Backup Frequency,backup Frequency,
Backup public and private files along with the database.,Sikkerhetskopier offentlige og private filer sammen med databasen.,
Backups,sikkerhetskopier,
Banner,Banner,
Banner HTML,Banner HTML,
Banner Image,Banner Image,
Banner is above the Top Menu Bar.,Banner er over den øverste menylinjen.,
Bar,Bar,
Barcode,Barcode,
Base Distinguished Name (DN),Base Unikt navn (DN),
Base URL,Basisadresse,
Based On,Basert På,
Based on Field,Basert på felt,
Based on Permissions For User,Basert på rettighetene til brukeren,
Basic,Grunnleggende,
Before Cancel,Før avbryt,
Before Delete,Før sletting,
Before Insert,Før du setter inn,
Before Save,Før lagre,
Before Save (Submitted Document),Før lagring (innsendt dokument),
Before Submit,Før du sender inn,
Beginner,Nybegynner,
Beta,Beta,
Billing,Billing,
Bio,Bio,
Birth Date,Bursdag,
Block Module,Block Module,
Block Modules,Block Modules,
Blocked,blokkert,
Blog Category,Blogg Kategori,
Blog Intro,Blogg Intro,
Blog Introduction,Blogg Introduksjon,
Blog Post,Blogginnlegg,
Blog Settings,Blogginnstillinger,
Blog Title,Bloggtittel,
Blogger,Blogger,
Blue,Blå,
Bold,Modig,
Bot,Bot,
Bottom,Bunn,
Bounced,Returnerte,
Brand,Brand,
Brand HTML,Brand HTML,
Brand Image,Varemerke,
Breadcrumbs,Brødsmuler,
Browser,Nettleser,
Browser Version,Nettleserversjon,
Brute Force Security,Brute Force Security,
Bucket Name,Bucket Name,
Bulk Update,Bulk Update,
Button,Knapp,
Button Gradients,Knappforløp,
Button Rounded Corners,Knapp avrundede hjørner,
Button Shadows,Button Shadows,
Bypass Restricted IP Address Check If Two Factor Auth Enabled,Omgå begrenset IP-adresse Kontroller om tofaktorautent er aktivert,
Bypass Two Factor Auth for users who login from restricted IP Address,Bypass Two Factor Auth for brukere som logger inn fra begrenset IP-adresse,
Bypass restricted IP Address check If Two Factor Auth Enabled,Bypass-begrenset IP-adressekontroll Hvis to faktorautor aktivert,
CC,CC,
CSS,CSS,
CSS Class,CSS-klasse,
CSV,CSV,
CTA Label,CTA-etikett,
CTA URL,URL til CTA,
Calendar,Kalender,
Calendar Name,Kalendernavn,
Calendar View,Kalendervisning,
Call,Call,
Call To Action,Oppfordring til handling,
Call To Action URL,URL til oppfordring til handling,
Callback Message,Melding om tilbakeringing,
Callback Title,Tittel for tilbakeringing,
Campaign,Kampanje,
Cancel,Avbryt,
Cancelled,avbrutt,
Card,Kort,
Cards,kort,
Category,Kategori,
Category Description,Kategori Beskrivelse,
Category Name,Category Name,
Center,Sentrum,
Chaining Hash,Chaining Hash,
Change Label (via Custom Translation),Endre etikett (via Custom Translation),
Change Password,Bytt passord,
Channel,Kanal,
Chart,Chart,
Chart Configuration,Kartkonfigurasjon,
Chart Name,Kartnavn,
Chart Options,Kartalternativer,
Chart Source,Kartkilde,
Chart Type,Karttype,
Charts,diagrammer,
Chat,Chat,
Check,Kryss av,
Check this if you want to force the user to select a series before saving. There will be no default if you check this.,Sjekk dette hvis du vil tvinge brukeren til å velge en serie før du lagrer. Det blir ingen standard hvis du sjekke dette.,
Checking this will hide custom doctypes and reports cards in Links section,"Hvis du sjekker dette, skjuler du tilpassede dokumenttyper og rapportkort i koblingsdelen",
Checksum Version,Kontrollsum Versjon,
Child Tables are shown as a Grid in other DocTypes,Barnetabeller vises som et rutenett i andre DocTypes,
Choose authentication method to be used by all users,Velg autentiseringsmetode som skal brukes av alle brukere,
City,By,
City/Town,Sted / by,
Clicked,Klikket,
Client,Client,
Client Code,Kundekode,
Client Credentials,klientlegitimasjon,
Client ID,Klient-ID,
Client Information,Klientinformasjon,
Client Script,Client Script,
Client Secret,Klientshemmelighet,
Client URLs,Klientadresser,
Close Condition,Lukk tilstand,
Closed,Stengt,
Code,Kode,
Collapsible,Sammenleggbar,
Collapsible Depends On,Sammenleggbar Avhenger,
Color,Farge,
Column Break,Kolonne Break,
Column Name,Kolonnenavn,
Columns,kolonner,
Columns / Fields,Kolonner / felt,
Comment,Kommentar,
Comment By,Kommentar Av,
Comment Email,Kommentar-e-post,
Comment Type,Kommentar Type,
Comments and Communications will be associated with this linked document,Kommentarer og kommunikasjon vil bli assosiert med denne koblet dokument,
Commit,Begå,
Communication,Kommunikasjon,
Communication Link,Kommunikasjonslink,
Communication Type,kommunikasjon Type,
Compact Item Print,Kompakt Element Skriv ut,
Company History,Selskapets historie,
Company Introduction,Selskapet Innledning,
Company Name,Selskapsnavn,
Complete,Fullstendig,
Completed,fullført,
Component,Komponent,
Condition,Tilstand,
Conditions,Forhold,
Configuration,Konfigurasjon,
Confirmation Email Template,Bekreftelses-e-postmal,
Console,Konsoll,
Console Log,Konsollogg,
Contact,Kontakt,
Contact Details,Kontaktinformasjon,
Contact Email,Kontakt Epost,
Contact Numbers,Kontaktnummer,
Contact Phone,kontakt telefon,
Contact Us Settings,Kontakt oss Settings,
"Contact options, like ""Sales Query, Support Query"" etc each on a new line or separated by commas.","Kontakt alternativer, som &quot;Sales Query, Support Query&quot; etc hver på en ny linje eller atskilt med komma.",
Contacts,Kontakt,
Content,Innhold,
Content (HTML),Innhold (HTML),
Content (Markdown),Innhold (Markdown),
Content Hash,Content Hash,
Content Type,Innholdstype,
Context,Kontekst,
Context Script,Kontekstskript,
Contributed,bidratt,
Contribution Document Name,Bidragsdokumentnavn,
Contribution Status,Bidragsstatus,
Copyright,Opphavsrett,
Core,Kjerne,
Count,Telle,
Count Filter,Tellefilter,
Counter,Disk,
Country,Land,
Country Name,Land Navn,
County,fylke,
Create,Skape,
Create Contacts from Incoming Emails,Opprett kontakter fra innkommende e-poster,
Create Entry,Lag oppføring,
Create Log,Lag logg,
Create and Send Newsletters,Lag og send nyhetsbrev,
Created,laget,
Criticism,Kritikk,
Cron,Cron,
Cron Format,Cron-format,
Currency,Valuta,
Currency Name,Valuta Name,
Currency Precision,Valuta Presisjon,
Current,Nåværende,
Custom,Custom,
Custom Base URL,Tilpasset basisside,
Custom CSS,Custom CSS,
Custom Configuration,Egendefinert konfigurasjon,
Custom DocPerm,Custom DocPerm,
Custom Field,Tilpasset felt,
Custom Format,Custom Format,
Custom HTML Help,Custom HTML-hjelp,
Custom Menu Items,Custom Menu Items,
Custom Options,Egendefinerte alternativer,
Custom Overrides,Tilpasset overstyring,
Custom Report,Tilpasset rapport,
Custom Role,Custom rolle,
Custom SCSS,Tilpasset SCSS,
Custom Sidebar Menu,Custom Sidebar Meny,
Custom?,Custom?,
Customization,tilpasning,
Customize Form,Tilpass Form,
Customize Form Field,Tilpass skjemafelt,
DESC,DESC,
Daily,Daglig,
Daily Long,Daglig lang,
Danger,Fare,
Dark Color,Mørk farge,
Dashboard,dashbord,
Dashboard Chart,Dashborddiagram,
Dashboard Chart Field,Dashbordets kartfelt,
Dashboard Chart Link,Dashborddiagramkobling,
Dashboard Chart Source,Dashborddiagrammekilde,
Dashboard Manager,Dashboard Manager,
Dashboard Name,Navn på dashbord,
Dashboard Settings,Dashboard Innstillinger,
Dashboards,oversikter,
Data,Data,
Data Export,Data Eksport,
Data Import,Dataimport,
Database Engine,database Engine,
Date,Dato,
Date Format,Datoformat,
Date Range,Datointervall,
Date and Number Format,Dato og tallformat,
Datetime,Datetime,
Day,Dag,
Day of Week,Ukedag,
Days After,Dager etter,
Days Before,Dager før,
Days Before or After,Dager før eller etter,
Default,Standard,
Default Incoming,Standard Innkommende,
Default Letter Head,Standard Brevhode,
Default Outgoing,Standard Utgående,
Default Portal Home,Standard portalhus,
Default Print Format,Standard Print Format,
Default Print Language,Standard utskriftsspråk,
Default Redirect URI,Standard Omadresser URI,
Default Role at Time of Signup,Standard rolle ved tidspunktet for registrering,
Default Sort Field,Standard sorteringsfelt,
Default Sort Order,Standard sorteringsrekkefølge,
Default Value,Standardverdi,
"Default: ""Contact Us""",Standard: &quot;Kontakt oss&quot;,
DefaultValue,Standardverdi,
Defaults,Mislighold,
Defines actions on states and the next step and allowed roles.,Definerer handlinger på stater og neste skritt og tillatt roller.,
Defines workflow states and rules for a document.,Definerer arbeidsflyt stater og regler for et dokument.,
Delayed,Forsinket,
Delete,Slett,
Deleted,Slettet,
Deleted DocType,slettet DOCTYPE,
Deleted Document,slettet Document,
Deleted Name,slettet Name,
Delivery Status,Levering Status,
Department,Avdeling,
Dependencies,avhengig,
Depends On,Kommer An På,
Description,Beskrivelse,
"Description for listing page, in plain text, only a couple of lines. (max 200 characters)","Beskrivelse for oppføringssiden, i ren tekst, bare et par linjer. (maks 200 tegn)",
Designation,Betegnelse,
Desk,Skrivebord,
Desk Access,Desk tilgang,
Desktop Icon,Desktop Ikon,
Details,Detaljer,
"Different ""States"" this document can exist in. Like ""Open"", ""Pending Approval"" etc.","Different &quot;States&quot; dette dokumentet kan eksistere i. Like &quot;Open&quot;, &quot;Venter på godkjenning&quot; etc.",
Digits,Sifre,
Disable Auto Refresh,Deaktiver automatisk oppdatering,
Disable Comments,Deaktiver kommentarer,
Disable Count,Deaktiver telling,
Disable SMTP server authentication,Deaktiver autentisering av SMTP-server,
Disable Sidebar Stats,Deaktiver statistikk for sidefelt,
Disable Signup,Deaktiver registrering,
Disable Standard Email Footer,Deaktiver Standard Email Footer,
Disabled,Funksjonshemmede,
Display,Utstilling,
Display Depends On,Visningen avhenger,
Doc Event,Doc Event,
Doc Events,Dok hendelser,
Doc Status,Doc Status,
DocField,DocField,
DocPerm,DocPerm,
DocShare,DocShare,
DocType,DOCTYPE,
DocType Action,DocType-handling,
DocType Event,DocType-hendelse,
DocType Link,DocType Link,
DocType View,DocType-visning,
DocType is a Table / Form in the application.,DOCTYPE er en tabell / skjema i søknaden.,
DocType on which this Workflow is applicable.,DOCTYPE som denne Workflow er aktuelt.,
Doctype,dOCTYPE,
Document,Dokument,
Document Actions,Dokumenthandlinger,
Document Follow,Følg dokumentet,
Document Link,Dokumentkobling,
Document Links,Dokumentkoblinger,
Document Name,Dokumentnavn,
Document Naming Rule,Dokumentnavnregel,
Document Naming Rule Condition,Regelbetingelser for dokumentnavn,
Document Share,Dokumentandel,
Document Share Report,Dokument Del Rapporter,
Document States,Dokument States,
Document Tag,Dokumentkode,
Document Title,Dokument tittel,
Document Type,Document Type,
Document Type to Track,Dokumenttype som skal spores,
Document Types,Dokumenttyper,
Documentation Link,Dokumentasjonslenke,
Documentation URL,Dokumentasjons-URL,
Domain,Domene,
Domain Settings,Domain Settings,
Domains HTML,Domener HTML,
"Don't HTML Encode HTML tags like &lt;script&gt; or just characters like &lt; or &gt;, as they could be intentionally used in this field","Ikke HTML Encode HTML-tagger som &lt;script&gt; eller bare tegn som &lt;eller&gt;, da de kan bli bevisst brukes i dette feltet",
Don't Override Status,Ikke overstyr Status,
Don't Send Emails,Ikke send e-post,
Donut,Smultring,
Download Backups,Last ned sikkerhetskopier,
Download Template,Last ned Mal,
Dropbox Access Token,Dropbox Access Token,
Dropbox Settings,Dropbox Innstillinger,
Dropdowns,Nedbrudd,
Due Date,Tidsfrist,
Due Date Based On,Forfallsdato basert på,
Duration,Varighet,
Dynamic Filters,Dynamiske filtre,
Dynamic Filters JSON,Dynamiske filtre JSON,
Dynamic Filters Section,Seksjon for dynamiske filtre,
Dynamic Link,Dynamic Link,
Dynamic Report Filters,Dynamiske rapportfilter,
Dynamic Route,Dynamisk rute,
Dynamic Template,Dynamisk mal,
Edit,Redigere,
Edit Values,Rediger verdier,
Editable Grid,redigerbar Grid,
Eg. smsgateway.com/api/send_sms.cgi,Eg. smsgateway.com/api/send_sms.cgi,
Email,e-post,
Email Account,E-postkonto,
Email Account Name,E-post Kontonavn,
Email Address,Epostadresse,
Email Address whose Google Contacts are to be synced.,E-postadresse hvis Google-kontakter skal synkroniseres.,
Email Addresses,E-post adresse,
Email Domain,e-post Domain,
Email Flag Queue,E-post Flag Queue,
Email Footer Address,E-post Footer Adresse,
Email Group,E-post-konsernet,
Email Group Member,Send e-post Gruppe Medlem,
Email ID,Epost id,
Email IDs,E-IDer,
Email Id,E-ID,
Email Inbox,E-post innboks,
Email Queue,E-post Queue,
Email Queue Recipient,E-post Queue Mottaker,
Email Queue records.,E-post Queue poster.,
Email Reply Help,E-post Svar Hjelp,
Email Rule,e-post Rule,
Email Sent,E-post sendt,
Email Settings,E-postinnstillinger,
Email Signature,E-signatur,
Email Status,e-post Status,
Email Sync Option,E-post Sync Option,
Email Template,E-postskjema,
Email To,E-post til,
Email Unsubscribe,E-post Meld av,
Emails will be sent with next possible workflow actions,E-postmeldinger vil bli sendt med neste mulige arbeidsflythandlinger,
Enable,Aktiver,
Enable Auto Reply,Aktiver automatisk svar,
Enable Automatic Backup,Aktiver automatisk sikkerhetskopiering,
Enable Automatic Linking in Documents,Aktiver automatisk kobling i dokumenter,
Enable Comments,Aktiver Kommentarer,
Enable Email Notifications,Aktiver e-postvarsler,
Enable Google Indexing,Aktiver Google Indeksering,
Enable In App Website Tracking,Aktiver sporing av appnettsteder,
Enable Incoming,Aktivere innkommende,
Enable Onboarding,Aktiver ombordstigning,
Enable Outgoing,Aktiver utgående,
Enable Password Policy,Aktiver passordspolicy,
Enable Print Server,Aktiver utskriftsserver,
Enable Raw Printing,Aktiver rå utskrift,
Enable Scheduled Jobs,Aktiver Planlagte Jobs,
Enable Security,Aktiver sikkerhet,
Enable Social Login,Aktiver sosial pålogging,
Enable Social Sharing,Aktiver sosial deling,
Enable Two Factor Auth,Aktiver to faktorauth,
Enabled,Aktivert,
End Date,Sluttdato,
End Date Field,Sluttdato felt,
Endpoint URL,Endpoint-URL,
Endpoints,endepunkter,
Ends on,Slutter på,
Energy Point,Energipunkt,
Energy Point Log,Energipunktlogg,
Energy Point Rule,Energy Point-regel,
Energy Point Settings,Innstillinger for energipunkt,
Energy Points,Energipoeng,
Enter Form Type,Skriv inn skjematype,
"Enter default value fields (keys) and values. If you add multiple values for a field, the first one will be picked. These defaults are also used to set ""match"" permission rules. To see list of fields, go to ""Customize Form"".","Angi standardverdifelt (taster) og verdier. Hvis du legger til flere verdier for et felt, vil den første bli plukket. Disse standardene er også brukt til å sette &quot;kamp&quot; tillatelses regler. For å se listen over felt, gå til &quot;Tilpass Form&quot;.",
"Enter static url parameters here (Eg. sender=ERPNext, username=ERPNext, password=1234 etc.)","Skriv inn statiske webadresseparametere her (F.eks. Avsender = ERPNext, brukernavn = ERPNext, passord = 1234 etc.)",
Enter url parameter for message,Skriv inn url parameter for melding,
Enter url parameter for receiver nos,Skriv inn url parameter for mottaker nos,
Error,Feil,
Error Log,feil~~POS=TRUNC,
Error Message,Feilmelding,
Event,Hendelses,
Event Category,Hendelse Kategori,
Event Participants,Eventdeltakere,
Event Type,Hendelsestype,
Everyone,alle,
"Ex: ""colors"": [""#d1d8dd"", ""#ff5858""]","Eks: &quot;farger&quot;: [&quot;# d1d8dd&quot;, &quot;# ff5858&quot;]",
Example,Eksempel,
"Example: ""/desk""",Eksempel: &quot;/ desk&quot;,
Example: #Tree/Account,Eksempel: # Tree / Account,
Example: 00001,Eksempel: 00001,
Example: {{ subject }},Eksempel: {{subject}},
Excel,utmerke,
Exception,Unntak,
Execute,Henrette,
Expert,Ekspert,
Expiration time,utløps~~POS=TRUNC tid,
Expire Notification On,Utløper Notification On,
Expired,Utløpt,
Expires In,utløper om,
Expires On,Går ut på dato den,
Expiry time of QR Code Image Page,Utløpsdato for QR Code Image Page,
Export,Export,
Export From,Eksporter fra,
Expose Recipients,Expose Mottakere,
"Expression, Optional","Expression, Valgfritt",
Facebook,Facebook,
Failed,Mislyktes,
FavIcon,Favicon,
Fax,Fax,
Featured,Utvalgt,
Feedback,Tilbakemelding,
Feedback Request,Tilbakemelding Etterspør,
Fetch From,Hent fra,
Field,feltet,
Field Description,Felt Beskrivelse,
Field Name,Feltnavn,
Field To Check,Felt å sjekke,
Field Type,Felttype,
"Field that represents the Workflow State of the transaction (if field is not present, a new hidden Custom Field will be created)","Feltet som representerer Arbeidsflyt State of the transaksjonen (dersom feltet er ikke er til stede, en ny skjult Custom Feltet vil bli opprettet)",
Field to Track,Felt å spore,
Fieldname,Feltnavn,
Fields,Felt,
Fields Multicheck,Felter Multicheck,
"Fields separated by comma (,) will be included in the ""Search By"" list of Search dialog box","Felt atskilt med komma (,) vil bli inkludert i &quot;Søk etter&quot; liste over dialogboksen Søk",
Fieldtype,Fieldtype,
File,Fil,
File Backup,File Backup,
File Information,Filinformasjon,
File Name,Filnavn,
File Size,Filstørrelse,
File Type,Filtype,
File URL,Filen URL,
Files,filer,
Filter Data,Filtreringsdata,
Filter List,Filterliste,
Filter Meta,Filter Meta,
Filter Name,Filternavn,
Filter Values,Filtrer verdier,
Filters,Filtre,
Filters Configuration,Filterkonfigurasjon,
Filters Display,Filter Skjerm,
Filters JSON,Filtre JSON,
Filters Section,Filterseksjon,
"Filters will be accessible via <code>filters</code>. <br><br>Send output as <code>result = [result]</code>, or for old style <code>data = [columns], [result]</code>","Filtre vil være tilgjengelige via <code>filters</code> .<br><br> Send utdata som <code>result = [result]</code> , eller for gamle stildata <code>data = [columns], [result]</code>",
Finished,ferdig,
First Name,Fornavn,
First Success Message,Første suksessmelding,
Flag,Flagg,
Float,Float,
Float Precision,Float Precision,
Fold,Brett,
Folder,Mappe,
Font,Font,
Font Properties,Fontegenskaper,
Font Size,Skriftstørrelse,
Fonts,fonter,
Footer,bunntekst,
Footer HTML,Bunntekst HTML,
Footer Items,Footer Items,
Footer Logo,Bunntekstlogo,
Footer Template,Bunntekstmal,
Footer Template Values,Bunntekstmalverdier,
Footer will display correctly only in PDF,Bunntekst vises bare riktig i PDF,
For DocType Link / DocType Action,For DocType Link / DocType Action,
For Document Event,For dokumenthendelse,
For User,for bruker,
For Value,For verdi,
For example: {} Open,For eksempel: {} Åpne,
"For help see <a href=""https://frappeframework.com/docs/user/en/guides/portal-development/web-forms"" target=""_blank"">Client Script API and Examples</a>","For hjelp, se <a href=""https://frappeframework.com/docs/user/en/guides/portal-development/web-forms"" target=""_blank"">Client Script API og eksempler</a>",
"For more information, <a class=""text-muted"" href=""https://erpnext.com/docs/user/manual/en/setting-up/email/linking-emails-to-document"">click here</a>.","For mer informasjon, <a class=""text-muted"" href=""https://erpnext.com/docs/user/manual/en/setting-up/email/linking-emails-to-document"">klikk her</a> .",
Force,Makt,
Force Show,Force Show,
Force User to Reset Password,Tving bruker til å tilbakestille passord,
Form Settings,Skjemainnstillinger,
Form URL-Encoded,Skjema URL-kodet,
Format,Format,
Format Data,Formater data,
Forward To Email Address,Frem til e-postadresse,
Fraction,Fraksjon,
Fraction Units,Brøk Units,
Frappe,frappe,
Frequency,Hyppighet,
Friday,Fredag,
From,Fra,
From Date,Fra Dato,
From Date Field,Fra dato felt,
From Full Name,Fra Fullt navn,
From User,Fra bruker,
Full,Full,
Full Name,Fullt Navn,
Full Width,Full bredde,
Function,Funksjon,
GMail,GMail,
Gantt,Gantt,
Gender,Kjønn,
Generate Keys,Generere nøkler,
Geo,Geo,
Geolocation,geolocation,
Get Contacts,Få kontakter,
Get your globally recognized avatar from Gravatar.com,Få en globalt anerkjent avatar fra Gravatar.com,
Git Branch,Git gren,
GitHub,GitHub,
Global Search DocType,Global Search DocType,
Global Search Settings,Globale søkeinnstillinger,
Global Unsubscribe,Global Avmelding,
Go to Page,Gå til side,
Google,Google,
Google Analytics Anonymize IP,Google Analytics anonymiser IP,
Google Analytics ID,Google Analytics ID,
Google Calendar,Google Kalender,
Google Calendar Event ID,Google Kalenderhendelses-ID,
Google Calendar ID,Google Kalender-ID,
Google Contacts,Google-kontakter,
Google Contacts Id,Google Kontakter-ID,
Google Drive,Google Drive,
Google Font,Google Font,
Google Settings,Google-innstillinger,
Google Snippet Preview,Google Snippet Preview,
Grant Type,Grant Type,
Green,Grønn,
Group,Gruppe,
Group By,Gruppe av,
Group By Based On,Gruppe etter basert på,
Group By Type,Gruppe etter type,
Guest,Gjest,
HH:mm,HH: mm,
HH:mm:ss,HH: MM: SS,
HTML,HTML,
HTML Editor,HTML Editor,
HTML Page,HTML-side,
HTML for header section. Optional,HTML for header delen. Valgfritt,
Half,Halv,
Half Yearly,Halvårlig,
Half-yearly,Halvårs,
Has  Attachment,har Vedlegg,
Has Domain,Har Domene,
Has Role,har rolle,
Has Web View,Har webvisning,
Header,Header,
Header HTML,Header HTML,
Header and Breadcrumbs,Topptekst og brødsmuler,
Headers,overskrifter,
Heading,Overskrift,
Heatmap,Varmekart,
Help,Hjelp,
Help Article,Hjelp Artikkel,
Help Articles,Hjelp artikler,
Help Category,Category,
Help Dropdown,Hjelp Dropdown,
Help HTML,Hjelp HTML,
Helvetica,Helvetica,
Hidden,skjult,
Hide,Gjemme seg,
Hide Block,Skjul Block,
Hide Border,Skjul grensen,
Hide CTA,Skjul CTA,
Hide Copy,Skjule Kopier,
Hide Custom DocTypes and Reports,Skjul egendefinerte DocTypes og rapporter,
Hide Days,Skjul dager,
Hide Footer Signup,Hide Footer registrering,
Hide Login,Skjul pålogging,
Hide Seconds,Skjul sekunder,
Hide Standard Menu,Skjule standardmenyen,
Hide footer in auto email reports,Skjul footer i auto e-postrapporter,
High,Høy,
Higher priority rule will be applied first,Regelen med høyere prioritet blir brukt først,
Highlight,Høydepunktet,
Home,Hjem,
Home Page,Hjemmeside,
Home Settings,Hjem Innstillinger,
Hourly,Hver time,
Hourly Long,Timevis lang,
Hourly rate limit for generating password reset links,Timeprisgrense for å generere lenker for tilbakestilling av passord,
"How should this currency be formatted? If not set, will use system defaults","Hvordan skal denne valutaen være formatert? Dersom ikke satt, vil bruke systemstandarder",
ID (name) of the entity whose property is to be set,ID (navn) av foretaket hvis eiendom skal settes,
IP Address,IP adresse,
Icon,Ikon,
Icon will appear on the button,Ikon vises på knappen,
Identity Details,Identitetsdetaljer,
Idx,idx,
"If Apply Strict User Permission is checked and User Permission is defined for a DocType for a User, then all the documents where value of the link is blank, will not be shown to that User","Hvis Bruk Strøm Bruker Tillatelse er merket og Bruker Tillatelse er definert for en DocType for en bruker, vil alle dokumentene der verdien av koblingen er tom, ikke bli vist til den brukeren",
If Checked workflow status will not override status in list view,Hvis Sjekket arbeidsflyt status ikke vil overstyre status i listevisning,
"If Icon is set, it will be shown instead of Label","Hvis Ikon er satt, vil det vises i stedet for Etikett",
"If checked, all other workflows become inactive.","Hvis det er merket, alle andre arbeidsflyter blir inaktive.",
"If checked, users will not see the Confirm Access dialog.","Hvis det er merket, vil brukerne ikke se dialogboksen Bekreft Access.",
"If disabled, this role will be removed from all users.","Hvis deaktivert, vil denne rollen bli fjernet fra alle brukere.",
"If enabled,  user can login from any IP Address using Two Factor Auth, this can also be set for all users in System Settings","Hvis det er aktivert, kan brukeren logge inn fra hvilken som helst IP-adresse ved å bruke tofaktoraut. Dette kan også angis for alle brukere i Systeminnstillinger",
"If enabled, all users can login from any IP Address using Two Factor Auth. This can also be set only for specific user(s) in User Page","Hvis aktivert, kan alle brukere logge inn fra en hvilken som helst IP-adresse ved hjelp av Two Factor Auth. Dette kan også settes bare for bestemte bruker (e) i bruker siden",
"If enabled, changes to the document are tracked and shown in timeline","Hvis aktivert, spores endringer i dokumentet og vises på tidslinjen",
"If enabled, document views are tracked, this can happen multiple times","Hvis dette er aktivert, spores dokumentvisninger, dette kan skje flere ganger",
"If enabled, the document is marked as seen, the first time a user opens it","Hvis det er aktivert, blir dokumentet merket som sett, første gang en bruker åpner det",
"If enabled, the notification will show up in the notifications dropdown on the top right corner of the navigation bar.","Hvis aktivert, vises varselet i rullegardinmenyen for varsler øverst til høyre på navigasjonsfeltet.",
"If enabled, the password strength will be enforced based on the Minimum Password Score value. A value of 2 being medium strong and 4 being very strong.","Hvis aktivert, vil passordstyrken bli håndhevet basert på verdien Minimumskodepoeng. En verdi på 2 er middels sterk og 4 er veldig sterk.",
"If enabled, users who login from Restricted IP Address, won't be prompted for Two Factor Auth","Hvis aktivert, blir brukere som logger inn fra Begrenset IP-adresse, ikke bedt om Two Factor Auth",
"If enabled, users will be notified every time they login. If not enabled, users will only be notified once.","Hvis aktivert, vil brukerne bli varslet hver gang de logger inn. Hvis ikke aktivert, blir brukerne kun varslet en gang.",
If non standard port (e.g. 587),Hvis ikke standard port (f.eks 587),
"If non standard port (e.g. 587). If on Google Cloud, try port 2525.","Hvis ikke standardport (f.eks. 587). Hvis du prøver på Google Cloud, kan du prøve port 2525.",
"If non-standard port (e.g. POP3: 995/110, IMAP: 993/143)","Hvis ikke-standard port (f.eks. POP3: 995/110, IMAP: 993/143)",
"If not set, the currency precision will depend on number format","Hvis ikke innstilt, vil valutaens presisjon avhenge av tallformat",
"If the user has any role checked, then the user becomes a ""System User"". ""System User"" has access to the desktop","Hvis brukeren har noen rolle sjekket, så brukeren blir en &quot;System Bruker&quot;. &quot;System Bruker&quot; har tilgang til skrivebordet",
If user is the owner,Dersom brukeren er eier,
"If you set this, this Item will come in a drop-down under the selected parent.","Hvis du setter dette, vil denne varen kommer i en drop-down under den valgte forelder.",
"If your data is in HTML, please copy paste the exact HTML code with the tags.","Hvis dataene er i HTML, kan du kopiere lime den nøyaktige HTML kode med kodene.",
Ignore User Permissions,Ignorer brukertillatelser,
Ignore XSS Filter,Ignorer XSS-filter,
Ignore attachments over this size,Ignorer vedlegg enn denne størrelsen,
Ignored Apps,Ignorerte apper,
Image,Bilde,
Image Field,Bilde Felt,
Image Link,Bilde Link,
Implicit,Implisitt,
Import,Import,
Import File,Importer fil,
Import File Errors and Warnings,Importer filfeil og advarsler,
Import Log,Import Logg,
Import Log Preview,Forhåndsvisning av importlogg,
Import Preview,Importer forhåndsvisning,
Import Type,Importtype,
Import Warnings,Importvarsler,
Import from Google Sheets,Importer fra Google Sheets,
In Days,I dager,
In Filter,I Filter,
In Global Search,I Global Søk,
In List View,I listevisning,
In Preview,I forhåndsvisning,
In Reply To,Som svar på,
In Standard Filter,I Standard Filter,
In points. Default is 9.,I poeng. Standard er 9.,
In seconds,Om sekunder,
Inbox,Innboks,
Inbox User,Innboksbruker,
Include Search in Top Bar,Inkluder Søk i Top Bar,
Include Web View Link in Email,Send dokument Web View-lenke i e-post,
Index,Hovedsiden,
Index Web Pages for Search,Indekser websider for søk,
Indexing Authorization Code,Indeksering autorisasjonskode,
Indexing Refresh Token,Indeksering Oppdater token,
Indicator,indikator,
Indicator Color,Indikatorfarge,
Info,Info,
Initial Sync Count,Initial Sync Count,
InnoDB,Uskyldig,
Insert After,Sett Etter,
Insert New Records,Sett inn nye poster,
Insert Style,Sett stil,
Installed Application,Installert applikasjon,
Installed Applications,Installerte applikasjoner,
Int,Int,
Integration Request,integrasjon Request,
Integrations,Integrasjoner,
Integrations can use this field to set email delivery status,Integrasjoner kan bruke dette feltet til å angi e-postlevering status,
Interests,Interesser,
Intermediate,Mellom,
Internal record of document shares,Intern oversikt over dokument aksjer,
Introduce your company to the website visitor.,Presentere din bedrift til nettstedet besøkende.,
Introduction,Introduksjon,
Introductory information for the Contact Us Page,Innledende informasjon for Kontakt oss Page,
Invalid,Ugyldig,
Inverse,Omvendt,
Is Active,Er Aktiv,
Is Attachments Folder,Er Vedlegg Folder,
Is Billing Contact,Er faktureringskontakt,
Is Child Table,Er barnet tabellen,
Is Complete,Er ferdig,
Is Completed,Det er ferdig,
Is Custom Field,Er Tilpasset felt,
Is Default,Er standard,
Is Folder,Er Folder,
Is Home Folder,Er Home Folder,
Is Mandatory Field,Er Obligatoriske felt,
Is Optional State,Er valgfri stat,
Is Primary,Er primær,
Is Primary Contact,Er Primær kontaktperson,
Is Primary Mobile,Er primær mobil,
Is Primary Phone,Er primær telefon,
Is Private,Er Privat,
Is Public,Er offentlig,
Is Published Field,Er Publisert Feltet,
Is Single,Er Single,
Is Skipped,Hoppes over,
Is Spam,er Spam,
Is Standard,Er Standard,
Is Submittable,Er Submittable,
Is Table,er Table,
Is Tree,Er tre,
Is Unique,Er unik,
Is Your Company Address,Er din bedrift Adresse,
Item Label,Varemerke,
Item Type,Elementtype,
JS,JS,
JSON,JSON,
JSON Request Body,JSON forespørselsorgan,
JavaScript,Javascript,
JavaScript Format: frappe.query_reports['REPORTNAME'] = {},Javascript Format: frappe.query_reports [&#39;rapportnavn&#39;] = {},
Javascript,Javascript,
Jinja,Jinja,
Kanban,Kanban,
Kanban Board,Kanban Board,
Kanban Board Column,Kanban Board kolonne,
Kanban Board Name,Kanban Board Navn,
Keep track of all update feeds,Hold orden på alle oppdaterings feeds,
Keeps track of all communications,Holder oversikt over all kommunikasjon,
Key,Nøkkel,
Keyboard Shortcuts,Tastatursnarveier,
Knowledge Base Contributor,Knowledge Base bidragsyter,
Knowledge Base Editor,Knowledge Base Editor,
LDAP Email Field,LDAP E-post Feltet,
LDAP First Name Field,LDAP fornavn Feltet,
LDAP Group,LDAP Group,
LDAP Group Field,LDAP-gruppefelt,
LDAP Group Mapping,LDAP-gruppekartlegging,
LDAP Group Mappings,LDAP-gruppekartlegging,
LDAP Last Name Field,LDAP-etternavnsfelt,
LDAP Middle Name Field,LDAP mellomnavnfelt,
LDAP Mobile Field,LDAP mobilfelt,
LDAP Phone Field,LDAP-telefonfelt,
LDAP Search String,LDAP-søk String,
LDAP Security,LDAP-sikkerhet,
LDAP Server Url,LDAP Server Url,
LDAP Settings,LDAP-innstillinger,
LDAP User Creation and Mapping,LDAP-brukeroppretting og kartlegging,
LDAP Username Field,LDAP Brukernavn Feltet,
Label,Etiketten,
Label Help,Etiketten Hjelp,
Label and Type,Etikett og Type,
Landing Page,Destinasjonsside,
Language,Språk,
Language Code,Språkkode,
Language Name,språk Name,
Last Active,Sist aktiv,
Last Backup On,Siste sikkerhetskopi,
Last Execution,Siste henrettelse,
Last IP,Siste IP,
Last Known Versions,Siste kjente Versjoner,
Last Login,Siste innlogging,
Last Month,Forrige måned,
Last Name,Etternavn,
Last Password Reset Date,Siste dato for tilbakestilling av passord,
Last Point Allocation Date,Siste tildelingsdato,
Last Quarter,Siste kvartal,
Last Sync On,Sist synk på,
Last Synced On,Sist synkronisert på,
Last User,Siste bruker,
Last Week,Forrige uke,
Last Year,I fjor,
Lead Conversion Time,Lead Conversion Time,
Leaderboard,Leaderboard,
Leave blank to repeat always,La stå tomt for å gjenta alltid,
Ledger,Ledger,
Left,Venstre,
Legal,Juridisk,
Length,Lengde,
Letter,Brev,
Letter Head,Brevhode,
Letter Head Based On,Brevhode basert på,
Letter Head Image,Brevhodebilde,
Letter Head Name,Letter Leder Navn,
Letter Head in HTML,Letter Leder i HTML,
Level,Nivå,
Level Name,Nivånavn,
License,Tillatelse,
Light Color,Lys farge,
Like,Som,
Likes,Likes,
Limit,Grense,
Limit Number of DB Backups,Begrens antall DB-sikkerhetskopier,
Line,Linje,
Link,link,
Link Cards,Link-kort,
Link DocType,Link DOCTYPE,
Link Document Type,Koble dokumenttype,
Link Fieldname,Koblingsfeltnavn,
Link Name,Link Name,
Link Title,Link Title,
Link To,Link til,
Link to the page you want to open. Leave blank if you want to make it a group parent.,Link til siden du ønsker å åpne. La feltet stå tomt hvis du ønsker å gjøre det til en gruppe foreldre.,
Linked,Linked,
Linked Documents,Koblede dokumenter,
Links,Lenker,
List,List,
List Filter,Listefilter,
List Settings,Listeinnstillinger,
List View Settings,Innstillinger for listevisning,
"List as [{""label"": _(""Jobs""), ""route"":""jobs""}]","Listen som [{ &quot;label&quot;: _ ( &quot;Jobs&quot;), &quot;rute&quot;: &quot;jobber&quot;}]",
List of patches executed,Liste over patcher henrettet,
Load Balancing,Lastbalansering,
Location,Beliggenhet,
Log,Logg,
Log Data,Logg data,
Log Setting User,Logginnstillingsbruker,
Log Settings,Logg innstillinger,
Login,Logg Inn,
Login After,Login Etter,
Login Before,Login Før,
Login Required,Innlogging kreves,
Logo Width,Logo bredde,
Logout,Logg Ut,
Logout All Sessions on Password Reset,Logg av alle økter ved tilbakestilling av passord,
Logout From All Devices After Changing Password,Logg ut fra alle enheter etter endring av passord,
Long Text,Lang tekst,
Low,Lav,
Main Section,Hoved Seksjon,
Main Section (HTML),Hovedseksjon (HTML),
Main Section (Markdown),Hovedseksjon (Markdown),
Maintenance Manager,Vedlikeholdsbehandling,
Maintenance User,Vedlikehold Bruker,
"Make ""name"" searchable in Global Search",Gjør &quot;navn&quot; søkbar i Global Søk,
Mandatory,Obligatorisk,
Mandatory Depends On,Obligatorisk avhengig av,
Map route parameters into form variables. Example <code>/project/&lt;name&gt;</code>,Kartlegg parametere i skjemavariabler. Eksempel <code>/project/&lt;name&gt;</code>,
Markdown,Markdown,
Markdown Editor,Markdown Editor,
Marked As Spam,Merket som spam,
Max 500 records at a time,Maksimalt 500 poster om gangen,
Max Attachment Size (in MB),Max Vedlegg Størrelse (i MB),
Max Attachments,Maks Vedlegg,
Max Length,Maks lengde,
Max Value,Max Value,
Maximum,Maksimum,
Maximum Number of Fields,Maksimalt antall felt,
Maximum Points,Maksimum poeng,
Medium,Medium,
Meeting,Møte,
Mention,Nevne,
Mentions,nevner,
Message,Beskjed,
Message (HTML),Melding (HTML),
Message (Markdown),Melding (Markdown),
Message Examples,Meldings Eksempler,
Message ID,Message-ID,
Message Parameter,Melding Parameter,
Message-id,Message-id,
Meta Description,Meta Beskrivelse,
Meta Image,Metabilde,
Meta Tags,Metatagger,
Meta Title,Metatittel,
Method,Metode,
Middle Name,Mellomnavn,
Milestone,Milestone,
Milestone Tracker,Milestone Tracker,
Minimum,Minimum,
Minimum Password Score,Minimum passord score,
Mobile No,Mobile No,
Module,modul,
Module Def,Modul Def,
Module Name,Module Name,
Module Onboarding,Module Onboarding,
Modules HTML,Moduler HTML,
Monday,Mandag,
Monospace,Monospace,
Monthly,Månedlig,
Monthly Long,Månedlig lang,
More Information,Mer informasjon,
More content for the bottom of the page.,Mer innhold til nederst på siden.,
Multiplier Field,Multiplikatorfelt,
Must be a publicly accessible Google Sheets URL,Må være en offentlig tilgjengelig Google Sheets URL,
"Must be of type ""Attach Image""",Må være av typen &quot;Fest Image&quot;,
Mute Sounds,Demp Sounds,
MyISAM,MyISAM,
Name,Navn,
Naming,Naming,
Naming Series,Navngi Series,
Navbar,Navbar,
Navbar Item,Navbar Element,
Navbar Settings,Navbar Innstillinger,
Navbar Template,Navbar Mal,
Navbar Template Values,Navbar Malverdier,
New,Ny,
New Name,Nytt navn,
New value to be set,Ny verdi som skal stilles,
Newsletter,Nyhetsbrev,
Newsletter Email Group,Nyhetsbrev E-postgruppe,
Newsletter Manager,Nyhetsbrev manager,
Next Action Email Template,Neste Handling Email Template,
Next Actions HTML,Neste Handlinger HTML,
Next Schedule Date,Neste planleggingsdato,
Next State,Neste State,
Next Sync Token,Neste synkroniseringstegn,
No,Nei,
No Copy,Ingen Copy,
No of Requested SMS,Ingen av Spurt SMS,
No of Rows (Max 500),Ingen rader (Max 500),
No of Sent SMS,Ingen av Sendte SMS,
Non Negative,Ikke negativ,
None,Ingen,
Not Sent,Ikke sendt,
Note,Notat,
Note Seen By,Merk sett av,
Note: By default emails for failed backups are sent.,Merk: Som standard sendes e-postmeldinger for mislykkede sikkerhetskopier.,
"Note: For best results,  images must be of the same size and width must be greater than height.","Merk: For best resultat, må bilder ha samme størrelse og bredde må være større enn høyden.",
Note: Multiple sessions will be allowed in case of mobile device,Merk: Flere økter vil være tillatt i tilfelle av mobil enhet,
Notification,Melding,
Notification Log,Varslingslogg,
Notification Recipient,Varsel mottaker,
Notification Settings,Varslingsinnstillinger,
Notification Subscribed Document,Varsel Abonnert Dokument,
Notifications,Varsler,
Notifications and bulk mails will be sent from this outgoing server.,Meldinger og bulk post vil bli sendt fra denne utgående server.,
Notify Users On Every Login,Meld brukerne på hver innlogging,
Notify by Email,Gi beskjed via e-post,
Notify by email,Varsle på e-post,
Notify if unreplied,Varsle hvis Ubesvarte,
Notify if unreplied for (in mins),Varsle hvis Ubesvarte for (i minutter),
Notify users with a popup when they log in,Varsle brukere med en popup når de logger inn,
Number Card,Nummerkort,
Number Card Link,Nummerkortlink,
Number Cards,Nummerkort,
Number Format,Number Format,
Number of Backups,Antall sikkerhetskopier,
Number of DB Backups,Antall DB-sikkerhetskopier,
Number of Groups,Antall grupper,
Number of columns for a field in a Grid (Total Columns in a grid should be less than 11),Antall kolonner for et felt i et rutenett (Totalt kolonner i et rutenett må være mindre enn 11),
Number of columns for a field in a List View or a Grid (Total Columns should be less than 11),Antall kolonner for et felt i en listevisning eller et rutenett (Totalt kolonner skal være mindre enn 11),
OAuth Authorization Code,OAuth Autorisasjonskode,
OAuth Bearer Token,OAuth Bærer Token,
OAuth Client,OAuth-klient,
OAuth Client ID,OAuth-klient-ID,
OAuth Provider Settings,OAuth Provider Innstillinger,
OTP App,OTP App,
OTP Issuer Name,OTP-utstedernavn,
Off,Av,
Office,Kontor,
Office 365,Kontor 365,
Older backups will be automatically deleted,Eldre sikkerhetskopier vil bli slettet automatisk,
On Hold,På vent,
Onboarding Permission,Tillatelse ombord,
Onboarding Step,Ombordsteg,
Onboarding Step Map,Ombordstegskart,
"Once submitted, submittable documents cannot be changed. They can only be Cancelled and Amended.","Når de er sendt inn, kan ikke sendbare dokumenter endres. De kan bare avbrytes og endres.",
Only Allow Edit For,Bare Tillat Rediger For,
Only Send Records Updated in Last X Hours,Send kun poster som er oppdatert i løpet av de siste 10 timene,
Open,Åpen,
Open Documents,Åpne dokumenter,
Open Reference Document,Åpne referansedokument,
Open URL in a New Tab,Åpne URL i en ny fane,
Open a dialog with mandatory fields to create a new record quickly,Åpne en dialog med obligatoriske felt for å opprette en ny post raskt,
Opened,Åpnet,
Operation,Operasjon,
Optional: Always send to these ids. Each Email Address on a new row,Valgfritt: Send alltid til disse IDer. Hver e-postadresse på en ny rad,
Optional: The alert will be sent if this expression is true,Valgfritt: Varselet vil bli sendt hvis dette uttrykket er sant,
Options,Alternativer,
Options Help,Alternativer Hjelp,
Orange,oransje,
Order,Rekkefølge,
Org History,Org Historie,
Org History Heading,Org Historie Overskrift,
Other,Andre,
Outlook.com,Outlook.com,
Output,Produksjon,
PDF Page Size,PDF-sidestørrelse,
PDF Settings,PDF-innstillinger,
Page,Side,
Page Break,Page Break,
Page Builder,Sidebygger,
Page Building Blocks,Sidebyggesteiner,
Page HTML,Page HTML,
Page Name,Page Name,
Page Settings,Sideinnstillinger,
Parameter,Parameter,
Parent Field (Tree),Foreldrefelt (tre),
Parent Label,Parent Etikett,
Partial Success,Delvis suksess,
Participants,deltakere,
Passive,Passiv,
Password,Passord,
Password Reset Link Generation Limit,Grens for generering av passord tilbakestilling,
Password for Base DN,Passord for Base DN,
Patch,Lapp,
Patch Log,Patch Logg,
Path,Sti,
Path to CA Certs File,Sti til CA Certs-fil,
Path to Server Certificate,Sti til serversertifikat,
Path to private Key File,Sti til privat nøkkelfil,
Pending,Avventer,
Pending Approval,Venter på godkjenning,
Pending Verification,Venter på verifisering,
Percent,Prosent,
Percentage,Prosentdel,
Period,Periode,
Perm Level,Perm nivå,
Permanent,Fast,
Permission Level,Tillatelse nivå,
Permission Rules,Tillatelse Regler,
Permissions,Tillatelser,
Permitted Documents For User,Tillatte dokumenter for User,
Personal,Personlig,
Personal Data Deletion Request,Forespørsel om sletting av personopplysninger,
Personal Data Download Request,Forespørsel om nedlasting av personopplysninger,
Phone,Telefon,
Phone No.,Telefonnr.,
Phone Number,Telefonnummer,
Pie,Pai,
Pincode,Pinkode,
Plant,Plant,
Point Allocation Periodicity,Punktfordelingsperiode,
Points,Poeng,
Port,Port,
Portal Menu,Portal Meny,
Portal Menu Item,Portal menypunkt,
Portal Settings,portal Innstillinger,
Position,Posisjon,
Postal,Postal,
Postal Code,postnummer,
Precision,Precision,
Preferred Billing Address,Foretrukne faktureringsadresse,
Preferred Shipping Address,Foretrukne leveringsadresse,
Prefix,Prefix,
Prepared Report,Utarbeidet rapport,
Prepared Report User,Forberedt rapportbruker,
Preview,Forhåndsvisning,
Preview HTML,Forhåndsvisning HTML,
Preview Message,Forhåndsvisning Melding,
Previous Hash,Forrige Hash,
Primary,Primær,
Primary Color,Primærfarge,
Print,Skrive ut,
Print Format,Print Format,
Print Format Builder,Print Format Builder,
Print Format Help,Print Format Hjelp,
Print Format Type,Print Format Type,
Print Hide,Print Skjul,
Print Hide If No Value,Skriv ut Hide Hvis ingen verdi,
Print Server,Utskriftsserver,
Print Settings,Utskriftsinnstillinger,
Print Style,Utskriftsstil,
Print Style Name,Skriv ut stilnavn,
Print Style Preview,Print Stil Preview,
Print UOM after Quantity,Skriv ut UOM etter antall,
Print Width,Print Bredde,
"Print Width of the field, if the field is a column in a table","Skriv ut Bredde av feltet, hvis feltet er en kolonne i en tabell",
Print taxes with zero amount,Skriv ut avgifter med null beløp,
Print with letterhead,Skriv ut med brev,
Printer Name,Skrivernavn,
Printing,Utskrift,
Priority,Prioritet,
Private,Privat,
ProTip: Add <code>Reference: {{ reference_doctype }} {{ reference_name }}</code> to send document reference,Protip: Legg <code>Reference: {{ reference_doctype }} {{ reference_name }}</code> å sende dokumentreferanse,
Property,Eiendoms,
Property Depends On,Eiendom avhenger av,
Property Setter,Eiendom Setter,
Property Setter overrides a standard DocType or Field property,Eiendom Setter styrer en standard DOCTYPE eller Feltet eiendom,
Property Type,Eiendomstype,
Provider,Forsørger,
Provider Name,Navn på leverandør,
Public,Offentlig,
Publish,publisere,
Published,Publisert,
Published On,Publisert på,
Pull from Google Calendar,Trekk fra Google Kalender,
Pull from Google Contacts,Trekk fra Google-kontakter,
Pulled from Google Calendar,Trekkes fra Google Kalender,
Pulled from Google Contacts,Trekkes fra Google-kontakter,
Purchase Manager,Innkjøpssjef,
Purchase Master Manager,Kjøp Master manager,
Purchase User,Kjøp User,
Purple,Lilla,
Push to Google Calendar,Trykk til Google Kalender,
Push to Google Contacts,Trykk til Google-kontakter,
Quarterly,Quarterly,
Query,Spørring,
Query / Script,Spørring / skript,
Query Options,Query Options,
Query Report,Query Rapporter,
Queued,I kø,
Quick Entry,Hurtig Entry,
RAW Information Log,RAW informasjonslogg,
Random,Tilfeldig,
Rating,Vurdering,
Raw Commands,Rå kommandoer,
Raw Email,Raw E-post,
Raw Printing,Rå utskrift,
Read,Les,
Read Only,Read Only,
Read Only Depends On,Les bare avhengig av,
Read Time,Les tid,
Read by Recipient,Les av mottaker,
Read by Recipient On,Les av mottaker på,
Reason,Reason,
Received,Mottatt,
Receiver By Document Field,Mottaker etter dokumentfelt,
Receiver By Role,Mottaker etter rolle,
Receiver Parameter,Mottaker Parameter,
Recipient,Mottaker,
Recipient Unsubscribed,Mottaker Abonnement avsluttet,
Recipients,Mottakere,
Recorder,opptaker,
Red,Rød,
Redirect URI Bound To Auth Code,Omdirigerings URI nødt til å Auth kode,
Redirect URIs,omdirigere URI-,
Redirect URL,omdirigere URL,
Ref DocType,Ref DOCTYPE,
Reference,Referanse,
Reference Date,Reference Date,
Reference DocName,Referanse DocName,
Reference DocType,Referanse DocType,
Reference Docname,Referanse DocName,
Reference Doctype,Referanse DOCTYPE,
Reference Document,Reference Document,
Reference Document Name,Referansedokumentnavn,
Reference Document Type,Reference Document Type,
Reference Name,referansenavn,
Reference Owner,Referanse Eier,
Reference Report,Referanserapport,
Reference Type,Referanse Type,
Reference name,Referanse Name,
Referrer,Henvisning,
Refresh Google Sheet,Oppdater Google Sheet,
Refresh Token,Refresh Token,
Rejected,Avvist,
Relinked,Relinked,
Reload,Last,
Remember Last Selected Value,Husk sist valgte Verdi,
Reminder,påminnelse,
Repeat On,Gjenta På,
Repeat Till,Gjenta Till,
Repeat on Day,Gjenta på dagen,
Repeat on Last Day of the Month,Gjenta på månedens siste dag,
Repeat this Event,Gjenta dette arrangementet,
Replied,Svarte,
Reply,Svar,
Report,Rapporter,
Report Builder,Report Builder,
Report Column,Rapporter kolonne,
Report Description,Rapportbeskrivelse,
Report Filter,Rapporter filter,
Report Filters,rapportfiltre,
Report Hide,Rapporter Skjul,
Report Information,Rapporter informasjon,
Report Manager,Rapportbehandling,
Report Name,Rapportnavn,
Report Reference Doctype,Rapporter referansedoktype,
Report Type,Rapporttype,
Reports,Reports,
Represents a User in the system.,Representerer en bruker i systemet.,
Represents the states allowed in one document and role assigned to change the state.,Representerer statene tillatt i ett dokument og rolle tildelt endre staten.,
Request Data,Forespørseldata,
Request Structure,Be om struktur,
Request URL,Be om URL,
Requested Numbers,Etterspør Numbers,
Require Trusted Certificate,Krev pålitelig sertifikat,
Reset Password Key,Reset Password Key,
Response,Response,
Response Type,Response Type,
Restored,restaurert,
Restrict IP,Begrense IP,
Restrict To Domain,Begrens til domene,
Restrict to Domain,Begrens til domene,
Restrict user from this IP address only. Multiple IP addresses can be added by separating with commas. Also accepts partial IP addresses like (111.111.111),Begrense bruker fra denne IP-adresse. Flere IP-adresser kan legges ved å skille med komma. Aksepterer også delvis IP-adresser som (111.111.111),
Retry,Prøv på nytt,
Reverse Icon Color,Omvendt Ikon Color,
Revert,Tilbakestill,
Revert Of,Revert Of,
Reverted,falt,
Review,Anmeldelse,
Review Level,Gjennomgangsnivå,
Review Levels,Anmeldelse Levels,
Review Points,Gjennomgå poeng,
Revoked,opphevet,
Rich Text,Rich Text,
Right,Rett,
Robots.txt,robots.txt,
Role,Rolle,
Role Name,Rolle Navn,
Role Permission for Page and Report,Rolle Tillatelse til side og Rapporter,
Role Permissions,Rolle Tillatelser,
Role Permissions Manager,Rolle Tillatelser manager,
Role Profile,Rollespill,
Role and Level,Rolle og nivå,
Roles,Roller,
Roles Assigned,Roller Assigned,
Roles HTML,Roller HTML,
Roles Html,Roller Html,
Round Robin,Rund Robin,
Route,Rute,
Route History,Rutehistorie,
Route Redirects,Ruteomdirigeringer,
"Route: Example ""/desk""",Rute: Eksempel &quot;/ desk&quot;,
Row Index,Radindeks,
Row Name,Radnavn,
Rows Added,rader lagt,
Rows Removed,rader Fjernet,
Rule,Regel,
Rule Conditions,Regelbetingelser,
Rule Name,Regelnavn,
Rules defining transition of state in the workflow.,Regler som definerer overgangen fra staten i arbeidsflyten.,
"Rules for how states are transitions, like next state and which role is allowed to change state etc.","Regler for hvordan stater er overganger, som neste tilstand og hvilken rolle har lov til å endre tilstand etc.",
Rules with higher priority number will be applied first.,Regler med høyere prioritetsnummer blir brukt først.,
Run Jobs only Daily if Inactive For (Days),Kjør jobber bare daglig hvis inaktive i (dager),
Run scheduled jobs only if checked,Kjøre planlagte jobber bare dersom sjekket,
S3 Backup Settings,S3 Sikkerhetskopieringsinnstillinger,
S3 Bucket Details,S3 Bucket Detaljer,
SMS,tekstmelding,
SMS Gateway URL,SMS Gateway URL,
SMS Log,SMS Log,
SMS Parameter,SMS Parameter,
SMS Settings,SMS-innstillinger,
SMTP Settings for outgoing emails,SMTP-innstillinger for utgående e-post,
"SQL Conditions. Example: status=""Open""",SQL betingelser. Eksempel: status = &quot;Open&quot;,
SSL/TLS Mode,SSL / TLS-modus,
Sales Manager,Salgssjef,
Sales Master Manager,Sales Master manager,
Sales User,Salg User,
Salesforce,Salesforce,
Salutation,Hilsen,
Sample,Prøve,
Saturday,Lørdag,
Save,Lagre,
Scheduled,Planlagt,
Scheduled Job,Planlagt jobb,
Scheduled Job Log,Planlagt jobblogg,
Scheduled Job Type,Planlagt jobbtype,
Scheduled To Send,Planlagt å sende,
Scheduler Event,Planleggerhendelse,
Scope,omfang,
Scopes,scopes,
Script,Script,
Script Manager,Manusmanager,
Script Report,Script Rapporter,
Script Type,Script Type,
Script to attach to all web pages.,Script for å feste til alle nettsider.,
Search Fields,Søkefelt,
Search Priorities,Søkeprioriteter,
Section,Seksjon,
Section Break,Section Break,
Security Settings,Sikkerhetsinnstillinger,
Seen,sett,
Seen By,Sett av,
Seen By Table,Sett av Table,
Select,Velg,
Select Dashboard,Velg Dashboard,
Select Date Range,Velg datoområde,
Select DocType,Velg DOCTYPE,
Select Doctype,Velg Doctype,
Select Transaction,Velg Transaksjons,
Select an image of approx width 150px with a transparent background for best results.,Velg et bilde fra ca bredde 150 piksler med en gjennomsiktig bakgrunn for best resultat.,
Select the label after which you want to insert new field.,Velg etiketten etter som du vil sette inn nytt felt.,
Send After,Send Etter,
Send Alert On,Send varsel om,
Send Email Alert,Send epostvarsel,
Send Email Print Attachments as PDF (Recommended),Send Email Print Vedlegg som PDF (anbefales),
Send Email for Successful Backup,Send e-post for vellykket sikkerhetskopiering,
Send Email for Successful backup,Send e-post for vellykket sikkerhetskopiering,
Send Me A Copy of Outgoing Emails,Send meg en kopi av utgående e-post,
Send Notification To,Sende melding til,
Send Notification to,Send varsling til,
Send Notifications For Documents Followed By Me,Send varsler for dokumenter fulgt av meg,
Send Notifications For Email Threads,Send varsler for e-posttråder,
Send Notifications To,Send varsler til,
Send Print as PDF,Send Skriv ut som PDF,
Send System Notification,Send systemvarsling,
Send To All Assignees,Send til alle rettighetshavere,
Send Unsubscribe Link,Send avmeldingslinken,
Send Welcome Email,Send Velkommen Email,
Send alert if date matches this field's value,Send varsel om dato kamper denne feltets verdi,
Send alert if this field's value changes,Send varsel om dette feltets verdiendringer,
Send an email reminder in the morning,Send en e-post påminnelse i morgen,
Send days before or after the reference date,Sende dager før eller etter referansetidspunktet,
Send enquiries to this email address,Send spørsmål til denne e-postadressen,
Send only if there is any data,Send bare hvis det er noen data,
Send unsubscribe message in email,Send unsubscribe meldingen i e-post,
Sender,Avsender,
Sender Email,Avsender Email,
Sender Name,Avsender Navn,
Sendgrid,Sendgrid,
Sending,sende,
Sent,Sendte,
Sent On,Sendte På,
Sent Read Receipt,Sendte Les Kvittering,
Sent To,Sendt til,
Sent or Received,Sendt eller mottatt,
Sent/Received Email,Sendt / mottatt e-post,
Separator,Separator,
Sequence Id,Sekvens Id,
Series List for this Transaction,Serien Liste for denne transaksjonen,
Server Action,Serverhandling,
Server IP,Server IP,
Server Script,Server script,
Service,Tjeneste,
Session Default,Økt standard,
Session Default Settings,Økt standardinnstillinger,
Session Defaults,Økt mislighold,
Set Banner from Image,Satt Banner fra bilde,
"Set Default Options for all charts on this Dashboard (Ex: ""colors"": [""#d1d8dd"", ""#ff5858""])","Angi standardalternativer for alle diagrammer på dette dashbordet (Eks: &quot;farger&quot;: [&quot;# d1d8dd&quot;, &quot;# ff5858&quot;])",
Set New Password,Set New Password,
Set Property After Alert,Angi egenskap etter advarsel,
Set Role For,Sett rolle for,
Set Value,Innstilt verdi,
Set non-standard precision for a Float or Currency field,Satt ikke-standard presisjon for en Float eller feltet Valuta,
Settings,Innstillinger,
Settings Dropdown,Innstillinger rullegardin,
Settings for Contact Us Page,Innstillinger for Kontakt oss Page,
Settings for the About Us Page,Innstillinger for oss siden,
Setup,Setup,
Setup Complete,Setup Complete,
Setup Wizard,Setup Wizard,
Share,Dele,
Shared,delt,
Shipping,Shipping,
Shop,Butikk,
Short Name,Kort Navn,
Shortcuts,snarveier,
Show Attachments,Vis vedlegg,
Show Dashboard,Vis instrumentpanel,
Show Document,Vis dokument,
Show Failed Logs,Vis mislykkede logger,
Show Form Tour,Vis Form Tour,
Show Full Error and Allow Reporting of Issues to the Developer,Vis full feil og tillat rapportering av problemer til utvikleren,
Show Full Form?,Vis full skjema?,
Show Line Breaks after Sections,Vis linjeskift etter §§,
Show Percentage Stats,Vis prosentstatistikk,
Show Preview Popup,Vis popup-forhåndsvisning,
Show Report,Vis rapport,
Show Section Headings,Vis avsnittsoverskrifter,
Show Sidebar,Show Sidebar,
Show Title,Vis tittel,
Show as cc,Vis som cc,
Show full form instead of a quick entry modal,Vis fullform i stedet for et hurtiginngangsmodal,
Show in Module Section,Vis i modul Seksjon,
Show in filter,Vis i filter,
Show percentage difference according to this time interval,Vis prosentvis forskjell i henhold til dette tidsintervallet,
"Show title in browser window as ""Prefix - title""",Vis tittel i nettleservinduet som &quot;Prefix - title&quot;,
Sidebar Items,Sidebar Items,
Sidebar Settings,Sidebar Innstillinger,
Sidebar and Comments,Sidepanel og kommentarer,
Signature,Signatur,
"Simple Python Expression, Example: Status in (""Closed"", ""Cancelled"")","Enkelt Python-uttrykk, eksempel: Status i (&quot;Lukket&quot;, &quot;Avbrutt&quot;)",
"Simple Python Expression, Example: Status in (""Invalid"")","Enkelt Python-uttrykk, eksempel: Status i (&quot;ugyldig&quot;)",
"Simple Python Expression, Example: status == 'Open' and type == 'Bug'","Simple Python Expression, Eksempel: status == &#39;Open&#39; og skriv == &#39;Bug&#39;",
Simultaneous Sessions,samtidige sesjoner,
Single Types have only one record no tables associated. Values are stored in tabSingles,Enkelt Typer har bare en rekord ingen tabeller tilknyttet. Verdiene lagres i tabSingles,
Skip Authorization,Hopp Authorization,
Skype,Skype,
Slack,Slack,
Slack Channel,Slack Channel,
Slack Webhook URL,Slack Webhook URL,
Slideshow,Lysbildefremvisning,
Slideshow Items,Bildeserie Items,
Slideshow Name,Lysbildefremvisning Name,
Slideshow like display for the website,Lysbildevisning som skjerm for nettstedet,
Small Text,Liten tekst,
Smallest Currency Fraction Value,Minste Valuta Fraksjon Verdi,
Smallest circulating fraction unit (coin). For e.g. 1 cent for USD and it should be entered as 0.01,"Minste sirkulerende brøkdel enhet (mynt). For eksempel en øre for USD og det bør legges inn som 0,01",
Social,Sosial,
Social Link Settings,Innstillinger for sosial lenke,
Social Link Type,Sosial lenketype,
Social Login Key,Sosiale innloggingsnøkkel,
Social Login Provider,Sosial innloggingsleverandør,
Social Logins,Sosiale logins,
Soft-Bounced,Soft-Returnerte,
Sort Field,Sorter Feltet,
Sort Order,Sorteringsrekkefølge,
Source,Source,
Source Name,Source Name,
Source Text,kilde Tekst,
Spam,spam,
SparkPost,SparkPost,
Standard,Standard,
Standard Sidebar Menu,Standard Sidebar Meny,
Start Date,Startdato,
Start Date Field,Startdatafelt,
Start Time,Starttid,
StartTLS,StartTLS,
Started,startet,
Starts on,Starter på,
State,Stat,
State/Province,Stat / provins,
States,Stater,
Static Parameters,Statiske Parametere,
Stats,Statistikk,
Stats Time Interval,Statistikk Tidsintervall,
Status,Status,
Step,Steg,
Steps,Fremgangsmåte,
Stopped,Stoppet,
Stores the JSON of last known versions of various installed apps. It is used to show release notes.,Lagrer JSON av siste kjente versjoner av ulike installerte apps. Den brukes til å vise versjonsmerknadene.,
Style,Stil,
Style Settings,stilinnstillinger,
"Style represents the button color: Success - Green, Danger - Red, Inverse - Black, Primary - Dark Blue, Info - Light Blue, Warning - Orange","Type representerer knappen farge: Suksess - Green, Danger - Rød, Inverse - Svart, Primary - Dark Blue, Info - Lyseblå, Advarsel - Orange",
Stylesheet,Stilark,
"Sub-currency. For e.g. ""Cent""",Sub-valuta. For eksempel &quot;Cent&quot;,
Sub-domain provided by erpnext.com,Sub-domene levert av erpnext.com,
Subdomain,Underdomene,
Subject,Emne,
Subject Field,Emnefelt,
Submit,Send inn,
Submit After Import,Send inn etter import,
Submitted,Sendt inn,
Subsidiary,Datterselskap,
Subtitle,Subtitle,
Success,Suksess,
Success Action,Suksesshandling,
Success Message,Suksess Message,
Success URL,Suksess URL,
Sum,Sum,
Sunday,Søndag,
Symbol,Symbol,
Sync,Sync,
Sync with Google Calendar,Synkroniser med Google Kalender,
Sync with Google Contacts,Synkroniser med Google-kontakter,
System,System,
System Console,Systemkonsoll,
System Manager,System Manager,
System Notification,Systemvarsling,
System Page,System side,
System Settings,Systeminnstillinger,
System managers are allowed by default,Systemadministratorer er tillatt som standard,
Table,Bord,
Table Break,Bordpause,
Table HTML,Tabell HTML,
Table MultiSelect,Tabell MultiSelect,
Tag,stikkord,
Tag Link,Tagg Link,
Target,Target,
Tax Category,Skattekategori,
Team Members,Lagmedlemmer,
Team Members Heading,Teammedlemmer Overskrift,
Template,Mal,
Template Options,Malalternativer,
Template Warnings,Malvarsler,
Text,Tekst,
Text Align,Tekst Align,
Text Color,Tekstfarge,
Text Content,tekst~~POS=TRUNC,
Text Editor,Text Editor,
The name that will appear in Google Calendar,Navnet som vil vises i Google Kalender,
The user from this field will be rewarded points,Brukeren fra dette feltet vil bli belønnet poeng,
The webhook will be triggered if this expression is true,Netthaken vil bli utløst hvis dette uttrykket er sant,
Theme,Tema,
Theme Configuration,Temakonfigurasjon,
Theme URL,Tema URL,
These values will be automatically updated in transactions and also will be useful to restrict permissions for this user on transactions containing these values.,Disse verdiene vil bli automatisk oppdatert i transaksjoner og vil også være nyttig å begrense tillatelser for denne brukeren på transaksjoner som inneholder disse verdiene.,
Third Party Authentication,Tredjeparts Autentisering,
This card will be available to all Users if this is set,Dette kortet vil være tilgjengelig for alle brukere hvis dette er angitt,
This chart will be available to all Users if this is set,Dette diagrammet vil være tilgjengelig for alle brukere hvis dette er angitt,
This format is used if country specific format is not found,Dette formatet brukes hvis landet bestemt format ikke er funnet,
This goes above the slideshow.,Dette går over fremvisningen.,
This is an example Google SERP Preview.,Dette er et eksempel på Google SERP Preview.,
This is the number of the last created transaction with this prefix,Dette er nummeret på den siste laget transaksjonen med dette prefikset,
This will be shown in a modal after routing,Dette vises i et modal etter ruting,
This will be shown to the user in a dialog after routing to the report,Dette vil bli vist til brukeren i en dialog etter at den er sendt til rapporten,
Thumbnail URL,Thumbnail URL,
Thursday,Torsdag,
Time,Tid,
Time Format,Tidsformat,
Time Interval,Tidsintervall,
Time Series,Tidsserier,
Time Series Based On,Tidsserie basert på,
Time Zone,Tidssone,
Time Zones,Tidssoner,
Time format,Tidsformat,
Time in seconds to retain QR code image on server. Min:<strong>240</strong>,Tid i sekunder for å beholde QR-kodebilde på serveren. Min: <strong>240</strong>,
Timeline,Tidslinje,
Timeline DocType,Tidslinje DOCTYPE,
Timeline Field,Tidslinje Feltet,
Timeline Links,Tidslinjelinker,
Timeline Name,Tidslinje Name,
Timeseries,Tidsserier,
Timespan,Tidsrom,
Timestamp,Tidsstempel,
Title,Tittel,
Title Field,Tittel Feltet,
Title Prefix,Tittel Prefix,
To,Til,
To Date,To Date,
To Date Field,Til dato-feltet,
To and CC,Til og CC,
"To use Slack Channel, add a <a href=""#List/Slack%20Webhook%20URL/List"">Slack Webhook URL</a>.","For å bruke Slack Channel, legg til en <a href=""#List/Slack%20Webhook%20URL/List"">Slack Webhook URL</a> .",
ToDo,Å gjøre,
Token,pollett,
Top,Topp,
Top Bar Item,Top Bar Element,
Top Bar Items,Top Bar Items,
Topic,Emne,
Total Subscribers,Totalt Abonnenter,
Total number of emails to sync in initial sync process ,Totalt antall e-poster for å synkronisere i første synkroniseringsprosessen,
Traceback,Spore tilbake,
Track Changes,Spor endringer,
Track Email Status,Spor e-poststatus,
Track Field,Spor felt,
Track Seen,Track Seen,
Track Views,Sporvisninger,
Track milestones for any document,Spor milepæler for ethvert dokument,
Transaction Hash,Transaksjonshash,
Transaction Log,Transaksjonslogg,
Transaction Log Report,Transaksjonsloggrapport,
Transition Rules,Overgangsregler,
Transitions,Overganger,
Translatable,oversett,
Translated Text,oversatt tekst,
Translation,Oversettelse,
Trash,Søppel,
Tree,Tre,
Tree structures are implemented using Nested Set,Trestrukturer implementeres ved hjelp av Nested Set,
Trigger Method,trigger Method,
"Trigger on valid methods like ""before_insert"", ""after_update"", etc (will depend on the DocType selected)","Trigger på gyldige metoder som &quot;before_insert&quot;, &quot;after_update&quot;, etc (vil avhenge av valgt DOCTYPE)",
Tuesday,Tirsdag,
Two Factor Authentication,To faktorautentisering,
Two Factor Authentication method,To faktorautentiseringsmetode,
Type,Type,
UID,UID,
UIDNEXT,UIDNEXT,
UIDVALIDITY,UIDVALIDITY,
UNSEEN,USETT,
URL,URL,
URL for documentation or help,URL for dokumentasjon eller hjelp,
URL to go to on clicking the slideshow image,URL å gå til ved å klikke på lysbildefremvisningsbildet,
Unassign Condition,Ikke tilordne tilstand,
Unhandled Email,Ubehandlet E-post,
Unique,Unique,
Unread,ulest,
Unread Notification Sent,Ulest melding sendt,
Unshared,udelte,
Unsubscribe Method,Avmelding Method,
Unsubscribe Param,Avmelding Param,
Unsubscribed,Utmeldings,
Update,Oppdater,
Update Existing Records,Oppdater eksisterende poster,
Update Field,Oppdater felt,
Update Series Number,Update-serien Nummer,
Update Settings,Oppdater innstillinger,
Update Value,Oppdater Verdi,
Updated,oppdatert,
Uploaded To Dropbox,Lastet opp til Dropbox,
Uploaded To Google Drive,Lastet opp til Google Disk,
Use % for any non empty value.,Bruk% for en ikke-tom verdi.,
Use ASCII encoding for password,Bruk ASCII-koding for passord,
Use IMAP,Bruk IMAP,
Use POST,Bruk POST,
Use Report Chart,Bruk rapportdiagram,
Use SSL,Bruk SSL,
Use TLS,Bruk TLS,
Use this fieldname to generate title,Bruk denne feltnavn å generere tittel,
User,Bruker,
User ,Bruker,
User Agent,Bruker agent,
User Cannot Create,Bruker kan ikke opprette,
User Cannot Search,Bruker kan ikke søke,
User Defaults,Bruker Defaults,
User Details,Brukerdetaljer,
User Email,Bruker e-post,
User Emails,bruker~~POS=TRUNC e-post,
User Field,Brukerfelt,
User ID,bruker-ID,
User ID Property,Bruker-ID-eiendom,
User ID of a Blogger,Bruker-ID for en Blogger,
User Id,Bruker-ID,
User Image,Brukerbilde,
User Name,Brukernavn,
User Permission,Bruker Tillatelse,
User Profile,Brukerprofil,
User Social Login,Bruker sosial pålogging,
User Tags,Bruker Tags,
User Type,Brukertype,
User can login using Email id or Mobile number,Brukeren kan logge inn med e-post-ID eller mobilnummer,
User can login using Email id or User Name,Brukeren kan logge inn med e-post-ID eller brukernavn,
User must always select,Brukeren må alltid velge,
Username,Brukernavn,
Users,Brukere,
Users assigned to the reference document will get points.,"Brukere som er tilordnet referansedokumentet, vil få poeng.",
Valid,Gyldig,
Validate Field,Valider felt,
Validity,Gyldighet,
Value,Verdi,
Value Based On,Verdibasert på,
Value Change,Verdiendring,
Value Changed,Verdi Endret,
Value To Be Set,Verdi som skal settes,
Value from this field will be set as the due date in the ToDo,Verdien fra dette feltet vil bli satt som forfallsdato i ToDo,
Value to Validate,Verdi å validere,
Verdana,Verdana,
Verified,verifisert,
Version,Versjon,
Video URL,Video-URL,
View,Utsikt,
View Log,Se Logg,
View Properties (via Customize Form),Vis egenskaper (via Tilpass Form),
View Report,Se rapport,
View Settings,Vis innstillinger,
View Website,Vis nettstedet,
Viewed By,Sett av,
Visit,Besøk,
Warehouse,Warehouse,
Warning,Advarsel,
Watch Video,Se på video,
Web Form,Web Form,
Web Form Field,Web Form Feltet,
Web Form Fields,Web Form Fields,
Web Page,Nettside,
Web Page Block,Nettsideblokkering,
Web Page View,Visning av webside,
Web Template,Webmal,
Web Template Field,Nettmalfelt,
Web Template Values,Webmalverdier,
Web View,web-visning,
Webhook,Webhook,
Webhook Data,Webhook Data,
Webhook Header,Webhook Header,
Webhook Headers,Webhook Headers,
Webhook Request,Webhook-forespørsel,
Webhook Secret,Webhook Secret,
Webhook Security,Webhook Security,
Webhook Trigger,Webhook Trigger,
Webhook URL,Webhook URL,
Website,nettsted,
Website Analytics,Nettstedsanalyse,
Website Manager,Website manager,
Website Meta Tag,Nettsteds metakode,
Website Route Meta,Nettstedsrute Meta,
Website Route Redirect,Nettadresseruteveiledning,
Website Script,Website Script,
Website Settings,Nettstedinnstillinger,
Website Sidebar,nettstedet Sidebar,
Website Sidebar Item,Nettstedet Sidebar Element,
Website Slideshow,Website Show,
Website Slideshow Item,Website Slide Element,
Website Theme,Website Theme,
Website Theme Ignore App,Nettstedstema Ignorer app,
Website Theme Image,Website Theme Bilde,
Website Theme Image Link,Website Theme Bilde Link,
Wednesday,Onsdag,
Weekdays,hver~~POS=TRUNC,
Weekly,Ukentlig,
Weekly Long,Ukentlig lang,
Welcome Email Template,Velkommen e-postmal,
"When enabled this will allow guests to upload files to your application, You can enable this if you wish to collect files from user without having them to log in, for example in job applications web form.","Når dette er aktivert vil dette la gjestene laste opp filer til applikasjonen din. Du kan aktivere dette hvis du ønsker å samle filer fra brukeren uten å ha dem til å logge inn, for eksempel i jobbsøknads webskjema.",
Which view of the associated DocType should this shortcut take you to?,Hvilket syn på tilhørende DocType skal denne snarveien ta deg til?,
Width,Bredde,
Wildcard Filter,Jokertegnfilter,
"Will add ""%"" before and after the query",Vil legge til &quot;%&quot; før og etter spørringen,
Will be used in url (usually first name).,Vil bli brukt i url (vanligvis fornavn).,
Will run scheduled jobs only once a day for inactive sites. Default 4 days if set to 0.,Vil kjøre planlagte jobber bare en gang om dagen for inaktive nettsteder. Standard 4 dager hvis satt til 0.,
Workflow,Arbeidsflyt,
Workflow Action,Arbeidsflyt Handling,
Workflow Action Master,Arbeidsflyt Handling Master,
Workflow Action Name,Arbeidsflyten Handlingsnavn,
Workflow Action is not created for optional states,Arbeidsflythandling er ikke opprettet for valgfrie tilstander,
Workflow Document State,Arbeidsflyt Document State,
Workflow Name,Arbeidsflyt Name,
Workflow State,Arbeidsflyt State,
Workflow State Field,Arbeidsflyt State Feltet,
Workflow Transition,Arbeidsflyt Transition,
Workflow state represents the current state of a document.,Arbeidsflyt staten representerer den nåværende tilstanden i et dokument.,
Write,Skrive,
X Field,X felt,
XLSX,XLSX,
Y Axis,Y aksen,
Y Field,Y-felt,
Yahoo Mail,Yahoo Mail,
Yandex.Mail,Yandex.Mail,
Year,År,
Yearly,årlig,
Yellow,Gul,
Yes,Ja,
Your organization name and address for the email footer.,Organisasjonens navn og adresse for e-postbunntekst.,
Zero means send records updated at anytime,Null betyr at send poster oppdateres når som helst,
_doctype,_doctype,
_report,_rapportere,
adjust,justere,
after_insert,after_insert,
align-center,justere-senter,
align-justify,justere-rettferdig,
align-left,justere venstre,
align-right,justere høyre,
arrow-down,pil-ned,
arrow-left,pil-venstre,
arrow-right,pil høyre,
arrow-up,pil opp,
asterisk,Stjernen,
backward,bakover,
ban-circle,ban-sirkel,
barcode,Barcode,
bell,bell,
blue,blå,
bold,fet,
book,bok,
bookmark,bokmerke,
briefcase,stresskoffert,
bullhorn,bullhorn,
calendar,kalender,
camera,kamera,
certificate,sertifikat,
check,Kryss av,
chevron-down,chevron-down,
chevron-left,chevron-venstre,
chevron-right,chevron-rett,
chevron-up,chevron-up,
circle-arrow-down,sirkel-pil ned,
circle-arrow-left,sirkel-pil-venstre,
circle-arrow-right,sirkel-pil høyre,
circle-arrow-up,sirkel-pil opp,
cog,cog,
comment,kommentar,
darkgrey,mørk grå,
dd-mm-yyyy,dd-mm-åååå,
dd.mm.yyyy,dd.mm.yyyy,
dd/mm/yyyy,dd / mm / åååå,
download,Last ned,
download-alt,download-alt,
"e.g. ""Support"", ""Sales"", ""Jerry Yang""","f.eks &quot;Support&quot;, &quot;salg&quot;, &quot;Jerry Yang&quot;",
e.g. pop.gmail.com / imap.gmail.com,f.eks pop.gmail.com / imap.gmail.com,
e.g. replies@yourcomany.com. All replies will come to this inbox.,f.eks replies@yourcomany.com. Alle svar vil komme til denne innboks.,
e.g. smtp.gmail.com,f.eks smtp.gmail.com,
edit,redigere,
eject,løse ut,
email,E-post,
envelope,konvolutt,
exclamation-sign,utrops-skilt,
eye-close,eye-close,
eye-open,eye-åpen,
facebook,facebook,
facetime-video,Facetime-video,
fairlogin,fairlogin,
fast-backward,raskt bakover,
fast-forward,hurtig fremover,
file,fil,
film,film,
filter,filter,
fire,brann,
flag,flagg,
folder-close,mappe-close,
folder-open,mappe-open,
font,font,
forward,forward,
fullscreen,full skjerm,
gift,gave,
glass,glass,
globe,kloden,
green,grønn,
hand-down,hånden ned,
hand-left,hand-venstre,
hand-right,hånd høyre,
hand-up,hand-up,
hdd,hdd,
headphones,hodetelefoner,
heart,hjerte,
home,hjem,
icon,ikon,
in minutes,på få minutter,
inbox,Innboks,
indent-left,innrykk-venstre,
indent-right,innrykk høyre,
info-sign,info-skilt,
italic,kursiv,
leaf,blad,
link,Link,
linkedin,linkedin,
list,liste,
list-alt,list-alt,
lock,låse,
magnet,magnet,
map-marker,map-markør,
minus,minus,
minus-sign,minus-tegn,
mm-dd-yyyy,mm-dd-åååå,
mm/dd/yyyy,mm / dd / åååå,
module,Modul,
move,bevege seg,
music,musikk,
no failed attempts,ingen mislykkede forsøk,
off,av,
ok,ok,
ok-circle,ok-sirkel,
ok-sign,ok-tegn,
old_parent,old_parent,
on_cancel,on_cancel,
on_change,on_change,
on_submit,on_submit,
on_trash,on_trash,
on_update,on_update,
on_update_after_submit,on_update_after_submit,
orange,oransje,
page,side,
pause,pause,
pencil,blyant,
picture,bilde,
plane,fly,
play,spille,
play-circle,play-sirkel,
plus,plus,
plus-sign,pluss-tegn,
print,Skriv ut,
purple,lilla,
qrcode,QRCode,
query-report,spørring-rapport,
question-sign,spørsmålstegn,
random,tilfeldig,
red,rød,
refresh,forfriske,
remove,fjerne,
remove-circle,fjern-sirkel,
remove-sign,fjern-skilt,
repeat,gjenta,
resize-full,endre størrelse full,
resize-horizontal,endre størrelse-horisontal,
resize-small,endre størrelse-small,
resize-vertical,endre størrelse-vertikal,
response,respons,
retweet,retweet,
road,vei,
screenshot,skjermbilde,
search,Søke,
share,del,
share-alt,aksje-alt,
shopping-cart,handlevogn,
signal,signal,
star,stjerne,
star-empty,stjerners-tomt,
step-backward,trinn bakover,
step-forward,skritt fremover,
stop,Stoppe,
tag,Tag,
tags,tags,
tasks,oppgaver,
text-height,text-høyden,
text-width,text-bredde,
th,th,
th-large,th-large,
th-list,th-liste,
thumbs-down,tommel ned,
thumbs-up,tommel opp,
time,tid,
tint,tint,
trash,trash,
twitter,twitter,
upload,laste opp,
user,bruker,
volume-down,volum-ned,
volume-off,volum-off,
volume-up,volum opp,
warning-sign,varselskilt,
wrench,skiftenøkkel,
yellow,gul,
yyyy-mm-dd,åååå-mm-dd,
zoom-in,zoom inn,
zoom-out,zoome ut,
