"""Company History""","""História da Empresa""",
"""Team Members"" or ""Management""","""Membros da Equipa"" ou ""Gestão""",
&lt;head&gt; HTML,&lt;head&gt; HTML,
**Currency** Master,**Moeda** Principal,
0 - Draft; 1 - Submitted; 2 - Cancelled,0 - Rascunho; 1 - Enviado; 2 - Cancelado,
0 is highest,0 é maior,
A list of resources which the Client App will have access to after the user allows it.<br> e.g. project,"Uma lista de recursos que o aplicativo cliente terá acesso a depois que o usuário permita. <br> por exemplo, do projeto",
A symbol for this currency. For e.g. $,Um símbolo para esta moeda. Por exemplo: R$,
A4,A4,
ALL,Tudo,
API,API,
API Access,Acesso API,
API Endpoint,API Endpoint,
API Endpoint Args,API Endpoint Args,
API Key,Chave da API,
API Method,Método API,
API Secret,Segredo da API,
ASC,ASC,
About Us Settings,Configurações do Quem Somos,
About Us Team Member,Sobre Nós - Membros da Equipe,
Access Key ID,ID da chave de acesso,
Access Key Secret,Segredo da chave de acesso,
Access Log,Log de acesso,
Access Token,Token de Acesso,
Access Token URL,URL do Token de Acesso,
Account,Conta,
Accounts Manager,Gerente de Contas,
Accounts User,Usuário de Contas,
Action,Ação,
Action / Route,Ação / Rota,
Action Timeout (Seconds),Tempo Limite de Ação (Segundos),
Action Type,Tipo de acão,
Actions,Ações,
Active,Ativo,
Active Domains,Domínios ativos,
Activity Log,Log de Atividade,
Add Container,Adicionar recipiente,
Add Custom Tags,Adicionar tags personalizadas,
Add Gray Background,Adicionar fundo cinza,
Add Signature,Adicionar Assinatura,
Add Total Row,Adicionar Linha de Total,
Add Unsubscribe Link,Adicionar link para cancelar inscrição,
"Added HTML in the &lt;head&gt; section of the web page, primarily used for website verification and SEO","HTML adicionado na seção &lt;head&gt; da página web, principalmente utilizadas para a verificação do site e SEO",
Additional Permissions,Permissões Adicionais,
Address,Endereço,
Address And Contacts,Endereços e Contatos,
Address Line 1,Endereço,
Address Line 2,Complemento,
Address Template,Modelo de Endereço,
Address Title,Título do Endereço,
Address Type,Tipo de Endereço,
Address and other legal information you may want to put in the footer.,Endereço e outras informações legais que você pode querer colocar no rodapé.,
Addresses And Contacts,Endereços e Contatos,
Adds a custom field to a DocType,Adiciona um campo personalizado para um Tipo de Documento (DocType),
Administrator,Administrador,
Advanced,Avançado,
Advanced Control,Controle Avançado,
Advanced Settings,Configurações Avançadas,
After Cancel,Após Cancelar,
After Delete,Após Excluir,
After Save,Após salvar,
After Save (Submitted Document),Após salvar (documento enviado),
After Submit,Após o envio,
Aggregate Function Based On,Função agregada com base em,
Alert,Alerta,
Align Labels to the Right,Alinhar etiquetas à direita,
Align Right,Alinhar à direita,
All,Todos,
All Day,Dia Inteiro,
Allocated To,Atribuído a,
Allot Points To Assigned Users,Atribuir pontos aos usuários atribuídos,
Allow,Permitir,
Allow Auto Repeat,Permitir repetição automática,
Allow Bulk Edit,Permitir edição em massa,
Allow Comments,Permitir Comentários,
Allow Consecutive Login Attempts ,Permitir tentativas de login consecutivas,
Allow Delete,Permitir Excluir,
Allow Dropbox Access,Permitir Acesso Dropbox,
Allow Guest,Permitir convidado,
Allow Guest to View,Permitir visualização de convidado,
Allow Guests to Upload Files,Permitir que os convidados façam upload de arquivos,
Allow Import (via Data Import Tool),Permitir Importação (via Data Import Tool),
Allow Incomplete Forms,Permitir Formulários Incompletos,
Allow Login After Fail,Permitir login após falha,
Allow Login using Mobile Number,Permitir login usando o número de celular,
Allow Login using User Name,Permitir Login usando o nome de usuário,
Allow Modules,Permitir Módulos,
Allow Print,Permitir Impressão,
Allow Print for Cancelled,Permitir impressão para cancelado,
Allow Print for Draft,Permitir impressão para rascunho,
Allow Read On All Link Options,Permitir leitura em todas as opções de link,
Allow Rename,Permitir Renomear,
Allow Roles,Permitir Funções,
Allow Self Approval,Permitir auto-aprovação,
Allow approval for creator of the document,Permitir aprovação para o criador do documento,
Allow document creation via Email,Permitir a criação de documentos por e-mail,
Allow events in timeline,Permitir eventos na linha do tempo,
Allow in Quick Entry,Permitir na entrada rápida,
Allow on Submit,Permitir ao Enviar,
Allow only one session per user,Permitir apenas uma sessão por usuário,
Allow page break inside tables,Permitir quebra de página dentro de tabelas,
Allow saving if mandatory fields are not filled,Permitir salvar se os campos obrigatórios não são preenchidas,
Allow user to login only after this hour (0-24),Permitir que o usuário faça o login somente após este horário (0-24),
Allow user to login only before this hour (0-24),Permitir que o usuário faça o login somente antes deste horário (0-24),
Allowed,Permitido,
Allowed In Mentions,Permitido nas menções,
"Always add ""Draft"" Heading for printing draft documents","Sempre adicionar ""Rascunho"" no cabeçalho para impressão de documentos não enviados",
Amend,Corrigir,
Amended From,Alterado De,
An icon file with .ico extension. Should be 16 x 16 px. Generated using a favicon generator. [favicon-generator.org],Um ícone do arquivo com extensão .ico. Deve ser de 16 x 16 px. Gerado usando um gerador de favicon. [favicon-generator.org],
Analytics,Análise,
Annual,Anual,
Anonymous,Anônimo,
Any string-based printer languages can be used. Writing raw commands requires knowledge of the printer's native language provided by the printer manufacturer. Please refer to the developer manual provided by the printer manufacturer on how to write their native commands. These commands are rendered on the server side using the Jinja Templating Language.,"Qualquer linguagem de impressora baseada em string pode ser usada. Escrever comandos simples requer conhecimento da linguagem nativa da impressora fornecida pelo fabricante da impressora. Por favor, consulte o manual do desenvolvedor fornecido pelo fabricante da impressora sobre como escrever seus comandos nativos. Esses comandos são processados no lado do servidor usando o Jinja Templating Language.",
App,Aplicativo,
App Access Key,App Chave de Acesso,
App Client ID,App Cliente ID,
App Client Secret,App Cliente secreto,
App Name,Nome do App,
App Secret Key,App chave secreta,
Append Emails to Sent Folder,Anexar emails à pasta enviada,
Append To,Acrescente Para,
Applicable For,Aplicável,
Application Logo,Logo do aplicativo,
Application Name,Nome da Aplicação,
Application Version,Versão do aplicativo,
Applied On,Aplicado em,
Apply Document Permissions,Aplicar permissões de documento,
Apply Only Once,Aplicar apenas uma vez,
Apply Strict User Permissions,Aplicar permissões de usuário estrito,
Apply To All Document Types,Aplicar a todos os tipos de documentos,
Apply this rule if the User is the Owner,Aplicar esta regra se o usuário é o proprietário,
Apply this rule only once per document,Aplique esta regra apenas uma vez por documento,
Appreciation,Apreciação,
Archived,Arquivada,
Arial,Arial,
Assign Condition,Atribuir condição,
Assign To Users,Atribuir aos usuários,
Assigned,Atribuído,
Assigned By,Atribuído por,
Assigned By Full Name,Atribuído por Nome completo,
Assignment,Tarefa,
Assignment Completed,Atribuição Concluída,
Assignment Days,Dias de atribuição,
Assignment Rule,Regra de Atribuição,
Assignment Rule Day,Dia da regra de atribuição,
Assignment Rule User,Usuário da regra de atribuição,
Assignment Rules,Regras de Atribuição,
Assignments,atribuições,
Attach,Anexar,
Attach Image,Anexar Imagem,
Attach Print,Anexar cópia,
Attached File,Arquivo anexo,
Attached To DocType,Anexado ao Doctype,
Attached To Field,Relacionado ao campo,
Attached To Name,Anexado Para Nome,
Attachment,Anexo,
Attachment Limit (MB),Limite de Anexo (MB),
Attachment Link,Link de Anexo,
Attachment Removed,Anexo Removido,
Attachments,Anexos,
Auth URL Data,Dados de URL de autenticação,
Authentication,Autenticação,
Author,Autor,
Authorization Code,Código de autorização,
Authorize API Indexing  Access,Autorizar acesso de indexação de API,
Authorize Google Calendar Access,Autorizar acesso ao Google Agenda,
Authorize Google Contacts Access,Autorizar o acesso dos Contatos do Google,
Authorize Google Drive Access,Autorizar acesso ao Google Drive,
Authorize URL,Autorizar URL,
Authorized,Autorizado,
Auto,Auto,
Auto Email Report,Relatório por Email Automático,
Auto Name,Nome Automático,
Auto Repeat,Repetição Automática,
Auto Reply Message,Resposta Automática,
Automatically Assign Documents to Users,Atribuir documentos automaticamente aos usuários,
Automation,Automação,
Avatar,Avatar,
Average,Média,
Awaiting Password,Aguardando Senha,
Awaiting password,Aguardando Senha,
BCC,BCC,
Background Color,Cor de Fundo,
Background Workers,Trabalhadores em Segundo Plano,
Backup Details,Detalhes de backup,
Backup Files,Arquivos de backup,
Backup Folder ID,ID da pasta de backup,
Backup Folder Name,Nome da pasta de backup,
Backup Frequency,Frequência de Backup,
Backup public and private files along with the database.,Faça backup de arquivos públicos e privados junto com o banco de dados.,
Backups,Backups,
Banner,Faixa,
Banner HTML,Faixa HTML,
Banner Image,Imagem do Banner,
Banner is above the Top Menu Bar.,A faixa está acima da barra de menu superior.,
Bar,Barra,
Barcode,Código de Barras,
Base Distinguished Name (DN),Base de dados de nome distinto (DN),
Base URL,URL Base,
Based On,Baseado Em,
Based on Field,Com base no campo,
Based on Permissions For User,Com base em permissões para o usuário,
Basic,Básico,
Before Cancel,Antes de Cancelar,
Before Delete,Antes de excluir,
Before Insert,Antes da inserção,
Before Save,Antes de salvar,
Before Save (Submitted Document),Antes de salvar (documento enviado),
Before Submit,Antes de enviar,
Beginner,Principiante,
Beta,Beta,
Billing,Faturamento,
Bio,Bio,
Birth Date,Data de nascimento,
Block Module,Módulo Bloco,
Block Modules,Bloquear Módulos,
Blocked,Bloqueado,
Blog Category,Categoria do Blog,
Blog Intro,Introdução do Blog,
Blog Introduction,Introdução do Blog,
Blog Post,Mensagem do Blog,
Blog Settings,Configurações do Blog,
Blog Title,Título do Blog,
Blogger,Blogueiro,
Blue,Azul,
Bold,Negrito,
Bot,Bot,
Bottom,Inferior,
Bounced,Bounced,
Brand,Marca,
Brand HTML,Marca HTML,
Brand Image,Imagem da Marca,
Breadcrumbs,Breadcrumbs,
Browser,Navegador,
Browser Version,Versão do navegador,
Brute Force Security,Segurança da força bruta,
Bucket Name,Nome do intervalo,
Bulk Update,Alteração em Massa,
Button,Botão,
Button Gradients,Gradientes de botão,
Button Rounded Corners,Botão Cantos Arredondados,
Button Shadows,Sombras de botão,
Bypass Restricted IP Address Check If Two Factor Auth Enabled,"Ignorar endereço IP restrito, verificar se a autenticação de dois fatores estiver habilitada",
Bypass Two Factor Auth for users who login from restricted IP Address,Bypass Two Factor Auth para usuários que fazem login do endereço IP restrito,
Bypass restricted IP Address check If Two Factor Auth Enabled,Ignorar verificação de endereço IP restrito se dois fatores de autenticação habilitados,
CC,CC,
CSS,CSS,
CSS Class,Classe CSS,
CSV,CSV,
CTA Label,Etiqueta CTA,
CTA URL,URL CTA,
Calendar,Calendário,
Calendar Name,Nome do calendário,
Calendar View,Vista Calendário,
Call,Chamada Telefônica,
Call To Action,Apelo à ação,
Call To Action URL,URL de apelo à ação,
Callback Message,Mensagem de retorno,
Callback Title,Título de retorno,
Campaign,Campanha,
Cancel,Cancelar,
Cancelled,Cancelado,
Card,Cartão,
Cards,Postais,
Category,Categoria,
Category Description,Descrição da Categoria,
Category Name,Nome da Categoria,
Center,Centro,
Chaining Hash,Chain Hash,
Change Label (via Custom Translation),Alterar etiqueta (via tradução personalizada),
Change Password,Alterar Senha,
Channel,Canal,
Chart,Gráfico,
Chart Configuration,Configuração de Gráfico,
Chart Name,Nome do gráfico,
Chart Options,Opções de gráfico,
Chart Source,Fonte do gráfico,
Chart Type,Tipo de gráfico,
Charts,Gráficos,
Chat,Chat,
Check,Verifica,
Check this if you want to force the user to select a series before saving. There will be no default if you check this.,Marque esta opção se você deseja forçar o usuário a selecionar uma série antes de salvar. Não haverá nenhum padrão se você marcar isso.,
Checking this will hide custom doctypes and reports cards in Links section,Marcar isto irá esconder doctypes personalizados e cartões de relatórios na seção Links,
Checksum Version,Versão Checksum,
Child Tables are shown as a Grid in other DocTypes,Tabelas secundárias são mostradas como uma grade em outros DocTypes,
Choose authentication method to be used by all users,Escolha o método de autenticação a ser usado por todos os usuários,
City,Cidade,
City/Town,Cidade,
Clicked,Clicado,
Client,Cliente,
Client Code,Código do cliente,
Client Credentials,Credenciais no cliente,
Client ID,ID do Cliente,
Client Information,Informação ao cliente,
Client Script,Script de Cliente,
Client Secret,Segredo do Cliente,
Client URLs,URLs do Cliente,
Close Condition,Fechar Condição,
Closed,Fechado,
Code,Código,
Collapsible,Desmontável,
Collapsible Depends On,Depende dobrável,
Color,Cor,
Column Break,Quebra de coluna,
Column Name,Nome da coluna,
Columns,Colunas,
Columns / Fields,Colunas / Campos,
Comment,Comentário,
Comment By,Comentário por,
Comment Email,Comentário Email,
Comment Type,Tipo de Comentário,
Comments and Communications will be associated with this linked document,Comentários e comunicações serão associados com este documento relacionado,
Commit,Comprometer,
Communication,Comunicação,
Communication Link,Link de comunicação,
Communication Type,Tipo de comunicação,
Compact Item Print,Imprimir Item no Formato Compacto,
Company History,Histórico da Empresa,
Company Introduction,Introdução da Empresa,
Company Name,Nome da Empresa,
Complete,Concluído,
Completed,Concluído,
Component,Componente,
Condition,Condição,
Conditions,Condições,
Configuration,Configuração,
Confirmation Email Template,Modelo de email de confirmação,
Console,Console,
Console Log,Log do console,
Contact,Contato,
Contact Details,Detalhes do Contato,
Contact Email,Email de Contato,
Contact Numbers,Números de contato,
Contact Phone,telefone de contato,
Contact Us Settings,Configurações do Fale Conosco,
"Contact options, like ""Sales Query, Support Query"" etc each on a new line or separated by commas.","Opções de contato, como ""Perguntas sobre Vendas, Perguntas de suporte"", etc cada uma em uma nova linha ou separadas por vírgulas.",
Contacts,Contatos,
Content,Conteúdo,
Content (HTML),Conteúdo (HTML),
Content (Markdown),Conteúdo (Markdown),
Content Hash,Hash do conteúdo,
Content Type,Tipo de Conteúdo,
Context,Contexto,
Context Script,Script de Contexto,
Contributed,Contribuído,
Contribution Document Name,Nome do documento de contribuição,
Contribution Status,Status de contribuição,
Copyright,Direitos autorais,
Core,Núcleo,
Count,Contagem,
Count Filter,Filtro de contagem,
Counter,Contador,
Country,País,
Country Name,Nome do País,
County,Distrito,
Create,Criar,
Create Contacts from Incoming Emails,Criar contatos de e-mails recebidos,
Create Entry,Criar entrada,
Create Log,Criar log,
Create and Send Newsletters,Criar e enviar email marketing,
Created,Criado,
Criticism,Crítica,
Cron,Cron,
Cron Format,Formato Cron,
Currency,Moeda,
Currency Name,Nome da Moeda,
Currency Precision,Precisão de moeda,
Current,Atual,
Custom,Personalizado,
Custom Base URL,URL Base Base,
Custom CSS,CSS Personalizado,
Custom Configuration,Configuração Personalizada,
Custom DocPerm,DocPerm personalizado,
Custom Field,Campo Personalizado,
Custom Format,Formato Personalizado,
Custom HTML Help,Ajuda HTML Personalizado,
Custom Menu Items,Itens de Menu Personalizado,
Custom Options,Opções Personalizadas,
Custom Overrides,Substituições personalizadas,
Custom Report,Relatório Personalizado,
Custom Role,Função Personalizada,
Custom SCSS,SCSS personalizado,
Custom Sidebar Menu,Menu de personalização da barra lateral,
Custom?,Personalizado?,
Customization,Personalização,
Customize Form,Personalizar Formulário,
Customize Form Field,Personalizar Campo de Formulário,
DESC,DESC,
Daily,Diário,
Daily Long,Diário Longo,
Danger,Perigo,
Dark Color,Cor Escura,
Dashboard,Dashboard,
Dashboard Chart,Gráfico de Dashboard,
Dashboard Chart Field,Campo do Gráfico do Dashboard,
Dashboard Chart Link,Link do Gráfico de Dashboard,
Dashboard Chart Source,Origem do Gráfico de Dashboard,
Dashboard Manager,Dashboard Manager,
Dashboard Name,Nome do Dashboard,
Dashboard Settings,Configurações do Dashboard,
Dashboards,Dashboards,
Data,Dados,
Data Export,Exportação de Dados,
Data Import,Importação de dados,
Database Engine,Engine do Banco de Dados,
Date,Data,
Date Format,Formato de Data,
Date Range,Intervalo de Datas,
Date and Number Format,Data e Formato de número,
Datetime,Data e Hora,
Day,Dia,
Day of Week,Dia da Semana,
Days After,Dias Após,
Days Before,Dias Antes,
Days Before or After,Dias Antes ou Após,
Default,Padrão,
Default Incoming,Padrão de Entrada,
Default Letter Head,Cabeçalho Padrão,
Default Outgoing,Outgoing Padrão,
Default Portal Home,Página inicial do portal padrão,
Default Print Format,Formato de impressão padrão,
Default Print Language,Idioma de impressão padrão,
Default Redirect URI,Padrão de redirecionamento URI,
Default Role at Time of Signup,Função padrão no momento da inscrição,
Default Sort Field,Campo de classificação padrão,
Default Sort Order,Ordem de classificação padrão,
Default Value,Valor Padrão,
"Default: ""Contact Us""","Padrão: ""Fale Conosco""",
DefaultValue,Valor padrão,
Defaults,Padrões,
Defines actions on states and the next step and allowed roles.,"Define ações em status, o próximo passo e as funções com permissão.",
Defines workflow states and rules for a document.,Define o status de fluxo de trabalho e regras para um documento.,
Delayed,Atrasado,
Delete,Excluir,
Deleted,Excluído(a),
Deleted DocType,DocType Excluído,
Deleted Document,Documento Excluído,
Deleted Name,Nome Excluído,
Delivery Status,Status da Entrega,
Department,Departamento,
Dependencies,Dependências,
Depends On,Depende de,
Description,Descrição,
"Description for listing page, in plain text, only a couple of lines. (max 200 characters)","Descrição da página de listagem, em texto simples, apenas algumas linhas. (máx. 200 caracteres)",
Designation,Designação,
Desk,Mesa,
Desk Access,Acesso ao Ambiente de Trabalho,
Desktop Icon,Ícone da área de trabalho,
Details,Detalhes,
"Different ""States"" this document can exist in. Like ""Open"", ""Pending Approval"" etc.","""Status"" diferentes em que esse documento pode existir. Como ""Aberto"", ""Aprovação Pendente"", etc",
Digits,Dígitos,
Disable Auto Refresh,Desativar atualização automática,
Disable Comments,Desativar comentários,
Disable Count,Desativar Contagem,
Disable SMTP server authentication,Desativar autenticação do servidor SMTP,
Disable Sidebar Stats,Desativar Estatísticas da Barra Lateral,
Disable Signup,Desativar Registre-se,
Disable Standard Email Footer,Desativar Rodapé Padrão do Email,
Disabled,Desativado,
Display,exibição,
Display Depends On,Visualização depende,
Doc Event,Evento de Doc,
Doc Events,Doc Eventos,
Doc Status,Status do Documento,
DocField,DocField,
DocPerm,DocPerm,
DocShare,DocShare,
DocType,DocType,
DocType Action,Ação DocType,
DocType Event,Evento DocType,
DocType Link,Link DocType,
DocType View,Visualização DocType,
DocType is a Table / Form in the application.,DocType é uma Tabela / Form na aplicação.,
DocType on which this Workflow is applicable.,DocType em que este fluxo de trabalho é aplicável.,
Doctype,Doctype,
Document,Documento,
Document Actions,Ações do Documento,
Document Follow,Rastrear Documento,
Document Link,Link do Documento,
Document Links,Links de documentos,
Document Name,Nome do Documento,
Document Naming Rule,Regra de Nomenclatura de Documento,
Document Naming Rule Condition,Condição de regra de nomenclatura de documento,
Document Share,Partilha de Documentos,
Document Share Report,Relatório de Documentos Compartilhados,
Document States,Documento Unidos,
Document Tag,Etiqueta de Documento,
Document Title,Título do documento,
Document Type,Tipo de Documento,
Document Type to Track,Tipo de Documento a Seguir,
Document Types,Tipos de documento,
Documentation Link,Link da documentação,
Documentation URL,URL de documentação,
Domain,Domínio,
Domain Settings,Configurações de Domínio,
Domains HTML,Domínios HTML,
"Don't HTML Encode HTML tags like &lt;script&gt; or just characters like &lt; or &gt;, as they could be intentionally used in this field","Não etiquetas HTML Encode HTML como &lt;script&gt; ou apenas caracteres como &lt;ou&gt;, uma vez que poderia ser usado intencionalmente neste campo",
Don't Override Status,Não Sobrescrever o Status,
Don't Send Emails,Não envie emails,
Donut,Rosquinha,
Download Backups,Download de Backups,
Download Template,Baixar Modelo,
Dropbox Access Token,Token de acesso Dropbox,
Dropbox Settings,Configurações Dropbox,
Dropdowns,Dropdowns,
Due Date,Data de Vencimento,
Due Date Based On,Data de Vencimento Baseada Em,
Duration,Duração,
Dynamic Filters,Filtros Dinâmicos,
Dynamic Filters JSON,Filtros dinâmicos JSON,
Dynamic Filters Section,Seção de Filtros Dinâmicos,
Dynamic Link,Link dinâmico,
Dynamic Report Filters,Filtros dinâmicos de relatórios,
Dynamic Route,Rota Dinâmica,
Dynamic Template,Modelo dinâmico,
Edit,Editar,
Edit Values,Editar Valores,
Editable Grid,Grid Editável,
Eg. smsgateway.com/api/send_sms.cgi,Por exemplo: smsgateway.com / api / send_sms.cgi,
Email,Email,
Email Account,Conta de Email,
Email Account Name,Nome da Conta de Email,
Email Address,Endereço de Email,
Email Address whose Google Contacts are to be synced.,Endereço de e-mail cujos contatos do Google devem ser sincronizados.,
Email Addresses,Endereço de Email,
Email Domain,Domínio de Email,
Email Flag Queue,Flag Fila de Email,
Email Footer Address,Endereço no Rodapé do Email,
Email Group,Grupo de Email,
Email Group Member,Membro do Grupo de Emails,
Email ID,Email ID,
Email IDs,IDs de email,
Email Id,Email,
Email Inbox,Caixa de Entrada,
Email Queue,Fila de Emails,
Email Queue Recipient,Email Queue Destinatário,
Email Queue records.,Registros da Fila de Emails.,
Email Reply Help,Email Reply Help,
Email Rule,Regra de Email,
Email Sent,Email Enviado,
Email Settings,Configurações de Email,
Email Signature,Assinatura de Email,
Email Status,Satus do Email,
Email Sync Option,Opção Sync Email,
Email Template,Modelo de Email,
Email To,Email Para,
Email Unsubscribe,Cancelar inscrição de email,
Emails will be sent with next possible workflow actions,Os e-mails serão enviados com as próximas ações de fluxo de trabalho possíveis,
Enable,Permitir,
Enable Auto Reply,Ativar resposta automática,
Enable Automatic Backup,Ativar backup automático,
Enable Automatic Linking in Documents,Ativar Vinculação Automática em Documentos,
Enable Comments,Ativação de comentários,
Enable Email Notifications,Ativar notificações por email,
Enable Google Indexing,Ativar indexação do Google,
Enable In App Website Tracking,Habilitar acompanhamento de sites no aplicativo,
Enable Incoming,Ativar Entrada,
Enable Onboarding,Habilitar Onboarding,
Enable Outgoing,Ativar Saída,
Enable Password Policy,Ativar política de senha,
Enable Print Server,Ativar servidor de impressão,
Enable Raw Printing,Ativar impressão bruta,
Enable Scheduled Jobs,Ativar Tarefas Agendadas,
Enable Security,Ativar segurança,
Enable Social Login,Ativar Login Social,
Enable Social Sharing,Ativar compartilhamento social,
Enable Two Factor Auth,Ativar dois fatores Auth,
Enabled,Ativado,
End Date,Data Final,
End Date Field,Campo de data final,
Endpoint URL,URL do endpoint,
Endpoints,Endpoints,
Ends on,Termina em,
Energy Point,Ponto de energia,
Energy Point Log,Log de ponto de energia,
Energy Point Rule,Regra do ponto de energia,
Energy Point Settings,Configurações de ponto de energia,
Energy Points,Pontos de energia,
Enter Form Type,Digite o Tipo de Formulário,
"Enter default value fields (keys) and values. If you add multiple values for a field, the first one will be picked. These defaults are also used to set ""match"" permission rules. To see list of fields, go to ""Customize Form"".","Insira campos de valor padrão (teclas) e valores. Se adicionar diversos valores para um campo, será escolhido o primeiro. Estes padrões também são utilizados para definir regras de permissão de ""correspondência. Para ver a lista de campos, vá a ""Personalizar Formulário"".",
"Enter static url parameters here (Eg. sender=ERPNext, username=ERPNext, password=1234 etc.)","Digite os parâmetros da URL estática aqui (por exemplo remetente=ERPNext, usuario=ERPNext, senha=1234, etc)",
Enter url parameter for message,Digite o parâmetro da url para mensagem,
Enter url parameter for receiver nos,Digite o parâmetro da url para os números de receptores,
Error,Erro,
Error Log,Log de Erro,
Error Message,Mensagem de Erro,
Event,Evento,
Event Category,Categoria do Evento,
Event Participants,Participantes do Evento,
Event Type,Tipo de Evento,
Everyone,Todos,
"Ex: ""colors"": [""#d1d8dd"", ""#ff5858""]","Ex: &quot;cores&quot;: [&quot;# d1d8dd&quot;, &quot;# ff5858&quot;]",
Example,Exemplo,
"Example: ""/desk""",Exemplo: &quot;/ desk&quot;,
Example: #Tree/Account,Exemplo: # árvore / conta,
Example: 00001,Exemplo: 00001,
Example: {{ subject }},Exemplo: {{subject}},
Excel,Excel,
Exception,Exceção,
Execute,Executar,
Expert,Especialista,
Expiration time,Data de validade,
Expire Notification On,Expiram Notificação Lig,
Expired,Expirado,
Expires In,Expira em,
Expires On,Expira Em,
Expiry time of QR Code Image Page,Tempo de expiração da página de imagem de código QR,
Export,Exportar,
Export From,Exportar de,
Expose Recipients,Mostrar Destinatários,
"Expression, Optional","Expressão, Opcional",
Facebook,Facebook,
Failed,Falhou,
FavIcon,FavIcon,
Fax,Fax,
Featured,Destaque,
Feedback,Comentários,
Feedback Request,Solicitação de Feedback,
Fetch From,Buscar de,
Field,Campo,
Field Description,Descrição do Campo,
Field Name,Nome do Campo,
Field To Check,Campo a verificar,
Field Type,Tipo de Campo,
"Field that represents the Workflow State of the transaction (if field is not present, a new hidden Custom Field will be created)","Campo que representa o status da transação no fluxo de trabalho (se o campo não estiver presente, um novo campo oculto personalizado será criado)",
Field to Track,Campo para rastrear,
Fieldname,Nome do Campo,
Fields,Campos,
Fields Multicheck,Campos Multicheck,
"Fields separated by comma (,) will be included in the ""Search By"" list of Search dialog box","Campos separados por vírgula (,) será incluído no &quot;Pesquisar por&quot; lista de caixa de diálogo Pesquisar",
Fieldtype,Tipo de Campo,
File,Arquivo,
File Backup,Backup de arquivos,
File Information,Informações do arquivo,
File Name,Nome do arquivo,
File Size,Tamanho do arquivo,
File Type,Tipo de arquivo,
File URL,URL do arquivo,
Files,Arquivos,
Filter Data,Filtrar dados,
Filter List,Lista de filtros,
Filter Meta,Filtrar Meta,
Filter Name,Nome do filtro,
Filter Values,Valores de filtro,
Filters,Filtros,
Filters Configuration,Configuração de Filtros,
Filters Display,Exibição dos Filtros,
Filters JSON,Filtros JSON,
Filters Section,Seção de Filtros,
"Filters will be accessible via <code>filters</code>. <br><br>Send output as <code>result = [result]</code>, or for old style <code>data = [columns], [result]</code>","Os filtros estarão acessíveis por meio de <code>filters</code> .<br><br> Envie a saída como <code>result = [result]</code> ou para <code>data = [columns], [result]</code> estilo antigo <code>data = [columns], [result]</code>",
Finished,Acabado,
First Name,Nome,
First Success Message,Primeira mensagem de sucesso,
Flag,Bandeira,
Float,Float,
Float Precision,Precisão de Casas Decimais,
Fold,Dobrar,
Folder,Pasta,
Font,fonte,
Font Properties,Propriedades da fonte,
Font Size,Tamanho da Fonte,
Fonts,Fontes,
Footer,Rodapé,
Footer HTML,HTML de rodapé,
Footer Items,Itens do Rodapé,
Footer Logo,Logotipo do rodapé,
Footer Template,Modelo de rodapé,
Footer Template Values,Valores de modelo de rodapé,
Footer will display correctly only in PDF,Rodapé será exibido corretamente somente em PDF,
For DocType Link / DocType Action,Para DocType Link / DocType Action,
For Document Event,Para evento de documento,
For User,Para o Usuário,
For Value,Por valor,
For example: {} Open,Por exemplo: {} Abra,
"For help see <a href=""https://frappeframework.com/docs/user/en/guides/portal-development/web-forms"" target=""_blank"">Client Script API and Examples</a>","Para obter ajuda, consulte <a href=""https://frappeframework.com/docs/user/en/guides/portal-development/web-forms"" target=""_blank"">Client Script API e exemplos</a>",
"For more information, <a class=""text-muted"" href=""https://erpnext.com/docs/user/manual/en/setting-up/email/linking-emails-to-document"">click here</a>.","Para mais informações, <a class=""text-muted"" href=""https://erpnext.com/docs/user/manual/en/setting-up/email/linking-emails-to-document"">clique aqui</a> .",
Force,Força,
Force Show,Forçar Exibição,
Force User to Reset Password,Forçar usuário a redefinir a senha,
Form Settings,Configurações de formulário,
Form URL-Encoded,Codificado em URL do formulário,
Format,Formato,
Format Data,Formato de dados,
Forward To Email Address,Encaminhar para Email,
Fraction,Fração,
Fraction Units,Unidades Fracionadas,
Frappe,Frappe,
Frequency,Frequência,
Friday,Sexta-feira,
From,De,
From Date,Data De,
From Date Field,Do campo de data,
From Full Name,De nome completo,
From User,Do Usuário,
Full,Cheio,
Full Name,Nome Completo,
Full Width,Largura completa,
Function,Função,
GMail,Gmail,
Gantt,Gantt,
Gender,Sexo,
Generate Keys,Gerar Chaves,
Geo,Geo,
Geolocation,Geolocalização,
Get Contacts,Obter contatos,
Get your globally recognized avatar from Gravatar.com,Obtenha seu avatar globalmente reconhecido de Gravatar.com,
Git Branch,Git Branch,
GitHub,GitHub,
Global Search DocType,DocType de pesquisa global,
Global Search Settings,Configurações globais de pesquisa,
Global Unsubscribe,Cancelar Inscrição Global,
Go to Page,Vá para página,
Google,Google,
Google Analytics Anonymize IP,IP anônimo do Google Analytics,
Google Analytics ID,ID do Google Analytics,
Google Calendar,Agenda do Google,
Google Calendar Event ID,ID do evento do Google Agenda,
Google Calendar ID,ID da Agenda do Google,
Google Contacts,Contatos do Google,
Google Contacts Id,ID de contatos do Google,
Google Drive,Google Drive,
Google Font,Google Font,
Google Settings,Configurações do Google,
Google Snippet Preview,Visualização de snippet do Google,
Grant Type,Tipo Grant,
Green,Verde,
Group,Grupo,
Group By,Agrupar Por,
Group By Based On,Agrupar por Com base em,
Group By Type,Agrupar por tipo,
Guest,Convidado,
HH:mm,HH: mm,
HH:mm:ss,HH: mm: ss,
HTML,HTML,
HTML Editor,Editor de HTML,
HTML Page,Página HTML,
HTML for header section. Optional,HTML para a seção de cabeçalho. opcional,
Half,Metade,
Half Yearly,Semestral,
Half-yearly,Semestralmente,
Has  Attachment,possui anexo,
Has Domain,Tem domínio,
Has Role,Tem Função,
Has Web View,Tem Web View,
Header,Cabeçalho,
Header HTML,HTML de cabeçalho,
Header and Breadcrumbs,Cabeçalho e breadcrumbs,
Headers,Cabeçalhos,
Heading,Título,
Heatmap,Mapa de calor,
Help,Ajuda,
Help Article,Artigo de Ajuda,
Help Articles,Artigos de Ajuda,
Help Category,Categoria de Ajuda,
Help Dropdown,Ajuda suspensa,
Help HTML,Ajuda HTML,
Helvetica,Helvetica,
Hidden,Escondido,
Hide,ocultar,
Hide Block,Esconder o Bloco,
Hide Border,Ocultar borda,
Hide CTA,Ocultar CTA,
Hide Copy,Ocultar Cópia,
Hide Custom DocTypes and Reports,Ocultar tipos de documentos e relatórios personalizados,
Hide Days,Ocultar dias,
Hide Footer Signup,Esconder Link de Inscrição do Rodapé,
Hide Login,Ocultar login,
Hide Seconds,Ocultar segundos,
Hide Standard Menu,Esconder Menu Padrão,
Hide footer in auto email reports,Ocultar o rodapé nos relatórios de e-mail automático,
High,Alto,
Higher priority rule will be applied first,Regra de prioridade mais alta será aplicada primeiro,
Highlight,Realçar,
Home,Início,
Home Page,Pagina inicial,
Home Settings,Configurações iniciais,
Hourly,De Hora Em Hora,
Hourly Long,Por hora,
Hourly rate limit for generating password reset links,Limite de taxa por hora para gerar links de redefinição de senha,
"How should this currency be formatted? If not set, will use system defaults","Como essa moeda deve ser formatada? Se não for definido, serão usados os padrões do sistema",
ID (name) of the entity whose property is to be set,ID (nome) da entidade cuja propriedade é para ser definida,
IP Address,Endereço de Ip,
Icon,Ícone,
Icon will appear on the button,O ícone aparecerá no botão,
Identity Details,Detalhes da identidade,
Idx,Idx,
"If Apply Strict User Permission is checked and User Permission is defined for a DocType for a User, then all the documents where value of the link is blank, will not be shown to that User","Se a opção Aplicar permissão de usuário estrito estiver marcada e a permissão de usuário for definida para um DocType para um usuário, todos os documentos onde o valor do link estiver em branco não serão exibidos para esse usuário",
If Checked workflow status will not override status in list view,Uma vez selecionado o status do fluxo de trabalho não sobrescreverá o status do documentos na visualização da lista,
"If Icon is set, it will be shown instead of Label","Se o ícone estiver definido, ele será mostrado em vez do rótulo",
"If checked, all other workflows become inactive.","Se marcada, todos os outros fluxos de trabalho tornam-se inativos.",
"If checked, users will not see the Confirm Access dialog.","Se selecionada, s usuáários não verão a janela Confirmar Accesso.",
"If disabled, this role will be removed from all users.",Se esta função for desativada será removida em todos os usuários.,
"If enabled,  user can login from any IP Address using Two Factor Auth, this can also be set for all users in System Settings","Se ativado, o usuário pode efetuar login a partir de qualquer endereço IP usando a autenticação de dois fatores, isso também pode ser definido para todos os usuários nas configurações do sistema",
"If enabled, all users can login from any IP Address using Two Factor Auth. This can also be set only for specific user(s) in User Page","Se ativado, todos os usuários podem efetuar login a partir de qualquer endereço IP usando a autenticação de dois fatores. Isso também pode ser definido apenas para usuários específicos na página do usuário",
"If enabled, changes to the document are tracked and shown in timeline","Se ativado, as alterações no documento são rastreadas e mostradas na linha do tempo",
"If enabled, document views are tracked, this can happen multiple times","Se ativado, as visualizações de documentos são rastreadas, isso pode acontecer várias vezes",
"If enabled, the document is marked as seen, the first time a user opens it","Se ativado, o documento é marcado como visto, a primeira vez que um usuário o abre",
"If enabled, the notification will show up in the notifications dropdown on the top right corner of the navigation bar.","Se ativada, a notificação aparecerá na lista suspensa de notificações no canto superior direito da barra de navegação.",
"If enabled, the password strength will be enforced based on the Minimum Password Score value. A value of 2 being medium strong and 4 being very strong.","Se ativado, a força da senha será aplicada com base no valor Minimum Password Score. Um valor de 2 sendo médio forte e 4 sendo muito forte.",
"If enabled, users who login from Restricted IP Address, won't be prompted for Two Factor Auth","Se ativado, os usuários que fizerem login a partir do Endereço IP restrito não serão solicitados para autenticação de dois fatores",
"If enabled, users will be notified every time they login. If not enabled, users will only be notified once.","Se ativado, os usuários serão notificados sempre que iniciarem sessão. Se não estiver ativado, os usuários só serão notificados uma vez.",
If non standard port (e.g. 587),"Se não for a porta padrão (por exemplo, 587)",
"If non standard port (e.g. 587). If on Google Cloud, try port 2525.","Se não porta padrão (por exemplo, 587). Se no Google Cloud, tente a porta 2525.",
"If non-standard port (e.g. POP3: 995/110, IMAP: 993/143)","Se porta não padrão (por exemplo, POP3: 995/110, IMAP: 993/143)",
"If not set, the currency precision will depend on number format","Se não for definido, a precisão da moeda dependerá do formato de número",
"If the user has any role checked, then the user becomes a ""System User"". ""System User"" has access to the desktop","Se o usuário tiver alguma função selecionada, então o usuário torna-se um ""Usuário do Sistema"". Um ""Usuário do Sistema"" tem acesso à área de trabalho",
If user is the owner,Se o usuário é o proprietário,
"If you set this, this Item will come in a drop-down under the selected parent.","Se você definir isso, este item virá em um drop-down sob o pai selecionado .",
"If your data is in HTML, please copy paste the exact HTML code with the tags.","Se os dados estiverem em HTML, por favor, copie e cole o código HTML exato com as tags.",
Ignore User Permissions,Ignorar permissões de usuári,
Ignore XSS Filter,Ignorar Filtro XSS,
Ignore attachments over this size,Ignorar anexos maiores que este tamanho,
Ignored Apps,Aplicativos ignorados,
Image,Imagem,
Image Field,Campo de Imagem,
Image Link,Link da Imagem,
Implicit,Implícito,
Import,Importar,
Import File,Importar arquivo,
Import File Errors and Warnings,Erros e avisos de importação de arquivos,
Import Log,Log de Importação,
Import Log Preview,Visualização do registro de importação,
Import Preview,Visualização de importação,
Import Type,Tipo de Importação,
Import Warnings,Avisos de importação,
Import from Google Sheets,Importar do Planilhas Google,
In Days,Em dias,
In Filter,No Filtro da Lista,
In Global Search,Na Busca Global,
In List View,Mostrar na Visualização da Lista,
In Preview,Na pré-visualização,
In Reply To,Em resposta a,
In Standard Filter,Em Filtro Padrão,
In points. Default is 9.,Em pontos. O padrão é 9.,
In seconds,Em segundos,
Inbox,Caixa de Entrada,
Inbox User,Usuário da caixa de entrada,
Include Search in Top Bar,Incluem a busca no Top Bar,
Include Web View Link in Email,Enviar link no email para visualizar o documento online,
Index,Índice,
Index Web Pages for Search,Índice de páginas da web para pesquisa,
Indexing Authorization Code,Código de autorização de indexação,
Indexing Refresh Token,Token de atualização de indexação,
Indicator,Indicador,
Indicator Color,Cor do Indicador,
Info,Informações,
Initial Sync Count,Contagem de sincronização inicial,
InnoDB,InnoDB,
Insert After,Inserir Após,
Insert New Records,Inserir novos registros,
Insert Style,Inserir Estilo,
Installed Application,Aplicativo Instalado,
Installed Applications,Aplicativos Instalados,
Int,Inteiro,
Integration Request,Pedido de Integração,
Integrations,Integrações,
Integrations can use this field to set email delivery status,Integrações pode usar este campo para definir o status de entrega de email,
Interests,Juros,
Intermediate,Intermediário,
Internal record of document shares,Registro interno de ações de documentos,
Introduce your company to the website visitor.,Apresente sua empresa para o visitante do site.,
Introduction,Introdução,
Introductory information for the Contact Us Page,Informação introdutória para a página Fale Conosco,
Invalid,Inválido,
Inverse,Inverso,
Is Active,É Ativo,
Is Attachments Folder,É Pasta de Anexos,
Is Billing Contact,É contato de cobrança,
Is Child Table,É Tabela Filho,
Is Complete,Está completo,
Is Completed,Está completo,
Is Custom Field,É campo personalizado,
Is Default,É Padrão,
Is Folder,É Pasta,
Is Home Folder,É Home Folder,
Is Mandatory Field,É campo obrigatório,
Is Optional State,É estado opcional,
Is Primary,É primário,
Is Primary Contact,É o contato principal,
Is Primary Mobile,É o celular principal,
Is Primary Phone,É o telefone principal,
Is Private,É privada,
Is Public,É público,
Is Published Field,É Publicado campo,
Is Single,É Único,
Is Skipped,É pulado,
Is Spam,é Spam,
Is Standard,É Padrão,
Is Submittable,Pode ser Enviado,
Is Table,É Tabela,
Is Tree,É árvore,
Is Unique,É único,
Is Your Company Address,É o seu endereço comercial,
Item Label,Etiqueta do item,
Item Type,Tipo de item,
JS,JS,
JSON,JSON,
JSON Request Body,Corpo da solicitação JSON,
JavaScript,Javascript,
JavaScript Format: frappe.query_reports['REPORTNAME'] = {},Formato JavaScript: frappe.query_reports [' REPORTNAME '] = {},
Javascript,Javascript,
Jinja,Jinja,
Kanban,Kanban,
Kanban Board,Painel Kanban,
Kanban Board Column,Coluna do Painel Kanban,
Kanban Board Name,Nome do Painel Kanban,
Keep track of all update feeds,Acompanhe todos os feeds de atualização,
Keeps track of all communications,Mantém o controle de todas as comunicações,
Key,Chave,
Keyboard Shortcuts,Atalhos do teclado,
Knowledge Base Contributor,Colaborador da Base de Conhecimento,
Knowledge Base Editor,Editor da Base de Conhecimento,
LDAP Email Field,Campo do Email LDAP,
LDAP First Name Field,Campo Primeiro Nome do LDAP,
LDAP Group,Grupo LDAP,
LDAP Group Field,Campo do Grupo LDAP,
LDAP Group Mapping,Mapeamento do Grupo LDAP,
LDAP Group Mappings,Mapeamentos de grupo LDAP,
LDAP Last Name Field,Campo Sobrenome LDAP,
LDAP Middle Name Field,Campo de nome do meio LDAP,
LDAP Mobile Field,Campo Móvel LDAP,
LDAP Phone Field,Campo de telefone LDAP,
LDAP Search String,Palavra de Busca do LDAP,
LDAP Security,Segurança LDAP,
LDAP Server Url,Servidor LDAP Url,
LDAP Settings,Configurações LDAP,
LDAP User Creation and Mapping,Criação e Mapeamento de Usuários LDAP,
LDAP Username Field,Campo Nome de Usuário do LDAP,
Label,Rótulo,
Label Help,Ajuda sobre Etiquetas,
Label and Type,Etiqueta e Tipo,
Landing Page,Página de chegada,
Language,Idioma,
Language Code,Código do Idioma,
Language Name,Nome do Idioma,
Last Active,Ativo pela última vez,
Last Backup On,Último backup ativado,
Last Execution,Última Execução,
Last IP,Último IP,
Last Known Versions,Últimas versões conhecidas,
Last Login,Último Login,
Last Month,Mês passado,
Last Name,Sobrenome,
Last Password Reset Date,Data da última redefinição de senha,
Last Point Allocation Date,Última data de alocação de ponto,
Last Quarter,Ultimo quarto,
Last Sync On,Última sincronização em,
Last Synced On,Última sincronização em,
Last User,Último usuário,
Last Week,Semana passada,
Last Year,Ano passado,
Lead Conversion Time,Lead Conversion Time,
Leaderboard,Placar,
Leave blank to repeat always,Deixe em branco para repetir sempre,
Ledger,Livro Razão,
Left,Saiu,
Legal,Legal,
Length,Comprimento,
Letter,Carta,
Letter Head,Cabeçalho de Carta,
Letter Head Based On,Carta de cabeça com base em,
Letter Head Image,Carta cabeça imagem,
Letter Head Name,Nome do timbrado,
Letter Head in HTML,Cabeça Carta em HTML,
Level,Nível,
Level Name,Nome do nível,
License,Licença,
Light Color,Cor clara,
Like,Parecido,
Likes,Gostos,
Limit,Limite,
Limit Number of DB Backups,Número limite de backups de banco de dados,
Line,Linha,
Link,Link,
Link Cards,Cartões de ligação,
Link DocType,Relacionar ao DocType,
Link Document Type,Tipo de Documento de Link,
Link Fieldname,Nome do campo do link,
Link Name,Nome do Link,
Link Title,Título do Link,
Link To,Link para,
Link to the page you want to open. Leave blank if you want to make it a group parent.,Link para a página que você deseja abrir. Deixe em branco se você quiser torná-lo um pai grupo.,
Linked,Relacionado,
Linked Documents,Documentos Vinculados,
Links,Links,
List,Lista,
List Filter,Filtro de lista,
List Settings,Configurações da lista,
List View Settings,Configurações de visualização de lista,
"List as [{""label"": _(""Jobs""), ""route"":""jobs""}]","Lista como [{ &quot;label&quot;: _ ( &quot;Jobs&quot;), &quot;route&quot;: &quot;empregos&quot;}]",
List of patches executed,Lista de correções executado,
Load Balancing,Balanceamento de carga,
Location,Localização,
Log,Registo,
Log Data,Dados de log,
Log Setting User,Usuário de configuração de log,
Log Settings,Configurações de registro,
Login,Entrar,
Login After,Login após,
Login Before,Login antes,
Login Required,Necessário Login,
Logo Width,Largura do logotipo,
Logout,Sair,
Logout All Sessions on Password Reset,Sair de todas as sessões ao redefinir a senha,
Logout From All Devices After Changing Password,Saia de todos os dispositivos após alterar a senha,
Long Text,Texto Longo,
Low,Baixo,
Main Section,Seção Principal,
Main Section (HTML),Seção Principal (HTML),
Main Section (Markdown),Seção Principal (Remarcação),
Maintenance Manager,Gerente de Manutenção,
Maintenance User,Usuário da Manutenção,
"Make ""name"" searchable in Global Search","Tornar ""nome"" pesquisável na Busca Global",
Mandatory,Obrigatório,
Mandatory Depends On,Obrigatório Depende,
Map route parameters into form variables. Example <code>/project/&lt;name&gt;</code>,Mapeie os parâmetros da rota em variáveis de formulário. Exemplo <code>/project/&lt;name&gt;</code>,
Markdown,Desconto,
Markdown Editor,Editor de Markdown,
Marked As Spam,Marcado como spam,
Max 500 records at a time,Máximo de  500 registros por vez,
Max Attachment Size (in MB),Max tamanho do anexo (em MB),
Max Attachments,Máx. de Anexos,
Max Length,Comprimento máximo,
Max Value,Max Valor,
Maximum,Máximo,
Maximum Number of Fields,Número Máximo de Campos,
Maximum Points,Pontos Máximos,
Medium,Médio,
Meeting,Reunião,
Mention,Menção,
Mentions,Menções,
Message,Mensagem,
Message (HTML),Mensagem (HTML),
Message (Markdown),Mensagem (Markdown),
Message Examples,Exemplos de Mensagens,
Message ID,ID da Mensagem,
Message Parameter,Parâmetro da mensagem,
Message-id,Message-id,
Meta Description,Meta Descrição,
Meta Image,Meta Imagem,
Meta Tags,Meta Tags,
Meta Title,Meta Título,
Method,Método,
Middle Name,Nome do Meio,
Milestone,Milestone,
Milestone Tracker,Milestone Tracker,
Minimum,Mínimo,
Minimum Password Score,Score Mínimo de Senha,
Mobile No,Telefone Celular,
Module,Módulo,
Module Def,Def. Módulo,
Module Name,Nome do Módulo,
Module Onboarding,Módulo Onboarding,
Modules HTML,Módulos HTML,
Monday,Segunda-feira,
Monospace,Monospace,
Monthly,Mensal,
Monthly Long,Mensalmente Longo,
More Information,Mais Informações,
More content for the bottom of the page.,Mais conteúdo na parte de baixo da página.,
Multiplier Field,Campo Multiplicador,
Must be a publicly accessible Google Sheets URL,Deve ser um URL de planilhas do Google acessível publicamente,
"Must be of type ""Attach Image""",Deve ser do tipo &quot;Anexar Imagem&quot;,
Mute Sounds,Desativar Sons,
MyISAM,MyISAM,
Name,Nome,
Naming,Nomeação,
Naming Series,Código Dos Documentos,
Navbar,Navbar,
Navbar Item,Item Navbar,
Navbar Settings,Configurações da barra de navegação,
Navbar Template,Modelo Navbar,
Navbar Template Values,Valores de modelo de Navbar,
New,Novo,
New Name,Novo Nome,
New value to be set,Novo valor a ser definido,
Newsletter,Newsletter,
Newsletter Email Group,Grupo de Email de Newsletter,
Newsletter Manager,Gestor de Newsletter,
Next Action Email Template,Modelo de email de próxima ação,
Next Actions HTML,Próxima Ações HTML,
Next Schedule Date,Próxima data programada,
Next State,Próximo Status,
Next Sync Token,Próximo token de sincronização,
No,Não,
No Copy,Nenhuma Cópia,
No of Requested SMS,Nº de SMS Pedidos,
No of Rows (Max 500),Número de linhas (max 500),
No of Sent SMS,Nº de SMS Enviados,
Non Negative,Não Negativo,
None,Nenhum,
Not Sent,Não Enviado,
Note,Nota,
Note Seen By,Nota Vista por,
Note: By default emails for failed backups are sent.,"Nota: Por padrão, os e-mails para backups com falha são enviados.",
"Note: For best results,  images must be of the same size and width must be greater than height.","Nota: Para obter melhores resultados, as imagens devem ter o mesmo tamanho e a largura deve ser maior que a altura.",
Note: Multiple sessions will be allowed in case of mobile device,Observação: Serão permitidas múltiplas sessões no caso de dispositivo móvel,
Notification,Notificação,
Notification Log,Registro de Notificação,
Notification Recipient,Destinatário da Notificação,
Notification Settings,Configurações de notificação,
Notification Subscribed Document,Documento assinado de notificação,
Notifications,Notificações,
Notifications and bulk mails will be sent from this outgoing server.,Notificações e emails em massa serão enviados por este servidor de saída.,
Notify Users On Every Login,Notificar usuários em cada login,
Notify by Email,Notificar por email,
Notify by email,Notificar por Email,
Notify if unreplied,Informar se não for respondido,
Notify if unreplied for (in mins),Informar se não for respondido em (minutos),
Notify users with a popup when they log in,Notificar os usuários com um pop-up quando eles entram,
Number Card,Cartão de Número,
Number Card Link,Número do link do cartão,
Number Cards,Cartões numéricos,
Number Format,Formato de número,
Number of Backups,Número de Backups,
Number of DB Backups,Número de backups de banco de dados,
Number of Groups,Número de Grupos,
Number of columns for a field in a Grid (Total Columns in a grid should be less than 11),O número de colunas para um campo numa Grelha (O Total de Colunas em um grid deve ser inferior a 11),
Number of columns for a field in a List View or a Grid (Total Columns should be less than 11),Número de colunas para um campo em uma lista ou de um Grid (Total de colunas deve ser inferior a 11),
OAuth Authorization Code,Código de Autorização OAuth,
OAuth Bearer Token,OAuth Bearer Token,
OAuth Client,Cliente OAuth,
OAuth Client ID,ID do cliente OAuth,
OAuth Provider Settings,Configurações do Provedor OAuth,
OTP App,Aplicação OTP,
OTP Issuer Name,Nome da Emissora OTP,
Off,Desligado,
Office,Escritório,
Office 365,Office 365,
Older backups will be automatically deleted,Os backups mais antigos serão apagados automaticamente,
On Hold,Em Espera,
Onboarding Permission,Permissão de integração,
Onboarding Step,Etapa de integração,
Onboarding Step Map,Mapa de etapas de integração,
"Once submitted, submittable documents cannot be changed. They can only be Cancelled and Amended.","Depois de enviados, os documentos enviados não podem ser alterados. Eles só podem ser cancelados e alterados.",
Only Allow Edit For,Somente permite edição para,
Only Send Records Updated in Last X Hours,Somente Enviar Registros Atualizados em Últimas X Horas,
Open,Aberto,
Open Documents,Documentos abertos,
Open Reference Document,Documento de Referência Aberto,
Open URL in a New Tab,Abrir URL em uma nova guia,
Open a dialog with mandatory fields to create a new record quickly,Abra uma caixa de diálogo com campos obrigatórios para criar um novo registro rapidamente,
Opened,Inaugurado,
Operation,Operação,
Optional: Always send to these ids. Each Email Address on a new row,Opcional: Sempre enviar para estes ids. Cada endereço de email em uma nova linha,
Optional: The alert will be sent if this expression is true,Opcional: O alerta será enviado se essa expressão é verdadeira,
Options,Opções,
Options Help,Ajuda sobre Opções,
Orange,Laranja,
Order,Pedido,
Org History,História da Organização,
Org History Heading,Cabeçalho da História da Organização,
Other,Outro,
Outlook.com,Outlook.com,
Output,Saída,
PDF Page Size,Tamanho da página PDF,
PDF Settings,Configurações do PDF,
Page,Página,
Page Break,Quebra de Página,
Page Builder,Construtor de Página,
Page Building Blocks,Blocos de construção de página,
Page HTML,Página HTML,
Page Name,Nome da Página,
Page Settings,Configurações da página,
Parameter,Parâmetro,
Parent Field (Tree),Campo pai (árvore),
Parent Label,Etiqueta Pai,
Partial Success,Sucesso parcial,
Participants,Participantes,
Passive,Passivo,
Password,Senha,
Password Reset Link Generation Limit,Limite de geração de link de redefinição de senha,
Password for Base DN,Senha para DN de base,
Patch,Remendo,
Patch Log,Log de Patches,
Path,Caminho,
Path to CA Certs File,Caminho para o arquivo CA Certs,
Path to Server Certificate,Caminho para o certificado do servidor,
Path to private Key File,Caminho para o arquivo de chaves privado,
Pending,Pendente,
Pending Approval,Aprovação pendente,
Pending Verification,verificação pendente,
Percent,Por Cento,
Percentage,Percentagem,
Period,Período,
Perm Level,Nível Permanente,
Permanent,Permanente,
Permission Level,Nível de Permissão,
Permission Rules,Regras de Permissão,
Permissions,Permissões,
Permitted Documents For User,Documentos Permitidos para Usuário,
Personal,Pessoal,
Personal Data Deletion Request,Solicitação de Exclusão de Dados Pessoais,
Personal Data Download Request,Solicitação de download de dados pessoais,
Phone,Telefone,
Phone No.,Nº de Telefone.,
Phone Number,Número de telefone,
Pie,Torta,
Pincode,Pincode,
Plant,Fábrica,
Point Allocation Periodicity,Periodicidade de alocação de pontos,
Points,Pontos,
Port,Porta,
Portal Menu,Portal menu,
Portal Menu Item,Portal item de menu,
Portal Settings,Configurações do Portal,
Position,Posição,
Postal,Postal,
Postal Code,CEP,
Precision,Precisão,
Preferred Billing Address,Endereço preferido de faturamento,
Preferred Shipping Address,Endereço preferido para entrega,
Prefix,Prefixo,
Prepared Report,Relatório preparado,
Prepared Report User,Usuário de relatório preparado,
Preview,Pré-visualização,
Preview HTML,Pré-visualização de HTML,
Preview Message,Visualizar mensagem,
Previous Hash,Hash anterior,
Primary,Primário,
Primary Color,Cor primária,
Print,Impressão,
Print Format,Formato de Impressão,
Print Format Builder,Criar/Editar Formato de Impressão,
Print Format Help,Ajuda sobre Formatos de Impressão,
Print Format Type,Tipo do Formato de Impressão,
Print Hide,Ocultar Impressão,
Print Hide If No Value,Ocultar Impressão se não Preenchido,
Print Server,Servidor de impressão,
Print Settings,Configurações de Impressão,
Print Style,Estilo de Impressão,
Print Style Name,Nome do estilo de impressão,
Print Style Preview,Estilo de visualização de impressão,
Print UOM after Quantity,Imprimir UOM após a quantidade,
Print Width,Largura de impressão,
"Print Width of the field, if the field is a column in a table","Largura de impressão do campo, se o campo é uma coluna na tabela",
Print taxes with zero amount,Imprima impostos com montante zero,
Print with letterhead,Imprimir com o timbre,
Printer Name,Nome da impressora,
Printing,Impressão,
Priority,Prioridade,
Private,Privado,
ProTip: Add <code>Reference: {{ reference_doctype }} {{ reference_name }}</code> to send document reference,Protip: Adicionar <code>Reference: {{ reference_doctype }} {{ reference_name }}</code> para enviar referência do documento,
Property,Propriedade,
Property Depends On,Propriedade depende,
Property Setter,Configurador de Propriedades,
Property Setter overrides a standard DocType or Field property,O configurador de propriedades substitui o DocType padrão ou propriedade de campo,
Property Type,Tipo de propriedade,
Provider,Fornecedor,
Provider Name,Nome do provedor,
Public,Público,
Publish,Publicar,
Published,Publicado,
Published On,Publicado no,
Pull from Google Calendar,Puxe do Google Agenda,
Pull from Google Contacts,Pull dos Contatos do Google,
Pulled from Google Calendar,Extraído do Google Agenda,
Pulled from Google Contacts,Extraído dos Contatos do Google,
Purchase Manager,Gerente de Compras,
Purchase Master Manager,Gerente de Cadastros de Compras,
Purchase User,Usuário de Compra,
Purple,Roxo,
Push to Google Calendar,Enviar para o Google Agenda,
Push to Google Contacts,Enviar para os Contatos do Google,
Quarterly,Trimestralmente,
Query,Consulta,
Query / Script,Consulta / Script,
Query Options,Opções de Consulta,
Query Report,Relatório da Consulta,
Queued,Em Fila,
Quick Entry,Entrada Rápida,
RAW Information Log,Registro de informações RAW,
Random,Aleatório,
Rating,Rating,
Raw Commands,Comandos brutos,
Raw Email,Email Puro,
Raw Printing,Impressão Raw,
Read,Ler,
Read Only,Somente Leitura,
Read Only Depends On,Somente leitura depende,
Read Time,Tempo de leitura,
Read by Recipient,Lido por destinatário,
Read by Recipient On,Lido por destinatário ativado,
Reason,Motivo,
Received,Recebido,
Receiver By Document Field,Receptor por campo de documento,
Receiver By Role,Receptor por função,
Receiver Parameter,Parâmetro do recebedor,
Recipient,Destinatário,
Recipient Unsubscribed,Destinatário com inscrição cancelada,
Recipients,Destinatários,
Recorder,Gravador,
Red,Vermelho,
Redirect URI Bound To Auth Code,URI de redirecionamento Bound To Código Auth,
Redirect URIs,redirecionar URIs,
Redirect URL,Redirecionar URL,
Ref DocType,DocType de Ref.,
Reference,Referência,
Reference Date,Data de Referência,
Reference DocName,Nome do Documento de Referência,
Reference DocType,DocType de Referência,
Reference Docname,Nome do Documento de Referência,
Reference Doctype,DocType de Referência,
Reference Document,Documento de Referência,
Reference Document Name,Nome do Documento de Referência,
Reference Document Type,Referência Tipo de Documento,
Reference Name,Nome de Referência,
Reference Owner,Proprietário de Referência,
Reference Report,Relatório de referência,
Reference Type,Tipo de Referência,
Reference name,Nome de Referência,
Referrer,Referrer,
Refresh Google Sheet,Atualizar planilha do Google,
Refresh Token,Token de Atualização,
Rejected,Rejeitado,
Relinked,Religado,
Reload,Recarregar,
Remember Last Selected Value,Lembrar última seleção,
Reminder,Lembrete,
Repeat On,Repetir em,
Repeat Till,Repita até que,
Repeat on Day,Repetir no dia,
Repeat on Last Day of the Month,Repetir no último dia do mês,
Repeat this Event,Repita este evento,
Replied,Respondido,
Reply,Responder,
Report,Relatório,
Report Builder,Criador de Relatório,
Report Column,Coluna de Relatório,
Report Description,Descrição do relatório,
Report Filter,Filtro de Relatório,
Report Filters,Filtros de relatório,
Report Hide,Ocultar Relatório,
Report Information,Informações do Relatório,
Report Manager,Gestor de Relatórios,
Report Name,Nome do Relatório,
Report Reference Doctype,Report Reference Doctype,
Report Type,Tipo de Relatório,
Reports,Relatórios,
Represents a User in the system.,Representa um usuário no sistema.,
Represents the states allowed in one document and role assigned to change the state.,Representa os estados permitidos em um documento e função atribuído para alterar o estado.,
Request Data,Solicitar Dados,
Request Structure,Estrutura da solicitação,
Request URL,URL do pedido,
Requested Numbers,Números Solicitadas,
Require Trusted Certificate,Exigir certificado confiável,
Reset Password Key,Redefinição de senha chave,
Response,Resposta,
Response Type,Tipo de resposta,
Restored,Restaurado,
Restrict IP,Restringir IP,
Restrict To Domain,Restringir ao domínio,
Restrict to Domain,Restringir ao domínio,
Restrict user from this IP address only. Multiple IP addresses can be added by separating with commas. Also accepts partial IP addresses like (111.111.111),Restringir usuário a partir deste endereço IP. Vários endereços IP podem ser adicionados ao separar com vírgulas. São aceitos também endereços IP parciais como (111.111.111),
Retry,Repetir,
Reverse Icon Color,Inverta Ícone Cor,
Revert,Reverter,
Revert Of,Reverter,
Reverted,Revertido,
Review,Reveja,
Review Level,Nível de revisão,
Review Levels,Revisar Níveis,
Review Points,Pontos de revisão,
Revoked,Revogado,
Rich Text,Rich Text,
Right,Direita,
Robots.txt,Robots.txt,
Role,Função,
Role Name,Nome da Função,
Role Permission for Page and Report,Permissão de Função para Página e Relatório,
Role Permissions,Permissões da Função,
Role Permissions Manager,Gestor de Permissões por Função,
Role Profile,Perfil de Função,
Role and Level,Função e Nível,
Roles,Funções,
Roles Assigned,Funções Atribuídas,
Roles HTML,Funções HTML,
Roles Html,Funções HTML,
Round Robin,Robin Redondo,
Route,Rota,
Route History,História da rota,
Route Redirects,Redirecionamentos de rota,
"Route: Example ""/desk""",Rota: Exemplo &quot;/ desk&quot;,
Row Index,Índice de linhas,
Row Name,Nome da Linha,
Rows Added,Linhas Adicionadas,
Rows Removed,Linhas Excluídas,
Rule,Regra,
Rule Conditions,Condições da regra,
Rule Name,Nome da regra,
Rules defining transition of state in the workflow.,Regras que definem a transição de status no fluxo de trabalho.,
"Rules for how states are transitions, like next state and which role is allowed to change state etc.","Regras de como os status são alterados, como o próximo status e que função terá permissão para mudar de status, etc",
Rules with higher priority number will be applied first.,Regras com número de prioridade mais alta serão aplicadas primeiro.,
Run Jobs only Daily if Inactive For (Days),Executar trabalhos apenas diariamente se inativo por (dias),
Run scheduled jobs only if checked,As tarefas agendadas somente serão executadas se a opção estiver marcada,
S3 Backup Settings,Configurações de Backup S3,
S3 Bucket Details,Detalhes do balde S3,
SMS,SMS,
SMS Gateway URL,URL de Gateway para SMS,
SMS Log,Log de SMS,
SMS Parameter,Parâmetro de SMS,
SMS Settings,Configurações de SMS,
SMTP Settings for outgoing emails,Configurações de SMTP para envio de emails,
"SQL Conditions. Example: status=""Open""","Condições SQL. Exemplo: status=""Open""",
SSL/TLS Mode,Modo SSL / TLS,
Sales Manager,Gerente de Vendas,
Sales Master Manager,Gerente de Cadastros de Vendas,
Sales User,Usuário de Vendas,
Salesforce,Salesforce,
Salutation,Saudação,
Sample,Amostra,
Saturday,Sábado,
Save,Salvar,
Scheduled,Agendado,
Scheduled Job,Trabalho agendado,
Scheduled Job Log,Registro de trabalho agendado,
Scheduled Job Type,Tipo de trabalho agendado,
Scheduled To Send,Programado para enviar,
Scheduler Event,Evento Scheduler,
Scope,Escopo,
Scopes,Scopes,
Script,Script,
Script Manager,Gerenciador de scripts,
Script Report,Relatório Script,
Script Type,Tipo de Script,
Script to attach to all web pages.,Script para anexar a todas as páginas web.,
Search Fields,Campos de Pesquisa,
Search Priorities,Prioridades de pesquisa,
Section,Seção,
Section Break,Quebra de seção,
Security Settings,Configurações de Segurança,
Seen,Visto,
Seen By,Visto por,
Seen By Table,Visto por tabela,
Select,Selecionar,
Select Dashboard,Selecionar Dashboard,
Select Date Range,Selecionar período,
Select DocType,Selecione DocType,
Select Doctype,Selecione o DocType,
Select Transaction,Selecione a Transação,
Select an image of approx width 150px with a transparent background for best results.,Selecione uma imagem de aproximadamente 150px de largura com um fundo transparente para melhores resultados.,
Select the label after which you want to insert new field.,Selecione a etiqueta após a qual você deseja inserir um novo campo.,
Send After,Envie Depois,
Send Alert On,Enviar Alerta,
Send Email Alert,Enviar alerta de email,
Send Email Print Attachments as PDF (Recommended),Enviar anexos de email em PDF (Recomendado),
Send Email for Successful Backup,Enviar email para backup bem-sucedido,
Send Email for Successful backup,Enviar email para backup bem-sucedido,
Send Me A Copy of Outgoing Emails,Envie-me uma cópia dos e-mails de saída,
Send Notification To,Enviar Notificação para,
Send Notification to,Enviar Notificação para,
Send Notifications For Documents Followed By Me,Enviar notificações para documentos seguidos por mim,
Send Notifications For Email Threads,Enviar notificações para tópicos de email,
Send Notifications To,Enviar Notificações para,
Send Print as PDF,Enviar impressão como PDF,
Send System Notification,Enviar Notificação do Sistema,
Send To All Assignees,Enviar para todos os cessionários,
Send Unsubscribe Link,Enviar link para cancelar inscrição,
Send Welcome Email,Enviar email de boas-vindas,
Send alert if date matches this field's value,Enviar alerta se a data corresponde valor deste campo,
Send alert if this field's value changes,Enviar alerta se muda o valor desse campo,
Send an email reminder in the morning,Enviar um email lembrete na parte da manhã,
Send days before or after the reference date,Enviar dias antes ou depois da data de referência,
Send enquiries to this email address,Envie perguntas para este endereço de email,
Send only if there is any data,Envie somente se houver quaisquer dados,
Send unsubscribe message in email,Enviar mensagem de cancelamento de inscrição no e-mail,
Sender,Remetente,
Sender Email,E-mail do remetente,
Sender Name,Nome do Remetente,
Sendgrid,Sendgrid,
Sending,Enviando,
Sent,Enviado,
Sent On,Enviado Em,
Sent Read Receipt,Enviar Confirmação de Leitura,
Sent To,Enviado Para,
Sent or Received,Enviados ou recebidos,
Sent/Received Email,E-mail enviado / recebido,
Separator,Separador,
Sequence Id,ID de Sequência,
Series List for this Transaction,Lista de séries para esta transação,
Server Action,Ação do Servidor,
Server IP,IP do servidor,
Server Script,Script de Servidor,
Service,Serviço,
Session Default,Default da Sessão,
Session Default Settings,Configurações padrão da sessão,
Session Defaults,Padrões de Sessão,
Set Banner from Image,Definir imagem como banner,
"Set Default Options for all charts on this Dashboard (Ex: ""colors"": [""#d1d8dd"", ""#ff5858""])","Defina as opções padrão para todos os gráficos neste Dashboard (Ex: &quot;cores&quot;: [&quot;# d1d8dd&quot;, &quot;# ff5858&quot;])",
Set New Password,Definir nova senha,
Set Property After Alert,Definir propriedade após o alerta,
Set Role For,Definir papel para,
Set Value,Definir valor,
Set non-standard precision for a Float or Currency field,Definir precisão não-padrão para um campo Float ou Moeda,
Settings,Configurações,
Settings Dropdown,Lista suspensa de configurações,
Settings for Contact Us Page,Configurações para a página Fale Conosco,
Settings for the About Us Page,Configurações para a página Sobre Nós,
Setup,Configuração,
Setup Complete,Instalação Concluída,
Setup Wizard,Assistente de Configuração,
Share,Compartilhar,
Shared,Compartilhado,
Shipping,Expedição,
Shop,Loja,
Short Name,Nome Curto,
Shortcuts,Atalhos,
Show Attachments,Mostrar anexos,
Show Dashboard,Mostrar Dashboard,
Show Document,Mostrar Documento,
Show Failed Logs,Mostrar logs com falha,
Show Form Tour,Show Form Tour,
Show Full Error and Allow Reporting of Issues to the Developer,Mostrar erro completo e permitir relatórios de problemas para o desenvolvedor,
Show Full Form?,Mostrar formulário completo?,
Show Line Breaks after Sections,Mostrar quebras de linha após seções,
Show Percentage Stats,Mostrar estatísticas percentuais,
Show Preview Popup,Mostrar pop-up de pré-visualização,
Show Report,Mostrar relatório,
Show Section Headings,Mostrar Seção Títulos,
Show Sidebar,Mostrar menu lateral,
Show Title,Mostrar Título,
Show as cc,Mostrar como cc,
Show full form instead of a quick entry modal,Mostrar o formulário completo em vez de um modal de entrada rápida,
Show in Module Section,Mostrar na Seção Módulo,
Show in filter,Mostrar no filtro,
Show percentage difference according to this time interval,Mostra a diferença percentual de acordo com este intervalo de tempo,
"Show title in browser window as ""Prefix - title""",Mostrar título na janela do navegador como &quot;Prefixo - título&quot;,
Sidebar Items,Itens da barra lateral,
Sidebar Settings,Configurações da barra lateral,
Sidebar and Comments,Menu Lateral e Comentários,
Signature,Assinatura,
"Simple Python Expression, Example: Status in (""Closed"", ""Cancelled"")","Expressão Python Simples, Exemplo: Status em (&quot;Fechado&quot;, &quot;Cancelado&quot;)",
"Simple Python Expression, Example: Status in (""Invalid"")","Expressão Python simples, exemplo: status em (&quot;inválido&quot;)",
"Simple Python Expression, Example: status == 'Open' and type == 'Bug'","Expressão Python Simples, Exemplo: status == &#39;Open&#39; e digite == &#39;Bug&#39;",
Simultaneous Sessions,Sessões simultâneas,
Single Types have only one record no tables associated. Values are stored in tabSingles,Tipos individuais têm apenas um registro sem tabelas associadas. Os valores são armazenados em tabSingles,
Skip Authorization,Ignorar autorização,
Skype,Skype,
Slack,Folga,
Slack Channel,Canal de folga,
Slack Webhook URL,URL do Webhook do Slack,
Slideshow,Apresentação de Slides,
Slideshow Items,Itens da Apresentação de Slides,
Slideshow Name,Nome da Apresentação de Slides,
Slideshow like display for the website,Slideshow como display para o site,
Small Text,Texto Pequeno,
Smallest Currency Fraction Value,Menor valor fracionado de moeda,
Smallest circulating fraction unit (coin). For e.g. 1 cent for USD and it should be entered as 0.01,"Menor unidade fração circulante (moeda). Para, por exemplo, 1 centavo, deve ser inserido como 0,01",
Social,Social,
Social Link Settings,Configurações de link social,
Social Link Type,Tipo de Link Social,
Social Login Key,Chave de login social,
Social Login Provider,Provedor de acesso social,
Social Logins,Logins sociais,
Soft-Bounced,Soft-Bounced,
Sort Field,Ordenar por campo,
Sort Order,Ordem de classificação,
Source,Origem,
Source Name,Nome da Fonte,
Source Text,Texto Original,
Spam,Spam,
SparkPost,SparkPost,
Standard,Padrão,
Standard Sidebar Menu,Menu Lateral Padrão,
Start Date,Data de Início,
Start Date Field,Campo de Data de Início,
Start Time,Horário de Início,
StartTLS,StartTLS,
Started,Começado,
Starts on,Inicia em,
State,Estado,
State/Province,Estado / Província,
States,Estados,
Static Parameters,Parâmetros estáticos,
Stats,Estatísticas,
Stats Time Interval,Intervalo de tempo das estatísticas,
Status,Status,
Step,Degrau,
Steps,Passos,
Stopped,Parado,
Stores the JSON of last known versions of various installed apps. It is used to show release notes.,Armazena o JSON das últimas versões conhecidas de vários aplicativos instalados. Ele é usado para mostrar notas de lançamento.,
Style,Estilo,
Style Settings,Configurações de Estilo,
"Style represents the button color: Success - Green, Danger - Red, Inverse - Black, Primary - Dark Blue, Info - Light Blue, Warning - Orange","Estilo representa a cor do botão: Sucesso - Verde, Perigo - Vermelho, Inverso - Preto, Primário - Azul Escuro, Informações - Azul Claro, Aviso - Laranja",
Stylesheet,Folha de estilo,
"Sub-currency. For e.g. ""Cent""",Sub-moeda. Por exemplo &quot;Centavo&quot;,
Sub-domain provided by erpnext.com,Sub-domínio fornecido pelo erpnext.com,
Subdomain,Subdomínio,
Subject,Assunto,
Subject Field,Subject Field,
Submit,Enviar,
Submit After Import,Enviar após importação,
Submitted,Enviado,
Subsidiary,Subsidiário,
Subtitle,Subtítulo,
Success,Sucesso,
Success Action,Ação de Sucesso,
Success Message,Mensagem de sucesso,
Success URL,URL de Confirmação,
Sum,Soma,
Sunday,Domingo,
Symbol,Símbolo,
Sync,Sincronizar,
Sync with Google Calendar,Sincronize com o Google Agenda,
Sync with Google Contacts,Sincronizar com os contatos do Google,
System,Sistema,
System Console,Console do sistema,
System Manager,Administrador do Sistema,
System Notification,Notificação do sistema,
System Page,Página do sistema,
System Settings,Configurações do Sistema,
System managers are allowed by default,Gerentes de sistema são permitidos por padrão,
Table,Tabela,
Table Break,Pausa para a mesa,
Table HTML,Tabela HTML,
Table MultiSelect,Tabela MultiSelect,
Tag,Tag,
Tag Link,Tag Link,
Target,Meta,
Tax Category,Categoria de Impostos,
Team Members,Membros da Equipe,
Team Members Heading,Título da página Membros da Equipe,
Template,Modelo,
Template Options,Opções de modelo,
Template Warnings,Avisos do modelo,
Text,Texto,
Text Align,Alinhar Texto,
Text Color,Cor do texto,
Text Content,conteúdo de texto,
Text Editor,Editor de Texto,
The name that will appear in Google Calendar,O nome que aparecerá no Google Agenda,
The user from this field will be rewarded points,O usuário deste campo será recompensado pontos,
The webhook will be triggered if this expression is true,O webhook será acionado se esta expressão for verdadeira,
Theme,Tema,
Theme Configuration,Configuração do Tema,
Theme URL,URL do tema,
These values will be automatically updated in transactions and also will be useful to restrict permissions for this user on transactions containing these values.,Esses valores serão atualizados automaticamente em transações e também serão úteis para restringir as permissões para este usuário em operações que contenham esses valores.,
Third Party Authentication,Autenticação de Terceiros,
This card will be available to all Users if this is set,Este cartão estará disponível para todos os usuários se estiver definido,
This chart will be available to all Users if this is set,Este gráfico estará disponível para todos os usuários se estiver definido,
This format is used if country specific format is not found,Este formato é usado se o formato específico país não é encontrado,
This goes above the slideshow.,Isto vai acima do slideshow.,
This is an example Google SERP Preview.,Este é um exemplo de visualização do Google SERP.,
This is the number of the last created transaction with this prefix,Este é o número da última transação criada com este prefixo,
This will be shown in a modal after routing,Isso será mostrado em um modal após o roteamento,
This will be shown to the user in a dialog after routing to the report,Isso será mostrado ao usuário em uma caixa de diálogo após o roteamento para o relatório,
Thumbnail URL,URL Thumbnail,
Thursday,Quinta-feira,
Time,Tempo,
Time Format,Formato da hora,
Time Interval,Intervalo de tempo,
Time Series,Séries Temporais,
Time Series Based On,Séries Temporais Baseadas em,
Time Zone,Fuso horário,
Time Zones,Fusos horários,
Time format,Formato da hora,
Time in seconds to retain QR code image on server. Min:<strong>240</strong>,Tempo em segundos para manter a imagem do código QR no servidor. Min: <strong>240</strong>,
Timeline,Timeline,
Timeline DocType,DocType Timeline,
Timeline Field,Campo Timeline,
Timeline Links,Links da linha do tempo,
Timeline Name,Nome Timeline,
Timeseries,Timeseries,
Timespan,Intervalo de tempo,
Timestamp,Timestamp,
Title,Título,
Title Field,Campo Título,
Title Prefix,Prefixo do Título,
To,Para,
To Date,Até a Data,
To Date Field,Até o momento do campo,
To and CC,Para e CC,
"To use Slack Channel, add a <a href=""#List/Slack%20Webhook%20URL/List"">Slack Webhook URL</a>.","Para usar o Slack Channel, adicione um <a href=""#List/Slack%20Webhook%20URL/List"">URL do Slack Webhook</a> .",
ToDo,Lista de Atribuições,
Token,Símbolo,
Top,Topo,
Top Bar Item,Item da barra superior,
Top Bar Items,Itens da barra superior,
Topic,Tópico,
Total Subscribers,Total de Assinantes,
Total number of emails to sync in initial sync process ,número total de e-mails para sincronizar no processo de sincronização inicial,
Traceback,Traceback,
Track Changes,Rastrear Alterações,
Track Email Status,Acompanhar status de e-mail,
Track Field,Trilha de corrida,
Track Seen,Marcar como visto,
Track Views,Acompanhar vistas,
Track milestones for any document,Acompanhe os marcos de qualquer documento,
Transaction Hash,Hash de transação,
Transaction Log,Log de transações,
Transaction Log Report,Relatório de log de transações,
Transition Rules,Regras de transição,
Transitions,Transições,
Translatable,Traduzível,
Translated Text,Texto Traduzido,
Translation,Tradução,
Trash,lixo,
Tree,Árvore,
Tree structures are implemented using Nested Set,As estruturas de árvore são implementadas usando o Conjunto Aninhado,
Trigger Method,Método gatilho,
"Trigger on valid methods like ""before_insert"", ""after_update"", etc (will depend on the DocType selected)","Gatilho em métodos válidos como ""before_insert"", ""after_update"", etc. (dependerá do DocType selecionado)",
Tuesday,Terça-feira,
Two Factor Authentication,Autenticação de dois fatores,
Two Factor Authentication method,Método de autenticação de dois fatores,
Type,Tipo,
UID,UID,
UIDNEXT,UIDNEXT,
UIDVALIDITY,UIDVALIDITY,
UNSEEN,Por Ler,
URL,URL,
URL for documentation or help,URL para documentação ou ajuda,
URL to go to on clicking the slideshow image,URL para acessar ao clicar na imagem da apresentação de slides,
Unassign Condition,Desatribuir condição,
Unhandled Email,Emails não trabalhados,
Unique,Único,
Unread,Não lida,
Unread Notification Sent,Notificação de mensagem não lida enviada,
Unshared,Não Compartilhado,
Unsubscribe Method,Método de Cancelamento de Inscrição,
Unsubscribe Param,Parâmetero de Cancelamento de Inscrição,
Unsubscribed,Inscrição Cancelada,
Update,Atualizar,
Update Existing Records,Atualizar registros existentes,
Update Field,Atualizar Campo,
Update Series Number,Atualizar Números de Séries,
Update Settings,Atualizar configurações,
Update Value,Atualizar Valor,
Updated,Atualizado,
Uploaded To Dropbox,Enviado para o Dropbox,
Uploaded To Google Drive,Carregado no Google Drive,
Use % for any non empty value.,Use% para qualquer valor não vazio.,
Use ASCII encoding for password,Use codificação ASCII para senha,
Use IMAP,Usar IMAP,
Use POST,Use POST,
Use Report Chart,Usar gráfico de relatório,
Use SSL,Usar SSL,
Use TLS,Usar TLS,
Use this fieldname to generate title,Utilize este campo para gerar o título,
User,Usuário,
User ,Usuário,
User Agent,Agente de usuário,
User Cannot Create,O Usuário não pode criar,
User Cannot Search,O Usuário não pode pesquisar,
User Defaults,Padrões de Perfil,
User Details,Detalhes do Usuario,
User Email,Email do Usuário,
User Emails,Emails do Usuário,
User Field,Campo do usuário,
User ID,ID de Usuário,
User ID Property,Propriedade de ID do usuário,
User ID of a Blogger,ID do usuário de um Blogger,
User Id,ID do Usuário,
User Image,Imagem do Usuário,
User Name,Nome de usuário,
User Permission,A permissão do usuário,
User Profile,Perfil de Usuário,
User Social Login,Login Social do Usuário,
User Tags,Etiquetas de Usuários,
User Type,Tipo de Usuário,
User can login using Email id or Mobile number,O usuário pode efetuar login usando a ID do e-mail ou o número do celular,
User can login using Email id or User Name,O usuário pode fazer login usando o ID de e-mail ou o Nome de usuário,
User must always select,O Usuário deve sempre selecionar,
Username,Nome de Usuário,
Users,Usuários,
Users assigned to the reference document will get points.,Os usuários atribuídos ao documento de referência receberão pontos.,
Valid,Válido,
Validate Field,Validar Campo,
Validity,Validade,
Value,Valor,
Value Based On,Valor Baseado em,
Value Change,Mudança de Valor,
Value Changed,Valor Alterado,
Value To Be Set,Valor a ser definido,
Value from this field will be set as the due date in the ToDo,O valor deste campo será definido como a data de vencimento no ToDo,
Value to Validate,Valor para Validar,
Verdana,Verdana,
Verified,Verificado,
Version,Versão,
Video URL,URL do vídeo,
View,Visão,
View Log,Visualizar log,
View Properties (via Customize Form),Exibir Propriedades (via Personalizar Formulário),
View Report,Ver relatório,
View Settings,Ver Definições,
View Website,Ver  Site,
Viewed By,Visto por,
Visit,Visita,
Warehouse,Armazém,
Warning,Aviso,
Watch Video,Assistir vídeo,
Web Form,Formulário Web,
Web Form Field,Campo de Formulário Web,
Web Form Fields,Campos de formulário Web,
Web Page,Página Web,
Web Page Block,Bloco de página da web,
Web Page View,Visualização da página da web,
Web Template,Web Template,
Web Template Field,Campo de modelo da web,
Web Template Values,Valores de modelo da web,
Web View,web View,
Webhook,Webhook,
Webhook Data,Webhook Data,
Webhook Header,Cabeçalho Webhook,
Webhook Headers,Cabeçalhos Webhook,
Webhook Request,Pedido Webhook,
Webhook Secret,Segredo do Webhook,
Webhook Security,Segurança Webhook,
Webhook Trigger,Gatilho Webhook,
Webhook URL,URL do Webhook,
Website,Site,
Website Analytics,Análise do site,
Website Manager,Administrador do Site,
Website Meta Tag,Meta Tag do Site,
Website Route Meta,Meta Rota do Site,
Website Route Redirect,Redirecionamento de Rota do Site,
Website Script,Script do Site,
Website Settings,Configurações do Site,
Website Sidebar,Menu Lateral do Site,
Website Sidebar Item,Item do Menu Lateral do Site,
Website Slideshow,Slideshow do Site,
Website Slideshow Item,Item do Slideshow do Site,
Website Theme,Tema do Site,
Website Theme Ignore App,Aplicativo para ignorar tema do site,
Website Theme Image,Imagem do Tema do Site,
Website Theme Image Link,Link da Imagem do Tema do Site,
Wednesday,Quarta-feira,
Weekdays,Dias da Semana,
Weekly,Semanalmente,
Weekly Long,Semanalmente Longo,
Welcome Email Template,Modelo de email de boas-vindas,
"When enabled this will allow guests to upload files to your application, You can enable this if you wish to collect files from user without having them to log in, for example in job applications web form.","Quando ativado, isso permitirá que os convidados façam upload de arquivos para o seu aplicativo. Você pode habilitá-lo se desejar coletar arquivos do usuário sem que eles façam login, por exemplo, no formulário da Web de pedidos de emprego.",
Which view of the associated DocType should this shortcut take you to?,Para qual visualização do DocType associado esse atalho deve levar você?,
Width,Largura,
Wildcard Filter,Filtro Wildcard,
"Will add ""%"" before and after the query",Irá adicionar &quot;%&quot; antes e depois da consulta,
Will be used in url (usually first name).,Será utilizado na url (geralmente o primeiro nome).,
Will run scheduled jobs only once a day for inactive sites. Default 4 days if set to 0.,"Executará trabalhos agendados apenas uma vez por dia para sites inativos. O padrão é 4 dias, se definido como 0.",
Workflow,Fluxo de Trabalho,
Workflow Action,Ação do Fluxo de Trabalho,
Workflow Action Master,Cadastro de Ação do Fluxo de Trabalho,
Workflow Action Name,Nome da Ação do Fluxo de Trabalho,
Workflow Action is not created for optional states,A ação do fluxo de trabalho não é criada para estados opcionais,
Workflow Document State,Status do Documento do Fluxo de Trabalho,
Workflow Name,Nome do Fluxo de Trabalho,
Workflow State,Status do Fluxo de Trabalho,
Workflow State Field,Campo do Status do Fluxo de Trabalho,
Workflow Transition,Transição do Fluxo de Trabalho,
Workflow state represents the current state of a document.,O Status do Fluxo de Trabalho representa o status atual de um documento.,
Write,Escrever,
X Field,Campo X,
XLSX,XLSX,
Y Axis,Eixo Y,
Y Field,Campo Y,
Yahoo Mail,Email do Yahoo,
Yandex.Mail,Yandex.Mail,
Year,Ano,
Yearly,Anualmente,
Yellow,Amarelo,
Yes,Sim,
Your organization name and address for the email footer.,Nome da empresa e endereço para o rodapé do email.,
Zero means send records updated at anytime,Zero significa enviar registros atualizados a qualquer momento,
_doctype,_doctype,
_report,_relatório,
adjust,ajustar,
after_insert,after_insert,
align-center,Centralizar,
align-justify,Justificar,
align-left,Alinhar à esquerda,
align-right,Alinhar à direita,
arrow-down,seta para baixo,
arrow-left,seta para a esquerda,
arrow-right,seta para a direita,
arrow-up,seta para cima,
asterisk,asterisco,
backward,para trás,
ban-circle,círculo de proibição,
barcode,Código de barras,
bell,sino,
blue,azul,
bold,negrito,
book,livro,
bookmark,favorito,
briefcase,pasta,
bullhorn,megafone,
calendar,calendário,
camera,câmera,
certificate,certificado,
check,Verificar,
chevron-down,divisa-abaixo,
chevron-left,divisa-esquerda,
chevron-right,divisa-direito,
chevron-up,divisa-acima,
circle-arrow-down,círculo de seta para baixo,
circle-arrow-left,círculo de seta para a esquerda,
circle-arrow-right,círculo de seta à direita,
circle-arrow-up,círculo de seta para cima,
cog,roda dentada,
comment,Comentário,
darkgrey,cinza escuro,
dd-mm-yyyy,dd-mm-aaaa,
dd.mm.yyyy,dd.mm.aaaa,
dd/mm/yyyy,dd/mm/aaaa,
download,Baixar,
download-alt,download-alt,
"e.g. ""Support"", ""Sales"", ""Jerry Yang""","ex: ""Pós-Venda"", "" Vendas "", ""Edmilson""",
e.g. pop.gmail.com / imap.gmail.com,ex: pop.gmail.com / imap.gmail.com,
e.g. replies@yourcomany.com. All replies will come to this inbox.,eg replies@yourcomany.com. Todas as respostas virão a esta caixa de entrada.,
e.g. smtp.gmail.com,ex: smtp.gmail.com,
edit,editar,
eject,ejetar,
email,email,
envelope,envelope,
exclamation-sign,sinal de exclamação,
eye-close,olho fechado,
eye-open,olho aberto,
facebook,Facebook,
facetime-video,vídeo do facetime,
fairlogin,fairlogin,
fast-backward,retrocesso rápido,
fast-forward,avanço rápido,
file,arquivo,
film,filme,
filter,filtro,
fire,fogo,
flag,bandeira,
folder-close,fechar pasta,
folder-open,abrir pasta,
font,fonte,
forward,para a frente,
fullscreen,tela cheia,
gift,presente,
glass,vidro,
globe,globo,
green,verde,
hand-down,mão abaixo,
hand-left,mão à esquerda,
hand-right,mão à direita,
hand-up,mão acima,
hdd,hdd,
headphones,fones de ouvido,
heart,coração,
home,casa,
icon,ícone,
in minutes,em minutos,
inbox,Caixa de Entrada,
indent-left,indentar à esquerda,
indent-right,indentar à direita,
info-sign,Sinal de Informações,
italic,itálico,
leaf,folha,
link,Link,
linkedin,LinkedIn,
list,Lista,
list-alt,lista de alt-,
lock,trancar,
magnet,ímã,
map-marker,marcador do mapa,
minus,menos,
minus-sign,sinal de menos,
mm-dd-yyyy,mm-dd-aaaa,
mm/dd/yyyy,mm/dd/aaaa,
module,módulo,
move,mover,
music,música,
no failed attempts,tentativas não falharam,
off,fora,
ok,ok,
ok-circle,ok-círculo,
ok-sign,ok-sinal,
old_parent,old_parent,
on_cancel,on_cancel,
on_change,em mudança,
on_submit,on_submit,
on_trash,on_trash,
on_update,on_update,
on_update_after_submit,on_update_after_submit,
orange,laranja,
page,página,
pause,pausar,
pencil,lápis,
picture,imagem,
plane,avião,
play,jogar,
play-circle,jogo-círculo,
plus,mais,
plus-sign,sinal de mais,
print,imprimir,
purple,roxo,
qrcode,QRCode,
query-report,relatório-de-consulta,
question-sign,ponto de interrogação,
random,aleatório,
red,vermelho,
refresh,atualizar,
remove,remover,
remove-circle,remove-círculo,
remove-sign,remover-assinar,
repeat,repetir,
resize-full,redimensionamento completo,
resize-horizontal,redimensionamento horizontal,
resize-small,redimensionamento pequeno,
resize-vertical,redimensionamento vertical,
response,resposta,
retweet,retwitar,
road,estrada,
screenshot,captura de tela,
search,procurar,
share,ação,
share-alt,partes-alt,
shopping-cart,carrinho de compras,
signal,sinalizar,
star,estrela,
star-empty,sem estrela,
step-backward,voltar,
step-forward,prosseguir,
stop,Parar,
tag,tag,
tags,tags,
tasks,tarefas,
text-height,altura de texto,
text-width,largura de texto,
th,ª,
th-large,ª-grande,
th-list,ª-lista,
thumbs-down,polegar para baixo,
thumbs-up,polegar para cima,
time,tempo,
tint,matiz,
trash,lixo,
twitter,Twitter,
upload,upload,
user,usuário,
volume-down,diminuir volume,
volume-off,mudo,
volume-up,aumentar volume,
warning-sign,sinal de alerta,
wrench,chave inglesa,
yellow,amarelo,
yyyy-mm-dd,dd/mm/yyyy,
zoom-in,aumentar zoom,
zoom-out,diminuir zoom,
