"""Company History""","""История компании""",
"""Team Members"" or ""Management""","""Члены команды"" или ""Управление""",
&lt;head&gt; HTML,&lt;head&gt; HTML,
**Currency** Master,**Валютный** Мастер,
0 - Draft; 1 - Submitted; 2 - Cancelled,0 - Черновики; 1 - Принятые; 2 - Отмененные,
0 is highest,0 является самым высоким,
A list of resources which the Client App will have access to after the user allows it.<br> e.g. project,"Список ресурсов, к которым клиентское приложение будет иметь доступ после того, как пользователь разрешит это.<br> например. проект",
A symbol for this currency. For e.g. $,"Символ этой валюты. Например, ₽",
A4,A4,
ALL,ВСЕ,
API,API,
API Access,Доступ к API,
API Endpoint,Конечная точка API,
API Endpoint Args,API Endpoint Args,
API Key,API Ключ,
API Method,Метод API,
API Secret,API Секретный,
ASC,ASC,
About,О системе,
About Us Settings,Настройки «О нас»,
About Us Team Member,О члене комманды,
Access Key ID,Идентификатор ключа доступа,
Access Key Secret,Секретный ключ доступа,
Access Log,Журнал доступа,
Access Token,Маркер доступа,
Access Token URL,URL токена доступа,
Account,Аккаунт,
Accounts Manager,Диспетчер счетов,
Accounts User,Пользователь Счетов,
Action,Действие,
Action / Route,Действие / Маршрут,
Action Timeout (Seconds),Тайм-аут действия (секунды),
Action Type,Тип действия,
Actions,Действия,
Active,Активен,
Active Domains,Активные домены,
Activity Log,Журнал активности,
Add Container,Добавить контейнер,
Add Custom Tags,Добавить собственные теги,
Add Gray Background,Добавить серый фон,
Add Signature,Добавить подпись,
Add Total Row,Добавить итоговую строку,
Add Unsubscribe Link,Добавить ссылку Отписаться,
"Added HTML in the &lt;head&gt; section of the web page, primarily used for website verification and SEO","Добавлена HTML в &lt;HEAD&gt; часть веб-страницы, в основном используется для проверки веб-сайтов и SEO",
Additional Permissions,Дополнительные разрешения,
Address,Адрес,
Address And Contacts,Адрес и контакты,
Address Line 1,Адрес (1-я строка),
Address Line 2,Адрес (2-я строка),
Address Template,Шаблон адреса,
Address Title,Название адреса,
Address Type,Тип адреса,
Address and other legal information you may want to put in the footer.,"Адрес и другое юридическое информация, которую вы можете положить в нижней.",
Addresses And Contacts,Адреса и контакты,
Adds a custom field to a DocType,Добавляет настраиваемое поле в DocType,
Administrator,Администратор,
Advanced,Продвинутый,
Advanced Control,Расширенный контроль,
Advanced Settings,Расширенные настройки,
After Cancel,После отмены,
After Delete,После удаления,
After Save,После сохранения,
After Save (Submitted Document),После сохранения (отправленный документ),
After Submit,После отправки,
Aggregate Function Based On,"Агрегатная функция, основанная на",
Alert,Предупреждение,
Align Labels to the Right,Выровнять метки по правому краю,
Align Right,Выровнять по правому краю,
All,Все,
All Day,Весь день,
Allocated To,Выделяемых на,
Allot Points To Assigned Users,Выделить баллы назначенным пользователям,
Allow,Разрешить,
Allow Auto Repeat,Разрешить автоматическое повторение,
Allow Bulk Edit,Разрешить массовое редактирование,
Allow Comments,Разрешить комментарии,
Allow Consecutive Login Attempts ,Разрешить последовательные попытки авторизации,
Allow Delete,Разрешить удаление,
Allow Dropbox Access,Разрешить доступ Dropbox,
Allow Guest,Разрешить гостя,
Allow Guest to View,"Разрешить для гостей, чтобы посмотреть",
Allow Guests to Upload Files,Разрешить гостям загружать файлы,
Allow Import (via Data Import Tool),Разрешить импорт (с помощью инструмента импорта данных),
Allow Incomplete Forms,Разрешить неполные формы,
Allow Login After Fail,Разрешить авторизацию после неудачной попытки,
Allow Login using Mobile Number,Разрешить вход в систему с помощью мобильного номера,
Allow Login using User Name,Разрешить использование имени пользователя,
Allow Modules,Разрешить модули,
Allow Print,Разрешить печать,
Allow Print for Cancelled,Разрешить печать для отмененых,
Allow Print for Draft,Разрешить печать для черновика,
Allow Read On All Link Options,Разрешить чтение всех ссылок,
Allow Rename,Разрешить переименовать,
Allow Roles,Разрешить ролям,
Allow Self Approval,Разрешить самостоятельное утверждение,
Allow approval for creator of the document,Разрешает утверждать создателю документа,
Allow document creation via Email,Разрешить создание документов по электронной почте,
Allow events in timeline,Разрешить события на временной шкале,
Allow in Quick Entry,Разрешить в быстрой записи,
Allow on Submit,Разрешить проведение,
Allow only one session per user,Разрешить только один сеанс для каждого пользователя,
Allow page break inside tables,Разрешить разрыв страницы внутри таблиц,
Allow saving if mandatory fields are not filled,"Разрешить сохранение, если обязательные поля не заполнены",
Allow user to login only after this hour (0-24),Разрешить пользователю входить только после этого часа (0—24),
Allow user to login only before this hour (0-24),Разрешать пользователю входить только до этого часа (0—24),
Allowed,Разрешено,
Allowed In Mentions,Разрешено в упоминаниях,
"Always add ""Draft"" Heading for printing draft documents","Всегда добавлять в заголовок Черновик"" при печати черновых документов""",
Amend,Исправить,
Amended From,Измененный С,
An icon file with .ico extension. Should be 16 x 16 px. Generated using a favicon generator. [favicon-generator.org],Значок файла с расширением .ico расширением. Должно быть 16 х 16 пикселей. Генерируется с использованием генератора FavIcon. [favicon-generator.org],
Analytics,Аналитика,
Annual,За год,
Anonymous,анонимное,
Any string-based printer languages can be used. Writing raw commands requires knowledge of the printer's native language provided by the printer manufacturer. Please refer to the developer manual provided by the printer manufacturer on how to write their native commands. These commands are rendered on the server side using the Jinja Templating Language.,"Можно использовать любые языки принтера на основе строк. Для написания необработанных команд требуется знание родного языка принтера, предоставляемого производителем принтера. Пожалуйста, обратитесь к руководству разработчика, предоставленному производителем принтера, о том, как писать собственные команды. Эти команды отображаются на стороне сервера с использованием языка шаблонов Jinja.",
App,Приложение,
App Access Key,Ключ доступа к приложению,
App Client ID,ID клиента приложения,
App Client Secret,Секрет клиента приложения,
App Name,Имя приложения,
App Secret Key,Секретный ключ приложения,
Append Emails to Sent Folder,Добавить электронные письма в отправленную папку,
Append To,Добавить к,
Applicable For,Применимо для,
Application Logo,Логотип приложения,
Application Name,Имя приложения,
Application Version,Версия приложения,
Applied On,Применено,
Apply Document Permissions,Применить разрешения документа,
Apply Only Once,Применить только один раз,
Apply Strict User Permissions,Применение строгих пользовательских разрешений,
Apply To All Document Types,Применить ко всем типам документов,
Apply this rule if the User is the Owner,"Применить это правило, если пользователь является владелец",
Apply this rule only once per document,Применять это правило только один раз для каждого документа,
Appreciation,Признательность,
Archived,Архивные,
Arial,Arial,
Assign Condition,Назначить условие,
Assign To Users,Назначить пользователям,
Assigned,Назначенный,
Assigned By,Назначаются,
Assigned By Full Name,Присваиваемый Полное имя,
Assignment,Назначение,
Assignment Completed,Задание выполнено,
Assignment Days,Дни назначения,
Assignment Rule,Правило назначения,
Assignment Rule Day,День Правил Назначения,
Assignment Rule User,Правило назначения пользователя,
Assignment Rules,Правила назначения,
Assignments,Назначения,
Attach,Прикрепить,
Attach Image,Прикрепить изображение,
Attach Print,Прикрепите печать,
Attached File,Прикрепленный файл,
Attached To DocType,Прикреплено к DocType,
Attached To Field,Прикрепленный к полю,
Attached To Name,Привязаны к имени,
Attachment,Вложение,
Attachment Limit (MB),Лимит вложения (MB),
Attachment Link,Прикрепленная ссылка,
Attachment Removed,Вложение удалено,
Attachments,Приложения,
Auth URL Data,Данные URL-адреса аутентификации,
Authentication,Аутентификация,
Author,Автор,
Authorization Code,Код авторизации,
Authorize API Indexing  Access,Разрешить доступ к индексированию API,
Authorize Google Calendar Access,Авторизовать доступ к календарю Google,
Authorize Google Contacts Access,Авторизовать доступ к контактам Google,
Authorize Google Drive Access,Авторизовать Google Drive Access,
Authorize URL,Авторизованный URL,
Authorized,Авторизованный,
Auto,Авто,
Auto Email Report,Автоотчет по электронной почте,
Auto Name,Авто имя,
Auto Repeat,Автоматическое повторение,
Auto Reply Message,Автоматический ответ,
Automatically Assign Documents to Users,Автоматически назначать документы пользователям,
Automation,Автоматизация,
Avatar,Аватар,
Average,Средний,
Awaiting Password,В ожидании пароля,
Awaiting password,Ожидание пароля,
BCC,Скрытая копия,
Background Color,Цвет фона,
Background Workers,Фоновые процессы,
Backup Details,Детали резервного копирования,
Backup Files,Резервные файлы,
Backup Folder ID,Идентификатор резервной папки,
Backup Folder Name,Имя папки резервного копирования,
Backup Frequency,Частота резервного копирования,
Backup public and private files along with the database.,Резервное копирование общедоступных и частных файлов вместе с базой данных.,
Backups,Резервные копии,
Banner,Баннер,
Banner HTML,HTML Баннер,
Banner Image,Изображение баннера,
Banner is above the Top Menu Bar.,Баннер над верхним  меню.,
Bar,Бар,
Barcode,Штрих-код,
Base Distinguished Name (DN),Основание различающееся имя (DN),
Base URL,Базовый URL,
Based On,На основании,
Based on Field,На основе поля,
Based on Permissions For User,На основании разрешения для пользователя,
Basic,Основной,
Before Cancel,Перед отменой,
Before Delete,Перед удалением,
Before Insert,Перед вставкой,
Before Save,Перед сохранением,
Before Save (Submitted Document),Перед сохранением (отправленный документ),
Before Submit,Перед отправкой,
Beginner,Начинающий,
Beta,Бета,
Billing,Выставление счетов,
Bio,Биография,
Birth Date,Дата рождения,
Block Module,Блок модуль,
Block Modules,Блок модули,
Blocked,Блокирован,
Blog Category,Категория блога,
Blog Intro,Блог Intro,
Blog Introduction,Блог введение,
Blog Post,Пост блога,
Blog Settings,Настройки блога,
Blog Title,Название блога,
Blogger,Блоггер,
Blue,Синий,
Bold,Жирный,
Bot,Бот,
Bottom,Низ,
Bounced,Возвращенные,
Brand,Бренд,
Brand HTML,Брендирование HTML,
Brand Image,Изображение бренда,
Breadcrumbs,Хлебные крошки,
Browser,Браузер,
Browser Version,Версия браузера,
Brute Force Security,Защита от перебора,
Bucket Name,Название сегмента,
Bulk Update,Массовое обновление,
Button,Кнопка,
Button Gradients,Градиенты кнопок,
Button Rounded Corners,Кнопка с закругленными углами,
Button Shadows,Тени кнопок,
Bypass Restricted IP Address Check If Two Factor Auth Enabled,"Обход проверки ограниченного IP-адреса, если включена двухфакторная аутентификация",
Bypass Two Factor Auth for users who login from restricted IP Address,"Обход двух факторов для пользователей, которые подключаются с ограниченным IP-адресом",
Bypass restricted IP Address check If Two Factor Auth Enabled,Обход ограниченного IP-адреса. Если включен параметр Two Factor Auth,
CC,Копия,
CSS,CSS,
CSS Class,CSS-класс,
CSV,CSV,
CTA Label,Метка CTA,
CTA URL,CTA URL,
Calendar,Календарь,
Calendar Name,Имя календаря,
Calendar View,Просмотр календаря,
Call,Звонок,
Call To Action,Призыв к действию,
Call To Action URL,URL призыва к действию,
Callback Message,Сообщение обратного вызова,
Callback Title,Заголовок обратного вызова,
Campaign,Кампания,
Cancel,Отмена,
Cancelled,Отменен,
Card,Карта,
Cards,Карты,
Category,Категория,
Category Description,Описание категории,
Category Name,Название категории,
Center,Центр,
Chaining Hash,Цепочный хэш,
Change Label (via Custom Translation),Изменение метки (с помощью пользовательского перевода),
Change Password,Изменить пароль,
Channel,Канал,
Chart,Диаграмма,
Chart Configuration,Конфигурация диаграммы,
Chart Name,Название диаграммы,
Chart Options,Параметры диаграммы,
Chart Source,Источник диаграммы,
Chart Type,Тип диаграммы,
Charts,Графики,
Chat,Чат,
Check,Проверьте,
Check this if you want to force the user to select a series before saving. There will be no default if you check this.,"Отметьте это, если вы хотите заставить пользователя выбрать идентификатор перед сохранением. Там не будет варианта по умолчанию, если вы поставите эту отметку.",
Checking this will hide custom doctypes and reports cards in Links section,При установке этого флажка пользовательские типы документов и карточки отчетов в разделе &quot;Ссылки&quot; будут скрыты.,
Checksum Version,Версия контрольной суммы,
Child Tables are shown as a Grid in other DocTypes,Дочерние таблицы отображаются в виде таблицы в других типах документов,
Choose authentication method to be used by all users,"Выберите метод аутентификации, который будет использоваться всеми пользователями.",
City,Город,
City/Town,Город / поселок,
Clicked,Нажато,
Client,Клиент,
Client Code,Код клиента,
Client Credentials,Учетные данные клиента,
Client ID,ID клиента,
Client Information,Информация о клиенте,
Client Script,Скрипт клиента,
Client Secret,Секрет клиента,
Client URLs,URL-адреса клиентов,
Close Condition,Закрыть условие,
Closed,Закрыт,
Code,Код,
Collapsible,Сворачиваемый,
Collapsible Depends On,Сворачиваемый - зависит от,
Color,Цвет,
Column Break,Разрыв столбца,
Column Name,Имя столбца,
Columns,Колонки,
Columns / Fields,Колонки / Поля,
Comment,Комментарий,
Comment By,Комментарий по,
Comment Email,Комментарий по электронной почте,
Comment Type,Тип комментариев,
Comments and Communications will be associated with this linked document,Комментарии и коммуникации будут связаны с этой связанного документа,
Commit,Зафиксировать,
Communication,Коммуникация,
Communication Link,Связь коммуникации,
Communication Type,Вид коммуникации,
Compact Item Print,Компактный товара печати,
Company History,История компании,
Company Introduction,Компания - введение,
Company Name,название компании,
Complete,Завершенно,
Completed,Завершенно,
Component,Компонент,
Condition,Условия,
Conditions,Условия,
Configuration,Конфигурация,
Confirmation Email Template,Шаблон письма с подтверждением,
Console,Консоль,
Console Log,Журнал консоли,
Contact,Контакты,
Contact Details,Контактная информация,
Contact Email,Эл.почта для связи,
Contact Numbers,Контактные номера,
Contact Phone,Контактный телефон,
Contact Us Settings,Контакты Настройки,
"Contact options, like ""Sales Query, Support Query"" etc each on a new line or separated by commas.","Параметры контакта, как ""Запрос на продажу, Запрос в службу поддержки"" и т.д. каждого с новой строки или через запятую.",
Contacts,Контакты,
Content,Содержимое,
Content (HTML),Контент (HTML),
Content (Markdown),Контент (Markdown),
Content Hash,Контент Hash,
Content Type,Тип контента,
Context,Контекст,
Context Script,Сценарий контекста,
Contributed,Внесенный,
Contribution Document Name,Название документа о взносе,
Contribution Status,Статус вклада,
Copyright,Авторское право,
Core,Центр управления,
Count,подсчитывать,
Count Filter,Счетный фильтр,
Counter,Счетчик,
Country,Страна,
Country Name,Название страны,
County,Округ,
Create,Создать,
Create Contacts from Incoming Emails,Создание контактов из входящих писем,
Create Entry,Создать запись,
Create Log,Создать журнал,
Create and Send Newsletters,Создание и отправка рассылки,
Created,Созданный,
Criticism,Критика,
Cron Format,Cron формат,
Currency,Валюта,
Currency Name,Название валюты,
Currency Precision,Точность валюты,
Current,Текущий,
Custom,Пользовательские,
Custom Base URL,Пользовательский базовый URL,
Custom CSS,Пользовательский CSS,
Custom Configuration,Пользовательская конфигурация,
Custom DocPerm,Пользовательские DocPerm,
Custom Field,Пользовательские поля,
Custom Format,Пользовательский формат,
Custom HTML Help,Пользовательский HTML Помощь,
Custom Menu Items,Пользовательские пункты меню,
Custom Options,Пользовательские параметры,
Custom Overrides,Пользовательские переопределения,
Custom Report,Пользовательский отчет,
Custom Role,Пользовательские роли,
Custom SCSS,Пользовательский SCSS,
Custom Sidebar Menu,Пользовательское боковое меню,
Custom?,Пользовательский?,
Customization,Пользовательские настройки,
Customize Form,Настроить форму,
Customize Form Field,Настроить поля формы,
DESC,DESC,
Daily,Ежедневно,
Daily Long,Ежедневно,
Danger,Опасность,
Dark Color,Темный цвет,
Dashboard,Панель инструментов,
Dashboard Chart,Диаграмма приборной панели,
Dashboard Chart Field,Поле диаграммы приборной панели,
Dashboard Chart Link,Ссылка на панель инструментов,
Dashboard Chart Source,Источник диаграммы приборной панели,
Dashboard Manager,Менеджер приборной панели,
Dashboard Name,Название панели,
Dashboard Settings,Настройки приборной панели,
Dashboards,Сводки,
Data,Данные,
Data Export,Экспорт данных,
Data Import,Импорт данных,
Database Engine,Движок базы данных,
Date,Дата,
Date Format,Формат даты,
Date Range,Диапазон дат,
Date and Number Format,Настройки времени и валюты,
Datetime,Дата и время,
Day,День,
Day of Week,День недели,
Days After,Дней после,
Days Before,Дней до,
Days Before or After,Дней до или после,
Default,По умолчанию,
Default Incoming,По умолчанию для входящих,
Default Letter Head,По умолчанию бланке,
Default Outgoing,По умолчанию для исходящих,
Default Portal Home,Главная страница портала по умолчанию,
Default Print Format,Печатная форма по умолчанию,
Default Print Language,Язык печати по умолчанию,
Default Redirect URI,По умолчанию перенаправление URI,
Default Role at Time of Signup,Роль по умолчанию во время регистрации,
Default Sort Field,Поле сортировки по умолчанию,
Default Sort Order,Порядок сортировки по умолчанию,
Default Value,Значение по умолчанию,
"Default: ""Contact Us""","По умолчанию: ""Contact Us""",
DefaultValue,DefaultValue,
Defaults,Значения по умолчанию,
Defines actions on states and the next step and allowed roles.,"Определяет действия на статусах, следующий шаг и роли, обладающие правами перевода статусов.",
Defines workflow states and rules for a document.,Определяет статусы рабочего процесса и правила их перехода для документа.,
Delayed,Задерживается,
Delete,Удалить,
Deleted,Удаленный,
Deleted DocType,Удаленный DocType,
Deleted Document,Удаленный документ,
Deleted Name,Удаляется имя,
Delivery Status,Статус доставки,
Department,Отдел,
Dependencies,Зависимости,
Depends On,Зависит от,
Description,Описание,
"Description for listing page, in plain text, only a couple of lines. (max 200 characters)","Описание страницы с листингом в виде простого текста, всего пара строк. (не более 200 символов)",
Designation,Назначение,
Desk,Рабочий стол,
Desk Access,Доступ к рабочему столу,
Desktop Icon,Иконка рабочего стола,
Details,Подробности,
"Different ""States"" this document can exist in. Like ""Open"", ""Pending Approval"" etc.","Документ может содержать различные ""Статусы"". Например, ""Создан"", ""Ожидает утверждения"" и т.д.",
Digits,Цифры,
Disable Auto Refresh,Отключить автоматическое обновление,
Disable Comments,Отключить комментарии,
Disable Count,Отключить счет,
Disable SMTP server authentication,Отключить аутентификацию SMTP-сервера,
Disable Sidebar Stats,Отключить статистику боковой панели,
Disable Signup,Отключение Регистрация,
Disable Standard Email Footer,Отключить стандартный нижний колонтитул электронной почты,
Disabled,Отключено,
Display,Показать,
Display Depends On,Показание зависит от,
Doc Event,Событие документа,
Doc Events,События документа,
Doc Status,Статус документа,
DocField,DocField,
DocPerm,DocPerm,
DocShare,DocShare,
DocType,DocType,
DocType Action,DocType Action,
DocType Event,Событие DocType,
DocType Link,DocType Link,
DocType View,DocType View,
DocType is a Table / Form in the application.,DocType является стола / форма в приложении.,
DocType on which this Workflow is applicable.,"DocType, на котором этот поток применяется.",
Doctype,Doctype,
Document,Документ,
Document Actions,Действия с документами,
Document Follow,Следить за документом,
Document Link,Ссылка на документ,
Document Links,Ссылки на документы,
Document Name,Название документа,
Document Naming Rule,Правило именования документов,
Document Naming Rule Condition,Условие правила именования документов,
Document Share,Поделиться документом,
Document Share Report,Документ Поделиться Пожаловаться,
Document States,Состояния документа,
Document Tag,Тег документа,
Document Title,Заголовок документа,
Document Type,Тип документа,
Document Type to Track,Тип документа для отслеживания,
Document Types,Типы документов,
Documentation,Документация,
Documentation Link,Документация Ссылка,
Documentation URL,URL документации,
Domain,Направление,
Domain Settings,Настройка сфер деятельности,
Domains HTML,Домены HTML,
"Don't HTML Encode HTML tags like &lt;script&gt; or just characters like &lt; or &gt;, as they could be intentionally used in this field","Не HTML Кодировать HTML-теги, такие как &lt;скрипт&gt; или просто символы, такие как &lt;или&gt;, так как они могут быть преднамеренно использованы в этой области",
Don't Override Status,Не переопределять статус,
Don't Send Emails,Не отправлять электронные письма,
Donut,Донат,
Download Backups,Скачать резервные копии,
Download Template,Скачать шаблон,
Dropbox Access Token,Токен доступа к Dropbox,
Dropbox Settings,Настройки Dropbox,
Dropdowns,Выпадающие списки,
Due Date,Дата выполнения,
Due Date Based On,Дата составления финансовой отчетности,
Duration,Продолжительность,
Dynamic Filters,Динамические фильтры,
Dynamic Filters JSON,Динамические фильтры JSON,
Dynamic Filters Section,Раздел динамических фильтров,
Dynamic Link,Динамическая ссылка,
Dynamic Report Filters,Фильтры динамических отчетов,
Dynamic Route,Динамический маршрут,
Dynamic Template,Динамический шаблон,
Edit,Редактировать,
Edit Values,Изменить значения,
Editable Grid,Редактируемые сетки,
Eg. smsgateway.com/api/send_sms.cgi,Например smsgateway.com/api/send_sms.cgi,
Email,Эл. адрес,
Email Account,Электронная почта,
Email Account Name,Имя учетной записи электронной почты,
Email Address,Адрес электронной почты,
Email Address whose Google Contacts are to be synced.,"Адрес электронной почты, чьи контакты Google должны быть синхронизированы.",
Email Addresses,Адрес электронной почты,
Email Domain,Домен электронной почты,
Email Flag Queue,Очередь флагов электронной почты,
Email Footer Address,Адрес в нижнем колонтитуле,
Email Group,Группа электронной почты,
Email Group Member,Электронная почта участника группы,
Email ID,Email ID,
Email IDs,E-mail идентификаторы,
Email Id,Email ID,
Email Inbox,Email Inbox,
Email Queue,Очередь электронной почты,
Email Queue Recipient,E-mail в очереди получателя,
Email Queue records.,Записи очереди электронной почты,
Email Reply Help,Ответить на Email Помощь,
Email Rule,Правило электронной почты,
Email Sent,Письмо отправлено,
Email Settings,Настройки электронной почты,
Email Signature,Подпись электронной почты,
Email Status,Статус электронной почты,
Email Sync Option,Опция синхронизации электронной почты,
Email Template,Шаблон электронной почты,
Email To,Электронная почта для,
Email Unsubscribe,E-mail Отписаться,
Emails will be sent with next possible workflow actions,Будут отправляться письма с возможными следующими действиями бизнес-процесса,
Enable,Разрешить,
Enable Auto Reply,Включить автоматический ответ,
Enable Automatic Backup,Включить автоматическое резервное копирование,
Enable Automatic Linking in Documents,Включить автоматическое связывание в документах,
Enable Comments,Включить комментарии,
Enable Email Notifications,Включить уведомления по электронной почте,
Enable Google Indexing,Включить индексирование Google,
Enable In App Website Tracking,Включить отслеживание веб-сайтов в приложении,
Enable Incoming,Включить входящие,
Enable Onboarding,Включить адаптацию,
Enable Outgoing,Включить исходящие,
Enable Password Policy,Включить политику паролей,
Enable Print Server,Включить сервер печати,
Enable Raw Printing,Включить необработанную печать,
Enable Scheduled Jobs,Включить запланированных заданий,
Enable Security,Включить безопасность,
Enable Social Login,Включить социальный вход,
Enable Social Sharing,Включить обмен в социальных сетях,
Enable Two Factor Auth,Включить двухфакторный аут,
Enabled,Разрешено,
End Date,Дата окончания,
End Date Field,Поле конечной даты,
Endpoint URL,URL конечной точки,
Endpoints,Endpoints,
Ends on,Заканчивается на,
Energy Point,Балл активности,
Energy Point Log,Журнал баллов активности,
Energy Point Rule,Правило баллов активности,
Energy Point Settings,Настройки баллов активности,
Energy Points,Баллы активности,
Enter Form Type,Введите тип формы,
"Enter default value fields (keys) and values. If you add multiple values for a field, the first one will be picked. These defaults are also used to set ""match"" permission rules. To see list of fields, go to ""Customize Form"".","Введите значение по умолчанию поля (Keys) и значения. При добавлении нескольких значений для поля, первая будет определена. Эти значения по умолчанию также используется для установки &quot;Матч&quot; разрешающие правила. Чтобы увидеть список полей, перейдите в раздел &quot;Настройка формы&quot;.",
"Enter static url parameters here (Eg. sender=ERPNext, username=ERPNext, password=1234 etc.)","Введите статические параметры адрес здесь (Например отправитель = ERPNext, имя пользователя = ERPNext, пароль = 1234 и т.д.)",
Enter url parameter for message,Введите URL-параметр для сообщения,
Enter url parameter for receiver nos,Введите URL-параметр для получателя сообщения,
Error,Ошибка,
Error Log,Журнал ошибок,
Error Message,Сообщение об ошибке,
Event,Событие,
Event Category,Категория события,
Event Participants,Участники мероприятия,
Event Type,Тип события,
Everyone,Все,
"Ex: ""colors"": [""#d1d8dd"", ""#ff5858""]","Пример: ""colors"": [""#d1d8dd"", ""#ff5858""]",
Example,Пример,
"Example: ""/desk""","Пример: ""/desk""",
Example: #Tree/Account,Пример: # Дерево / Аккаунт,
Example: 00001,Пример: 00001,
Example: {{ subject }},Пример: {{ subject }},
Excel,превосходить,
Exception,Исключение,
Execute,Выполнить,
Expert,Эксперт,
Expiration time,Время истечения,
Expire Notification On,Expire Уведомление о,
Expired,Истек срок действия,
Expires In,Истекает,
Expires On,Актуален до,
Expiry time of QR Code Image Page,Время истечения срока действия страницы изображения QR-кода,
Export,Экспорт,
Export From,Экспорт из,
Expose Recipients,Expose Получатели,
"Expression, Optional","Выражение, необязательно",
Facebook,Facebook,
Failed,Не выполнено,
FavIcon,FavIcon,
Fax,Факс,
Featured,Рекомендуемые,
Feedback,Обратная связь,
Feedback Request,Запрос обратной связи,
Fetch From,Извлечь из,
Field,Поле,
Field Description,Описание поля,
Field Name,Имя поля,
Field To Check,Поле для проверки,
Field Type,Тип поля,
"Field that represents the Workflow State of the transaction (if field is not present, a new hidden Custom Field will be created)","Поле, показывающее статус бизнес-процесса (если поле отсутствует, будет создано новое скрытое настраиваемое поле)",
Field to Track,Поле для отслеживания,
Fieldname,Имя поля,
Fields,Поля,
Fields Multicheck,Поле Multicheck,
"Fields separated by comma (,) will be included in the ""Search By"" list of Search dialog box","Поля, разделенные запятыми (,) будут включены в список ""Поиск по"" диалогового окна Поиск",
Fieldtype,Тип поля,
File,Файл,
File Backup,Резервная копия файла,
File Information,Информация о файле,
File Name,Имя файла,
File Size,Размер файла,
File Type,Тип файла,
File URL,URL файла,
Files,Файлы,
Filter Data,Фильтрация данных,
Filter List,Список фильтров,
Filter Meta,Фильтр Meta,
Filter Name,Имя фильтра,
Filter Values,Значение фильтра,
Filters,Фильтры,
Filters Configuration,Конфигурация фильтров,
Filters Display,Показать фильтры,
Filters JSON,Фильтры JSON,
Filters Section,Раздел фильтров,
"Filters will be accessible via <code>filters</code>. <br><br>Send output as <code>result = [result]</code>, or for old style <code>data = [columns], [result]</code>","Фильтры будут доступны через <code>filters</code> .<br><br> Отправить вывод как <code>result = [result]</code> , или для <code>data = [columns], [result]</code> старого стиля <code>data = [columns], [result]</code>",
Finished,Законченный,
First Name,Имя,
First Success Message,Первое сообщение о успехе,
Flag,Флаг,
Float,Дробное,
Float Precision,Плавающая точность,
Fold,Сворачиваемое,
Folder,Папка,
Font,Шрифт,
Font Properties,Свойства шрифта,
Font Size,Размер шрифта,
Fonts,Шрифты,
Footer,Нижний колонтитул,
Footer HTML,Нижний колонтитул HTML,
Footer Items,Элементы нижнего колонтитула,
Footer Logo,Логотип нижнего колонтитула,
Footer Template,Шаблон нижнего колонтитула,
Footer Template Values,Значения шаблона нижнего колонтитула,
Footer will display correctly only in PDF,Нижний колонтитул будет отображаться правильно только в PDF,
For DocType Link / DocType Action,Для DocType ссылки / DocType действия,
For Document Event,Для события документа,
For User,Для пользователей,
For Value,Для значений,
For example: {} Open,Например: {} Открыто,
"For help see <a href=""https://frappeframework.com/docs/user/en/guides/portal-development/web-forms"" target=""_blank"">Client Script API and Examples</a>","Для получения справки см. <a href=""https://frappeframework.com/docs/user/en/guides/portal-development/web-forms"" target=""_blank"">API клиентских скриптов и примеры.</a>",
"For more information, <a class=""text-muted"" href=""https://erpnext.com/docs/user/manual/en/setting-up/email/linking-emails-to-document"">click here</a>.","Для получения дополнительной информации <a class=""text-muted"" href=""https://erpnext.com/docs/user/manual/en/setting-up/email/linking-emails-to-document"">нажмите здесь</a> .",
Force,Принудительно,
Force Show,Принудительно показывать,
Force User to Reset Password,Заставить пользователя сбросить пароль,
Form Settings,Настройки формы,
Form URL-Encoded,Форма URL-кодированная,
Format,Формат,
Format Data,Формат данных,
Forward To Email Address,Переслать на адрес электронной почты,
Fraction,Дробные единицы,
Fraction Units,Количество единиц,
Frappe,Frappe,
Frequency,Частота,
Friday,Пятница,
From,От,
From Date,С даты,
From Date Field,Из поля даты,
From Full Name,От полного имени,
From User,От пользователя,
Full,Полный,
Full Name,Полное имя,
Full Width,Полная ширина,
Function,Функция,
GMail,GMail,
Gantt,Ганта,
Gender,Пол,
Generate Keys,Создать ключи,
Geo,Гео,
Geolocation,Геолокация,
Get Contacts,Получить контакты,
Get your globally recognized avatar from Gravatar.com,Получить всемирно признанный аватара из Gravatar.com,
Git Branch,Git Branch,
GitHub,GitHub,
Global Search DocType,Глобальный поиск DocType,
Global Search Settings,Настройки глобального поиска,
Global Unsubscribe,Глобальная отписка,
Go to Page,Перейти на страницу,
Google,Google,
Google Analytics Anonymize IP,Google Analytics анонимизирует IP,
Google Analytics ID,Google Analytics ID,
Google Calendar,Календарь Google,
Google Calendar Event ID,Идентификатор события календаря Google,
Google Calendar ID,Идентификатор Google Calendar,
Google Contacts,Контакты Google,
Google Contacts Id,Идентификатор контактов Google,
Google Drive,Google Drive,
Google Font,Google Font,
Google Settings,Настройки Google,
Google Snippet Preview,Предварительный просмотр фрагмента кода Google,
Grant Type,Тип гранта,
Green,Зеленый,
Group,Группа,
Group By,Группа по,
Group By Based On,Группировать по на основе,
Group By Type,Группировать по типу,
Guest,Гость,
HH:mm,ЧЧ:мм,
HH:mm:ss,ЧЧ:мм:сс,
HTML,HTML,
HTML Editor,Редактор HTML,
HTML Page,HTML страница,
HTML for header section. Optional,HTML для секции header. Необязателен,
Half,Половина,
Half Yearly,Половина года,
Half-yearly,Полугодовой,
Has  Attachment,Содержит вложения,
Has Domain,Имеет домен,
Has Role,Имеет роль,
Has Web View,Имеет Web View,
Header,Заголовок,
Header HTML,Заголовок HTML,
Header and Breadcrumbs,Заголовок и панировочные сухари,
Headers,Заголовки,
Heading,Заголовок,
Heatmap,Тепловая карта,
Help,Помощь,
Help Article,Статья помощи,
Help Articles,Статьи помощи,
Help Category,Категория помощи,
Help Dropdown,Раскрывающийся список справки,
Help HTML,Помощь HTML,
Helvetica,Helvetica,
Hidden,Скрытый,
Hide,Скрыть,
Hide Block,Скрыть блок,
Hide Border,Скрыть границу,
Hide CTA,Скрыть CTA,
Hide Copy,Скрыть копирование,
Hide Custom DocTypes and Reports,Скрыть пользовательские типы документов и отчеты,
Hide Days,Скрыть дни,
Hide Footer Signup,Скрыть колонтитул регистрации,
Hide Login,Скрыть логин,
Hide Seconds,Скрыть секунды,
Hide Standard Menu,Скрыть стандартное меню,
Hide footer in auto email reports,Скрыть нижний колонтитул в автоответах электронной почты,
High,Высокий,
Higher priority rule will be applied first,Правило с более высоким приоритетом будет применено первым,
Highlight,Выделить,
Home,Главная,
Home Page,Домашняя страница,
Home Settings,Домашние настройки,
Hourly,Почасовой,
Hourly Long,Почасовая,
Hourly rate limit for generating password reset links,Лимит почасовой оплаты за создание ссылок для сброса пароля,
"How should this currency be formatted? If not set, will use system defaults","Как следует отображать числа в этой валюте? Если не указано, то будут использоваться системные значения",
ID (name) of the entity whose property is to be set,"ID (имя) лица, имущество которого должно быть установлено",
IP Address,IP адрес,
Icon,Икона,
Icon will appear on the button,Иконка появится на кнопке,
Identity Details,Сведения о личности,
"If Apply Strict User Permission is checked and User Permission is defined for a DocType for a User, then all the documents where value of the link is blank, will not be shown to that User","Если флажок Apply Strict User Permission установлен, а для пользователя DocType для пользователя задано разрешение пользователя, тогда все документы, где значение ссылки пустым, не будут показаны этому пользователю",
If Checked workflow status will not override status in list view,"Если установлен флажок, статус процесса не будет отменять статус в журнале",
"If Icon is set, it will be shown instead of Label","Если установлен значок, он будет отображаться вместо метки.",
"If checked, all other workflows become inactive.","Если этот флажок установлен, то все остальные рабочие процессы становятся неактивными.",
"If checked, users will not see the Confirm Access dialog.","Если этот флажок установлен, пользователи не будут видеть диалоговое окно подтверждения доступа.",
"If disabled, this role will be removed from all users.","Если эта функция отключена, эта роль будет удалена у всех пользователей.",
"If enabled,  user can login from any IP Address using Two Factor Auth, this can also be set for all users in System Settings","Если включено, пользователь может войти в систему с любого IP-адреса, используя двухфакторную аутентификацию, это также можно установить для всех пользователей в настройках системы.",
"If enabled, all users can login from any IP Address using Two Factor Auth. This can also be set only for specific user(s) in User Page","Если включено, все пользователи могут войти в систему с любого IP-адреса, используя двухфакторную аутентификацию. Это также можно установить только для определенных пользователей на странице пользователя",
"If enabled, changes to the document are tracked and shown in timeline","Если включено, изменения в документе отслеживаются и отображаются на временной шкале.",
"If enabled, document views are tracked, this can happen multiple times","Если включено, просмотры документов отслеживаются, это может происходить несколько раз",
"If enabled, the document is marked as seen, the first time a user opens it","Если этот параметр включен, документ помечается как видимый, когда пользователь впервые открывает его",
"If enabled, the notification will show up in the notifications dropdown on the top right corner of the navigation bar.","Если этот параметр включен, уведомление будет отображаться в раскрывающемся списке уведомлений в правом верхнем углу панели навигации.",
"If enabled, the password strength will be enforced based on the Minimum Password Score value. A value of 2 being medium strong and 4 being very strong.","Если включено, сложность пароля будет определяться в зависимости от значения минимальной оценки пароля. Значение 2 является средней сложностью, а 4 - очень сложным.",
"If enabled, users who login from Restricted IP Address, won't be prompted for Two Factor Auth","Если включено, пользователи, которые подключаются с установленного IP-адреса, не будут проходить двухфакторную аутентификацию",
"If enabled, users will be notified every time they login. If not enabled, users will only be notified once.","Если включено, пользователи будут получать уведомления каждый раз при входе в систему. Если этот параметр выключен, пользователи будут получать уведомления только один раз.",
If non standard port (e.g. 587),"Если, не стандартный порт (например, 587)",
"If non standard port (e.g. 587). If on Google Cloud, try port 2525.","Если нестандартный порт (например, 587). Если в Google Cloud, попробуйте порт 2525.",
"If non-standard port (e.g. POP3: 995/110, IMAP: 993/143)","Если нестандартный порт (например, POP3: 995/110, IMAP: 993/143)",
"If not set, the currency precision will depend on number format","Если не установлено, точность валюты будет зависеть от формата числа",
"If the user has any role checked, then the user becomes a ""System User"". ""System User"" has access to the desktop","Если пользователь имеет какую-либо роль, то он становится «Пользователем системы». Пользователи системы имеет доступ к рабочему столу",
If user is the owner,Если пользователь является владельцем,
"If you set this, this Item will come in a drop-down under the selected parent.","Если вы установите это, этот предмет придет в раскрывающемся списке под выбранной родителя.",
"If your data is in HTML, please copy paste the exact HTML code with the tags.","Если данные в HTML, скопируйте вставьте точный HTML код с тегами.",
Ignore User Permissions,Игнорировать разрешения пользователя,
Ignore XSS Filter,Игнорировать XSS-фильтр,
Ignore attachments over this size,Игнорировать вложения больше указаного размера,
Ignored Apps,Игнорируемые приложения,
Image,Изображение,
Image Field,Поле изображения,
Image Link,Ссылка на изображение,
Implicit,Неявный,
Import,Импорт,
Import File,Импортировать файл,
Import File Errors and Warnings,Ошибки и предупреждения файла импорта,
Import Log,Лог импорта,
Import Log Preview,Предварительный просмотр журнала импорта,
Import Preview,Предварительный просмотр импорта,
Import Type,Тип импорта,
Import Warnings,Импорт предупреждений,
Import from Google Sheets,Импорт из Google Таблиц,
In Days,В днях,
In Filter,В фильтрe,
In Global Search,В глобальном поиске,
In List View,Отображать в списке,
In Preview,В предварительном просмотре,
In Reply To,В ответ на,
In Standard Filter,В стандартный фильтр,
In points. Default is 9.,В баллах. По умолчанию 9.,
In seconds,В секундах,
Inbox,Входящие,
Inbox User,Входящие пользователя,
Include Search in Top Bar,Включить поиск в верхней панели,
Include Web View Link in Email,Отправить документ Ссылка на веб-просмотр по электронной почте,
Index,Индекс,
Index Web Pages for Search,Индексирование веб-страниц для поиска,
Indexing Authorization Code,Код авторизации индексации,
Indexing Refresh Token,Индексирование токена обновления,
Indicator,Индикатор,
Indicator Color,Цвет индикатора,
Info,Информация,
Initial Sync Count,Первоначальная синхронизация,
InnoDB,InnoDB,
Insert After,Вставить после,
Insert New Records,Вставить новые записи,
Insert Style,Вставьте стиль,
Installed Application,Установленное приложение,
Installed Applications,Установленные приложения,
Int,Интервал,
Integration Request,Интеграция заявки,
Integrations,Интеграция,
Integrations can use this field to set email delivery status,Интеграция может использовать это поле для установки статуса доставки электронной почты,
Interests,Интересы,
Intermediate,Промежуточный,
Internal record of document shares,Внутренняя запись акций документов,
Introduce your company to the website visitor.,Представьте вашу компанию на посетителя сайта.,
Introduction,Введение,
Introductory information for the Contact Us Page,Вводная информация для страницы контактов,
Invalid,Неверно,
Inverse,Обратный,
Is Active,Активен,
Is Attachments Folder,Это папка для вложений,
Is Billing Contact,Контакт для выставления счетов,
Is Child Table,Это дочерняя таблицей,
Is Complete,Завершено,
Is Completed,Выполнен,
Is Custom Field,Это нестандартное поле,
Is Default,По умолчанию,
Is Folder,Это папка,
Is Home Folder,Является корневой папкой,
Is Mandatory Field,Является обязательным полем,
Is Optional State,Необязательное состояние,
Is Primary,Основной,
Is Primary Contact,Это основной контакт,
Is Primary Mobile,Основной мобильный,
Is Primary Phone,Основной телефон,
Is Private,Является приватным,
Is Public,Публично,
Is Published Field,Это опубликованое поле,
Is Single,Единственный,
Is Skipped,Пропущено,
Is Spam,Это спам,
Is Standard,Это стандартный отчёт,
Is Submittable,Подлежит исполнению,
Is Table,Является таблицей,
Is Tree,Дерево,
Is Unique,Уникальный,
Is Your Company Address,Является адресом вашей компании,
Item Label,Метка товара,
Item Type,Тип объекта,
JSON Request Body,Тело запроса JSON,
JavaScript,JavaScript,
JavaScript Format: frappe.query_reports['REPORTNAME'] = {},Формат JavaScript: frappe.query_reports ['REPORTNAME'] = {},
Javascript,Javascript,
Kanban,Канбан,
Kanban Board,Канбан-доска,
Kanban Board Column,Колонка канбан-доски,
Kanban Board Name,Наименование канбан-доски,
Keep track of all update feeds,Следите за всеми фидами обновлений,
Keeps track of all communications,Отслеживать все коммуникации,
Key,Ключ,
Keyboard Shortcuts,Горячие клавиши,
Knowledge Base Contributor,Пользователь базы знаний,
Knowledge Base Editor,Редактор базы знаний,
LDAP Email Field,LDAP Email Поле,
LDAP First Name Field,LDAP поле Имя,
LDAP Group,LDAP Group,
LDAP Group Field,Поле группы LDAP,
LDAP Group Mapping,LDAP Group Mapping,
LDAP Group Mappings,Отображения группы LDAP,
LDAP Last Name Field,Поле Фамилия LDAP,
LDAP Middle Name Field,Поле второго имени LDAP,
LDAP Mobile Field,LDAP мобильный,
LDAP Phone Field,LDAP телефон,
LDAP Search String,LDAP Строка поиска,
LDAP Security,LDAP Security,
LDAP Server Url,URL cервера LDAP,
LDAP Settings,Настройки LDAP,
LDAP User Creation and Mapping,Создание и сопоставление пользователей LDAP,
LDAP Username Field,LDAP Имя пользователя Поле,
Label,Метка,
Label Help,Метка Помощь,
Label and Type,Метка и Тип,
Landing Page,Страница входа,
Language,Язык,
Language Code,Языковой код,
Language Name,Название языка,
Last Active,Последнее посещение,
Last Backup On,Последнее резервное копирование включено,
Last Execution,Последнее исполнение,
Last IP,Последний IP,
Last Known Versions,Последние известные версии,
Last Login,Последний вход,
Last Month,Прошлый месяц,
Last Name,Фамилия,
Last Password Reset Date,Дата последнего сброса пароля,
Last Point Allocation Date,Дата последнего начисления баллов,
Last Quarter,Последняя четверть,
Last Sync On,Последняя синхронизация,
Last Synced On,Последняя синхронизация включена,
Last User,Последний пользователь,
Last Week,Прошлая неделя,
Last Year,Прошлый год,
Lead Conversion Time,Время конверсии Обращения,
Leaderboard,Доска почёта,
Leave blank to repeat always,"Оставьте пустым, чтобы повторять всегда",
Ledger,Регистр,
Left,Слева,
Legal,Легальный,
Length,Длина,
Letter,Письмо,
Letter Head,Печатный бланк,
Letter Head Based On,Заголовок письма на основе,
Letter Head Image,Изображение в заголовке письма,
Letter Head Name,Название заголовка письма,
Letter Head in HTML,Заголовок письма в HTML,
Level,Уровень,
Level Name,Название уровня,
License,Лицензия,
Light Color,Светлый цвет,
Like,Лайк,
Likes,Лайки,
Limit,Предел,
Limit Number of DB Backups,Ограничение количества резервных копий БД,
Line,Линия,
Link,Ссылка,
Link Cards,Карты ссылок,
Link DocType,Ссылка DocType,
Link Document Type,Тип документа ссылки,
Link Fieldname,Имя поля ссылки,
Link Name,Имя ссылки,
Link Title,Название ссылки,
Link To,Ссылка к,
Link to the page you want to open. Leave blank if you want to make it a group parent.,"Ссылка на страницу, которую вы хотите открыть. Оставьте пустым, если хотите сделать его родительским элементом группы.",
Linked,Связанный,
Linked Documents,Связанные документы,
Links,Связи,
List,Список,
List Filter,Фильтр списка,
List Settings,Настройки списка,
List View Settings,Настройки просмотра списка,
"List as [{""label"": _(""Jobs""), ""route"":""jobs""}]","Список как [{""Метка"": _(""Работы""), ""маршруты"":""работы""}]",
List of patches executed,Список выполненных патчей,
Load Balancing,Балансировка нагрузки,
Location,Местоположение,
Log,Запись в журнале,
Log Data,Данные журнала,
Log Setting User,Пользователь настройки журнала,
Log Settings,Настройки журнала,
Login,Войти,
Login After,Войти после,
Login Before,Войти до,
Login Required,Авторизация обязательна,
Logo Width,Ширина логотипа,
Logout,Выход,
Logout All Sessions on Password Reset,Выйти из всех сеансов при сбросе пароля,
Logout From All Devices After Changing Password,Выход из системы со всех устройств после изменения пароля,
Long Text,Длинный текст,
Low,Низкий,
Main Section,Основной раздел,
Main Section (HTML),Основной раздел (HTML),
Main Section (Markdown),Основной раздел (Markdown),
Maintenance Manager,Менеджер обслуживания,
Maintenance User,Сотрудник обслуживания,
"Make ""name"" searchable in Global Search","Индексировать ""name"" для глобального поиска",
Mandatory,Обязательный,
Mandatory Depends On,Обязателен - зависит от,
Map route parameters into form variables. Example <code>/project/&lt;name&gt;</code>,Сопоставьте параметры маршрута с переменными формы. Пример <code>/project/&lt;name&gt;</code>,
Markdown,Markdown,
Markdown Editor,Редактор Markdown,
Marked As Spam,Помеченные как спам,
Max 500 records at a time,Макс. 500 записей за один раз,
Max Attachment Size (in MB),Макс. размер вложения (в МБ),
Max Attachments,Макс. вложений,
Max Length,Макс. длина,
Max Value,Макс. значение,
Maximum,Максимум,
Maximum Number of Fields,Максимальное количество полей,
Maximum Points,Максимум баллов,
Medium,Средний,
Meeting,Встреча,
Mention,Упоминание,
Mentions,Упоминания,
Message,Сообщение,
Message (HTML),Сообщение (HTML),
Message (Markdown),Сообщение (Markdown),
Message Examples,Пример сообщения,
Message ID,Идентификатор сообщения,
Message Parameter,Параметры сообщения,
Message-id,ID сообщения,
Meta Description,Мета описание,
Meta Image,Мета-изображение,
Meta Tags,Мета-теги,
Meta Title,Мета-заголовок,
Method,Метод,
Middle Name,Второе имя,
Milestone,Этап,
Milestone Tracker,Трекер этапа,
Minimum,Минимум,
Minimum Password Score,Минимальный балл пароля,
Mobile No,Мобильный номер,
Module,Модуль,
Module Def,Модуль Def,
Module Name,Название модуля,
Module Onboarding,Подключение модуля,
Modules HTML,Модули HTML,
Monday,Понедельник,
Monospace,Моноширинный,
Monthly,Ежемесячно,
Monthly Long,Ежемесячно долго,
More Information,Больше информации,
More content for the bottom of the page.,Более контент для нижней части страницы.,
Multiplier Field,Поле множителя,
Must be a publicly accessible Google Sheets URL,Должен быть общедоступным URL-адресом Google Таблиц.,
"Must be of type ""Attach Image""","Должно быть типа """"Прикрепить изображение""""",
Mute Sounds,Отключить звуки,
My Profile,Мой профиль,
My Settings,Мои настройки,
MyISAM,MyISAM,
Name,Имя,
Naming,Название,
Naming Series,Идентификация по имени,
Navbar,Навигационна панель,
Navbar Item,Элемент навигационной панели,
Navbar Settings,Настройки навигационной панели,
Navbar Template,Шаблон навигационной панели,
Navbar Template Values,Значения шаблона навигационной панели,
New,Новый,
New Name,Новое имя,
New value to be set,Новое значение будет установлено,
Newsletter,Рассылка новостей,
Newsletter Email Group,Группа рассылки,
Newsletter Manager,Менеджер рассылки,
Next Action Email Template,Шаблон письма по следующим действиям,
Next Actions HTML,Следующие действия HTML,
Next Schedule Date,Следующая дата расписания,
Next State,Следующее состояние,
Next Sync Token,Следующий токен синхронизации,
No,Нет,
No Copy,Без копии,
No of Requested SMS,Кол-во запрошенных SMS,
No of Rows (Max 500),Кол-во строк (максимум 500),
No of Sent SMS,Кол-во отправленных SMS,
Non Negative,Не отрицательный,
None,Никто,
Not Sent,Не отправлено,
Note,Заметка,
Note Seen By,Примечание увиденных,
Note: By default emails for failed backups are sent.,Примечание. По умолчанию отправляются сообщения электронной почты о неудачных резервных копиях.,
"Note: For best results,  images must be of the same size and width must be greater than height.","Примечание. Для получения наилучших результатов изображения должны быть одинакового размера, а ширина должна быть больше высоты.",
Note: Multiple sessions will be allowed in case of mobile device,Примечание: Несколько сессий будет разрешено в случае мобильного устройства,
Notification,Уведомление,
Notification Log,Журнал уведомлений,
Notification Recipient,Получатель уведомлений,
Notification Settings,Настройки уведомлений,
Notification Subscribed Document,Уведомление о подписке документа,
Notifications,Уведомления,
Notifications and bulk mails will be sent from this outgoing server.,Уведомления и сыпучих почты будет отправлено от этого сервера исходящей почты.,
Notify Users On Every Login,Уведомлять пользователей о каждом входе в систему,
Notify by Email,Уведомить по электронной почте,
Notify by email,Уведомление по почте,
Notify if unreplied,Уведомить при отсутствии ответа,
Notify if unreplied for (in mins),Уведомить при отсутствии ответа в течении (в мин),
Notify users with a popup when they log in,"Сообщите пользователям всплывающего окна, когда они войти",
Number Card,Номер карты,
Number Card Link,Номер карты Ссылка,
Number Cards,Числовые карты,
Number Format,Формат числа,
Number of Backups,Количество резервных копий,
Number of DB Backups,Количество резервных копий БД,
Number of Groups,Количество групп,
Number of columns for a field in a Grid (Total Columns in a grid should be less than 11),Количество колонок для поля в сетке (Всего столбцов в сетке должно быть не менее 11),
Number of columns for a field in a List View or a Grid (Total Columns should be less than 11),Количество столбцов для поля в режиме Список или Таблица (общее количество столбцов должно быть меньше 11),
OAuth Authorization Code,Код авторизации OAuth,
OAuth Bearer Token,OAuth Bearer Токен,
OAuth Client,Клиент OAuth,
OAuth Client ID,Идентификатор клиента OAuth,
OAuth Provider Settings,Настройки провайдера OAuth,
OTP App,OTP-приложение,
OTP Issuer Name,Название эмитента OTP,
Off,Выключен,
Office,Офис,
Office 365,Офис 365,
Older backups will be automatically deleted,Более старые резервные копии будут автоматически удалены,
On Hold,На удерживании,
Onboarding Permission,Разрешение на подключение,
Onboarding Step,Начальный этап,
Onboarding Step Map,Карта этапов адаптации,
"Once submitted, submittable documents cannot be changed. They can only be Cancelled and Amended.",После отправки подписанные документы не могут быть изменены. Они могут быть только отменены и исправлены.,
Only Allow Edit For,Разрешено редактировать только,
Only Send Records Updated in Last X Hours,"Отправлять записи, обновленные за последние X часов",
Open,Открыт,
Open Documents,Открытые документы,
Open Reference Document,Открыть справочный документ,
Open URL in a New Tab,Открыть URL в новой вкладке,
Open a dialog with mandatory fields to create a new record quickly,"Откройте диалог с обязательными полями, чтобы быстро создать новую запись",
Opened,Открыть,
Operation,Операция,
Optional: Always send to these ids. Each Email Address on a new row,Дополнительно: Всегда рассылают по этим идентификаторам. Каждый адрес электронной почты в новой строке,
Optional: The alert will be sent if this expression is true,"Дополнительно: предупреждение будет отправлено, если это выражение истинно",
Options,Опции,
Options Help,Опции Помощь,
Orange,Оранжевый,
Order,Порядок,
Org History,Org История,
Org History Heading,Org История Заголовок,
Other,Другое,
Output,Вывод,
PDF Page Size,Размер PDF страницы,
PDF Settings,Настройки PDF,
Page,Страница,
Page Break,Разрыв страницы,
Page Builder,Конструктор страниц,
Page Building Blocks,Строительные блоки страницы,
Page HTML,Страница HTML,
Page Name,Имя страницы,
Page Settings,Настройки страницы,
Parameter,Параметр,
Parent Field (Tree),Родительское поле (дерево),
Parent Label,Родительская метка,
Partial Success,Выполнено не полностью,
Participants,Участники,
Passive,Пассивный,
Password,Пароль,
Password Reset Link Generation Limit,Предел создания ссылки для сброса пароля,
Password for Base DN,Пароль для Base DN,
Patch,Исправление,
Patch Log,Журнал исправлений,
Path,Путь,
Path to CA Certs File,Путь к CA Certs File,
Path to Server Certificate,Путь к сертификату сервера,
Path to private Key File,Путь к файлу закрытого ключа,
Pending,В ожидании,
Pending Approval,В ожидании утверждения,
Pending Verification,ожидает подтвержения,
Percent,Процент,
Percentage,Процент,
Period,Период,
Perm Level,Уровень разрешения,
Permanent,Постоянный,
Permission Level,Уровень доступа,
Permission Rules,Правило доступа,
Permissions,Разрешения,
Permitted Documents For User,Разрешенные документы для пользователя,
Personal,Личное,
Personal Data Deletion Request,Запрос на удаление персональных данных,
Personal Data Download Request,Запрос на скачивание личных данных,
Phone,Телефон,
Phone No.,Номер телефона,
Phone Number,Телефонный номер,
Pie,Пирог,
Pincode,PIN код,
Plant,Завод,
Point Allocation Periodicity,Периодичность распределения баллов,
Points,Баллы,
Port,Порт,
Portal Menu,Меню портала,
Portal Menu Item,Пункт меню портала,
Portal Settings,Настройки портала,
Position,Позиция,
Postal,Почтовый,
Postal Code,Почтовый индекс,
Precision,Точность,
Preferred Billing Address,Популярные Адрес для выставления счета,
Preferred Shipping Address,Популярные Адрес доставки,
Prefix,Префикс,
Prepared Report,Подготовленный отчет,
Prepared Report User,Подготовленный отчет Пользователь,
Preview,Просмотр,
Preview HTML,Предварительный HTML,
Preview Message,Предварительный просмотр сообщения,
Previous Hash,Предыдущий хэш,
Primary,Основной,
Primary Color,Основной цвет,
Print,Распечатать,
Print Format,Формат печати,
Print Format Builder,Конструктор бланков для печати,
Print Format Help,Помощь по печатным формам,
Print Format Type,Тип печатной формы,
Print Hide,Не печатать,
Print Hide If No Value,Не печатать если нет значения,
Print Server,Сервер печати,
Print Settings,Настройки печати,
Print Style,Стиль печати,
Print Style Name,Название стиля печати,
Print Style Preview,Предварительный просмотр стиля печати,
Print UOM after Quantity,Печать единиц измерения после количества,
Print Width,Ширина печати,
"Print Width of the field, if the field is a column in a table","Ширина поля при печати, если поле является столбцом в таблице",
Print taxes with zero amount,Печать налогов с нулевой суммой,
Print with letterhead,Печать с помощью фирменных бланков,
Printer Name,Имя принтера,
Printing,Печать,
Priority,Приоритет,
Private,Личные,
ProTip: Add <code>Reference: {{ reference_doctype }} {{ reference_name }}</code> to send document reference,ProTip: Добавить <code>Reference: {{ reference_doctype }} {{ reference_name }}</code> отправить справочный документ,
Property,Свойство,
Property Depends On,Свойства зависят от,
Property Setter,Сеттер недвижимости,
Property Setter overrides a standard DocType or Field property,Недвижимость сеттер отменяет стандартный DOCTYPE или свойств поля,
Property Type,Тип недвижимости,
Provider,Поставщик,
Provider Name,Имя поставщика,
Public,Публично,
Publish,Публиковать,
Published,Опубликовано,
Published On,Опубликовано на,
Pull from Google Calendar,Загрузить из календаря Google,
Pull from Google Contacts,Загрузить из контактов Google,
Pulled from Google Calendar,Загружено из календаря Google,
Pulled from Google Contacts,Загружено из контактов Google,
Purchase Manager,Менеджер поставок,
Purchase Master Manager,Руководитель поставок,
Purchase User,Специалист поставок,
Purple,Пурпурный,
Push to Google Calendar,Нажмите на Google календарь,
Push to Google Contacts,Нажмите на контакты Google,
Quarterly,Ежеквартально,
Query,Запрос,
Query / Script,Запрос / Скрипт,
Query Options,Параметры запроса,
Query Report,Отчёт-выборка,
Queued,В очереди,
Quick Entry,Быстрый доступ,
RAW Information Log,Необработанный информационный журнал,
Random,Случайный,
Rating,Рейтинг,
Raw Commands,Необработанные команды,
Raw Email,Необработанная почта,
Raw Printing,Необработанная печать,
Read,Читать,
Read Only,Только чтение,
Read Only Depends On,Только для чтения - зависит от,
Read Time,Время на чтение,
Read by Recipient,Прочитано получателем,
Read by Recipient On,Прочитано получателем вкл.,
Reason,Причина,
Received,Получено,
Receiver By Document Field,Получатель по полю документа,
Receiver By Role,Получатель по роли,
Receiver Parameter,Параметры получателя,
Recipient,Сторона-реципиент,
Recipient Unsubscribed,Получатель отменил подписку,
Recipients,Получатели,
Recorder,Регистратор,
Red,Красный,
Redirect URI Bound To Auth Code,"Перенаправление URI, связанного с Auth кодекса",
Redirect URIs,Перенаправление идентификаторы URI,
Redirect URL,Перенаправление URL,
Ref DocType,DocType ссылки,
Reference,Справка,
Reference Date,Ссылка Дата,
Reference DocName,Ссылка DocName,
Reference DocType,Ссылка DocType,
Reference Docname,Ссылка Docname,
Reference Doctype,Ссылка DocType,
Reference Document,Справочный документ,
Reference Document Name,Название ссылочного документа,
Reference Document Type,Ссылка Тип документа,
Reference Name,Имя ссылки,
Reference Owner,Владелец ссылки,
Reference Report,Справочный отчет,
Reference Type,Тип ссылки,
Reference name,Имя ссылки,
Referrer,Реферер,
Refresh Google Sheet,Обновить таблицу Google,
Refresh Token,Токен обновления,
Rejected,Отклоненные,
Relinked,Связать повторно,
Reload,Обновить страницу,
Remember Last Selected Value,Помнить последнее выбранное значение,
Reminder,Напоминание,
Repeat On,Повторите на,
Repeat Till,Повторите до,
Repeat on Day,Повторить в день,
Repeat on Last Day of the Month,Повторите в последний день месяца,
Repeat this Event,Повторить этот событие,
Replied,С ответом,
Reply,Ответить,
Report,Отчет,
Report Builder,Конструктор отчетов,
Report Column,Столбец отчета,
Report Description,Описание отчета,
Report Filter,Фильтр отчетов,
Report Filters,Фильтры отчетов,
Report Hide,Скрыть отчет,
Report Information,Информация об отчете,
Report Manager,Диспетчер отчетов,
Report Name,Название отчета,
Report Reference Doctype,Ссылка на отчет Doctype,
Report Type,Тип отчета,
Report an Issue,Сообщить об ошибке,
Reports,Отчеты,
Represents a User in the system.,Представляет пользователя в системе.,
Represents the states allowed in one document and role assigned to change the state.,"Показывает статусы документа, и роли с правами для их изменения.",
Request Data,Запросить данные,
Request Structure,Структура запроса,
Request URL,URL запроса,
Requested Numbers,Запрошенные номера,
Require Trusted Certificate,Требуется доверенный сертификат,
Reset Password Key,Сброс пароля ключ,
Response,Ответ,
Response Type,Ответ Тип,
Restored,Восстановлена,
Restrict IP,Ограничения IP,
Restrict To Domain,Ограничить доменом,
Restrict to Domain,Ограничить доступ к домену,
Restrict user from this IP address only. Multiple IP addresses can be added by separating with commas. Also accepts partial IP addresses like (111.111.111),"Разрешить пользователю только этот IP-адрес. Несколько IP-адресов могут быть добавлены через запятую. Принимает также частичные IP-адреса, например 111.111.111",
Retry,Повторить,
Reverse Icon Color,Обратный цвет значка,
Revert,Возврат,
Revert Of,Возвращенно из,
Reverted,Отменено,
Review,Обзор,
Review Level,Уровень обзора,
Review Levels,Уровни обзора,
Review Points,Баллы обзора,
Revoked,Аннулировано,
Rich Text,Форматированный текст,
Right,Справа,
Role,Роль,
Role Name,Название роли,
Role Permission for Page and Report,Разрешение роли для страницы и отчета,
Role Permissions,Разрешения роли,
Role Permissions Manager,Менеджер разрешений на роль,
Role Profile,Профиль ролей,
Role and Level,Роль и уровень,
Roles,Роли,
Roles Assigned,Роли назначены,
Roles HTML,Роли HTML,
Roles Html,Роли Html,
Round Robin,По-круговой,
Route,Маршрут,
Route History,История маршрута,
Route Redirects,Маршрутные перенаправления,
"Route: Example ""/desk""",Маршрут: пример &quot;/ desk&quot;,
Row Index,Индекс строк,
Row Name,Название строки,
Rows Added,Строки добавлены,
Rows Removed,Строки удалены,
Rule,Правило,
Rule Conditions,Условия правила,
Rule Name,Название правила,
Rules defining transition of state in the workflow.,"Правила, определяющие переход этапов в потоке.",
"Rules for how states are transitions, like next state and which role is allowed to change state etc.","Правила для перехода статусов, например, следующий статус и роль, которой доступна смена статуса и т.д.",
Rules with higher priority number will be applied first.,Сначала будут применяться правила с более высоким номером приоритета.,
Run Jobs only Daily if Inactive For (Days),"Запускать задания только ежедневно, если неактивен в течение (дней)",
Run scheduled jobs only if checked,"Запуск запланированных заданий, только если проверяются",
S3 Backup Settings,Настройки резервного копирования S3,
S3 Bucket Details,Детали хранилища S3,
SMS,SMS,
SMS Gateway URL,URL SMS-шлюза,
SMS Log,SMS-журнал,
SMS Parameter,Параметр SMS,
SMS Settings,Настройки SMS,
SMTP Settings for outgoing emails,Настройки SMTP для исходящих писем,
"SQL Conditions. Example: status=""Open""",SQL условия. Пример: статус = &quot;Открыть&quot;,
SSL/TLS Mode,Режим SSL/TLS,
Sales Manager,Менеджер продаж,
Sales Master Manager,Руководитель продаж,
Sales User,Продавец,
Salesforce,Salesforce,
Salutation,Обращение,
Sample,Образец,
Saturday,Суббота,
Save,Сохранить,
Scheduled,Запланированно,
Scheduled Job,Запланированная работа,
Scheduled Job Log,Журнал запланированных работ,
Scheduled Job Type,Запланированный тип работы,
Scheduled To Send,Планируется отправить,
Scheduler Event,Планировщик событий,
Scope,Объем,
Scopes,Области применения,
Script,Скрипт,
Script Manager,Диспетчер скриптов,
Script Report,Программируемый отчёт,
Script Type,Тип скрипта,
Script to attach to all web pages.,Сценарий для подключения к всех веб-страниц.,
Search Fields,Поиск полей,
Search Priorities,Приоритеты поиска,
Section,Раздел,
Section Break,Разделитель секций,
Security Settings,Настройки безопасности,
Seen,Посещение,
Seen By,Виденный,
Seen By Table,Увиденные таблице,
Select,Выбрать,
Select Dashboard,Выберите панель инструментов,
Select Date Range,Выберите диапазон дат,
Select DocType,Выберите тип документа,
Select Doctype,Выберите Doctype,
Select Transaction,Выберите операцию,
Select an image of approx width 150px with a transparent background for best results.,Выберите изображение шириной около 150px с прозрачным фоном для достижения наилучших результатов.,
Select the label after which you want to insert new field.,"Выберите метку, после чего Вы хотите вставить новое поле.",
Send After,Отправить после,
Send Alert On,Отправить оповещение о,
Send Email Alert,Отправлять оповещение по электронной почте,
Send Email Print Attachments as PDF (Recommended),Отправлять Email-вложения в формате PDF (рекомендуется),
Send Email for Successful Backup,Отправить письмо для успешного резервного копирования,
Send Email for Successful backup,Отправить письмо об успешном завершении резервного копирования,
Send Me A Copy of Outgoing Emails,Отправить мне копию исходящих писем,
Send Notification To,Отправить уведомление на,
Send Notification to,Отправить уведомление на,
Send Notifications For Documents Followed By Me,"Отправлять уведомления о документах, подписанных мной",
Send Notifications For Email Threads,Отправлять уведомления по электронной почте,
Send Notifications To,Отправлять уведомления,
Send Print as PDF,Отправить Печать в формате PDF,
Send System Notification,Отправить системное уведомление,
Send To All Assignees,Отправить всем уполномоченным,
Send Unsubscribe Link,Отправить ссылку отписки,
Send Welcome Email,Отправить приветственное письмо,
Send alert if date matches this field's value,"Отправить уведомление, если дата соответствует значению этого поля",
Send alert if this field's value changes,"Отправить уведомление, если изменяется значение этого поля",
Send an email reminder in the morning,Отправить утром напоминание по электронной почте,
Send days before or after the reference date,Отправить за несколько дней до или после отчетной даты,
Send enquiries to this email address,Отправить запросы на этот адрес электронной почты,
Send only if there is any data,"Отправить только если есть какие-либо данные,",
Send unsubscribe message in email,Отправить сообщение об отказе от подписки на электронную почту,
Sender,Отправитель,
Sender Email,Электронная почта отправителя,
Sender Name,Имя отправителя,
Sending,Отправка,
Sent,Отправлено,
Sent On,Отправлено на,
Sent Read Receipt,Отправлять уведомление о прочтении,
Sent To,Отправить,
Sent or Received,Отправлено или получено,
Sent/Received Email,Отправлено/Получено письмо,
Separator,Разделитель,
Sequence Id,Идентификатор последовательности,
Series List for this Transaction,Список Идентификаторов для этой транзакции,
Server Action,Действие сервера,
Server IP,IP-адрес сервера,
Server Script,Серверный скрипт,
Service,Услуга,
Session Default,Сессия по умолчанию,
Session Default Settings,Настройки сеанса по умолчанию,
Session Defaults,Сеансы по умолчанию,
Set Banner from Image,Установить баннер из изображения,
"Set Default Options for all charts on this Dashboard (Ex: ""colors"": [""#d1d8dd"", ""#ff5858""])","Установите параметры по умолчанию для всех диаграмм на этой панели инструментов (например: «colors»: [«# d1d8dd», «# ff5858»])",
Set New Password,Установить новый пароль,
Set Property After Alert,Задать свойство после оповещения,
Set Role For,Установить роль для,
Set Value,Установить значение,
Set non-standard precision for a Float or Currency field,Установите нестандартные точность для поплавка или валютной области,
Settings,Настройки,
Settings Dropdown,Раскрывающийся список настроек,
Settings for Contact Us Page,Настройки страницы контактов,
Settings for the About Us Page,Установки для страницы О нас,
Setup,Настройки,
Setup Complete,Завершение установки,
Setup Wizard,Мастер установки,
Share,Поделиться,
Shared,Общий,
Shipping,Доставка,
Shop,Магазин,
Short Name,Короткое имя,
Shortcuts,Ярлыки,
Show Attachments,Показать прикрепленные файлы,
Show Dashboard,Показать панель инструментов,
Show Document,Показать документ,
Show Failed Logs,Показать журнал ошибок,
Show Form Tour,Показать форму тура,
Show Full Error and Allow Reporting of Issues to the Developer,Показать полную ошибку и разрешить отправку отчетов разработчикам,
Show Full Form?,Показать полную форму?,
Show Line Breaks after Sections,Показать разрывы строк после разделов,
Show Percentage Stats,Показать статистику в процентах,
Show Preview Popup,Предварительный просмотр,
Show Report,Показать отчет,
Show Section Headings,Показать заголовки разделов,
Show Sidebar,Показать боковую панель,
Show Title,Показать Название,
Show as cc,Показать в кубических сантиметрах,
Show full form instead of a quick entry modal,Показать полную форму вместо модального окна быстрого ввода,
Show in Module Section,Показать в секции модулей,
Show in filter,Показать в фильтре,
Show percentage difference according to this time interval,Показать процентную разницу в соответствии с этим временным интервалом,
"Show title in browser window as ""Prefix - title""",Показать название в окне браузера как &quot;префикс - название&quot;,
Sidebar Items,Элементы боковой панели,
Sidebar Settings,Настройки боковой панели,
Sidebar and Comments,Боковая панель и комментарии,
Signature,Подпись,
"Simple Python Expression, Example: Status in (""Closed"", ""Cancelled"")","Простое выражение Python, пример: Status in (""Closed"", ""Cancelled"")",
"Simple Python Expression, Example: Status in (""Invalid"")","Простое выражение Python, пример: статус в («Неверный»)",
"Simple Python Expression, Example: status == 'Open' and type == 'Bug'","Простое выражение Python, пример: status == 'Open' and type == 'Bug'",
Simultaneous Sessions,Одновременные сеансы,
Single Types have only one record no tables associated. Values are stored in tabSingles,"Холост Типы нет только одна запись не таблицы, связанные. Значения сохраняются в tabSingles",
Skip Authorization,Пропустить авторизацию,
Slack Channel,Slack канал,
Slack Webhook URL,Неверный URL веб-хостинга,
Slideshow,Слайд-шоу,
Slideshow Items,Элементы слайд-шоу,
Slideshow Name,Название слайд-шоу,
Slideshow like display for the website,"Слайд-шоу, как дисплей для сайта",
Small Text,Маленьикий текст,
Smallest Currency Fraction Value,Минимальное дробное значение,
Smallest circulating fraction unit (coin). For e.g. 1 cent for USD and it should be entered as 0.01,"Минимальная разменная денежная единица (монета). Например, для доллара — 1 цент, и его нужно ввести как 0,01",
Social,Сообщество,
Social Link Settings,Настройки социальных ссылок,
Social Link Type,Тип социальной ссылки,
Social Login Key,Ключ социального входа,
Social Login Provider,Социальный провайдер,
Social Logins,Социальные логины,
Soft-Bounced,Софт-Возвращенные,
Sort Field,Сортировать поле,
Sort Order,Порядок сортировки,
Source,Источник,
Source Name,Имя источника,
Source Text,Исходный текст,
Spam,Спам,
Standard,Стандартный,
Standard Sidebar Menu,Стандартное боковое меню,
Start Date,Дата начала,
Start Date Field,Поле начальной даты,
Start Time,Время начала,
Started,Начал,
Starts on,Начало,
State,государственный,
State/Province,Штат / провинция,
States,Состояния,
Static Parameters,Статические параметры,
Stats,Статистика,
Stats Time Interval,Статистика Интервал времени,
Status,Статус,
Step,Шаг,
Steps,Шаги,
Stopped,Приостановлено,
Stores the JSON of last known versions of various installed apps. It is used to show release notes.,"Магазины JSON из последних известных версий различных установленных приложений. Он используется, чтобы показать примечания к выпуску.",
Style,Стиль,
Style Settings,Настройки стилей,
"Style represents the button color: Success - Green, Danger - Red, Inverse - Black, Primary - Dark Blue, Info - Light Blue, Warning - Orange","Стиль представляет цвет кнопки: Success - Green, Danger - Red, Inverse - Black, Primary - Dark Blue, Info - Light Blue, Warning - Orange",
Stylesheet,Таблица стилей,
"Sub-currency. For e.g. ""Cent""","Разменные единицы, например «цент»",
Sub-domain provided by erpnext.com,Суб-домен предоставляется erpnext.com,
Subdomain,Субдомен,
Subject,Тема,
Subject Field,Поле темы,
Submit,Утвердить,
Submit After Import,Отправить после импорта,
Submitted,Утвержден,
Subsidiary,Филиал,
Subtitle,Подзаголовок,
Success,Успешно,
Success Action,Успешное действие,
Success Message,Успех сообщение,
Success URL,Success URL,
Sum,Сумма,
Sunday,Воскресенье,
Symbol,Символ,
Sync,Синхронизация,
Sync with Google Calendar,Синхронизировать с календарем Google,
Sync with Google Contacts,Синхронизировать с контактами Google,
System,Система,
System Console,Системная консоль,
System Manager,Менеджер системы,
System Notification,Системное уведомление,
System Page,Страница системы,
System Settings,Настройки системы,
System managers are allowed by default,Системные менеджеры разрешены по умолчанию,
Table,Таблица,
Table Break,Таблица Break,
Table HTML,Таблица HTML,
Table MultiSelect,Таблица MultiSelect,
Tag,Тег,
Tag Link,Ссылка на тег,
Target,Цель,
Tax Category,Налоговая категория,
Team Members,Члены команды,
Team Members Heading,Члены команды Возглавлять,
Template,Шаблон,
Template Options,Параметры шаблона,
Template Warnings,Шаблон предупреждений,
Text,Текст,
Text Align,Выравнивание текста,
Text Color,Цвет текста,
Text Content,Содержимое текста,
Text Editor,Редактор текста,
The name that will appear in Google Calendar,"Имя, которое появится в Календаре Google",
The user from this field will be rewarded points,Пользователь из этого поля будет вознагражден баллами,
The webhook will be triggered if this expression is true,"Веб-крючок будет запущен, если это выражение верно",
Theme,Тема,
Theme Configuration,Конфигурация темы,
Theme URL,URL темы,
These values will be automatically updated in transactions and also will be useful to restrict permissions for this user on transactions containing these values.,"Эти значения будут автоматически обновляться в сделках, а также будет полезна для ограничения разрешений для этого пользователя по операциям, содержащих эти значения.",
Third Party Authentication,Сторонняя аутентификация,
This card will be available to all Users if this is set,"Эта карта будет доступна всем пользователям, если она установлена.",
This chart will be available to all Users if this is set,"Эта диаграмма будет доступна всем пользователям, если это установлено.",
This format is used if country specific format is not found,"Этот формат используется, когда формат конкретной страна не найден",
This goes above the slideshow.,Это идет над слайд-шоу.,
This is an example Google SERP Preview.,Это пример предварительного просмотра Google SERP.,
This is the number of the last created transaction with this prefix,Это число последнего созданного сделки с этим префиксом,
This will be shown in a modal after routing,Это будет показано в модальном окне после маршрутизации.,
This will be shown to the user in a dialog after routing to the report,Это будет показано пользователю в диалоговом окне после перехода к отчету.,
Thumbnail URL,Миниатюра URL,
Thursday,Четверг,
Time,Время,
Time Format,Формат времени,
Time Interval,Интервал времени,
Time Series,Временные ряды,
Time Series Based On,Временные ряды на основе,
Time Zone,Часовой пояс,
Time Zones,Часовые пояса,
Time format,Формат времени,
Time in seconds to retain QR code image on server. Min:<strong>240</strong>,"Время в секундах, чтобы сохранить изображение QR-кода на сервере. Мин.: <strong>240</strong>",
Timeline,Хронология,
Timeline DocType,Хронология DocType,
Timeline Field,Хронология поля,
Timeline Links,Хронология ссылок,
Timeline Name,Хронология имени,
Timeseries,Временные ряды,
Timespan,Промежуток времени,
Timestamp,Временная отметка,
Title,Заголовок,
Title Field,Название поля,
Title Prefix,Название приставки,
To,К,
To Date,До,
To Date Field,Поле даты,
To and CC,Получатели,
"To use Slack Channel, add a <a href=""#List/Slack%20Webhook%20URL/List"">Slack Webhook URL</a>.","Чтобы использовать Slack Channel, добавьте <a href=""#List/Slack%20Webhook%20URL/List"">URL-адрес Slack Webhook</a> .",
ToDo,Список задач,
Toggle Full Width,Переключить ширину,
Toggle Theme,Переключить тему,
Token,Токен,
Top,Верх,
Top Bar Item,Пункт верхнего меню,
Top Bar Items,Пункты верхнего меню,
Topic,Тема,
Total Subscribers,Всего Подписчики,
Total number of emails to sync in initial sync process ,Общее количество писем для синхронизации в начальном процессе синхронизации,
Traceback,Диагностика,
Track Changes,Трекер изменений,
Track Email Status,Статус трекера электронной почты,
Track Field,Трекер поля,
Track Seen,Трекер посещение,
Track Views,Трекер просмотров,
Track milestones for any document,Отслеживайте этапы для любого документа,
Transaction Hash,Сделка транзакций,
Transaction Log,Журнал транзакций,
Transaction Log Report,Отчет о транзакционном журнале,
Transition Rules,Переходные правила,
Transitions,Переходы,
Translatable,Переводимый,
Translated Text,Переведенный текст,
Translation,Перевод,
Trash,Мусор,
Tree,Дерево,
Tree structures are implemented using Nested Set,Древовидные структуры реализованы с использованием Nested Set,
Trigger Method,Метод триггера,
"Trigger on valid methods like ""before_insert"", ""after_update"", etc (will depend on the DocType selected)","Запуск по уважительным методы, такие как &quot;before_insert&quot;, &quot;after_update&quot;, и т.д. (будет зависеть от выбранного DocType)",
Tuesday,Вторник,
Two Factor Authentication,Двухфакторная аутентификация,
Two Factor Authentication method,Двухфакторный метод проверки подлинности,
Type,Тип,
UID,UID,
UIDNEXT,UIDNEXT,
UIDVALIDITY,UIDVALIDITY,
UNSEEN,НЕПРОЧИТАННЫЕ,
URL,URL,
URL for documentation or help,URL для документации или помощи,
URL to go to on clicking the slideshow image,URL-адрес для перехода при нажатии на изображение слайд-шоу,
Unassign Condition,Отменить условие,
Unhandled Email,Необработанная электронная почта,
Unique,Уникальный,
Unread,Не прочитано,
Unread Notification Sent,Не читать уведомления об отправке,
Unshared,Неразделенный,
Unsubscribe Method,Метод отписки,
Unsubscribe Param,Отказаться от Param,
Unsubscribed,Отписался,
Update,Обновить,
Update Existing Records,Обновить существующие записи,
Update Field,Обновляемое поле,
Update Series Number,Обновить серийный номер,
Update Settings,Обновить настройки,
Update Value,Обновляемое значение,
Updated,Обновлено,
Uploaded To Dropbox,Загружено в Dropbox,
Uploaded To Google Drive,Загружено на Google Диск,
Use % for any non empty value.,Используйте% для любого непустого значения.,
Use ASCII encoding for password,Использовать кодировку ASCII для пароля,
Use IMAP,Использование IMAP,
Use POST,Использовать POST,
Use Report Chart,Использовать диаграмму отчета,
Use SSL,Использовать SSL,
Use TLS,Использовать TLS,
Use this fieldname to generate title,Используйте этот имя_поля генерировать название,
User,Пользователь,
User ,Пользователь,
User Agent,Пользовательский агент,
User Cannot Create,Пользователь не может создавать,
User Cannot Search,Пользователь не может искать,
User Defaults,По умолчанию пользователя,
User Details,Детали пользователя,
User Email,Электронная почта пользователя,
User Emails,Письма пользователя,
User Field,Поле пользователя,
User Forum,Форум пользователей,
User ID,ID пользователя,
User ID Property,Свойство ID пользователя,
User ID of a Blogger,ID пользователя-блоггера,
User Id,ID пользователя,
User Image,Изображение пользователя,
User Name,Имя пользователя,
User Permission,Разрешения пользователя,
User Profile,Профиль пользователя,
User Social Login,Пользовательский социальный вход,
User Tags,Метки пользователя,
User Type,Тип пользователя,
User can login using Email id or Mobile number,"Пользователь может войти в систему, используя идентификатор электронной почты или номер мобильного телефона",
User can login using Email id or User Name,Пользователь может войти в систему с использованием Email-идентификатора или имени пользователя,
User must always select,Пользователь всегда должен выбирать,
Username,Имя пользователя,
Users,Пользователи,
Users assigned to the reference document will get points.,"Пользователи, назначенные для справочного документа, получат баллы.",
Valid,Действительный,
Validate Field,Проверить поле,
Validity,Период действия,
Value,Значение,
Value Based On,Значение на основе,
Value Change,Стоимость Изменение,
Value Changed,Значение изменено,
Value To Be Set,"Значение, которое должно быть установлено",
Value from this field will be set as the due date in the ToDo,Значение из этого поля будет установлено как срок выполнения в ToDo,
Value to Validate,Значение для проверки,
Verified,Проверенный,
Version,Версия,
Video URL,URL видео,
View,Посмотреть,
View Log,Посмотреть журнал,
View Properties (via Customize Form),Просмотр свойств (через Настроить форме),
View Report,Посмотреть отчет,
View Settings,Просмотр параметров,
View Website,Посмотреть сайт,
Viewed By,Просмотрено,
Visit,Посетите нас по адресу,
Warehouse,Склад,
Warning,Предупреждение,
Watch Video,Смотреть видео,
Web Form,Веб форма,
Web Form Field,Поле веб формы,
Web Form Fields,Поля веб формы,
Web Page,Веб-страница,
Web Page Block,Блок веб-страницы,
Web Page View,Просмотр веб-страницы,
Web Template,Веб-шаблон,
Web Template Field,Поле веб-шаблона,
Web Template Values,Ценности веб-шаблонов,
Web View,Web View,
Webhook,Webhook,
Webhook Data,Данные Webhook,
Webhook Header,Заголовок Webhook,
Webhook Headers,Заголовки Webhook,
Webhook Request,Запрос на оповещения,
Webhook Secret,Webhook Secret,
Webhook Security,Безопасность Webhook,
Webhook Trigger,Webhook Trigger,
Webhook URL,URL веб-ссылки,
Website,Сайт,
Website Analytics,Веб-аналитика,
Website Manager,Менеджер сайта,
Website Meta Tag,Метатег веб-сайта,
Website Route Meta,Сайт Маршрут Мета,
Website Route Redirect,Перенаправление маршрута веб-сайта,
Website Script,Сайт скрипта,
Website Settings,Настройки сайта,
Website Sidebar,Боковая панель Веб-сайт,
Website Sidebar Item,Сайт Sidebar товара,
Website Slideshow,Сайт Слайд-шоу,
Website Slideshow Item,Сайт Слайд-шоу Пункт,
Website Theme,Тема сайта,
Website Theme Ignore App,Приложение &quot;Игнорировать тему веб-сайта&quot;,
Website Theme Image,Изображение темы сайта,
Website Theme Image Link,Ссылка на изображение темы сайта,
Wednesday,Среда,
Weekdays,Будни,
Weekly,Еженедельно,
Weekly Long,Еженедельно Лонг,
Welcome Email Template,Шаблон приветственного письма,
"When enabled this will allow guests to upload files to your application, You can enable this if you wish to collect files from user without having them to log in, for example in job applications web form.","Когда эта опция включена, это позволит гостям загружать файлы в ваше приложение. Вы можете включить эту функцию, если хотите собирать файлы у пользователя без необходимости входа в него, например, в веб-форме рабочих приложений.",
Which view of the associated DocType should this shortcut take you to?,К какому виду связанного DocType следует перейти по этому ярлыку?,
Width,Ширина,
Wildcard Filter,Фильтр подстановочных знаков,
"Will add ""%"" before and after the query",Добавит &quot;%&quot; до и после запроса,
Will be used in url (usually first name).,Будет использоваться в URL (обычно имя).,
Will run scheduled jobs only once a day for inactive sites. Default 4 days if set to 0.,"Запланированные задания будут запускаться только один раз в день для неактивных сайтов. По умолчанию 4 дня, если установлено значение 0.",
Workflow,Рабочий процесс,
Workflow Action,Действия рабочего процесса,
Workflow Action Master,Мастер действий рабочего процесса,
Workflow Action Name,Название действия рабочего процесса,
Workflow Action is not created for optional states,Действие рабочего процесса не создано для необязательных состояний,
Workflow Document State,Состояние документа рабочего процесса,
Workflow Name,Название рабочего процесса,
Workflow State,Состояние рабочего процесса,
Workflow State Field,Состояние поля рабочего процесса,
Workflow Transition,Переход рабочего процесса,
Workflow state represents the current state of a document.,Состояние рабочего процесса представлено текущим состоянием документа.,
Write,Написать,
X Field,Поле X,
Y Axis,Ось Y,
Y Field,Поле Y,
Yandex.Mail,Яндекс.Почта,
Year,Год,
Yearly,Ежегодно,
Yellow,Жёлтый,
Yes,Да,
Your organization name and address for the email footer.,Название вашей организации и адрес для нижнего колонтитула электронной почты,
Zero means send records updated at anytime,При нуле обновленные записи отправляются в любое время,
adjust,настроить,
after_insert,после_вставки,
align-center,выровнять-по-центру,
align-justify,выровнять-по-ширине,
align-left,выровнять-по-левой-стороне,
align-right,выровнять-по-правой-стороне,
arrow-down,стрелка-вниз,
arrow-left,стрелка-налево,
arrow-right,стрелка-направо,
arrow-up,стрелка-вверх,
asterisk,звёздочка,
backward,назад,
ban-circle,бан-кружок,
barcode,штрих-код,
bell,колокольчик,
blue,синий,
bold,жирный,
book,книга,
bookmark,закладка,
briefcase,портфель,
bullhorn,рупор,
calendar,календарь,
camera,Камера,
certificate,сертификат,
check,проверить,
chevron-down,шеврон-вниз,
chevron-left,шеврон-влево,
chevron-right,шеврон-право,
chevron-up,шеврон-вверх,
circle-arrow-down,круг-со-стрелкой-вниз,
circle-arrow-left,круг-со-стрелкой-налево,
circle-arrow-right,круг-со-стрелкой-направо,
circle-arrow-up,круг-со-стрелкой-вверх,
cog,зубец,
comment,комментарий,
darkgrey,темно-серый,
dd-mm-yyyy,дд-мм-гггг,
dd.mm.yyyy,дд.мм.гггг,
dd/mm/yyyy,дд/мм/гггг,
download,скачать,
download-alt,скачать-альт,
"e.g. ""Support"", ""Sales"", ""Jerry Yang""","например ""Поддержка"",""Продажи"",""Джерри Янг""",
e.g. pop.gmail.com / imap.gmail.com,например pop.gmail.com / imap.gmail.com,
e.g. replies@yourcomany.com. All replies will come to this inbox.,например replies@yourcomany.com. Все ответы будут приходить на этот почтовый ящик.,
e.g. smtp.gmail.com,например smtp.gmail.com,
edit,Редактировать,
eject,выбрасывать,
email,Эл. адрес,
envelope,конверт,
exclamation-sign,восклицательный знак-,
eye-close,глаз близко,
eye-open,глаз открыт,
facebook,facebook,
facetime-video,FaceTime-видео,
fairlogin,fairlogin,
fast-backward,быстро назад,
fast-forward,быстрой перемотки вперед,
file,файл,
film,пленка,
filter,фильтр,
fire,огонь,
flag,помечать,
folder-close,папка-закрыть,
folder-open,папка-открыть,
font,шрифт,
forward,дальше,
fullscreen,полноэкранный,
gift,подарок,
glass,стекло,
globe,глобус,
green,зеленый,
hand-down,рука-вниз,
hand-left,рука-влево,
hand-right,рука-вправо,
hand-up,рука-вверх,
headphones,наушники,
heart,сердце,
home,дом,
icon,иконка,
in minutes,в минутах,
inbox,входящие,
indent-left,отступ левого,
indent-right,отступ правом,
info-sign,Информация-знак,
italic,italic,
leaf,лист,
link,ссылка,
linkedin,linkedin,
list,список,
list-alt,Список-альт,
lock,запирать,
magnet,магнит,
map-marker,Карта-маркер,
minus,минус,
minus-sign,минус-знак,
mm-dd-yyyy,мм-дд-гггг,
mm/dd/yyyy,мм/дд/гггг,
module,модуль,
move,переместить,
music,музыка,
no failed attempts,нет неудачных попыток,
off,выкл,
ok,ok,
ok-circle,ok-circle,
ok-sign,в порядке-знак,
old_parent,old_parent,
on_cancel,on_cancel,
on_change,по изменению,
on_submit,on_submit,
on_trash,on_trash,
on_update,on_update,
on_update_after_submit,on_update_after_submit,
orange,оранжевый,
page,страница,
pause,Пауза,
pencil,карандаш,
picture,картинка,
plane,самолет,
play,играть,
play-circle,играть-круг,
plus,плюс,
plus-sign,знак плюс,
print,печать,
purple,пурпурный,
qrcode,QR-код,
query-report,запрос-отчет,
question-sign,Вопрос-знак,
random,случайный,
red,красный,
refresh,обновление,
remove,удалить,
remove-circle,удалить-круг,
remove-sign,удалить-знак,
repeat,повторение,
resize-full,изменить размер-полный,
resize-horizontal,изменить размер горизонтальной,
resize-small,изменить размер-маленький,
resize-vertical,изменить размер вертикального,
response,отклик,
retweet,ретвит,
road,путь,
screenshot,Скриншот,
search,поиск,
share,Поделиться,
share-alt,Доля-альт,
shopping-cart,корзина,
signal,сигнал,
star,звезда,
star-empty,звезды пусто,
step-backward,шаг назад,
step-forward,шаг вперед,
stop,стоп,
tag,тэг,
tags,теги,
tasks,задачи,
text-height,Текст-высота,
text-width,Текст ширины,
th,й,
th-large,й по величине,
th-list,го-лист,
thumbs-down,несогласие,
thumbs-up,палец вверх,
time,время,
tint,оттенок,
trash,мусор,
twitter,twitter,
upload,загрузить,
user,пользователь,
volume-down,Объем вниз,
volume-off,Объем-офф,
volume-up,Объем-до,
warning-sign,знак-предупреждения,
wrench,гаечный ключ,
yellow,желтый,
yyyy-mm-dd,гггг-мм-дд,
zoom-in,приблизить,
zoom-out,отдалить,
