"""Company History""",&quot;සමාගම ඉතිහාසය&quot;,
"""Team Members"" or ""Management""",&quot;කණ්ඩායම මන්ත්රීවරුන්&quot; හෝ &quot;කළමනාකරණය&quot;,
&lt;head&gt; HTML,&lt;Head&gt; HTML,
**Currency** Master,** ව්යවහාර මුදල් ** මාස්ටර්,
0 - Draft; 1 - Submitted; 2 - Cancelled,0 - කෙටුම්පත්; 1 - ඉදිරිපත්; 2 - අහෝසි,
0 is highest,0 ඉහළම,
A list of resources which the Client App will have access to after the user allows it.<br> e.g. project,පරිශීලක ඉඩ සලසන පසු සේවාලාභියා යෙදුම හැකියාව ලැබේ වන සම්පත් පිළිබඳ ලැයිස්තුවක්. <br> උදා: ව්යාපෘතිය,
A symbol for this currency. For e.g. $,මෙම මුදල් සඳහා සංකේතය. උදා: $ සඳහා,
A4,A4 ප්රමාණයේ,
ALL,සියලු,
API,API,
API Access,API ප්‍රවේශය,
API Endpoint,API අවසානය,
API Endpoint Args,API Endpoint Args,
API Key,API යතුර,
API Method,API ක්‍රමය,
API Secret,API රහස්,
ASC,ආරෝ,
About Us Settings,අප ගැන සැකසුම්,
About Us Team Member,අප ගැන කණ්ඩායම් සාමාජික,
Access Key ID,මූලික ID ප්රවේශය,
Access Key Secret,යතුරු රහස වෙත ප්‍රවේශ වන්න,
Access Log,ප්‍රවේශ ලොගය,
Access Token,ටෝකනය,
Access Token URL,ටෝකන URL වෙත ප්රවේශ වන්න,
Account,ගිණුම,
Accounts Manager,ගිණුම් කළමනාකරු,
Accounts User,ගිණුම් පරිශීලක,
Action,කටයුතු,
Action / Route,ක්‍රියාව / මාර්ගය,
Action Timeout (Seconds),ක්රියාකාරී කාල සීමාව (තත්පර),
Action Type,ක්‍රියා වර්ගය,
Actions,ක්රියා,
Active,ක්රියාකාරී,
Active Domains,ක්රියාකාරී වසම්,
Activity Log,ක්රියාකාරකම් ලොග්,
Add Container,බහාලුම් එක් කරන්න,
Add Custom Tags,අභිරුචි ටැග් එක් කරන්න,
Add Gray Background,අළු පසුබිම එක් කරන්න,
Add Signature,අත්සන එකතු කරන්න,
Add Total Row,මුළු ෙරෝ එකතු කරන්න,
Add Unsubscribe Link,"වනවාද, ලින්ක් එකතු කරන්න",
"Added HTML in the &lt;head&gt; section of the web page, primarily used for website verification and SEO",මූලික වශයෙන් වෙබ් අඩවිය සත්යාපනය හා SEO සඳහා භාවිතා කරන වෙබ් පිටුවේ &lt;head&gt; කොටස තුල එකතු HTML,
Additional Permissions,අතිරේක අවසර,
Address,ලිපිනය,
Address And Contacts,ලිපිනය සහ සම්බන්ධතා,
Address Line 1,ලිපින පේළි 1,
Address Line 2,ලිපින පේළිය 2,
Address Template,ලිපිනය සැකිල්ල,
Address Title,ලිපිනය හිමිකම්,
Address Type,ලිපිනය වර්ගය,
Address and other legal information you may want to put in the footer.,ලිපිනය සහ ඔබ පාදකය ක්රියාත්මක කිරීමට අවශ්ය විය හැක අනෙකුත් නීතිමය තොරතුරු.,
Addresses And Contacts,ලිපින හා සම්බන්ධතා,
Adds a custom field to a DocType,එය DocType කිරීමට රිසිකළ ක්ෂේත්රය තවදුරටත්,
Administrator,පරිපාලක,
Advanced,උසස්,
Advanced Control,උසස් පාලනය,
Advanced Settings,උසස් සැකසුම්,
After Cancel,අවලංගු කිරීමෙන් පසු,
After Delete,මකා දැමීමෙන් පසු,
After Save,සුරකින්න පසු,
After Save (Submitted Document),සුරැකීමෙන් පසු (ඉදිරිපත් කළ ලේඛනය),
After Submit,ඉදිරිපත් කිරීමෙන් පසු,
Aggregate Function Based On,සමස්ත ක්‍රියාකාරිත්වය මත පදනම්ව,
Alert,ඇඟවීම,
Align Labels to the Right,ලේබලයේ දකුණු පස ඇලවීම,
Align Right,දකුණට පෙළගස්වන්න,
All,සෑම,
All Day,සියලු දිනය,
Allocated To,කිරීම සඳහා වෙන්,
Allot Points To Assigned Users,පවරා ඇති පරිශීලකයින්ට ලකුණු ලබා දෙන්න,
Allow,ඉඩ දෙන්න,
Allow Auto Repeat,ස්වයංක්‍රීයව නැවත කිරීමට ඉඩ දෙන්න,
Allow Bulk Edit,තොග සංස්කරණය කරන්න ඉඩ දෙන්න,
Allow Comments,අදහස් ඉඩ දෙන්න,
Allow Consecutive Login Attempts ,අනුගාමී පිවිසුම් අත්හදා බලන්න,
Allow Delete,මකන්න ඉඩ දෙන්න,
Allow Dropbox Access,නාමාවලි එකක් ප්රවේශ ඉඩ දෙන්න,
Allow Guest,අමුත්තන්ට ඉඩ දෙන්න,
Allow Guest to View,අමුත්තා බලන්න ඉඩ දෙන්න,
Allow Guests to Upload Files,ලිපිගොනු උඩුගත කිරීමට අමුත්තන්ට ඉඩ දෙන්න,
Allow Import (via Data Import Tool),ආනයන (දත්ත ආයාත මෙවලම හරහා) ඉඩ,
Allow Incomplete Forms,අසම්පූර්ණ ආකෘති පත්ර ඉඩ දෙන්න,
Allow Login After Fail,අසාර්ථක වීමෙන් පසු අවසර දෙන්න,
Allow Login using Mobile Number,ලොගින් වන්න ජංගම දුරකතන අංකය භාවිතා ඉඩ,
Allow Login using User Name,පරිශීලක නම භාවිතා කිරීමෙන් ලොග් වීමට ඉඩ දෙන්න,
Allow Modules,මොඩියුල වලට ඉඩ දෙන්න,
Allow Print,මුද්රණය ඉඩ දෙන්න,
Allow Print for Cancelled,අහෝසි කිරීම සඳහා මුද්රණය ඉඩ දෙන්න,
Allow Print for Draft,කෙටුම්පත් සඳහා මුද්රණය ඉඩ දෙන්න,
Allow Read On All Link Options,සියලු සබැඳි විකල්ප කියවීමට ඉඩ දෙන්න,
Allow Rename,ප්රතිනම්කෙරුම් ඉඩ දෙන්න,
Allow Roles,භූමිකා ඉඩ,
Allow Self Approval,ස්වයං අනුමැතිය සඳහා ඉඩ දෙන්න,
Allow approval for creator of the document,ලේඛනයේ නිර්මාතෘට අනුමැතිය ලබා දෙන්න,
Allow document creation via Email,විද්‍යුත් තැපෑල හරහා ලේඛන නිර්මාණය කිරීමට ඉඩ දෙන්න,
Allow events in timeline,ඉරිදා සිදුවීම් වලට ඉඩ දෙන්න,
Allow in Quick Entry,ඉක්මන් පිවිසුමට ඉඩ දෙන්න,
Allow on Submit,ඉදිරිපත් මත ඉඩ දෙන්න,
Allow only one session per user,පරිශීලකයෙකුට එක් සැසි ඉඩ දෙන්න,
Allow page break inside tables,වගු ඇතුල් පිටුවට විවේකයක් ඉඩ,
Allow saving if mandatory fields are not filled,අනිවාර්ය ක්ෂේත්ර පුරවා නොමැති නම් ඉතිරි ඉඩ දෙන්න,
Allow user to login only after this hour (0-24),පරිශීලක පමණක් මෙම පැයට පසු ගිණුමට ප්රවිෂ්ට වීමට ඉඩ (0-24),
Allow user to login only before this hour (0-24),පරිශීලක පමණක් මෙම පැයකට පෙර ගිණුමට ප්රවිෂ්ට වීමට ඉඩ (0-24),
Allowed,අවසර,
Allowed In Mentions,සඳහන් කිරීමට අවසර ඇත,
"Always add ""Draft"" Heading for printing draft documents",සෑම විටම මුද්රණය කෙටුම්පත ලේඛන සඳහා ගමන් &quot;කෙටුම්පත්&quot; එකතු,
Amend,සංශෝධනය,
Amended From,සංශෝධිත වන සිට,
An icon file with .ico extension. Should be 16 x 16 px. Generated using a favicon generator. [favicon-generator.org],.ico දීර්ඝ සමග අයිකනය ගොනුව. 16 x 16 px විය යුතුය. එය favicon උත්පාදක භාවිතයෙන්. [Favicon-generator.org],
Analytics,විශ්ලේෂණ,
Annual,වාර්ෂික,
Anonymous,නිර්නාමික,
Any string-based printer languages can be used. Writing raw commands requires knowledge of the printer's native language provided by the printer manufacturer. Please refer to the developer manual provided by the printer manufacturer on how to write their native commands. These commands are rendered on the server side using the Jinja Templating Language.,ඕනෑම නූල් මත පදනම් වූ මුද්‍රණ භාෂා භාවිතා කළ හැකිය. අමු විධාන ලිවීමට මුද්‍රණ නිෂ්පාදකයා විසින් සපයනු ලබන මුද්‍රණ යන්ත්‍රයේ මව් භාෂාව පිළිබඳ දැනුමක් අවශ්‍ය වේ. කරුණාකර මුද්‍රණ නිෂ්පාදකයා විසින් ස්වදේශීය විධාන ලිවිය යුතු ආකාරය පිළිබඳ සංවර්ධක අත්පොත වෙත යොමු වන්න. මෙම විධානයන් සේවාදායකයේ ජින්ජා ආකෘති භාෂාව භාවිතා කරයි.,
App,යෙදුම,
App Access Key,යෙදුම ප්රවේශ යතුර,
App Client ID,යෙදුම සේවාලාභී ID,
App Client Secret,යෙදුම සේවාදායක රහස,
App Name,යෙදුම නම,
App Secret Key,යෙදුම රහස් යතුර,
Append Emails to Sent Folder,යවන ලද ෆෝල්ඩරයට ඊමේල් එකතු කරන්න,
Append To,කිරීම සඳහා එකතු,
Applicable For,සඳහා අදාළ,
Application Logo,යෙදුම් ලාංඡනය,
Application Name,අයදුම්පත්රයේ නම,
Application Version,යෙදුම් අනුවාදය,
Applied On,යෙදී ඇත,
Apply Document Permissions,ලේඛන අවසර අයදුම් කරන්න,
Apply Only Once,එක් වරක් පමණක් අයදුම් කරන්න,
Apply Strict User Permissions,දැඩි පරිශීලක අවසර අදාළ,
Apply To All Document Types,සියලුම ලේඛන වර්ග වලට අයදුම් කරන්න,
Apply this rule if the User is the Owner,පරිශීලක අයිතිකරු නම් මෙම නීතිය අදාළ,
Apply this rule only once per document,මෙම රීතිය එක් ලේඛනයකට එක් වරක් පමණක් යොදන්න,
Appreciation,අගය කිරීම,
Archived,සංරක්ෂණය,
Arial,Arial,
Assign Condition,කොන්දේසිය පවරන්න,
Assign To Users,පරිශීලකයින්ට පවරන්න,
Assigned,පවරා,
Assigned By,විසින් පවරනු,
Assigned By Full Name,සම්පූර්ණ නම වන විට පවරා,
Assignment,පැවරුම,
Assignment Completed,පැවරුම සම්පූර්ණ,
Assignment Days,පැවරුම් දින,
Assignment Rule,පැවරුම් රීතිය,
Assignment Rule Day,පැවරුම් රීති දිනය,
Assignment Rule User,පැවරුම් රීති පරිශීලකයා,
Assignment Rules,පැවරුම් රීති,
Assignments,පැවරුම්,
Attach,අමුණන්න,
Attach Image,රූප අමුණන්න,
Attach Print,මුද්රණය අමුණන්න,
Attached File,ඇමිණු ලිපිගොනුව,
Attached To DocType,DocType අනුයුක්ත,
Attached To Field,ක්ෂේත්රයට අමුණා ඇත,
Attached To Name,නම අනුයුක්ත,
Attachment,ඇමුණුම්,
Attachment Limit (MB),ඇමුණුම් සීමාව (MB),
Attachment Link,ඇමුණුම් සබැඳිය,
Attachment Removed,ඇමුණුම් ඉවත්,
Attachments,ඇමුණුම්,
Auth URL Data,අනූ URL දත්ත,
Authentication,සත්යාපන,
Author,කර්තෘ,
Authorization Code,බලය පැවරීමේ කේතය,
Authorize API Indexing  Access,API සුචිගත කිරීමේ ප්‍රවේශය අනුමත කරන්න,
Authorize Google Calendar Access,Google දින දර්ශන ප්‍රවේශය අනුමත කරන්න,
Authorize Google Contacts Access,ගූගල් සම්බන්ධතා ප්‍රවේශයට අවසර දෙන්න,
Authorize Google Drive Access,ගූගල් ඩ්‍රයිව් ප්‍රවේශයට අවසර දෙන්න,
Authorize URL,අවසර දෙන්න,
Authorized,බලයලත්,
Auto,වාහන,
Auto Email Report,වාහන විද්යුත් වාර්තාව,
Auto Name,වාහන නම,
Auto Repeat,මෝටර් රථය නැවත නැවතත්,
Auto Reply Message,වාහන ඊ-මේල් මගින් පිලිතුරු දෙන්න පණිවුඩය,
Automatically Assign Documents to Users,පරිශීලකයින්ට ලේඛන ස්වයංක්‍රීයව පවරන්න,
Automation,ස්වයංක්‍රීයකරණය,
Avatar,අවතාර්,
Average,සාමාන්‍යය,
Awaiting Password,මුරපදය බලාපොරොත්තුවෙන්,
Awaiting password,මුරපදය තෙක් බලා,
BCC,බීසීඩී,
Background Color,පසුබිම් වර්ණය,
Background Workers,පසුබිම කම්කරු,
Backup Details,උපස්ථ විස්තර,
Backup Files,උපස්ථ ගොනු,
Backup Folder ID,උපස්ථ ෆෝල්ඩර හැඳුනුම්පත,
Backup Folder Name,උපස්ථ ෆෝල්ඩරයේ නම,
Backup Frequency,උපස්ථ සංඛ්යාත,
Backup public and private files along with the database.,දත්ත සමුදාය සමඟ පොදු සහ පෞද්ගලික ලිපිගොනු උපස්ථ කරන්න.,
Backups,අමතර පිටපත්,
Banner,බැනරය,
Banner HTML,බැනරය HTML,
Banner Image,බැනරය රූප,
Banner is above the Top Menu Bar.,බැනරය Top Menu Bar ඉහත වේ.,
Bar,බාර්,
Barcode,තීරු කේතය,
Base Distinguished Name (DN),මූලික අග්රගණ්ය නම (ඩී.එන්),
Base URL,මූලික URL,
Based On,මත පදනම්ව,
Based on Field,ක්ෂේත්‍රය මත පදනම්ව,
Based on Permissions For User,පරිශීලක සඳහා අවසර මත පදනම්,
Basic,මූලික,
Before Cancel,අවලංගු කිරීමට පෙර,
Before Delete,මකා දැමීමට පෙර,
Before Insert,ඇතුළු කිරීමට පෙර,
Before Save,සුරැකීමට පෙර,
Before Save (Submitted Document),සුරැකීමට පෙර (ඉදිරිපත් කළ ලේඛනය),
Before Submit,ඉදිරිපත් කිරීමට පෙර,
Beginner,ආධුනිකයා,
Beta,බීටා,
Billing,බිල්පත්,
Bio,ජෛව,
Birth Date,උපන්දිනය,
Block Module,වාරණ මොඩියුලය,
Block Modules,වාරණ මොඩියුල,
Blocked,ඇහිරීම,
Blog Category,බ්ලොග් ප්රවර්ගය,
Blog Intro,බ්ලොග් හැදින්වීමේ,
Blog Introduction,බ්ලොග් හැඳින්වීම,
Blog Post,බ්ලොග් පෝස්ට්,
Blog Settings,බ්ලොග් සැකසුම්,
Blog Title,බ්ලොග් හිමිකම්,
Blogger,Blogger,
Blue,නිල්,
Bold,නිර්භීත,
Bot,ව්යාපෘති සඳහා රොබෝ,
Bottom,පහළ,
Bounced,ගගනගාමියකු,
Brand,වෙළඳ නාමය,
Brand HTML,වෙළඳ නාමය HTML,
Brand Image,වෙළඳ නාමය රූප,
Breadcrumbs,පාන්,
Browser,බ්‍රව්සරය,
Browser Version,බ්‍රව්සර් අනුවාදය,
Brute Force Security,බලවත් හමුදා ආරක්ෂාව,
Bucket Name,බාල්දි නම,
Bulk Update,තොග යාවත්කාලීන,
Button,බොත්තම,
Button Gradients,බොත්තම් ශ්‍රේණි,
Button Rounded Corners,බොත්තම් වටකුරු කෝනර්,
Button Shadows,බොත්තම් සෙවනැලි,
Bypass Restricted IP Address Check If Two Factor Auth Enabled,බයිපාස් සීමිත IP ලිපින පරීක්ෂා කිරීම සාධක දෙකක් සත්‍යාපනය කර ඇත්දැයි පරීක්ෂා කරන්න,
Bypass Two Factor Auth for users who login from restricted IP Address,සීමිත අන්තර්ජාල ලිපින වලින් පිවිසෙන පරිශීලකයින් සඳහා බෆුක් ෆැක්ටරි අට් දෙකක්,
Bypass restricted IP Address check If Two Factor Auth Enabled,බාධක සීමිත IP ලිපිනය පරීක්ෂා දෙකක් කාරකය Auth සක්රීයයි,
CC,CC,
CSS,CSS වේ,
CSS Class,CSS පන්තිය,
CSV,CSV,
CTA Label,CTA ලේබලය,
CTA URL,CTA URL,
Calendar,දින දසුන,
Calendar Name,කැලැන්ඩරයේ නම,
Calendar View,දින දසුන,
Call,ඇමතුම්,
Call To Action,ක්‍රියා කිරීමට අමතන්න,
Call To Action URL,ක්‍රියාකාරී URL වෙත අමතන්න,
Callback Message,ඇමතුම් පණිවිඩය,
Callback Title,ඇමතුම් ආපසු මාතෘකාව,
Campaign,ව්යාපාරය,
Cancel,අවලංගු කරන්න,
Cancelled,අවලංගු කළා,
Card,කාඩ්පත,
Cards,කාඩ්පත්,
Category,වර්ගය,
Category Description,ප්රවර්ගය විස්තරය,
Category Name,ප්රවර්ගය නම,
Center,මධ්යස්ථානය,
Chaining Hash,හැෂ් හෑෂ්,
Change Label (via Custom Translation),ලේබල් වෙනස් (රේගු පරිවර්තනය හරහා),
Change Password,මුරපදය වෙනස් කරන්න,
Channel,නාලිකාව,
Chart,සටහන,
Chart Configuration,ප්‍රස්ථාර වින්‍යාසය,
Chart Name,වගුවේ නම,
Chart Options,ප්‍රස්ථාර විකල්ප,
Chart Source,ප්‍රස්ථාර ප්‍රභවය,
Chart Type,වගුව වර්ගය,
Charts,සටහන,
Chat,චැට්,
Check,චෙක් පත,
Check this if you want to force the user to select a series before saving. There will be no default if you check this.,"ඔබ &#39;සුරැකුමට පෙර, මාලාවක් තෝරාගැනීමට පරිශීලක බල කිරීම සඳහා අවශ්ය නම් මෙම පරීක්ෂා කරන්න. ඔබ මෙම පරීක්ෂා නම් කිසිඳු පෙරනිමි වනු ඇත.",
Checking this will hide custom doctypes and reports cards in Links section,මෙය පරික්ෂා කිරීමෙන් සබැඳි කොටසේ අභිරුචි ඩොක්ටයිප් සහ වාර්තා කාඩ්පත් සඟවනු ඇත,
Checksum Version,චෙක්සම් අනුවාදය,
Child Tables are shown as a Grid in other DocTypes,ළමා වගු වෙනත් ඩොක් ටයිප් වල ජාලයක් ලෙස දක්වා ඇත,
Choose authentication method to be used by all users,සියළුම පරිශීලකයින් විසින් භාවිතා කළ යුතු සත්යාපන ක්රම තෝරන්න,
City,නගරය,
City/Town,නගරය / නගරය,
Clicked,මත ක්ලික්,
Client,සේවාලාභියා,
Client Code,සේවාලාභී කේතය,
Client Credentials,සේවාලාභියා අක්තපත්ර,
Client ID,සේවාලාභී ID,
Client Information,සේවාදායක තොරතුරු,
Client Script,සේවාලාභී පිටපත,
Client Secret,සේවාදායක රහස,
Client URLs,සේවාදායක URL,
Close Condition,තත්වය වසා දමන්න,
Closed,වසා,
Code,කේතය,
Collapsible,කොටසේ,
Collapsible Depends On,කොටසේ මත රඳා පවතී,
Color,වර්ණ,
Column Break,තීරුව Break,
Column Name,වැනි තීරුෙවහි නම,
Columns,තීරු,
Columns / Fields,තීරු / ක්ෂේත්‍ර,
Comment,අදහස් දක්වන්න,
Comment By,අදහස් දක්වන්න,
Comment Email,අදහස් ඊමේල් කරන්න,
Comment Type,පරිකථනය වර්ගය,
Comments and Communications will be associated with this linked document,අදහස් හා සන්නිවේදන මෙම සම්බන්ධ ලේඛනය සමග සංෙයෝජිත ෙකෙර්,
Commit,කැපවන්න,
Communication,සන්නිවේදන,
Communication Link,සන්නිවේදන සබැඳිය,
Communication Type,සන්නිවේදන වර්ගය,
Compact Item Print,සංයුක්ත අයිතමය මුද්රණය,
Company History,සමාගම ඉතිහාසය,
Company Introduction,සමාගම හැඳින්වීම,
Company Name,සමාගම් නාමය,
Complete,සම්පූර්ණ,
Completed,සම්පූර්ණ කරන ලද,
Component,සංරචකය,
Condition,තත්වය,
Conditions,කොන්දේසි,
Configuration,වින්‍යාසය,
Confirmation Email Template,තහවුරු කිරීමේ විද්‍යුත් තැපැල් ආකෘතිය,
Console,කොන්සෝලය,
Console Log,කොන්සෝල ලොගය,
Contact,අමතන්න,
Contact Details,ඇමතුම් විස්තර,
Contact Email,අප අමතන්න විද්යුත්,
Contact Numbers,සම්බන්ධතා අංක,
Contact Phone,දුරකථනය අමතන්න,
Contact Us Settings,අප සැකසුම් අමතන්න,
"Contact options, like ""Sales Query, Support Query"" etc each on a new line or separated by commas.","&quot;විකුණුම් විමසුම්, සහාය විමසුම්&quot; ආදිය මෙන් අමතන්න විකල්ප, නව රේඛාවක් එක් එක් හෝ කොමාවකින් වෙන්.",
Contacts,අප අමතන්න,
Content,අන්තර්ගත,
Content (HTML),අන්තර්ගතය (HTML),
Content (Markdown),අන්තර්ගතය (ලකුණු කිරීම),
Content Hash,අන්තර්ගත නිහඬයි,
Content Type,අන්තර්ගතයේ වර්ගය,
Context,සන්දර්භය,
Context Script,සන්දර්භය පිටපත,
Contributed,දායක විය,
Contribution Document Name,දායක ලේඛනයේ නම,
Contribution Status,දායක තත්ත්වය,
Copyright,කතුහිමිකම,
Core,Core,
Count,ගණන් කරන්න,
Count Filter,පෙරණය ගණන් කරන්න,
Counter,කවුන්ටරය,
Country,රට,
Country Name,රටේ නම,
County,කවුන්ටි,
Create,නිර්මාණය,
Create Contacts from Incoming Emails,එන ඊමේල් වලින් සම්බන්ධතා සාදන්න,
Create Entry,ප්‍රවේශය සාදන්න,
Create Log,ලොග් සාදන්න,
Create and Send Newsletters,පුවත් පත්රිකා නිර්මාණය හා යවන්න,
Created,නිර්මාණය කර ඇත,
Criticism,විවේචනය,
Cron,ක්‍රෝන්,
Cron Format,ක්‍රෝන් ආකෘතිය,
Currency,මුදල්,
Currency Name,ව්යවහාර මුදල් නම,
Currency Precision,ව්යවහාර මුදල් නිරවද්යතාව,
Current,දැනට,
Custom,රේගු,
Custom Base URL,අභිමත මූලික ලිපිනය,
Custom CSS,රේගු CSS වේ,
Custom Configuration,අභිරුචි වින්‍යාසය,
Custom DocPerm,අභිරුචි DocPerm,
Custom Field,රේගු ක්ෂේත්ර,
Custom Format,රේගු ආකෘතිය,
Custom HTML Help,රේගු HTML උදවු,
Custom Menu Items,රේගු මෙනු අයිතම,
Custom Options,අභිරුචි විකල්ප,
Custom Overrides,අභිරුචි අතිච්ඡාදනය,
Custom Report,අභිරුචි වාර්තාව,
Custom Role,අභිරුචි කාර්යභාරය,
Custom SCSS,අභිරුචි SCSS,
Custom Sidebar Menu,රේගු වැඩේටත් මෙනුව,
Custom?,රේගු?,
Customization,අභිරුචිකරණය,
Customize Form,ආකෘතිය රිසිකරණය,
Customize Form Field,ආකෘතිය ක්ෂේත්ර රිසිකරණය,
DESC,DESC,
Daily,දිනපතා,
Daily Long,ඩේලි ලෝන්ග්,
Danger,අනතුර,
Dark Color,තද වර්ණය,
Dashboard,උපකරණ පුවරුව,
Dashboard Chart,උපකරණ පුවරුව,
Dashboard Chart Field,උපකරණ පුවරු වගු ක්ෂේත්‍රය,
Dashboard Chart Link,උපකරණ පුවරු ප්‍රස්ථාර සබැඳිය,
Dashboard Chart Source,උපකරණ පුවරු ප්‍රස්ථාර ප්‍රභවය,
Dashboard Manager,උපකරණ පුවරු කළමනාකරු,
Dashboard Name,උපකරණ පුවරුවේ නම,
Dashboard Settings,උපකරණ පුවරු සැකසුම්,
Dashboards,උපකරණ පුවරු,
Data,දත්ත,
Data Export,දත්ත අපනයනය,
Data Import,දත්ත ආනයන,
Database Engine,දත්ත ගබඩා එන්ජිම,
Date,දිනය,
Date Format,දිනය ආකෘතිය,
Date Range,දිනය රංගේ,
Date and Number Format,දිනය හා අංකය ආකෘතිය,
Datetime,දිනය වේලාව,
Day,දවස,
Day of Week,සතියේ දින,
Days After,පසු දින,
Days Before,පෙර දින,
Days Before or After,පෙර හෝ පසු දින,
Default,පෙරනිමි,
Default Incoming,පෙරනිමි දියවී,
Default Letter Head,පෙරනිමි ලිපි ශීර්ෂයක,
Default Outgoing,පෙරනිමි ඇමතුම්,
Default Portal Home,පෙරනිමි ද්වාර නිවස,
Default Print Format,පෙරනිමි මුද්රණය ආකෘතිය,
Default Print Language,පෙරනිමි මුද්‍රණ භාෂාව,
Default Redirect URI,පෙරනිමි යළි-යොමුවීම් URI,
Default Role at Time of Signup,ගොණුව අවස්ථාවේ පෙරනිමි භූමිකාව,
Default Sort Field,පෙරනිමි වර්ග කිරීමේ ක්ෂේත්‍රය,
Default Sort Order,පෙරනිමි වර්ග කිරීමේ ඇණවුම,
Default Value,පෙරනිමි අගය,
"Default: ""Contact Us""",පෙරනිමි: &quot;අප අමතන්න&quot;,
DefaultValue,DefaultValue,
Defaults,පෙරනිමි,
Defines actions on states and the next step and allowed roles.,රාජ්යයන් හා ඊළඟ පියවර හා අවසර චරිත මත ක්රියා අර්ථ දක්වයි.,
Defines workflow states and rules for a document.,ලියවිල්ලක් සඳහා කාර්ය ප්රවාහ රාජ්යයන් හා නීති සහ කොන්දේසි සකසයි.,
Delayed,ප්රමාද,
Delete,Delete,
Deleted,මකා දමන ලදී,
Deleted DocType,මකා දමන ලදී DocType,
Deleted Document,මකා දමන ලදී ලේඛන,
Deleted Name,මකා දමන ලදී නම,
Delivery Status,භාරදීම් තත්ත්ව,
Department,ෙදපාර්තෙම්න්තුෙව්,
Dependencies,යැපීම්,
Depends On,මත රඳා පවතී,
Description,විස්තර,
"Description for listing page, in plain text, only a couple of lines. (max 200 characters)","ලැයිස්තුගත කිරීමේ පිටුව සඳහා විස්තරය, සරල පා text යෙන් පේළි කිහිපයක් පමණි. (උපරිම අක්ෂර 200)",
Designation,තනතුර,
Desk,මේසය,
Desk Access,මේසය ප්රවේශ,
Desktop Icon,පරිගණක අයිකන,
Details,විස්තර,
"Different ""States"" this document can exist in. Like ""Open"", ""Pending Approval"" etc.","විවිධ &quot;ජනපදය&quot; මෙම ලියවිල්ලෙන් පැවතිය හැක. &quot;විවෘත&quot;, &quot;බලාපොරොත්තු වෙමින් අනුමැතිය&quot; ආදිය මෙන්",
Digits,ඉලක්කම්,
Disable Auto Refresh,ස්වයංක්‍රීය නැවුම්බව අක්‍රීය කරන්න,
Disable Comments,අදහස් අක්‍රීය කරන්න,
Disable Count,ගණන් අක්‍රීය කරන්න,
Disable SMTP server authentication,SMTP සේවාදායක සත්‍යාපනය අක්‍රීය කරන්න,
Disable Sidebar Stats,පැති තීරු සංඛ්‍යාලේඛන අක්‍රීය කරන්න,
Disable Signup,ගොණුව අක්රීය,
Disable Standard Email Footer,සම්මත විද්යුත් පාදකය අක්රීය,
Disabled,ආබාධිත,
Display,ප්රදර්ශනය,
Display Depends On,ප්රදර්ශනය මත රඳා පවතී,
Doc Event,Doc සිද්ධිය,
Doc Events,Doc සිද්ධීන්,
Doc Status,ලේඛය තත්ත්වය,
DocField,DocField,
DocPerm,DocPerm,
DocShare,DocShare,
DocType,DocType,
DocType Action,DocType ක්‍රියාව,
DocType Event,DocType සිද්ධිය,
DocType Link,DocType Link,
DocType View,DocType View,
DocType is a Table / Form in the application.,DocType අයදුම්පතේ වගුව / ආකෘතිය වේ.,
DocType on which this Workflow is applicable.,මෙම කාර්ය ප්රවාහ අදාළ වන මත DocType.,
Doctype,DocType,
Document,ලේඛන,
Document Actions,ලේඛන ක්‍රියා,
Document Follow,ලේඛනය අනුගමනය කරන්න,
Document Link,ලේඛන සබැඳිය,
Document Links,ලේඛන සබැඳි,
Document Name,ලේඛන නම,
Document Naming Rule,ලේඛන නම් කිරීමේ රීතිය,
Document Naming Rule Condition,ලේඛන නම් කිරීමේ රීති තත්වය,
Document Share,ලේඛන බෙදාගැනීම,
Document Share Report,ලේඛන මෙම දැන්වීම වාර්තා කරන්න,
Document States,ලේඛන ජනපදය,
Document Tag,ලේඛන ටැගය,
Document Title,ලේඛන මාතෘකාව,
Document Type,ලේඛන වර්ගය,
Document Type to Track,ලුහුබැඳීමට ලේඛන වර්ගය,
Document Types,ලේඛන වර්ග,
Documentation Link,ප්‍රලේඛන සබැඳිය,
Documentation URL,ප්‍රලේඛන URL,
Domain,වසම්,
Domain Settings,වසම සැකසීම්,
Domains HTML,වසම් HTML,
"Don't HTML Encode HTML tags like &lt;script&gt; or just characters like &lt; or &gt;, as they could be intentionally used in this field","ඔවුන් හිතාමතාම මෙම ක්ෂේත්රය තුළ භාවිත කළ හැකි ලෙස, &lt;තිර රචනය&gt; හෝ හුදෙක් චරිත වගේ &lt;හෝ&gt; වගේ HTML කේතාංකනය HTML නොවන ටැග් කරන්න",
Don't Override Status,තත්ත්වය ඉක්මවා යන්න එපා,
Don't Send Emails,ඊමේල් යවන්න එපා,
Donut,ඩෝනට්,
Download Backups,බාගත අමතර පිටපත්,
Download Template,බාගත සැකිල්ල,
Dropbox Access Token,නාමාවලි එකක් ටෝකනය,
Dropbox Settings,නාමාවලි එකක් සැකසුම්,
Dropdowns,පහත වැටීම්,
Due Date,ගෙවිය යුතු දිනය,
Due Date Based On,නියමිත දිනය මත පදනම්ව,
Duration,කාල සීමාව,
Dynamic Filters,ගතික පෙරහන්,
Dynamic Filters JSON,ගතික පෙරහන් JSON,
Dynamic Filters Section,ගතික පෙරහන් අංශය,
Dynamic Link,ගතික ලින්ක්,
Dynamic Report Filters,ගතික වාර්තා පෙරහන්,
Dynamic Route,ගතික මාර්ගය,
Dynamic Template,ගතික සැකිල්ල,
Edit,සංස්කරණය කරන්න,
Edit Values,අගයන් සංස්කරණය කරන්න,
Editable Grid,සංස්කරණය විදුලිබල පද්ධතියට,
Eg. smsgateway.com/api/send_sms.cgi,උදා. smsgateway.com/api/send_sms.cgi,
Email,විද්යුත් තැපෑල,
Email Account,ඊ-තැපැල් ගිණුම,
Email Account Name,ඊ-තැපැල් ගිණුමේ නම,
Email Address,විද්යුත් තැපැල් ලිපිනය,
Email Address whose Google Contacts are to be synced.,ගූගල් සම්බන්ධතා සමමුහුර්ත කළ යුතු ඊමේල් ලිපිනය.,
Email Addresses,ඊ-තැපැල් ලිපිනයන්,
Email Domain,ඊ-තැපැල් වසම්,
Email Flag Queue,ඊ-තැපැල් ධජ පෝලිමේ,
Email Footer Address,විද්යුත් පාදකය ලිපිනය,
Email Group,විද්යුත් සමූහ,
Email Group Member,විද්යුත් සමූහ සාමාජික,
Email ID,ඊමේල් හැඳුනුම්පත,
Email IDs,විද්යුත් හැඳුනුම් පත්,
Email Id,ඊ-තැපැල් හැඳුනුම්පත,
Email Inbox,විද්‍යුත් තැපැල් ලිපි,
Email Queue,විද්යුත් පෝලිමේ,
Email Queue Recipient,විද්යුත් පෝලිමේ පලමු වරට පිරිනැමු,
Email Queue records.,විද්යුත් පෝලිමේ වාර්තා.,
Email Reply Help,ඊ-මේල් පිළිතුරු උදව්,
Email Rule,ඊ-තැපැල් පාලනය,
Email Sent,ඊ-තැපැල් යවනු,
Email Settings,ඊ-තැපැල් සැකසුම්,
Email Signature,විද්යුත් අත්සන,
Email Status,ඊ-තැපැල් තත්වය,
Email Sync Option,ඊ-තැපැල් සමමුහුර්ත කරන්න ඔප්ෂන්,
Email Template,ඊමේල් සැකිල්ල,
Email To,ඊ-තැපැල් කිරීම,
Email Unsubscribe,"විද්යුත් වනවාද,",
Emails will be sent with next possible workflow actions,ඊළඟට වැඩ කිරීමේ ක්රියාවලිය ඊමේල් මගින් යැවිය හැක,
Enable,සක්රිය කරන්න,
Enable Auto Reply,වාහන ඊ-මේල් මගින් පිලිතුරු දෙන්න සක්රිය කරන්න,
Enable Automatic Backup,ස්වයංක්රීය Backup සක්රිය කරන්න,
Enable Automatic Linking in Documents,ලේඛනවල ස්වයංක්‍රීය සම්බන්ධතා සක්‍රීය කරන්න,
Enable Comments,අදහස් සබල කරන්න,
Enable Email Notifications,විද්‍යුත් තැපැල් දැනුම්දීම් සක්‍රීය කරන්න,
Enable Google Indexing,ගූගල් සුචිගත කිරීම සක්‍රීය කරන්න,
Enable In App Website Tracking,යෙදුම් වෙබ් අඩවි ලුහුබැඳීම සක්‍රිය කරන්න,
Enable Incoming,එන සබල කරන්න,
Enable Onboarding,යතුරු පුවරුව සක්‍රීය කරන්න,
Enable Outgoing,ඇමතුම් සක්රිය කරන්න,
Enable Password Policy,මුරපදය ප්රතිපත්ති සක්රිය කරන්න,
Enable Print Server,මුද්රණ සේවාදායකය සක්රිය කරන්න,
Enable Raw Printing,අමු මුද්‍රණය සක්‍රීය කරන්න,
Enable Scheduled Jobs,උපෙල්ඛනගත රැකියා සබල කරන්න,
Enable Security,ආරක්ෂාව සබල කරන්න,
Enable Social Login,සමාජ ලොගිනය සක්රීය කරන්න,
Enable Social Sharing,සමාජ බෙදාගැනීම සක්‍රීය කරන්න,
Enable Two Factor Auth,ෆැක්ටර් ඔටෝ දෙකක් සක්රීය කරන්න,
Enabled,සක්රීය,
End Date,අවසාන දිනය,
End Date Field,අවසන් දිනය Field,
Endpoint URL,අවසානයේ URL ලිපිනය,
Endpoints,අවසානය,
Ends on,අවසන් වේ,
Energy Point,ශක්ති ලක්ෂ්‍යය,
Energy Point Log,ශක්ති ලක්ෂ්‍ය ලොගය,
Energy Point Rule,ශක්ති ලක්ෂ්‍ය රීතිය,
Energy Point Settings,ශක්ති ලක්ෂ්‍ය සැකසුම්,
Energy Points,ශක්ති ස්ථාන,
Enter Form Type,වර්ගය ආකෘතිය ඇතුලත් කරන්න,
"Enter default value fields (keys) and values. If you add multiple values for a field, the first one will be picked. These defaults are also used to set ""match"" permission rules. To see list of fields, go to ""Customize Form"".","පෙරනිමි අගය ක්ෂේත්ර (යතුරු) සහ වටිනාකම් ඇතුලත් කරන්න. ඔබ ක්ෂේත්රයේ වෙනුවෙන් සාරධර්ම එකතු නම්, පළමු එක තෝරා ඇත. මෙම ප්රකෘතියන් ද &quot;තරගය&quot; අවසර නීති සකස් කිරීම සඳහා භාවිතා වේ. ක්ෂේත්ර ලැයිස්තුව බලන්න, &quot;Customize ආකෘතිය&quot; වෙත යන්න.",
"Enter static url parameters here (Eg. sender=ERPNext, username=ERPNext, password=1234 etc.)","මෙහි ස්ථිතික url එක පරාමිතික ඇතුලත් (උදා:. යවන්නාගේ = ERPNext, පරිශීලක නාමය = ERPNext, මුරපදය, = 1234 ආදිය)",
Enter url parameter for message,පණිවිඩය සඳහා url එක පරාමිතිය ඇතුලත් කරන්න,
Enter url parameter for receiver nos,ලබන්නා අංක සඳහා url එක පරාමිතිය ඇතුලත් කරන්න,
Error,දෝෂ,
Error Log,දෝෂ ලොග්,
Error Message,දෝෂ පණිවිඩය,
Event,උත්සවය,
Event Category,සිදුවීම් වර්ගය,
Event Participants,සහභාගී වන්නන්,
Event Type,අවස්ථාවට වර්ගය,
Everyone,හැමෝම,
"Ex: ""colors"": [""#d1d8dd"", ""#ff5858""]","උදා: &quot;වර්ණ&quot;: [&quot;# d1d8dd&quot;, &quot;# ff5858&quot;]",
Example,උදාහරණයක්,
"Example: ""/desk""",උදාහරණය: &quot;/ මේසය&quot;,
Example: #Tree/Account,උදාහරණය: # ගස / ගිණුම,
Example: 00001,උදාහරණය: 00001,
Example: {{ subject }},උදාහරණය: {{විෂය}},
Excel,එක්සෙල්,
Exception,ව්යතිරේක,
Execute,ක්‍රියාත්මක කරන්න,
Expert,විශේෂඥ,
Expiration time,කල් ඉකුත් වීම් කාලය,
Expire Notification On,දා නිවේදනය කල් ඉකුත්,
Expired,කල් ඉකුත්,
Expires In,දී කල් ඉකුත්,
Expires On,දින අවසන් වීමට නියමිතය,
Expiry time of QR Code Image Page,QR Code Image පිටුවෙහි කල් පවතින කාලය,
Export,අපනයන,
Export From,සිට අපනයනය කරන්න,
Expose Recipients,ලබන්නන් හෙළිදරව්,
"Expression, Optional","ප්රකාශනය, වෛකල්පිත",
Facebook,ෆේස්බුක්,
Failed,අසමත්,
FavIcon,FavIcon,
Fax,ෆැක්ස්,
Featured,විශේෂාංග,
Feedback,ඔබෙන් ලැබෙන ප්රයෝජනාත්මක ප්රතිචාරය,
Feedback Request,ඔබෙන් ලැබෙන ප්රයෝජනාත්මක ප්රතිචාරය ඉල්ලීම්,
Fetch From,ගවේශණය,
Field,ක්ෂේත්ර,
Field Description,ක්ෂේත්ර විස්තරය,
Field Name,ක්ෂේත්ර නාමය,
Field To Check,පරීක්ෂා කිරීමට ක්ෂේත්‍රය,
Field Type,ක්ෂේත්ර වර්ගය,
"Field that represents the Workflow State of the transaction (if field is not present, a new hidden Custom Field will be created)","ගනුදෙනුවේ කාර්ය ප්රවාහ රාජ්ය නියෝජනය කරන බව ක්ෂේත්ර (ක්ෂේත්ර සහභාගී නො වේ නම්, නව සැඟවුණු රේගු ක්ෂේත්ර නිර්මාණය වනු ඇත)",
Field to Track,ලුහුබැඳීමට ක්ෂේත්‍රය,
Fieldname,ක්ෂේත්ර නාමය,
Fields,ක්ෂේත්ර,
Fields Multicheck,ෆීල්ස් බහුචෙක්,
"Fields separated by comma (,) will be included in the ""Search By"" list of Search dialog box","කොමා (,) වෙන් ක්ෂේත්ර සෙවුම් සංවාද කොටුව ලැයිස්තුව &quot;සෙවීම&quot; ඇතුලත් කරනු",
Fieldtype,Fieldtype,
File,ගොනුව,
File Backup,ගොනු බැකප්,
File Information,ගොනු තොරතුරු,
File Name,ගොනුවේ නම,
File Size,ගොනු විශාලත්වය,
File Type,ගොනු වර්ගය,
File URL,ගොනුව URL එක,
Files,ගොනු,
Filter Data,පෙරහන් දත්ත,
Filter List,පෙරහන් ලැයිස්තුව,
Filter Meta,මෙටා පෙරහන්,
Filter Name,පෙරහන් නම,
Filter Values,පෙරහන් අගයන්,
Filters,පෙරහන්,
Filters Configuration,පෙරහන් වින්‍යාසය,
Filters Display,පෙරහන් පෙන්වන්න,
Filters JSON,පෙරහන් JSON,
Filters Section,පෙරහන් අංශය,
"Filters will be accessible via <code>filters</code>. <br><br>Send output as <code>result = [result]</code>, or for old style <code>data = [columns], [result]</code>","පෙරහන් හරහා <code>filters</code> වෙත ප්‍රවේශ විය හැකිය.<br><br> ප්‍රති output ලය ලෙස ප්‍රතිදානය යවන්න <code>result = [result]</code> , හෝ පැරණි විලාසිතාවේ <code>data = [columns], [result]</code>",
Finished,අවසන්,
First Name,මුල් නම,
First Success Message,පළමු සාර්ථක පණිවුඩය,
Flag,ධජ,
Float,පාවෙන,
Float Precision,පාවෙන නිරවද්යතාව,
Fold,නමන්න,
Folder,ෆෝල්ඩරය,
Font,ෆොන්ට්,
Font Properties,අකුරු ගුණාංග,
Font Size,අකුරු ප්රමාණය,
Fonts,ෆොන්ට්,
Footer,පාදකය,
Footer HTML,පාදක HTML,
Footer Items,පාදකය අයිතම,
Footer Logo,පාදක ලාංඡනය,
Footer Template,පාදක ආකෘතිය,
Footer Template Values,පාදක ආකෘති අගයන්,
Footer will display correctly only in PDF,පාදකය නිවැරදිව පෙන්වන්නේ PDF වලින් පමණි,
For DocType Link / DocType Action,DocType Link / DocType Action සඳහා,
For Document Event,ලේඛන සිදුවීම සඳහා,
For User,පරිශීලක සඳහා,
For Value,වටිනාකම සඳහා,
For example: {} Open,උදාහරණයක් ලෙස:}} විවෘත කරන්න,
"For help see <a href=""https://frappeframework.com/docs/user/en/guides/portal-development/web-forms"" target=""_blank"">Client Script API and Examples</a>","උදව් සඳහා <a href=""https://frappeframework.com/docs/user/en/guides/portal-development/web-forms"" target=""_blank"">සේවාලාභී ස්ක්‍රිප්ට් API සහ උදාහරණ බලන්න</a>",
"For more information, <a class=""text-muted"" href=""https://erpnext.com/docs/user/manual/en/setting-up/email/linking-emails-to-document"">click here</a>.","වැඩි විස්තර සඳහා <a class=""text-muted"" href=""https://erpnext.com/docs/user/manual/en/setting-up/email/linking-emails-to-document"">මෙහි ක්ලික් කරන්න</a> .",
Force,හමුදා,
Force Show,හමුදා පෙන්වන්න,
Force User to Reset Password,මුරපදය නැවත සැකසීමට පරිශීලකයා බල කරන්න,
Form Settings,පෝරම සැකසුම්,
Form URL-Encoded,පෝරමය URL- කේතනය කර ඇත,
Format,ආකෘතිය,
Format Data,ආකෘතිය දත්ත,
Forward To Email Address,ඉදිරි විද්යුත් තැපැල් ලිපිනය කිරීම,
Fraction,භාගය,
Fraction Units,භාගය ඒකක,
Frappe,Frappe,
Frequency,සංඛ්යාත,
Friday,සිකුරාදා,
From,සිට,
From Date,දින සිට,
From Date Field,දිනය ක්ෂේත්‍රයෙන්,
From Full Name,සම්පූර්ණ නම සිට,
From User,පරිශීලකයාගෙන්,
Full,පූර්ණ,
Full Name,සම්පූර්ණ නම,
Full Width,සම්පූර්ණ පළල,
Function,ක්රියාකාරිත්වය,
GMail,ජීමේල්,
Gantt,Gantt,
Gender,ස්ත්රී පුරුෂ භාවය,
Generate Keys,යතුරු උත්පාදනය කරන්න,
Geo,භූ,
Geolocation,පරිශිලනය,
Get Contacts,සබඳතා ලබා ගන්න,
Get your globally recognized avatar from Gravatar.com,Gravatar.com ඔබේ ලොව පිළිගත් avatar ලබා ගන්න,
Git Branch,Git ශාඛාව,
GitHub,GitHub,
Global Search DocType,ගෝලීය සෙවුම් ඩොක්ටයිප්,
Global Search Settings,ගෝලීය සෙවුම් සැකසුම්,
Global Unsubscribe,"ගෝලීය වනවාද,",
Go to Page,පිටුවට යන්න,
Google,ගූගල්,
Google Analytics Anonymize IP,ගූගල් විශ්ලේෂණ IP නිර්නාමික කරන්න,
Google Analytics ID,Google Analytics හැඳුනුම්පත,
Google Calendar,ගූගල් දින දර්ශනය,
Google Calendar Event ID,ගූගල් දින දර්ශන සිදුවීම් හැඳුනුම්පත,
Google Calendar ID,ගූගල් කැලැන්ඩර ID,
Google Contacts,ගූගල් සම්බන්ධතා,
Google Contacts Id,ගූගල් සම්බන්ධතා හැඳුනුම්පත,
Google Drive,ගූගල් ඩ්‍රයිව්,
Google Font,ගූගල් ෆොන්ට්,
Google Settings,ගූගල් සැකසුම්,
Google Snippet Preview,ගූගල් ස්නිපෙට් පෙරදසුන,
Grant Type,ප්රදාන වර්ගය,
Green,හරිත,
Group,සමූහය,
Group By,කණ්ඩායම විසින්,
Group By Based On,මත පදනම්ව සමූහ,
Group By Type,වර්ගය අනුව සමූහය,
Guest,අමුත්තන්ගේ,
HH:mm,HH: මි.මී.,
HH:mm:ss,HH: mm: ss,
HTML,HTML,
HTML Editor,HTML සංස්කාරකය,
HTML Page,HTML පිටුව,
HTML for header section. Optional,ශීර්ෂ අංශය සඳහා HTML. විකල්ප,
Half,අඩක්,
Half Yearly,අර්ධ වාර්ෂිකව,
Half-yearly,අර්ධ වාර්ෂිකව,
Has  Attachment,ඇමුණුම් ඇත,
Has Domain,වසම් ඇත,
Has Role,කාර්යභාරය ඇත,
Has Web View,වෙබ් දැක්ම ඇත,
Header,ශීර්ෂකය,
Header HTML,ශීර්ෂක HTML,
Header and Breadcrumbs,ශීර්ෂකය සහ පාන් කෑල්ලක්,
Headers,ශීර්ෂක,
Heading,ධාවනය,
Heatmap,තාපය සිතියම,
Help,උදව්,
Help Article,උදවු ව්යවස්ථාවේ,
Help Articles,උදවු ලිපි,
Help Category,උදවු ප්රවර්ගය,
Help Dropdown,අතහැර දැමීමට උදව් කරන්න,
Help HTML,HTML උදව්,
Helvetica,ට්චබඥ,
Hidden,සඟවා ඇත,
Hide,සඟවන්න,
Hide Block,වාරණය සඟවන්න,
Hide Border,දේශ සීමාව සඟවන්න,
Hide CTA,CTA සඟවන්න,
Hide Copy,පිටපත් සඟවන්න,
Hide Custom DocTypes and Reports,අභිරුචි DocTypes සහ වාර්තා සඟවන්න,
Hide Days,දින සඟවන්න,
Hide Footer Signup,පාදකය ගොණුව සඟවන්න,
Hide Login,පුරනය වීම සඟවන්න,
Hide Seconds,තත්පර සඟවන්න,
Hide Standard Menu,සම්මත මෙනුව සඟවන්න,
Hide footer in auto email reports,වාහන විද්යුත් තැපැල් වාර්තා වල පාදකය සඟවන්න,
High,අධි,
Higher priority rule will be applied first,ඉහළ ප්‍රමුඛතා රීතිය පළමුව අදාළ වේ,
Highlight,මොරටු,
Home,ගෙදර,
Home Page,මුල් පිටුව,
Home Settings,නිවාස සැකසුම්,
Hourly,පැය,
Hourly Long,පැය දිගු,
Hourly rate limit for generating password reset links,මුරපද යළි පිහිටුවීමේ සබැඳි ජනනය කිරීම සඳහා පැයක අනුපාත සීමාව,
"How should this currency be formatted? If not set, will use system defaults","කොහොමද මේ මුදල් සංයුති කල යුත්තේ කුමක්ද? පිහිටුවා නැත නම්, පද්ධතිය පෙරනිමි භාවිතා කරනු ඇත",
ID (name) of the entity whose property is to be set,හැඳුනුම්පත (නම) තම දේපල සකස් කළ යුතු වන්නේ ඒකකයෙහි,
IP Address,IP ලිපිනය,
Icon,අයිකනය,
Icon will appear on the button,Icon බොත්තම මත දිස් වනු ඇත,
Identity Details,අනන්යතා තොරතුරු,
Idx,Idx,
"If Apply Strict User Permission is checked and User Permission is defined for a DocType for a User, then all the documents where value of the link is blank, will not be shown to that User","යොමු කරන්න දැඩි පරිශීලක අවසර පරීක්ෂා කරන අතර පරිශීලක අවසරය සඳහා පරිශීලක වූ DocType සඳහා අර්ථ නම්, එසේ නම් මෙම සබැඳිය වටිනාකම හිස් සිටින සියලු ලිපි ලේඛන, ඒ, පරිශීලක පෙන්වා ඇත කළ නොහැකි වනු ඇත",
If Checked workflow status will not override status in list view,ජීවත්වන ව්යවස්ථාවකි කාර්ය ප්රවාහ තත්ත්වය ලැයිස්තුව දැක්ම තත්ත්වය ප්රතිස්ථාපනය නොහැකි නම්,
"If Icon is set, it will be shown instead of Label","අයිකනය සකසා ඇත්නම්, එය ලේබලය වෙනුවට පෙන්වනු ඇත",
"If checked, all other workflows become inactive.","පරීක්ෂා නම්, අන් සියලුම workflows අක්රීය බවට පත් වේ.",
"If checked, users will not see the Confirm Access dialog.","පරීක්ෂා නම්, පරිශීලකයන් තහවුරු ප්රවේශ සංවාද දැකිය නොහැක.",
"If disabled, this role will be removed from all users.","ආබාධිත නම්, මෙම භූමිකාව සියළු පරිශීලකයන් ඉවත් කරනු ඇත.",
"If enabled,  user can login from any IP Address using Two Factor Auth, this can also be set for all users in System Settings","සක්‍රිය කර ඇත්නම්, ද්වි සාධක සාධක සත්‍යාපනය භාවිතා කර පරිශීලකයාට ඕනෑම IP ලිපිනයකින් ප්‍රවේශ විය හැකිය, මෙය පද්ධති සැකසීම්වල සිටින සියලුම පරිශීලකයින් සඳහාද සැකසිය හැකිය.",
"If enabled, all users can login from any IP Address using Two Factor Auth. This can also be set only for specific user(s) in User Page","සක්රිය කර ඇත්නම්, සියලු පරිශීලකයින්ට ඕනෑම ෆෝටෝරන්ට් ඔෆ්ටෝ එකක් භාවිතා කර ඕනෑම IP ලිපියක් වෙතින් ප්රවිෂ්ට විය හැක. මෙය පරිශීලක පිටුවෙහි විශේෂිත පරිශීලකයන් සඳහා පමණි",
"If enabled, changes to the document are tracked and shown in timeline","සක්‍රිය කර ඇත්නම්, ලේඛනයේ වෙනස්කම් නිරීක්ෂණය කර කාලරාමුවෙහි පෙන්වනු ලැබේ",
"If enabled, document views are tracked, this can happen multiple times","සක්‍රිය කර ඇත්නම්, ලේඛන දර්ශන නිරීක්ෂණය කරනු ලැබේ, මෙය කිහිප වතාවක් සිදුවිය හැකිය",
"If enabled, the document is marked as seen, the first time a user opens it","සක්‍රිය කර ඇත්නම්, ලේඛනය පෙනෙන පරිදි සලකුණු කර ඇත, පළමු වරට පරිශීලකයෙකු එය විවෘත කරයි",
"If enabled, the notification will show up in the notifications dropdown on the top right corner of the navigation bar.","සක්‍රිය කර ඇත්නම්, සංචාලන තීරුවේ ඉහළ දකුණු කෙළවරේ ඇති දැනුම්දීම් පතන කොටසේ දැනුම්දීම පෙන්වනු ඇත.",
"If enabled, the password strength will be enforced based on the Minimum Password Score value. A value of 2 being medium strong and 4 being very strong.","මෙම පහසුකම සක්රීය කළ විට, මුර පදය ශක්තිය අවම මුරපදය ලකුණු අගය මත පදනම් ක්රියාත්මක කරනු ඇත. 2 ක වටිනාකමින් මධ්ය ශක්තිමත් වීම සහ 4 ඉතා ශක්තිමත් වීම.",
"If enabled, users who login from Restricted IP Address, won't be prompted for Two Factor Auth","සක්රිය නම්, සීමාසහිත IP ලිපින වලින් පිවිසෙන පරිශීලකයින් සඳහා, ෆයිටරර් ෆෝට් දෙකක් සඳහා විමසනු නොලැබේ",
"If enabled, users will be notified every time they login. If not enabled, users will only be notified once.","සක්රීය නම්, පරිශීලකයන්ට ඔවුන් ලොගින් වන සෑම අවස්ථාවකදීම දැනුම් දෙනු ඇත. සක්රීය නොවේ නම්, පරිශීලකයන් එක් වරක් පමණක් දැනුම් දෙනු ලැබේ.",
If non standard port (e.g. 587),සම්මත නොවන වරාය (උදා: 587) නම්,
"If non standard port (e.g. 587). If on Google Cloud, try port 2525.","සම්මත නොවන වරාය (උදා. 587). Google වළාකුල මත නම්, port 2525 උත්සාහ කරන්න.",
"If non-standard port (e.g. POP3: 995/110, IMAP: 993/143)","සම්මත නොවන වරාය නම් (උදා: POP3: 995/110, IMAP: 993/143)",
"If not set, the currency precision will depend on number format","පිහිටුවා නැත නම්, මුදල් නිරවද්යතාවයකින් අංකය ආකෘතිය මත රඳා පවතී",
"If the user has any role checked, then the user becomes a ""System User"". ""System User"" has access to the desktop","පරිශීලක පරීක්ෂා ඕනෑම කාර්යභාරයක් නම්, පරිශීලකයා &quot;පද්ධති පරිශීලක&quot; බවට පත් වෙයි. &quot;පද්ධති පරිශීලක&quot; ඩෙස්ක්ටොප් ප්රවේශය ඇත",
If user is the owner,පරිශීලක හිමිකරු නම්,
"If you set this, this Item will come in a drop-down under the selected parent.","ඔබ මෙම තබා නම්, මෙම විෂය ඉතා පතන තෝරාගත් මව් යටතේ පැමිණ ඇත.",
"If your data is in HTML, please copy paste the exact HTML code with the tags.","ඔබේ දත්ත HTML හි වේ නම්, ටැග් නිශ්චිත HTML කේතය paste පිටපත් කරන්න.",
Ignore User Permissions,පරිශීලක අවසර නොසලකා,
Ignore XSS Filter,වු XSS පෙරහන් නොසලකා,
Ignore attachments over this size,මෙම ප්රමාණය වැඩි ඇමුණුම් නොසලකා,
Ignored Apps,නොසලකා හරින ලද යෙදුම්,
Image,රූප,
Image Field,රූප ක්ෂේත්ර,
Image Link,රූප ලින්ක්,
Implicit,ගම්ය,
Import,ආනයන,
Import File,ගොනුව ආයාත කරන්න,
Import File Errors and Warnings,ගොනු දෝෂ සහ අනතුරු ඇඟවීම් ආයාත කරන්න,
Import Log,ආනයන ලොග්,
Import Log Preview,ලොග් පෙරදසුන ආයාත කරන්න,
Import Preview,ආනයන පෙරදසුන,
Import Type,ආනයන වර්ගය,
Import Warnings,ආනයන අනතුරු ඇඟවීම්,
Import from Google Sheets,ගූගල් ෂීට් වලින් ආයාත කරන්න,
In Days,දවස් වල,
In Filter,පෙරහන් දී,
In Global Search,ගෝලීය සොයන්න දී,
In List View,ලැයිස්තුව දැක්වීම,
In Preview,පෙරදසුනෙහි,
In Reply To,කිරීම සඳහා ඊ-මේල් මගින් පිලිතුරු දෙන්න දී,
In Standard Filter,සම්මත පෙරහන් දී,
In points. Default is 9.,ලකුණු දී. පෙරනිමි 9 වේ.,
In seconds,තත්පර වලින්,
Inbox,එන ලිපි,
Inbox User,එන ලිපි පරිශීලකයා,
Include Search in Top Bar,Top නීතිඥ සොයන්න ඇතුළත්,
Include Web View Link in Email,විද්‍යුත් තැපෑලෙන් වෙබ් දර්ශන සබැඳිය යවන්න,
Index,දර්ශකය,
Index Web Pages for Search,සෙවීම සඳහා වෙබ් පිටු සුචිගත කරන්න,
Indexing Authorization Code,බලය පැවරීමේ කේතය සුචිගත කිරීම,
Indexing Refresh Token,සුචිගත කිරීමේ ටෝකනය සුචිගත කිරීම,
Indicator,දර්ශකයක්,
Indicator Color,දර්ශක වර්ණය,
Info,තොරතුරු,
Initial Sync Count,මූලික සමමුහුර්ත කරන්න උසාවි,
InnoDB,InnoDB,
Insert After,ඇතුළු කරන්න පසු,
Insert New Records,නව වාර්තා ඇතුල් කරන්න,
Insert Style,ඇතුළු කරන්න ස්ටයිල්,
Installed Application,ස්ථාපනය කළ යෙදුම,
Installed Applications,ස්ථාපිත යෙදුම්,
Int,int,
Integration Request,ඒකාබද්ධතා ඉල්ලීම්,
Integrations,මනුෂ්යත්වයක්,
Integrations can use this field to set email delivery status,මනුෂ්යත්වයක් ඊ-තැපැල් බෙදාහැරීම තත්ත්වය ඇති කිරීමට මෙම ක්ෂේත්රය භාවිතා කළ හැකිය,
Interests,උනන්දුව දක්වන ක්ෂෙත්ර:,
Intermediate,මධ්යම,
Internal record of document shares,ලියවිල්ල කොටස් අභ්යන්තර වාර්තාව,
Introduce your company to the website visitor.,මෙම වෙබ් අඩවිය කෙනෙකුට ඔබේ සමාගම හඳුන්වා.,
Introduction,හැදින්වීම,
Introductory information for the Contact Us Page,මෙම අප අමතන්න පිටුව සඳහා හඳුන්වාදීමේ තොරතුරු,
Invalid,වලංගු නොවන,
Inverse,ප්රතිලෝම,
Is Active,ක්රියාකාරී වේ,
Is Attachments Folder,ඇමුණුම් ෆෝල්ඩරය වේ,
Is Billing Contact,බිල් කිරීමේ සම්බන්ධතා වේ,
Is Child Table,ළමා වගුව වේ,
Is Complete,සම්පූර්ණයි,
Is Completed,අවසන් වේ,
Is Custom Field,රේගු ක්ෂේත්ර වේ,
Is Default,පෙරනිමි වේ,
Is Folder,ෆෝල්ඩරය වේ,
Is Home Folder,මුල් පිටුව ෆෝල්ඩරය වේ,
Is Mandatory Field,අනිවාර්ය ක්ෂේත්ර වේ,
Is Optional State,විකල්ප රාජ්ය වේ,
Is Primary,ප්‍රාථමිකයි,
Is Primary Contact,ප්රාථමික ස්පර්ශය යනු,
Is Primary Mobile,ප්‍රාථමික ජංගම වේ,
Is Primary Phone,ප්‍රාථමික දුරකථනය වේ,
Is Private,පුද්ගලික වේ,
Is Public,පොදු ය,
Is Published Field,ක්ෂේත්ර Published ඇත,
Is Single,තනි වේ,
Is Skipped,මඟ හැරී ඇත,
Is Spam,අයාචිත තැපැල් වේ,
Is Standard,සම්මත වේ,
Is Submittable,Submittable වේ,
Is Table,වගුව වේ,
Is Tree,ගස,
Is Unique,අද්විතීයයි,
Is Your Company Address,ඔබේ සමාගම ලිපිනය වේ,
Item Label,අයිතම ලේබලය,
Item Type,අයිතමය වර්ගය,
JS,JS,
JSON,JSON,
JSON Request Body,JSON ඉල්ලීම් ශරීරය,
JavaScript,කරුණාකර Javascript,
JavaScript Format: frappe.query_reports['REPORTNAME'] = {},ජාවාස්ක්රිප්ට් ආකෘතිය: frappe.query_reports [ &#39;REPORTNAME&#39;] = {},
Javascript,ජාවාස්ක්‍රිප්ට්,
Jinja,ජින්ජා,
Kanban,Kanban,
Kanban Board,Kanban මණ්ඩලය,
Kanban Board Column,Kanban මණ්ඩලය වැනි තීරුව,
Kanban Board Name,Kanban මණ්ඩලය නම,
Keep track of all update feeds,සියලුම යාවත්කාලීන පෝෂක ලුහුබැඳීම,
Keeps track of all communications,සියලුම සන්නිවේදනයන් නිරීක්ෂණය කරයි,
Key,යතුර,
Keyboard Shortcuts,යතුරුපුවරු කෙටිමං,
Knowledge Base Contributor,දැනුම මූලික දායකත්වය,
Knowledge Base Editor,දැනුම මූලික කර්තෘ,
LDAP Email Field,LDAP විද්යුත් ක්ෂේත්ර,
LDAP First Name Field,LDAP මුල් නම ක්ෂේත්ර,
LDAP Group,LDAP සමූහය,
LDAP Group Field,LDAP සමූහ ක්ෂේත්‍රය,
LDAP Group Mapping,LDAP කණ්ඩායම් සිතියම්කරණය,
LDAP Group Mappings,LDAP කණ්ඩායම් සිතියම්කරණය,
LDAP Last Name Field,LDAP අවසන් නම ක්ෂේත්‍රය,
LDAP Middle Name Field,LDAP මැද නම ක්ෂේත්‍රය,
LDAP Mobile Field,LDAP ජංගම ක්ෂේත්‍රය,
LDAP Phone Field,LDAP දුරකථන ක්ෂේත්‍රය,
LDAP Search String,LDAP සොයන්න සංගීත,
LDAP Security,LDAP ආරක්ෂාව,
LDAP Server Url,LDAP සේවාදායකය අඩවිය,
LDAP Settings,LDAP සැකසුම්,
LDAP User Creation and Mapping,LDAP පරිශීලක නිර්මාණය සහ සිතියම්කරණය,
LDAP Username Field,LDAP පරිශීලක නාමය ක්ෂේත්ර,
Label,ලේබලය,
Label Help,ලේබලය උදවු,
Label and Type,ලේබලය සහ වර්ගය,
Landing Page,ගොඩ පිටුව,
Language,භාෂාව,
Language Code,භාෂා සංග්රහයේ,
Language Name,භාෂා නම,
Last Active,පසුගිය ක්රියාකාරී,
Last Backup On,අවසන් උපස්ථය සක්‍රීයයි,
Last Execution,අවසන් ක්‍රියාත්මක කිරීම,
Last IP,පසුගිය IP,
Last Known Versions,පසුගිය හඳුනාගත් සංස්කරණ,
Last Login,පසුගිය ලොගින් වන්න,
Last Month,පසුගිය මාසය,
Last Name,අවසන් නම,
Last Password Reset Date,අවසන් මුරපදය යළි පිහිටුවීමේ දිනය,
Last Point Allocation Date,අවසාන ස්ථානය වෙන් කළ දිනය,
Last Quarter,අවසාන කාර්තුව,
Last Sync On,අවසාන සමමුහුර්ත කිරීම,
Last Synced On,අවසන් වරට සමමුහුර්ත කර ඇත,
Last User,අවසන් පරිශීලකයා,
Last Week,ගිය සතිය,
Last Year,පසුගිය වසර,
Lead Conversion Time,මූලික පරිවර්ථන කාලය,
Leaderboard,ප්රමුඛ,
Leave blank to repeat always,සෑම විටම නැවත නැවත කිරීමට හිස්ව තබන්න,
Ledger,ලේජර,
Left,වම්,
Legal,නීතිමය,
Length,දිග,
Letter,ලිපිය,
Letter Head,ලිපි ශීර්ෂයක,
Letter Head Based On,ලිපි ශීර්ෂය මත පදනම්ව,
Letter Head Image,ලිපි ශීර්ෂ රූපය,
Letter Head Name,ලිපි ශීර්ෂයක නම,
Letter Head in HTML,HTML හි ලිපි ශීර්ෂයක,
Level,මට්ටමින්,
Level Name,මට්ටමේ නම,
License,බලපත්රය,
Light Color,සැහැල්ලු වර්ණය,
Like,මෙන්,
Likes,වැන්නන්,
Limit,සීමාව,
Limit Number of DB Backups,DB Backups ගණන සීමා කරන්න,
Line,රේඛාව,
Link,සබැඳිය,
Link Cards,සම්බන්ධක කාඩ්පත්,
Link DocType,ලින්ක් DocType,
Link Document Type,සම්බන්ධක ලේඛන වර්ගය,
Link Fieldname,ක්ෂේත්‍ර නාමය සම්බන්ධ කරන්න,
Link Name,ලින්ක් නම,
Link Title,Link හිමිකම්,
Link To,වෙත සබැඳිය,
Link to the page you want to open. Leave blank if you want to make it a group parent.,ඔබ ආරම්භ කිරීමට අවශ්ය පිටුවට ලින්ක් එක. ඔබ එය පිරිසක් මව් කරන්න අවශ්ය නම් ඒ හිස්ව තබන්න.,
Linked,සම්බන්ධ,
Linked Documents,සම්බන්ධිත ලේඛන,
Links,සබැඳි,
List,ලැයිස්තුව,
List Filter,ලැයිස්තු පෙරහන,
List Settings,ලැයිස්තු සැකසීම්,
List View Settings,ලැයිස්තු දර්ශන සැකසීම් ලැයිස්තුගත කරන්න,
"List as [{""label"": _(""Jobs""), ""route"":""jobs""}]","ලෙස ලැයිස්තු [{: _ ( &quot;රැකියා&quot;), &quot;මාර්ගය&quot;: &quot;ලේබලය&quot; &quot;රැකියා&quot;}]",
List of patches executed,ක්රියාත්මක වන පැච් එක ලැයිස්තුව,
Load Balancing,ශේෂය පැටවීම,
Location,ස්ථානය,
Log,ලඝු,
Log Data,ලොග් දත්ත,
Log Setting User,ලොග් සැකසුම් පරිශීලකයා,
Log Settings,ලොග් සැකසුම්,
Login,ඇතුල් වන්න,
Login After,ලොගින් වන්න පසු,
Login Before,පෙර ලොගින් වන්න,
Login Required,ලොගින් වන්න අවශ්ය,
Logo Width,ලාංඡනය පළල,
Logout,logout,
Logout All Sessions on Password Reset,මුරපද යළි පිහිටුවීමේ සියලුම සැසි ඉවත් කරන්න,
Logout From All Devices After Changing Password,මුරපදය වෙනස් කිරීමෙන් පසු සියලු උපාංග වලින් ඉවත් වන්න,
Long Text,දිගු පෙළ,
Low,අඩු,
Main Section,ප්රධාන වගන්තිය,
Main Section (HTML),ප්‍රධාන අංශය (HTML),
Main Section (Markdown),ප්‍රධාන කොටස (ලකුණු කිරීම),
Maintenance Manager,නඩත්තු කළමනාකරු,
Maintenance User,නඩත්තු පරිශීලක,
"Make ""name"" searchable in Global Search",ගෝලීය සොයන්න දී &quot;නම&quot; සොයාගත හැකිවන ලෙස සකස් කරන්න,
Mandatory,අනිවාර්ය,
Mandatory Depends On,අනිවාර්යය රඳා පවතී,
Map route parameters into form variables. Example <code>/project/&lt;name&gt;</code>,ආකෘති විචල්‍යයන් බවට මාර්ග පරාමිතීන් සිතියම් ගත කරන්න. උදාහරණ <code>/project/&lt;name&gt;</code>,
Markdown,අති,
Markdown Editor,සලකුණු සංස්කාරකය,
Marked As Spam,අයාචිත තැපැල් ලෙස සලකුණු,
Max 500 records at a time,වරකට උපරිම 500 වාර්තා,
Max Attachment Size (in MB),මැක්ස් ඇමුණුම් ප්රමාණය (MB දී),
Max Attachments,මැක්ස් ඇමුණුම්,
Max Length,මැක්ස් දිග,
Max Value,මැක්ස් අගය,
Maximum,උපරිම,
Maximum Number of Fields,ක්ෂේත්‍ර ගණන,
Maximum Points,උපරිම කරුණු,
Medium,මධ්යම,
Meeting,රැස්වීම,
Mention,සඳහන් කරන්න,
Mentions,කතාව,
Message,පණිවුඩය,
Message (HTML),පණිවිඩය (HTML),
Message (Markdown),පණිවිඩය (ලකුණු කිරීම),
Message Examples,පණිවුඩය උදාහරණ,
Message ID,පණිවුඩය හැඳුනුම්පත,
Message Parameter,පණිවුඩය පරාමිති,
Message-id,පණිවුඩය-id,
Meta Description,මෙටා විස්තරය,
Meta Image,මෙටා රූපය,
Meta Tags,මෙටා ටැග්,
Meta Title,මෙටා මාතෘකාව,
Method,ක්රමය,
Middle Name,මැද නම,
Milestone,සන්ධිස්ථානය,
Milestone Tracker,සන්ධිස්ථාන ට්රැකර්,
Minimum,අවම,
Minimum Password Score,අවම මුරපදය ලකුණු,
Mobile No,ජංගම නොමැත,
Module,මොඩියුලය,
Module Def,මොඩියුලය DEF,
Module Name,මොඩියුලය නම,
Module Onboarding,මොඩියුලය යතුරු පුවරුව,
Modules HTML,මොඩියුල HTML,
Monday,සදුදා,
Monospace,Monospace,
Monthly,මාසික,
Monthly Long,මාසික දිගු,
More Information,වැඩිදුර තොරතුරු,
More content for the bottom of the page.,පිටුවේ පහළ සඳහා වැඩි අන්තර්ගතය.,
Multiplier Field,ගුණක ක්ෂේත්‍රය,
Must be a publicly accessible Google Sheets URL,ප්‍රසිද්ධියේ ප්‍රවේශ විය හැකි ගූගල් ෂීට් URL එකක් විය යුතුය,
"Must be of type ""Attach Image""",වර්ගයේ විය යුතුය &quot;රූප අමුණන්න&quot;,
Mute Sounds,ගොළු රොමැන්ටික්,
MyISAM,MyISAM,
Name,නම,
Naming,නම් කිරීම,
Naming Series,ශ්රේණි අනුප්රාප්තිකයා නම් කිරීම,
Navbar,නවබාර්,
Navbar Item,නවබාර් අයිතමය,
Navbar Settings,Navbar සැකසුම්,
Navbar Template,Navbar අච්චුව,
Navbar Template Values,Navbar අච්චු අගයන්,
New,අලුත්,
New Name,නව නම,
New value to be set,නව වටිනාකම සකස් කළ යුතු,
Newsletter,පුවත් ලිපියක්,
Newsletter Email Group,පුවත් ලිපි විද්යුත් සමූහ,
Newsletter Manager,පුවත් ලිපි කළමනාකරු,
Next Action Email Template,ඊළඟ ක්රියාකාරී ඊමේල් සැකිල්ල,
Next Actions HTML,ඊළඟ පියවර HTML,
Next Schedule Date,ඊළඟ උපලේඛන දිනය,
Next State,ඊළඟ රාජ්ය,
Next Sync Token,ඊළඟ සින්ක් ටෙක්නන්,
No,නැත,
No Copy,කිසිදු පිටපතක්,
No of Requested SMS,ඉල්ලන කෙටි පණිවුඩ අංක,
No of Rows (Max 500),පේළි (උපරිම 500) අංක,
No of Sent SMS,යැවූ කෙටි පණිවුඩ අංක,
Non Negative,Neg ණාත්මක නොවේ,
None,නැහැ,
Not Sent,යවා නැත,
Note,සටහන,
Note Seen By,සටහන මගින් දැක,
Note: By default emails for failed backups are sent.,සටහන: අසාර්ථක ලෙස බැකප් සඳහා ඊ-තැපෑලෙන් එවනු ලැබේ.,
"Note: For best results,  images must be of the same size and width must be greater than height.","සටහන: හොඳම ප්‍රති results ල සඳහා, පින්තූර එකම ප්‍රමාණයෙන් විය යුතු අතර පළල උසට වඩා වැඩි විය යුතුය.",
Note: Multiple sessions will be allowed in case of mobile device,සටහන: බහු සැසි ජංගම උපාංගය වූ අවස්ථාවක ඉඩ කඩ ලබා දෙනු ඇත,
Notification,නිවේදනය,
Notification Log,දැනුම්දීම් ලොගය,
Notification Recipient,දැනුම්දීමේ ප්රතිග්රාහකයා,
Notification Settings,දැනුම්දීම් සැකසුම්,
Notification Subscribed Document,දැනුම්දීම් දායක ලේඛනය,
Notifications,දැනුම්දීම්,
Notifications and bulk mails will be sent from this outgoing server.,දැනුම්දීම් සහ ෙතොග මේල් මෙම යැවුම් සේවාදායකය සිට එවනු ඇත.,
Notify Users On Every Login,සෑම ලොගින් වන්න පරිශීලකයන් වෙත දැනුම් දෙන්න,
Notify by Email,විද්‍යුත් තැපෑලෙන් දැනුම් දෙන්න,
Notify by email,ඊ-මේල් මගින් දැනුම් දෙන්න,
Notify if unreplied,unreplied නම් දැනුම් දෙන්න,
Notify if unreplied for (in mins),(මිනිත්තු දී) සඳහා unreplied නම් දැනුම් දෙන්න,
Notify users with a popup when they log in,ඔවුන් login විට උත්පතන ඇති පරිශීලකයන් වෙත දැනුම්,
Number Card,අංක කාඩ්පත,
Number Card Link,අංක කාඩ් සබැඳිය,
Number Cards,අංක කාඩ්පත්,
Number Format,අංකය ආකෘතිය,
Number of Backups,අමතර පිටපත් සංඛ්යාව,
Number of DB Backups,DB Backups ගණන,
Number of Groups,කණ්ඩායම් ගණන,
Number of columns for a field in a Grid (Total Columns in a grid should be less than 11),එය විදුලිබල පද්ධතියට දී ක්ෂේත්ර සඳහා තීරු ගණන (අ විදුලිබල පද්ධතියට මුළු තීර 11 ට වඩා අඩු විය යුතුය),
Number of columns for a field in a List View or a Grid (Total Columns should be less than 11),ලැයිස්තුවක් නරඹන්න හෝ විදුලිබල පද්ධතියට දී ක්ෂේත්ර සඳහා තීරු ගණන (මුළු තීර 11 ට වඩා අඩු විය යුතුය),
OAuth Authorization Code,OAuth බලය පවරන සංග්රහයේ,
OAuth Bearer Token,OAuth පැතිරෙවූ මිනිසෙක් ටෝකනය,
OAuth Client,OAuth සේවාලාභියා,
OAuth Client ID,OAuth සේවාලාභී හැඳුනුම්පත,
OAuth Provider Settings,OAuth සපයන්නා සැකසුම්,
OTP App,OTP ඇප්,
OTP Issuer Name,OTP නිකුත් කරන්නාගේ නම,
Off,අක්‍රියයි,
Office,කාර්යාල,
Office 365,කාර්යාලය 365,
Older backups will be automatically deleted,"පැරණි භාවිතා කලද, ස්වයංක්රීයව මකා දමනු ඇත",
On Hold,රඳවා ගත්,
Onboarding Permission,යතුරු පුවරුවේ අවසරය,
Onboarding Step,යතුරු පුවරුව පියවර,
Onboarding Step Map,යතුරු පුවරුව පියවර සිතියම,
"Once submitted, submittable documents cannot be changed. They can only be Cancelled and Amended.","ඉදිරිපත් කළ පසු, ඉදිරිපත් කළ හැකි ලේඛන වෙනස් කළ නොහැක. ඒවා අවලංගු කර සංශෝධනය කළ හැකිය.",
Only Allow Edit For,පමණක් ඉඩ දෙන්න සඳහා සංස්කරණය කරන්න,
Only Send Records Updated in Last X Hours,පසුගිය X පැය යාවත්කාලීන වාර්තා පමණක් යවන්න,
Open,විවෘත,
Open Documents,ලේඛන විවෘත කරන්න,
Open Reference Document,විවෘත විමර්ශන ලේඛනය,
Open URL in a New Tab,නව ටැබ් එකක URL විවෘත කරන්න,
Open a dialog with mandatory fields to create a new record quickly,නව වාර්තාවක් ඉක්මනින් නිර්මාණය කිරීම සඳහා අනිවාර්ය ක්ෂේත්‍ර සමඟ සංවාදයක් විවෘත කරන්න,
Opened,විවෘත,
Operation,මෙහෙයුම්,
Optional: Always send to these ids. Each Email Address on a new row,"විකල්ප: සෑම විටම, මේවා හැඳුනුම් පත් කිරීමට යවන්න. නව පේළියක් එක් එක් විද්යුත් තැපැල් ලිපිනය",
Optional: The alert will be sent if this expression is true,විකල්ප: මෙම සීරුවෙන් මෙම ප්රකාශනය සත්ය නම් යවනු ලැබේ,
Options,විකල්ප,
Options Help,විකල්ප උදවු,
Orange,තැඹිලි,
Order,නියෝග,
Org History,org ඉතිහාසය,
Org History Heading,Org ඉතිහාසය ශීර්ෂය,
Other,වෙනත්,
Outlook.com,Outlook.com,
Output,නිමැවුම,
PDF Page Size,PDF හිදී තරම,
PDF Settings,PDF සැකසුම්,
Page,පිටුව,
Page Break,පිටු කඩනය,
Page Builder,පිටු තනන්නා,
Page Building Blocks,පිටු ගොඩනැඟීමේ කොටස්,
Page HTML,පිටුව HTML,
Page Name,පිටුව නම,
Page Settings,පිටු සැකසීම්,
Parameter,පරාමිතිය,
Parent Field (Tree),දෙමාපිය ක්ෂේත්‍රය (ගස),
Parent Label,මව් ලේබල්,
Partial Success,අර්ධ වශයෙන් සාර්ථක වීම,
Participants,සහභාගිවන්නන්,
Passive,උදාසීන,
Password,මුරපදය,
Password Reset Link Generation Limit,මුරපදය යළි පිහිටුවීමේ සබැඳි උත්පාදන සීමාව,
Password for Base DN,මූලික ඩී.එන් සඳහා මුරපදය,
Patch,පැච්,
Patch Log,පැච් ලොග්,
Path,මාර්ගය,
Path to CA Certs File,CA සහතික ගොනුවට මාර්ගය,
Path to Server Certificate,සේවාදායක සහතිකයට මාවත,
Path to private Key File,පුද්ගලික යතුරු ගොනුවට මාවත,
Pending,විභාග,
Pending Approval,අනුමත කිරීම අපේක්ෂිතය,
Pending Verification,සත්‍යාපනය අපේක්ෂිතය,
Percent,සියයට,
Percentage,ප්‍රතිශතය,
Period,කාලය,
Perm Level,Perm පෙළ,
Permanent,ස්ථිර,
Permission Level,අවසර පෙළ,
Permission Rules,අවසර රීති,
Permissions,අවසර,
Permitted Documents For User,පරිශීලක සඳහා අවසර ලිපි ලේඛන,
Personal,පුද්ගලික,
Personal Data Deletion Request,පුද්ගලික දත්ත මකාදැමීමේ ඉල්ලීම,
Personal Data Download Request,පුද්ගලික දත්ත බාගත කිරීමේ ඉල්ලීම,
Phone,දුරකථන,
Phone No.,දුරකතන අංකය.,
Phone Number,දුරකතන අංකය,
Pie,පයි,
Pincode,Pincode,
Plant,ශාක,
Point Allocation Periodicity,ලක්ෂ්‍ය වෙන්කිරීමේ කාල සීමාව,
Points,කරුණු,
Port,වරාය,
Portal Menu,ද්වාරය මෙනුව,
Portal Menu Item,ද්වාරය මෙනු අයිතමය,
Portal Settings,ද්වාරය සැකසුම්,
Position,පිහිටීම,
Postal,තැපැල්,
Postal Code,තැපැල් කේතය,
Precision,නිරවද්යතාවයකින්,
Preferred Billing Address,කැමති බිල්පත් ලිපිනය,
Preferred Shipping Address,කැමති නැව් ලිපිනය,
Prefix,උපසර්ගය,
Prepared Report,වාර්තාව සකස් කිරීම,
Prepared Report User,සකස් කළ වාර්තා පරිශීලකයා,
Preview,පෙරදසුන,
Preview HTML,පෙරදසුන HTML,
Preview Message,පෙරදසුන පණිවිඩය,
Previous Hash,පෙර Hash,
Primary,ප්රාථමික,
Primary Color,ප්‍රාථමික වර්ණය,
Print,මුද්‍රණය කරන්න,
Print Format,මුද්රණය ආකෘතිය,
Print Format Builder,මුද්රණය ආකෘතිය Builder,
Print Format Help,මුද්රණය ආකෘතිය උදවු,
Print Format Type,මුද්රණය ආකෘතිය වර්ගය,
Print Hide,මුද්රණය සඟවන්න,
Print Hide If No Value,මුද්රණය සඟවන්න නම් නෑ අගය,
Print Server,මුද්රණ සේවාදායකය,
Print Settings,මුද්රණය සැකසුම්,
Print Style,මුද්රණය ස්ටයිල්,
Print Style Name,මුද්රණය විලා නාමය,
Print Style Preview,මුද්රණය ස්ටයිල් පෙරදසුන,
Print UOM after Quantity,ප්‍රමාණයෙන් පසු UOM මුද්‍රණය කරන්න,
Print Width,මුද්රණය පළල,
"Print Width of the field, if the field is a column in a table",", මුද්රණය ක්ෂේත්රයේ මේසයක් තීරුවක් නම් කෙතේ පළල",
Print taxes with zero amount,ශුන්ය මුදල සමඟ බදු අය කරන්න,
Print with letterhead,ලිපි සමඟ මුද්රණය,
Printer Name,මුද්රණ නාමය,
Printing,මුද්රණ,
Priority,ප්රමුඛ,
Private,පුද්ගලික,
ProTip: Add <code>Reference: {{ reference_doctype }} {{ reference_name }}</code> to send document reference,ProTip: එක් කරන්න <code>Reference: {{ reference_doctype }} {{ reference_name }}</code> ලියවිල්ල යොමු යැවීමට,
Property,දේපල,
Property Depends On,දේපල රඳා පවතී,
Property Setter,ඉඩකඩම් පන්දු ඔසවන්නා,
Property Setter overrides a standard DocType or Field property,ඉඩකඩම් පන්දු ඔසවන්නා සම්මත DocType හෝ ක්ෂේත්ර දේපල පාගා දමයි,
Property Type,ඉඩකඩම් වර්ගය,
Provider,සපයන්නා,
Provider Name,සැපයුම්කරුගේ නම,
Public,පොදු,
Publish,පළ කරන්න,
Published,Published,
Published On,දා ප්රකාශයට පත්,
Pull from Google Calendar,ගූගල් දින දර්ශනයෙන් අදින්න,
Pull from Google Contacts,ගූගල් සම්බන්ධතා වලින් අදින්න,
Pulled from Google Calendar,ගූගල් දින දර්ශනයෙන් අදින ලදි,
Pulled from Google Contacts,ගූගල් සම්බන්ධතා වලින් අදින ලදි,
Purchase Manager,මිලදී ගැනීම කළමනාකරු,
Purchase Master Manager,මිලදී ගැනීම මාස්ටර් කළමනාකරු,
Purchase User,පරිශීලක මිලදී ගැනීම,
Purple,දම් පාට,
Push to Google Calendar,ගූගල් දින දර්ශනයට තල්ලු කරන්න,
Push to Google Contacts,ගූගල් සම්බන්ධතා වෙත තල්ලු කරන්න,
Quarterly,කාර්තුමය,
Query,විමසුම්,
Query / Script,විමසුම / පිටපත,
Query Options,විමසුම් විකල්ප,
Query Report,විමසුම් වාර්තාව,
Queued,පේළි,
Quick Entry,ඉක්මන් පිවිසුම්,
RAW Information Log,අමු තොරතුරු ලොගය,
Random,අහඹුයි,
Rating,ශ්රේණිගත,
Raw Commands,අමු විධාන,
Raw Email,අමු විද්යුත්,
Raw Printing,අමු මුද්රණය,
Read,කියවන්න,
Read Only,පමණක් කියවන්න,
Read Only Depends On,කියවීමට පමණක් රඳා පවතී,
Read Time,වේලාව කියවන්න,
Read by Recipient,ලබන්නා විසින් කියවන්න,
Read by Recipient On,ලබන්නා විසින් කියවන්න,
Reason,හේතුව,
Received,ලැබී,
Receiver By Document Field,ලේඛන ක්ෂේත්‍රය අනුව ලබන්නා,
Receiver By Role,කාර්යභාරය අනුව ලබන්නා,
Receiver Parameter,ලබන්නා පරාමිති,
Recipient,පලමු වරට පිරිනැමු,
Recipient Unsubscribed,පලමු වරට පිරිනැමු කෙරෙනු,
Recipients,ලබන්නන්,
Recorder,රෙකෝඩරය,
Red,රතු,
Redirect URI Bound To Auth Code,Auth සංග්රහයේ බැඳී URI අන්වර්ථයන්,
Redirect URIs,URIs අන්වර්ථයන්,
Redirect URL,නැවත යොමු කිරීමේ URL,
Ref DocType,ref DocType,
Reference,විමර්ශන,
Reference Date,විමර්ශන දිනය,
Reference DocName,විමර්ශන ඩොක් නාමය,
Reference DocType,යොමු ලේඛනය,
Reference Docname,විමර්ශන DocName,
Reference Doctype,විමර්ශන DocType,
Reference Document,විමර්ශන ලේඛන,
Reference Document Name,විමර්ශන ලේඛන නම,
Reference Document Type,ආශ්රිත ලේඛන වර්ගය,
Reference Name,යොමු නම,
Reference Owner,විමර්ශන න,
Reference Report,විමර්ශන වාර්තාව,
Reference Type,විමර්ශන වර්ගය,
Reference name,විමර්ශන නම,
Referrer,යොමු කරන්නා,
Refresh Google Sheet,ගූගල් පත්‍රය නැවුම් කරන්න,
Refresh Token,නැවුම් කරන්න ටෝකනය,
Rejected,ප්රතික්ෂේප,
Relinked,Relinked,
Reload,රීලෝඩ්,
Remember Last Selected Value,මතක තබා ගන්න පසුගිය තෝරාගත් අගය,
Reminder,මතක්,
Repeat On,දා නැවත නැවත,
Repeat Till,නැවත නැවත තුරු,
Repeat on Day,දිනපතා නැවත සිදු කරන්න,
Repeat on Last Day of the Month,මාසයේ අවසාන දිනයේ නැවත නැවත කරන්න,
Repeat this Event,මෙම අවස්ථාවට නැවත නැවත,
Replied,ප්රතිචාර ලද්දේ,
Reply,පිලිතුරු,
Report,වාර්තාව,
Report Builder,වාර්තාව Builder,
Report Column,තීරුව වාර්තා කරන්න,
Report Description,විස්තරය වාර්තා කරන්න,
Report Filter,පෙරණය වාර්තා කරන්න,
Report Filters,වාර්තාව පෙරහන්,
Report Hide,වාර්තාව සඟවන්න,
Report Information,තොරතුරු වාර්තා කරන්න,
Report Manager,වාර්තාව කළමනාකරු,
Report Name,වාර්තාව නම,
Report Reference Doctype,යොමු ලේඛනය වාර්තා කරන්න,
Report Type,වර්ගය වාර්තාව,
Reports,වාර්තා,
Represents a User in the system.,පද්ධතිය තුළ පරිශීලක නියෝජනය කරයි.,
Represents the states allowed in one document and role assigned to change the state.,තත්වය වෙනස් කිරීමට පවරා එක් ලේඛනයකට හා භූමිකාව ඉඩ ප්රාන්ත නියෝජනය කරයි.,
Request Data,ඉල්ලීම් දත්ත,
Request Structure,ව්‍යුහය ඉල්ලන්න,
Request URL,ඉල්ලීම් URL එකක්,
Requested Numbers,ඉල්ලන ගණන්,
Require Trusted Certificate,විශ්වාසදායක සහතිකයක් අවශ්‍යයි,
Reset Password Key,මුරපදය කී යළි පිහිටුවන්න,
Response,ප්රතිචාරය,
Response Type,ප්රතිචාර වර්ගය,
Restored,නැවත,
Restrict IP,IP සීමා,
Restrict To Domain,වසම් සීමා කිරීම,
Restrict to Domain,වසම් සීමා,
Restrict user from this IP address only. Multiple IP addresses can be added by separating with commas. Also accepts partial IP addresses like (111.111.111),මෙම අන්තර්ජාල ලිපිනය පමණක් පරිශීලක සීමා කරන්න. බහු IP ලිපිනයන් කොමා වෙන් කරන්න එකතු කළ හැක. ද (111.111.111) වැනි අර්ධ IP ලිපිනයන් පිළිගන්නා,
Retry,නැවත උත්සාහ කරන්න,
Reverse Icon Color,අයිකන වර්ණ ආපසු හැරවීමට,
Revert,ආපසු හරවන්න,
Revert Of,ආපසු හරවන්න,
Reverted,ආපසු හරවන ලදි,
Review,සමාලෝචනය,
Review Level,සමාලෝචන මට්ටම,
Review Levels,මට්ටම් සමාලෝචනය කරන්න,
Review Points,කරුණු සමාලෝචනය කරන්න,
Revoked,අවලංගු,
Rich Text,සරු පෙළ,
Right,අයිතිය,
Robots.txt,Robots.txt,
Role,කාර්යභාරය,
Role Name,කාර්යභාරය නම,
Role Permission for Page and Report,පිටුව හා වාර්තාව සඳහා භූමිකාව අවසරය,
Role Permissions,කාර්යභාරය අවසර,
Role Permissions Manager,කාර්යභාරය අවසර කළමනාකරු,
Role Profile,කාර්යභාරය,
Role and Level,කාර්යභාරය සහ පෙළ,
Roles,භූමිකා,
Roles Assigned,නොම්මර භූමිකා,
Roles HTML,භූමිකා HTML,
Roles Html,භූමිකාවන් Html,
Round Robin,රවුන්ඩ් රොබින්,
Route,මාර්ග,
Route History,මාර්ග ඉතිහාසය,
Route Redirects,මාර්ග යළි-යොමුවීම්,
"Route: Example ""/desk""",මාර්ගය: උදාහරණය &quot;/ මේසය&quot;,
Row Index,පේළි දර්ශකය,
Row Name,පේළි නම,
Rows Added,පේළි එකතු,
Rows Removed,ඉවත් කරන ලදි පේළි,
Rule,නීතිය,
Rule Conditions,රීති කොන්දේසි,
Rule Name,රීතියේ නම,
Rules defining transition of state in the workflow.,මෙම කාර්ය ප්රවාහ රාජ්ය සංක්රමණය නිර්වචනය නීති.,
"Rules for how states are transitions, like next state and which role is allowed to change state etc.","ඊළඟ රාජ්ය හා වන භූමිකාව රාජ්ය ආදිය වෙනස් කිරීමට ඉඩ ඇත වැනි ප්රාන්ත, සංක්රමණයන් කොච්චර වෙනුවෙන් නීති රීති",
Rules with higher priority number will be applied first.,ඉහළ ප්‍රමුඛතා අංකයක් සහිත රීති පළමුව අදාළ වේ.,
Run Jobs only Daily if Inactive For (Days),(දින) අක්‍රිය නම් දිනපතා පමණක් රැකියා ධාවනය කරන්න,
Run scheduled jobs only if checked,නියමිත රැකියා ක්රියාත්මක පරීක්ෂා නම් පමණක්,
S3 Backup Settings,S3 බැකප් සැකසුම්,
S3 Bucket Details,S3 බාල්දි විස්තර,
SMS,කෙටි පණිවිඩ,
SMS Gateway URL,කෙටි පණිවුඩ ගේට්වේ URL එක,
SMS Log,කෙටි පණිවුඩ ලොග්,
SMS Parameter,කෙටි පණිවුඩ පරාමිති,
SMS Settings,කෙටි පණිවුඩ සැකසුම්,
SMTP Settings for outgoing emails,පිටතට යන විද්යුත් ලිපි සඳහා SMTP සැකසුම්,
"SQL Conditions. Example: status=""Open""",SQL කොන්දේසි. උදාහරණය: තත්ත්වය = &quot;Open&quot;,
SSL/TLS Mode,SSL / TLS ප්‍රකාරය,
Sales Manager,අලෙවි කළමනාකරු,
Sales Master Manager,විකුණුම් මාස්ටර් කළමනාකරු,
Sales User,විකුණුම් පරිශීලක,
Salesforce,විකුණුම් බලකාය,
Salutation,ආචාර,
Sample,නියැදි,
Saturday,සෙනසුරාදා,
Save,සුරකින්න,
Scheduled,නියමිත,
Scheduled Job,උපලේඛනගත රැකියාව,
Scheduled Job Log,උපලේඛනගත රැකියා ලොගය,
Scheduled Job Type,උපලේඛනගත රැකියා වර්ගය,
Scheduled To Send,යැවීමට නියමිත,
Scheduler Event,උපලේඛනගත සිදුවීම,
Scope,විෂය පථය,
Scopes,විෂය පථ,
Script,කේත රචනය,
Script Manager,පිටපත් කළමනාකරු,
Script Report,කේත රචනය වාර්තාව,
Script Type,කේත රචනය වර්ගය,
Script to attach to all web pages.,සියලු වෙබ් පිටු සඳහා අනුයුක්ත කිරීමට කේත රචනය.,
Search Fields,සොයන්න ෆීල්ඩ්ස්,
Search Priorities,ප්‍රමුඛතා සොයන්න,
Section,අංශය,
Section Break,අංශ කඩනය,
Security Settings,ආරක්ෂක සැකසුම්,
Seen,දැක,
Seen By,වන විට දැක,
Seen By Table,වගුව මගින් දැක,
Select,තෝරන්න,
Select Dashboard,උපකරණ පුවරුව තෝරන්න,
Select Date Range,දිනය පරාසය තෝරන්න,
Select DocType,DocType තෝරන්න,
Select Doctype,DocType තෝරන්න,
Select Transaction,ගනුදෙනු තෝරන්න,
Select an image of approx width 150px with a transparent background for best results.,දළ වශයෙන් පළල 150px හොඳම ප්රතිඵල සඳහා විනිවිද පෙනෙන පසුබිම් සමග රූපයක් තෝරා ගන්න.,
Select the label after which you want to insert new field.,ඔබට නව ක්ෂේත්ර ඇතුළු කිරීමට අවශ්ය කළ පසු ලේබලය තෝරන්න.,
Send After,පසු යවන්න,
Send Alert On,සීරුවෙන් යවන්න,
Send Email Alert,Email Alert යවන්න,
Send Email Print Attachments as PDF (Recommended),PDF ලෙස විද්යුත් මුද්රණය ඇමුණුම් යවන්න (නිර්දේශිත),
Send Email for Successful Backup,සාර්ථක Backup සඳහා ඊ-තැපෑල යවන්න,
Send Email for Successful backup,සාර්ථක Backup සඳහා ඊ-තැපෑල යවන්න,
Send Me A Copy of Outgoing Emails,පිටතට යන විද්යුත් තැපැල් පිටපතක් මට එවන්න,
Send Notification To,දැනුම්දීම යවයි,
Send Notification to,දැනුම්දීම යවයි,
Send Notifications For Documents Followed By Me,මා විසින් අනුගමනය කරන ලද ලේඛන සඳහා දැනුම්දීම් යවන්න,
Send Notifications For Email Threads,ඊමේල් නූල් සඳහා දැනුම්දීම් යවන්න,
Send Notifications To,කිරීම සඳහා නිෙව්දන යවන්න,
Send Print as PDF,PDF ලෙස මුද්රණය යවන්න,
Send System Notification,පද්ධති දැනුම්දීම යවන්න,
Send To All Assignees,සියලුම පැවරුම්කරුවන් වෙත යවන්න,
Send Unsubscribe Link,"වනවාද, Link යවන්න",
Send Welcome Email,ඔබ සාදරයෙන් පිළිගනිමු විද්යුත් යවන්න,
Send alert if date matches this field's value,දිනය මෙම ක්ෂේත්රය වටිනාකම තරග නම් සීරුවෙන් යවන්න,
Send alert if this field's value changes,නම් මෙම ක්ෂේත්රය වටිනාකම වෙනස්කම් සීරුවෙන් යවන්න,
Send an email reminder in the morning,උදෑසන ඊ-තැපැල් මතක් යවන්න,
Send days before or after the reference date,දින සමුද්දේශ දිනට පෙර හෝ පසු යවන්න,
Send enquiries to this email address,මෙම ඊ-තැපැල් ලිපිනය විමසා යවන්න,
Send only if there is any data,ඕනෑම දත්ත නොමැති නම් පමණක් පෙන්වන්න,
Send unsubscribe message in email,"විද්යුත් තැපැල් වනවාද, ට පණිවුඞයක් යවන්න",
Sender,යවන්නාගේ,
Sender Email,විද්යුත් තැපෑල,
Sender Name,යවන්නාගේ නම,
Sendgrid,Sendgrid,
Sending,යැවීම,
Sent,එවා,
Sent On,දා යවන,
Sent Read Receipt,එවා රිසිට්පත කියවන්න,
Sent To,කිරීම සඳහා යවා,
Sent or Received,යැවූ හෝ ලැබී,
Sent/Received Email,යැවූ / ලැබුණු ඊ-තැපෑල,
Separator,බෙදුම්කරු,
Sequence Id,අනුක්‍රමික හැඳුනුම්පත,
Series List for this Transaction,මෙම ගනුදෙනු සඳහා මාලාවක් ලැයිස්තුව,
Server Action,සේවාදායක ක්‍රියාව,
Server IP,සර්වර IP,
Server Script,සේවාදායක පිටපත,
Service,සේවය,
Session Default,සැසිය පෙරනිමි,
Session Default Settings,සැසි පෙරනිමි සැකසුම්,
Session Defaults,සැසි පෙරනිමි,
Set Banner from Image,රූප සිට බැනරය සකසන්න,
"Set Default Options for all charts on this Dashboard (Ex: ""colors"": [""#d1d8dd"", ""#ff5858""])","මෙම උපකරණ පුවරුවේ සියලුම ප්‍රස්ථාර සඳහා පෙරනිමි විකල්ප සකසන්න (උදා: &quot;වර්ණ&quot;: [&quot;# d1d8dd&quot;, &quot;# ff5858&quot;])",
Set New Password,අලුත් රහස් වචනයක්,
Set Property After Alert,ඉඩකඩම් සකසන්න ඇලර්ට් පසු,
Set Role For,සඳහා Set කාර්යභාරය,
Set Value,සකසන්න අගය,
Set non-standard precision for a Float or Currency field,එය පදනම් වන්නෙනම් හෝ ව්යවහාර මුදල් ක්ෂේත්රයේ සම්මත නොවන නිරවද්යතාව සකසන්න,
Settings,සැකසුම්,
Settings Dropdown,සැකසුම් පහත වැටීම,
Settings for Contact Us Page,සඳහා අප අමතන්න පිටුව සැකසුම්,
Settings for the About Us Page,මෙම අප ගැන පිටුව සඳහා සැකසුම්,
Setup,පිහිටුවීම,
Setup Complete,setup සම්පූර්ණ,
Setup Wizard,පිහිටුවීමේ කාර්ය්ය,
Share,බෙදාගන්න,
Shared,හවුල්,
Shipping,නාවික,
Shop,වෙළඳසැල්,
Short Name,කෙටි නම,
Shortcuts,කෙටිමං,
Show Attachments,ඇමුණුම් පෙන්වන්න,
Show Dashboard,උපකරණ පුවරුව පෙන්වන්න,
Show Document,ලේඛනය පෙන්වන්න,
Show Failed Logs,අසාර්ථක ලොග් පෙන්වන්න,
Show Form Tour,පෝරම චාරිකාව පෙන්වන්න,
Show Full Error and Allow Reporting of Issues to the Developer,පූර්ණ දෝෂ පෙන්වන්න හා සංවර්ධක කිරීමට ගැටළු පිළිබඳ වාර්තා ඉඩ දෙන්න,
Show Full Form?,සම්පූර්ණ පෝරමය පෙන්වන්න?,
Show Line Breaks after Sections,අංශ පසු පෙන්වන්න ලයින්,
Show Percentage Stats,ප්‍රතිශත සංඛ්‍යාලේඛන පෙන්වන්න,
Show Preview Popup,පෙරදසුන උත්පතන පෙන්වන්න,
Show Report,වාර්තාව පෙන්වන්න,
Show Section Headings,වගන්තිය ශීර්ෂ පෙන්වන්න,
Show Sidebar,වැඩේටත් පෙන්වන්න,
Show Title,හිමිකම් පෙන්වන්න,
Show as cc,cc ලෙස පෙන්වන්න,
Show full form instead of a quick entry modal,ඉක්මන් ඇතුළත් කිරීමේ ක්‍රමයක් වෙනුවට සම්පූර්ණ පෝරමය පෙන්වන්න,
Show in Module Section,මොඩියුලය වගන්තිය පෙන්වන්න,
Show in filter,පෙරණය තුළ පෙන්වන්න,
Show percentage difference according to this time interval,මෙම කාල පරතරය අනුව ප්‍රතිශත වෙනස පෙන්වන්න,
"Show title in browser window as ""Prefix - title""",බ්රව්සර් කවුළුවක මාතෘකාව ලෙස පෙන්වන්න &quot;උපසර්ගය - මාතෘකාව&quot;,
Sidebar Items,වැඩේටත් අයිතම,
Sidebar Settings,වැඩේටත් සැකසුම්,
Sidebar and Comments,පැති තීරුවේ සහ අදහස්,
Signature,අත්සන,
"Simple Python Expression, Example: Status in (""Closed"", ""Cancelled"")","සරල පයිතන් ප්‍රකාශනය, උදාහරණය: තත්වය (&quot;සංවෘත&quot;, &quot;අවලංගු කරන ලදි&quot;)",
"Simple Python Expression, Example: Status in (""Invalid"")","සරල පයිතන් ප්‍රකාශනය, උදාහරණය: තත්වය (&quot;අවලංගු&quot;)",
"Simple Python Expression, Example: status == 'Open' and type == 'Bug'","සරල පයිතන් ප්‍රකාශනය, උදාහරණය: තත්වය == &#39;විවෘත&#39; සහ == &#39;දෝෂය&#39; ටයිප් කරන්න",
Simultaneous Sessions,සමගාමී සැසිවාරය,
Single Types have only one record no tables associated. Values are stored in tabSingles,තනි වර්ග කිසිදු වගු සම්බන්ධ එකම එක වාර්තාවක් ඇත. වටිනාකම් tabSingles ගබඩා කර ඇත,
Skip Authorization,බලය පැවරීමේ සිංහල,
Skype,ස්කයිප්,
Slack,ස්ලැක්,
Slack Channel,ස්ලක් චැනල්,
Slack Webhook URL,Slack වෙබ්ක්රමය URL,
Slideshow,විනිවිදක දර්ශනය,
Slideshow Items,විනිවිදක දර්ශනය අයිතම,
Slideshow Name,විනිවිදක දර්ශනය නම,
Slideshow like display for the website,වෙබ් අඩවිය සඳහා ප්රදර්ශනය වැනි විනිවිදක දර්ශනය,
Small Text,කුඩා පෙළ,
Smallest Currency Fraction Value,ලොව කුඩාම ව්යවහාර මුදල් භාගය අගය,
Smallest circulating fraction unit (coin). For e.g. 1 cent for USD and it should be entered as 0.01,ලොව කුඩාම සංසරණය භාගය ඒකකය (කාසියක්). ඇමරිකානු ඩොලර් මිලියන සඳහා උදා: 1 සියයට සඳහා සහ එය 0.01 ලෙස දැක්විය යුතුයි,
Social,සමාජ,
Social Link Settings,සමාජ සබැඳි සැකසුම්,
Social Link Type,සමාජ සම්බන්ධක වර්ගය,
Social Login Key,සමාජ ලොගිනය,
Social Login Provider,සමාජ ආරක්ෂණ සැපයුම්කරු,
Social Logins,සමාජ ලොග්,
Soft-Bounced,මෘදු-පොළා,
Sort Field,වර්ග ක්ෂේත්ර,
Sort Order,වර්ග නියමය,
Source,මූලාශ්රය,
Source Name,මූලාශ්රය නම,
Source Text,මූලාශ්ර පෙළ,
Spam,ආයාචිත තැපැල්,
SparkPost,SparkPost,
Standard,සම්මත,
Standard Sidebar Menu,සම්මත වැඩේටත් මෙනුව,
Start Date,ආරම්භක දිනය,
Start Date Field,ආරම්භක දිනය ක්ෂේත්රය,
Start Time,ආරම්භක වේලාව,
StartTLS,ආරම්භක ටීඑල්එස්,
Started,ආරම්භ විය,
Starts on,මත ආරම්භ,
State,රජයේ,
State/Province,රාජ්ය / පළාත,
States,ජනපදය,
Static Parameters,ස්ථිතික පරාමිතීන්,
Stats,සංඛ්‍යාලේඛන,
Stats Time Interval,සංඛ්‍යාලේඛන කාල පරතරය,
Status,තත්ත්වය,
Step,පියවර,
Steps,පියවර,
Stopped,නතර,
Stores the JSON of last known versions of various installed apps. It is used to show release notes.,ගබඩා විවිධ ස්ථාපිත යෙදුම් අවසන්වරට අනුවාදයන් වන JSON. එය නිකුතු සටහන් පෙන්වන්න භාවිතා වේ.,
Style,ස්ටයිල්,
Style Settings,ස්ටයිල් සැකසුම්,
"Style represents the button color: Success - Green, Danger - Red, Inverse - Black, Primary - Dark Blue, Info - Light Blue, Warning - Orange","ස්ටයිල් බොත්තම වර්ණ නියෝජනය: සාර්ථක - හරිත, අනතුරුදායක - රතු, ප්රතිලෝම - කළු, ප්රාථමික - තද නිල්, තොරතුරු - ලා නිල්, අවවාදයයි - ඔරේන්ජ්",
Stylesheet,ස්ටයිල් ෂීට්,
"Sub-currency. For e.g. ""Cent""",උප-ව්යවහාර මුදල්. උදා: &quot;Cent&quot; සඳහා,
Sub-domain provided by erpnext.com,erpnext.com විසින් සපයන උප-වසම්,
Subdomain,අමානුෂිකය,
Subject,විෂය,
Subject Field,විෂය ක්ෂේත්රය,
Submit,ඉදිරිපත්,
Submit After Import,ආයාත කිරීමෙන් පසු ඉදිරිපත් කරන්න,
Submitted,ඉදිරිපත්,
Subsidiary,අනුබද්ධිත සමාගමක්,
Subtitle,උපසිරැසි,
Success,සාර්ථකත්වය,
Success Action,සාර්ථක ක්රියාකාරීත්වය,
Success Message,සාර්ථකත්වය පණිවුඩය,
Success URL,සාර්ථකත්වය URL එක,
Sum,එකතුව,
Sunday,ඉරිදා,
Symbol,සංකේතය,
Sync,සමමුහුර්ත කරන්න,
Sync with Google Calendar,ගූගල් දින දර්ශනය සමඟ සමමුහුර්ත කරන්න,
Sync with Google Contacts,ගූගල් සම්බන්ධතා සමඟ සමමුහුර්ත කරන්න,
System,පද්ධතිය,
System Console,පද්ධති කොන්සෝලය,
System Manager,පද්ධතිය කළමනාකරු,
System Notification,පද්ධති දැනුම්දීම,
System Page,පද්ධතිය පිටුව,
System Settings,පද්ධති සැකසීම්,
System managers are allowed by default,පද්ධති කළමනාකරුවන්ට පෙරනිමියෙන් අවසර දෙනු ලැබේ,
Table,වගුව,
Table Break,මේස විවේකය,
Table HTML,මේසය HTML,
Table MultiSelect,වගුව බහු තේරීම,
Tag,ටැගය,
Tag Link,ටැග් සබැඳිය,
Target,ඉලක්කය,
Tax Category,බදු කාණ්ඩය,
Team Members,කණ්ඩායම් සාමාජිකයින්,
Team Members Heading,කණ්ඩායම මන්ත්රීවරුන් ශීර්ෂය,
Template,සැකිල්ල,
Template Options,ආකෘති විකල්ප,
Template Warnings,ආකෘති අනතුරු ඇඟවීම්,
Text,පෙළ,
Text Align,පෙළ පෙළගස්වන්න,
Text Color,අකුරු වර්ණය,
Text Content,පෙළ අන්තර්ගත,
Text Editor,පෙළ කර්තෘ,
The name that will appear in Google Calendar,ගූගල් දින දර්ශනයේ දිස්වන නම,
The user from this field will be rewarded points,මෙම ක්ෂේත්‍රයේ පරිශීලකයාට ප්‍රතිලාභ ලකුණු ලැබේ,
The webhook will be triggered if this expression is true,මෙම ප්‍රකාශනය සත්‍ය නම් වෙබ්හුක් අවුලුවනු ඇත,
Theme,තේමාව,
Theme Configuration,තේමා වින්‍යාසය,
Theme URL,තේමා URL,
These values will be automatically updated in transactions and also will be useful to restrict permissions for this user on transactions containing these values.,මෙම අගයන් ස්වයංක්රීයව ගනුදෙනු යාවත්කාලීන කිරීම ද සිදු කරනු ලැබේ ද මෙම අගයන් අඩංගු ගනුදෙනු මත මෙම පරිශීලකයා සඳහා අවසර සීමා කිරීමට ප්රයෝජනවත් වනු ඇත.,
Third Party Authentication,තුන්වන පක්ෂය තහවුරු කරගැනීමේ,
This card will be available to all Users if this is set,මෙය සකසා ඇත්නම් මෙම කාඩ්පත සියලුම පරිශීලකයින්ට ලබා ගත හැකිය,
This chart will be available to all Users if this is set,මෙය සකසා ඇත්නම් මෙම වගුව සියලුම පරිශීලකයින්ට ලබා ගත හැකිය,
This format is used if country specific format is not found,රටේ විශේෂ හැඩතල දක්නට නොලැබේ නම් මෙම ආකෘතිය භාවිතා කරයි,
This goes above the slideshow.,මෙය අතිබහුතරයකගේ ඉහත යයි.,
This is an example Google SERP Preview.,මෙය Google SERP පෙරදසුනකි.,
This is the number of the last created transaction with this prefix,මෙය මේ උපසර්ගය සහිත පසුගිය නිර්මාණය ගනුදෙනුව සංඛ්යාව වේ,
This will be shown in a modal after routing,මාර්ගගත කිරීමෙන් පසු මෙය මොඩලයකින් පෙන්වනු ඇත,
This will be shown to the user in a dialog after routing to the report,වාර්තාව වෙත යොමු කිරීමෙන් පසුව මෙය සංවාදයකින් පරිශීලකයාට පෙන්වනු ඇත,
Thumbnail URL,සිඟිති-රූපය URL එක,
Thursday,බ්රහස්පතින්දා,
Time,කාලය,
Time Format,කාල ආකෘතිය,
Time Interval,කාල විරාමය,
Time Series,කාල ශ්‍රේණිය,
Time Series Based On,කාල ශ්‍රේණි පදනම් කරගෙන,
Time Zone,වේලා කලාපය,
Time Zones,වේලා කලාප,
Time format,කාල ආකෘතිය,
Time in seconds to retain QR code image on server. Min:<strong>240</strong>,සේවාදායකයේ QR කේත ප්රතිරූපය රඳවා තබා ගැනීම සඳහා තත්පර තුළ වේ. අවම වශයෙන් <strong>240</strong>,
Timeline,කාල නියමය,
Timeline DocType,කාල නියමය DocType,
Timeline Field,කාල නියමය ක්ෂේත්ර,
Timeline Links,කාලරාමු සබැඳි,
Timeline Name,කාල නියමය නම,
Timeseries,ටයිමරීස්,
Timespan,ටයිපේpan,
Timestamp,අවකාශය ඇත්තේ පාලකයන්ට,
Title,ශීර්ෂය,
Title Field,මාතෘකාව ක්ෂේත්ර,
Title Prefix,මාතෘකාව උපසර්ගය,
To,වෙත,
To Date,අදට,
To Date Field,ක්ෂේත්‍රය දක්වා,
To and CC,කිරීමට සහ සීසී,
"To use Slack Channel, add a <a href=""#List/Slack%20Webhook%20URL/List"">Slack Webhook URL</a>.","ස්ලැක් නාලිකාව භාවිතා කිරීමට, <a href=""#List/Slack%20Webhook%20URL/List"">ස්ලැක් වෙබ්හුක් URL එකක්</a> එක් කරන්න.",
ToDo,ToDo,
Token,සංකේත,
Top,ඉහළට,
Top Bar Item,Top නීතිඥ අයිතමය,
Top Bar Items,Top නීතිඥ අයිතම,
Topic,මාතෘකාව,
Total Subscribers,මුළු පැකේජය,
Total number of emails to sync in initial sync process ,මූලික සමමුහුර්ත ක්රියාවලිය තුළ සමමුහුර්ත කිරීමට ඊ-තැපැල් සංඛ්යාව මුළු,
Traceback,traceback,
Track Changes,මාර්ගය වෙනස්,
Track Email Status,ඊ-මේල් තත්වය බලන්න,
Track Field,ධාවන පථය,
Track Seen,ධාවන දැක,
Track Views,දර්ශන බලන්න,
Track milestones for any document,ඕනෑම ලේඛනයක් සඳහා සන්ධිස්ථාන සොයා ගන්න,
Transaction Hash,ගනුදෙනුව හැෂ්,
Transaction Log,ගනුදෙනු ලොග්,
Transaction Log Report,ගනුදෙනු වාර්තා සටහන,
Transition Rules,සංක්රමණය රීති,
Transitions,සංක්රමණය,
Translatable,පරිවර්තනය කළ හැක,
Translated Text,පරිවර්තනය පෙළ,
Translation,පරිවර්තනය,
Trash,ඉවත ලන,
Tree,ගස්,
Tree structures are implemented using Nested Set,ගස් ව්‍යුහයන් ක්‍රියාත්මක වන්නේ නෙස්ටඩ් සෙට් භාවිතයෙන් ය,
Trigger Method,කොකා ක්රමය,
"Trigger on valid methods like ""before_insert"", ""after_update"", etc (will depend on the DocType selected)","&quot;Before_insert&quot;, &quot;after_update&quot; වැනි වලංගු ක්රම පිළිබඳ කොකා, ආදිය (තෝරාගත් DocType මත රඳා පවතී)",
Tuesday,අඟහරුවාදා,
Two Factor Authentication,ෆැක්ටර් සත්යාපනය දෙකක්,
Two Factor Authentication method,සාධක සහතික කිරීමේ ක්රම දෙකක්,
Type,වර්ගය,
UID,UID,
UIDNEXT,UIDNEXT,
UIDVALIDITY,UIDVALIDITY,
UNSEEN,ගුප්ත ඥාණය,
URL,URL එක,
URL for documentation or help,ප්‍රලේඛනය හෝ උදව් සඳහා URL,
URL to go to on clicking the slideshow image,විනිවිදක රූපය ක්ලික් කිරීම සඳහා ඉදිරියට යාමට URL,
Unassign Condition,කොන්දේසි විරහිත තත්වය,
Unhandled Email,Unhandled විද්යුත්,
Unique,අද්විතීය,
Unread,නොකියවූ,
Unread Notification Sent,නොකියවූ නිවේදනය යැවූ,
Unshared,ලබා ගත් එක්ම,
Unsubscribe Method,"වනවාද, ක්රමය",
Unsubscribe Param,"වනවාද, Param",
Unsubscribed,කෙරෙනු,
Update,යාවත්කාලීන,
Update Existing Records,පවතින වාර්තා යාවත්කාලීන කරන්න,
Update Field,යාවත්කාලීන ක්ෂේත්ර,
Update Series Number,යාවත්කාලීන ශ්රේණි අංකය,
Update Settings,සැකසුම් යාවත්කාලීන කරන්න,
Update Value,යාවත්කාලීන කළ අගය,
Updated,යාවත්කාලීන කිරීම,
Uploaded To Dropbox,Dropbox වෙත උඩුගත කර ඇත,
Uploaded To Google Drive,ගූගල් ඩ්‍රයිව් වෙත උඩුගත කරන ලදි,
Use % for any non empty value.,හිස් නොවන ඕනෑම අගයක් සඳහා% භාවිතා කරන්න.,
Use ASCII encoding for password,මුරපදය සඳහා ASCII කේතනය භාවිතා කරන්න,
Use IMAP,IMAP භාවිතා කරන්න,
Use POST,POST භාවිතා කරන්න,
Use Report Chart,වාර්තා සටහන භාවිතා කරන්න,
Use SSL,SSL භාවිතා කරන්න,
Use TLS,TLS භාවිතා කරන්න,
Use this fieldname to generate title,මාතෘකාව නිර්මාණය කිරීමට මෙම fieldname භාවිතා කරන්න,
User,පරිශීලක,
User ,පරිශීලක,
User Agent,පරිශීලක නියෝජිත,
User Cannot Create,පරිශීලක නිර්මාණය කළ නොහැක,
User Cannot Search,පරිශීලක සොයන්න නොහැක,
User Defaults,පරිශීලක Defaults,
User Details,පරිශීලක විස්තර,
User Email,පරිශීලක විද්යුත්,
User Emails,පරිශීලක විද්යුත් තැපැල් පණිවුඩ,
User Field,පරිශීලක ක්ෂේත්‍රය,
User ID,පරිශීලක ID,
User ID Property,පරිශීලක හැඳුනුම්පත් දේපල,
User ID of a Blogger,එය Blogger හි පරිශීලක අනන්යාංකය,
User Id,පරිශීලක ID,
User Image,පරිශීලක රූප,
User Name,පරිශීලක නාමය,
User Permission,පරිශීලක අවසරය,
User Profile,පරිශීලක පැතිකඩ,
User Social Login,පරිශීලක සමාජ ලොගින්වීම,
User Tags,පරිශීලක ඇමිණුම්,
User Type,පරිශීලක වර්ගය,
User can login using Email id or Mobile number,පරිශීලක විද්යුත් id හෝ ජංගම දුරකතන අංකය භාවිතා එහෙමවත්,
User can login using Email id or User Name,පරිශීලක නාමය හෝ ඊමේල් හැඳුනුම් නාමය හෝ පරිශීලක නාමය භාවිතා කළ හැක,
User must always select,පරිශීලක සෑම විටම තෝරාගත යුතුය,
Username,පරිශීලක නාමය,
Users,පරිශීලකයන්,
Users assigned to the reference document will get points.,යොමු ලේඛනයට අනුයුක්ත කර ඇති පරිශීලකයින්ට ලකුණු ලැබෙනු ඇත.,
Valid,වලංගු,
Validate Field,ක්ෂේත්‍රය වලංගු කරන්න,
Validity,වලංගු,
Value,වටිනාකම,
Value Based On,වටිනාකම මත පදනම්ව,
Value Change,අගය වෙනස්,
Value Changed,අගය වෙනස්,
Value To Be Set,අගය සකස් කළ යුතු,
Value from this field will be set as the due date in the ToDo,මෙම ක්ෂේත්‍රයේ වටිනාකම ToDo හි නියමිත දිනය ලෙස සකසනු ලැබේ,
Value to Validate,වලංගු කිරීමේ වටිනාකම,
Verdana,Verdana,
Verified,සත්‍යාපනය,
Version,පිටපත,
Video URL,වීඩියෝ URL,
View,දැක්ම,
View Log,ලඝු සටහන බලන්න,
View Properties (via Customize Form),දැක්ම Properties (Customize ආකෘතිය හරහා),
View Report,වාර්තාව බලන්න,
View Settings,සැකසුම් බලන්න,
View Website,දැක්ම වෙබ් අඩවිය,
Viewed By,නරඹන ලද්දේ,
Visit,සංචාරය,
Warehouse,පොත් ගබඩාව,
Warning,අවවාදයයි,
Watch Video,වීඩියෝව නරඹන්න,
Web Form,වෙබ් ආකෘති පත්රය,
Web Form Field,වෙබ් ආකෘති පත්රය ක්ෂේත්ර,
Web Form Fields,වෙබ් ආකෘති පත්රය ෆීල්ඩ්ස්,
Web Page,වෙබ් පිටුව,
Web Page Block,වෙබ් පිටු වාරණය,
Web Page View,වෙබ් පිටු දසුන,
Web Template,වෙබ් අච්චුව,
Web Template Field,වෙබ් ආකෘති ක්ෂේත්‍රය,
Web Template Values,වෙබ් ආකෘති වටිනාකම්,
Web View,වෙබ් දැක්ම,
Webhook,වෙබ්හූක්,
Webhook Data,වෙබ් කඩු දත්ත,
Webhook Header,වෙබ් කූඩර් ශීර්ෂකය,
Webhook Headers,වෙබ් ෂූකෝ ශීර්ෂක,
Webhook Request,වෙබ් ෂෝක ඉල්ලීම,
Webhook Secret,වෙබ්හුක් රහස,
Webhook Security,වෙබ්හුක් ආරක්ෂාව,
Webhook Trigger,වෙබ්හුක් ප්‍රේරකය,
Webhook URL,වෙබ්ක්රමය URL,
Website,වෙබ් අඩවිය,
Website Analytics,වෙබ් අඩවි විශ්ලේෂණ,
Website Manager,වෙබ් අඩවිය කළමනාකරු,
Website Meta Tag,වෙබ් අඩවිය මෙටා ටැගය,
Website Route Meta,වෙබ් අඩවි මාර්ගය මෙටා,
Website Route Redirect,වෙබ් අඩවි මාර්ගය යළි-යොමුවීම,
Website Script,වෙබ් අඩවිය කේත රචනය,
Website Settings,වෙබ් අඩවිය සැකසුම්,
Website Sidebar,වෙබ් අඩවිය වැඩේටත්,
Website Sidebar Item,වෙබ් අඩවිය වැඩේටත් අයිතමය,
Website Slideshow,වෙබ් අඩවිය විනිවිදක දර්ශනය,
Website Slideshow Item,වෙබ් අඩවිය විනිවිදක දර්ශනය අයිතමය,
Website Theme,වෙබ් අඩවිය තේමාව,
Website Theme Ignore App,වෙබ් අඩවි තේමාව යෙදුම නොසලකා හරින්න,
Website Theme Image,වෙබ් අඩවිය තේමාව රූප,
Website Theme Image Link,වෙබ් අඩවිය තේමාව රූප ලින්ක්,
Wednesday,බදාදා,
Weekdays,සතියේ දිනවල,
Weekly,සතිපතා,
Weekly Long,සතිපතා දිගු,
Welcome Email Template,විද්‍යුත් තැපැල් ආකෘති සාදරයෙන් පිළිගනිමු,
"When enabled this will allow guests to upload files to your application, You can enable this if you wish to collect files from user without having them to log in, for example in job applications web form.","මෙය සක්‍රිය කළ විට අමුත්තන්ට ඔබගේ යෙදුමට ලිපිගොනු උඩුගත කිරීමට ඉඩ දෙනු ඇත, පරිශීලකයාට ලොග් නොවී ලිපිගොනු එකතු කිරීමට අවශ්‍ය නම් ඔබට මෙය සක්‍රීය කළ හැකිය, උදාහරණයක් ලෙස රැකියා යෙදුම් වෙබ් පෝරමයේ.",
Which view of the associated DocType should this shortcut take you to?,මෙම කෙටිමඟ ඔබ වෙත ගෙන යා යුත්තේ සම්බන්ධිත ඩොක්ටයිප් හි කුමන මතයද?,
Width,පළල,
Wildcard Filter,වයිල්ඩ්කාඩ් ෆිල්ටරය,
"Will add ""%"" before and after the query",විමසුමට පෙර සහ පසු &quot;%&quot; එකතු කරනු ඇත,
Will be used in url (usually first name).,url එක (සාමාන්යයෙන් පළමු නම) දී භාවිතා කරනු ඇත.,
Will run scheduled jobs only once a day for inactive sites. Default 4 days if set to 0.,අක්‍රීය අඩවි සඳහා දිනකට එක් වරක් පමණක් නියමිත රැකියා ක්‍රියාත්මක කරනු ඇත. පෙරනිමි 0 ලෙස සකසා ඇත්නම් දින 4 ක්.,
Workflow,කාර්ය ප්රවාහ,
Workflow Action,කාර්ය ප්රවාහ ක්රියාකාරී,
Workflow Action Master,කාර්ය ප්රවාහ ක්රියාකාරී මාස්ටර්,
Workflow Action Name,කාර්ය ප්රවාහ ක්රියාකාරී නම,
Workflow Action is not created for optional states,විකල්ප තත්වයන් සඳහා කාර්ය ප්‍රවාහ ක්‍රියාව නිර්මාණය නොවේ,
Workflow Document State,කාර්ය ප්රවාහ ලේඛන රාජ්ය,
Workflow Name,කාර්ය ප්රවාහ නම,
Workflow State,කාර්ය ප්රවාහ රාජ්ය,
Workflow State Field,කාර්ය ප්රවාහ රාජ්ය ක්ෂේත්ර,
Workflow Transition,කාර්ය ප්රවාහ ආන්තරික,
Workflow state represents the current state of a document.,කාර්ය ප්රවාහ රාජ්ය ලියවිල්ලක් වත්මන් රාජ්ය නියෝජනය කරයි.,
Write,ලියන්න,
X Field,X ක්ෂේත්‍රය,
XLSX,XLSX,
Y Axis,Y අක්ෂය,
Y Field,වයි ෆීල්ඩ්,
Yahoo Mail,Yahoo තැපෑල,
Yandex.Mail,Yandex.Mail,
Year,අවුරුදු,
Yearly,වාර්ෂිකව,
Yellow,කහ,
Yes,ඔව්,
Your organization name and address for the email footer.,ඊ-තැපැල් පාදකය සඳහා ඔබගේ සංවිධානයේ නම සහ ලිපිනය.,
Zero means send records updated at anytime,ශුන්ය ඕනෑම වේලාවක දී යාවත්කාලීන වාර්තා යැවීමට අදහස්,
_doctype,_doctype,
_report,_වාර්තාව,
adjust,වෙනස්,
after_insert,පසුපසට,
align-center,සන්ධානගත-මධ්යස්ථානය,
align-justify,සන්ධානගත-සාධාරණීකරණය,
align-left,සන්ධානගත වාම,
align-right,සන්ධානගත දක්ෂිනාංශික,
arrow-down,ඊතල පහළ,
arrow-left,ඊතලය වාම,
arrow-right,ඊතලය දක්ෂිනාංශික,
arrow-up,ඊතලය-අප්,
asterisk,තරු ලකුණ,
backward,පසුගාමී,
ban-circle,තහනම-රවුම,
barcode,පච්චයක්,
bell,සීනුව,
blue,නිල්,
bold,තද,
book,පොත,
bookmark,පිටු සලකුණු කිරීම,
briefcase,බෑග්,
bullhorn,bullhorn,
calendar,දින දසුන,
camera,කැමරා,
certificate,සහතිකය,
check,පරීක්ෂා කරන්න,
chevron-down,Chevron පහළ,
chevron-left,Chevron වාම,
chevron-right,Chevron දක්ෂිනාංශික,
chevron-up,Chevron-අප්,
circle-arrow-down,රවුම-ඊතල පහළ,
circle-arrow-left,රවුම-ඊතලය වාම,
circle-arrow-right,රවුම-ඊතලය දක්ෂිනාංශික,
circle-arrow-up,රවුම-ඊතලය-අප්,
cog,දැත්තක්ම,
comment,පරිකථනය,
darkgrey,darkgrey,
dd-mm-yyyy,dd-MM-දැ ෙ,
dd.mm.yyyy,dd.mm.yyyy,
dd/mm/yyyy,dd / mm / දැ ෙ,
download,බාගත,
download-alt,බාගත-alt,
"e.g. ""Support"", ""Sales"", ""Jerry Yang""","උදා: &quot;සහාය&quot;, &quot;විකුණුම්&quot;, &quot;ජෙරී යැං&quot;",
e.g. pop.gmail.com / imap.gmail.com,උදා: pop.gmail.com / imap.gmail.com,
e.g. replies@yourcomany.com. All replies will come to this inbox.,උදා: replies@yourcomany.com. සියලු පිළිතුරු මෙම එන පෙට්ටිය වෙත පැමිණ ඇත.,
e.g. smtp.gmail.com,උදා: smtp.gmail.com,
edit,සංස්කරණය කරන්න,
eject,කැරෙන,
email,විද්යුත් තැපෑල,
envelope,ලියුම් කවරයක්,
exclamation-sign,විශ්මයාර්ථ-ලකුණක්,
eye-close,ඇසින් සමීප,
eye-open,ඇසින් විවෘත,
facebook,ෆේස්බුක්,
facetime-video,facetime-වීඩියෝ,
fairlogin,සාධාරණයි,
fast-backward,වේගයෙන් පසුගාමී,
fast-forward,වේගයෙන් ඉදිරියට,
file,ගොනුව,
film,චිත්රපටය,
filter,පෙරහන,
fire,ගිනි,
flag,ධජ,
folder-close,ෆෝල්ඩරය-සමීප,
folder-open,ෆෝල්ඩරය විවෘත,
font,ෆොන්ට්,
forward,ඉදිරියට,
fullscreen,පුන් තිරය,
gift,තෑගි,
glass,වීදුරු,
globe,ලොව,
green,කොළ,
hand-down,උරුම කරනවා,
hand-left,අත වාම,
hand-right,අතින් දකුණු,
hand-up,අත උස්සන්න,
hdd,hdd,
headphones,සියළු කරුණූ හෙළිදරවි,
heart,හදවත,
home,ගෙදර,
icon,අයිකනය,
in minutes,මිනිත්තු කිහිපයකින්,
inbox,එන ලිපි,
indent-left,ඉන්ඩෙන්ට් වාම,
indent-right,ඉන්ඩෙන්ට් දක්ෂිනාංශික,
info-sign,තොරතුරු-ලකුණක්,
italic,තද පැහැ ඇළ අකුරු,
leaf,කොළ,
link,ලින්ක්,
linkedin,linkin,
list,ලැයිස්තුව,
list-alt,ලැයිස්තුව-alt,
lock,අගුලු,
magnet,චුම්භකයක්,
map-marker,සිතියම-මාකර්,
minus,ඍණ,
minus-sign,ඍණ-ලකුණක්,
mm-dd-yyyy,මි.මී.-dd-දැ ෙ,
mm/dd/yyyy,MM / DD / YYYY,
module,මොඩියුලය,
move,යන්න,
music,සංගීතය,
no failed attempts,ප්රයත්නයන් අසාර්ථක කිසිදු,
off,ලකුණු,
ok,හරි,
ok-circle,හරි-රවුම,
ok-sign,හරි-ලකුණක්,
old_parent,old_parent,
on_cancel,මත ක්ලික් කරන්න,
on_change,on_change,
on_submit,සිහිකැඳවයි,
on_trash,මත ක්ලික් කරන්න,
on_update,මත ක්ලික් කරන්න,
on_update_after_submit,on_update_after_submit,
orange,තැඹිලි,
page,පිටුව,
pause,විරාමයක්,
pencil,පැන්සල්,
picture,පින්තූරය,
plane,ගුවන් යානය,
play,නාට්යය,
play-circle,නාට්යයේ-රවුම,
plus,ප්ලස්,
plus-sign,ප්ලස්-ලකුණක්,
print,මුද්රණය,
purple,"පාට, දම් පාට",
qrcode,qrcode,
query-report,විමසුම-වාර්තාව,
question-sign,ප්රශ්නය-ලකුණක්,
random,අහඹු,
red,රතු,
refresh,නැවුම් කරන්න,
remove,ඉවත් කරන්න,
remove-circle,ඉවත්-රවුම,
remove-sign,ඉවත්-ලකුණක්,
repeat,පුනරුච්චාරණය කරන්න,
resize-full,ප්රතිප්රමාණ-සම්පූර්ණ,
resize-horizontal,ප්රතිප්රමාණ-තිරස්,
resize-small,ප්රතිප්රමාණ-කුඩා,
resize-vertical,ප්රතිප්රමාණ-සිරස්,
response,ප්‍රතිචාරය,
retweet,retweet,
road,මාර්ග,
screenshot,තිර පිටපතක්,
search,සෙවීම,
share,බෙදාගන්න,
share-alt,කොටස්-alt,
shopping-cart,සාප්පු ට්රොලිය,
signal,සංඥා,
star,තරු,
star-empty,"තරු, හිස්-",
step-backward,පියවර පසුගාමී,
step-forward,පියවරක් ඉදිරියට,
stop,නවත්වන්න,
tag,ටැග,
tags,ටැග්,
tasks,කාර්යයන්,
text-height,පෙළ-උස,
text-width,පෙළ-පළල,
th,වන,
th-large,වන-විශාල,
th-list,වන-ලැයිස්තුව,
thumbs-down,අත්පාවල පහළ,
thumbs-up,තම්බ්ස් අප්,
time,කාලය,
tint,පැහැයක් ගනී,
trash,කුණු කූඩයට,
twitter,ට්විටර්,
upload,උඩුගත කරන්න,
user,පරිශීලක,
volume-down,පරිමාව පහළ,
volume-off,පරිමාව ලකුණු,
volume-up,පරිමාව-අප්,
warning-sign,අනතුරු ඇඟවීමක්-ලකුණක්,
wrench,අඩුවක්,
yellow,කහ,
yyyy-mm-dd,දැ ෙ-MM-dd,
zoom-in,සූම්-තුළ,
zoom-out,සූම් අවුට්,
