"""Company History""","""História organizácie""",
"""Team Members"" or ""Management""","""Členovia tímu"" alebo ""Vedenie""",
&lt;head&gt; HTML,&lt;head&gt; HTML,
**Currency** Master,** Mena ** Hlavná,
0 - Draft; 1 - Submitted; 2 - Cancelled,0 - Rozpracované; 1 - Odoslané; 2 - Zrušené,
0 is highest,0 je najvyššie,
A list of resources which the Client App will have access to after the user allows it.<br> e.g. project,"Zoznam zdrojov, ktoré Klient App bude mať prístup k potom, čo ho užívateľ dovolí. <br> napríklad projekt",
A symbol for this currency. For e.g. $,"Symbol této měny,  např. $",
A4,A4,
ALL,Vše,
API,API,
API Access,Prístup API,
API Endpoint,Koncový bod rozhrania API,
API Endpoint Args,API Endpoint Args,
API Key,kľúč API,
API Method,Metóda API,
API Secret,API Secret,
ASC,ASC,
About Us Settings,Nastavenie O nás,
About Us Team Member,O nás – člen týmu,
Access Key ID,Identifikátor prístupového kľúča,
Access Key Secret,Tajomstvo prístupového kľúča,
Access Log,Prístupový denník,
Access Token,Přístupový Token,
Access Token URL,Prístupová adresa Token,
Account,účet,
Accounts Manager,Manažér účtov,
Accounts User,Uživatel Účtů,
Action,Akce,
Action / Route,Akcia / trasa,
Action Timeout (Seconds),Akčný časový limit (sekundy),
Action Type,Typ akcie,
Actions,Akcie,
Active,Aktívny,
Active Domains,Aktívne domény,
Activity Log,Aktivita Log,
Add Container,Pridajte kontajner,
Add Custom Tags,Pridajte vlastné značky,
Add Gray Background,Pridajte sivé pozadie,
Add Signature,Priložiť podpis,
Add Total Row,Pridať riadok celkom,
Add Unsubscribe Link,Pridať odkaz pre odhlásenie,
"Added HTML in the &lt;head&gt; section of the web page, primarily used for website verification and SEO","Pridané HTML do sekcie &lt;head&gt; webovej stránky, používané najmä pre overovanie webových stránok a SEO",
Additional Permissions,Rozšířená oprávnění,
Address,Adresa,
Address And Contacts,Adresa a kontakty,
Address Line 1,Riadok adresy 1,
Address Line 2,Riadok adresy 2,
Address Template,Šablona adresy,
Address Title,Označenie adresy,
Address Type,Typ adresy,
Address and other legal information you may want to put in the footer.,"Adresa a další formální informace, které byste rádi uvedli v zápatí.",
Addresses And Contacts,Adresy a kontakty,
Adds a custom field to a DocType,Přidá přizpůsobené pole do DocType,
Administrator,Správce,
Advanced,Pokročilé,
Advanced Control,Rozšírené ovládanie,
Advanced Settings,Pokročilé nastavenia,
After Cancel,Po zrušení,
After Delete,Po odstránení,
After Save,Po uložení,
After Save (Submitted Document),Po uložení (predložený dokument),
After Submit,Po odoslaní,
Aggregate Function Based On,Agregovaná funkcia založená na,
Alert,Výstraha,
Align Labels to the Right,Zarovnajte štítky vpravo,
Align Right,Zarovnať správne,
All,ALL,
All Day,Celý den,
Allocated To,Pridelené na,
Allot Points To Assigned Users,Pridelte body priradeným používateľom,
Allow,dovoliť,
Allow Auto Repeat,Povoliť automatické opakovanie,
Allow Bulk Edit,Povoliť hromadnú úpravu,
Allow Comments,Povolit komentáre,
Allow Consecutive Login Attempts ,Povoliť pokusy o konsolidované prihlásenie,
Allow Delete,Povolit mazání,
Allow Dropbox Access,Povolit přístup Dropbox,
Allow Guest,Povoliť hosťa,
Allow Guest to View,Dovoliť hosťami zobraziť,
Allow Guests to Upload Files,Povoliť hosťom odovzdávanie súborov,
Allow Import (via Data Import Tool),Umožniť import (pomocou Import dát Tool),
Allow Incomplete Forms,Umožniť Neúplné formuláre,
Allow Login After Fail,Povoliť prihlásenie po zlyhaní,
Allow Login using Mobile Number,Povoliť prihlásenie pomocou čísla mobilného telefónu,
Allow Login using User Name,Povoliť prihlásenie pomocou používateľského mena,
Allow Modules,Povoliť moduly,
Allow Print,umožňujú tlač,
Allow Print for Cancelled,Umožňujú tlač pre Vypustený,
Allow Print for Draft,Umožňujú tlač pre Draft,
Allow Read On All Link Options,Povoliť prečítať všetky možnosti odkazu,
Allow Rename,Povolit přejmenování,
Allow Roles,povoliť role,
Allow Self Approval,Povolenie vlastného schválenia,
Allow approval for creator of the document,Povoliť schválenie pre tvorcu dokumentu,
Allow document creation via Email,Povoliť vytváranie dokumentov prostredníctvom e-mailu,
Allow events in timeline,Povoliť udalosti v časovej osi,
Allow in Quick Entry,Povoliť v rýchlom zadaní,
Allow on Submit,Povolit při Odeslání,
Allow only one session per user,Umožňujú len jednu reláciu na jedného používateľa,
Allow page break inside tables,Dovoliť koniec stránky vnútri tabuľky,
Allow saving if mandatory fields are not filled,"Umožniť ukladanie, ak povinné polia nie sú vyplnené",
Allow user to login only after this hour (0-24),Povolit uživateli se přihlásit pouze po této hodině (0-24),
Allow user to login only before this hour (0-24),Povolit uživatelům přihlásit pouze před tuto hodinu (0-24),
Allowed,Povoleno,
Allowed In Mentions,Povolené v správach,
"Always add ""Draft"" Heading for printing draft documents",Vždy pridať &quot;Koncept&quot; Okruh pre tlač konceptov dokumentov,
Amend,Změnit,
Amended From,Platném znění,
An icon file with .ico extension. Should be 16 x 16 px. Generated using a favicon generator. [favicon-generator.org],Ikonu súboru s príponou ICO. Mal by byť 16 x 16 px. Generovaný pomocou favicon generátora. [favicon-generator.org],
Analytics,analytika,
Annual,Roční,
Anonymous,anonymný,
Any string-based printer languages can be used. Writing raw commands requires knowledge of the printer's native language provided by the printer manufacturer. Please refer to the developer manual provided by the printer manufacturer on how to write their native commands. These commands are rendered on the server side using the Jinja Templating Language.,"Možno použiť ľubovoľný jazyk tlačiarne založený na reťazcoch. Písanie prvotných príkazov vyžaduje znalosť rodného jazyka tlačiarne poskytovaného výrobcom tlačiarne. Informácie o tom, ako napísať ich pôvodné príkazy, nájdete v príručke pre vývojárov od výrobcu tlačiarne. Tieto príkazy sa vykresľujú na strane servera pomocou jazyka Templing Jinja.",
App,app,
App Access Key,Access Key App,
App Client ID,ID aplikácie klienta,
App Client Secret,App Client Secret,
App Name,Názov aplikácie,
App Secret Key,App Secret Key,
Append Emails to Sent Folder,Pripojte e-maily k odoslanému priečinku,
Append To,Připojit k,
Applicable For,Použitelné pro,
Application Logo,Logo aplikácie,
Application Name,Názov aplikácie,
Application Version,Verzia aplikácie,
Applied On,Aplikované dňa,
Apply Document Permissions,Použiť povolenia dokumentu,
Apply Only Once,Prihláste sa iba raz,
Apply Strict User Permissions,Používajte prísne oprávnenia používateľa,
Apply To All Document Types,Použiť na všetky typy dokumentov,
Apply this rule if the User is the Owner,"Použiť toto pravidlo v prípade, že používateľ je vlastníkom",
Apply this rule only once per document,Toto pravidlo platí iba pre jeden dokument,
Appreciation,ocenenie,
Archived,Archivovaných,
Arial,Arial,
Assign Condition,Priradiť podmienku,
Assign To Users,Priradiť používateľom,
Assigned,pridelených,
Assigned By,pridelené (kým),
Assigned By Full Name,Pridelené Celé meno,
Assignment,úloha,
Assignment Completed,priradenie Dokončené,
Assignment Days,Dni priradenia,
Assignment Rule,Pravidlo priradenia,
Assignment Rule Day,Deň pravidla pridelenia,
Assignment Rule User,Používateľ pravidla priradenia,
Assignment Rules,Pravidlá priradenia,
Assignments,priradenie,
Attach,Priložiť,
Attach Image,Pripojiť obrázok,
Attach Print,Pripojiť Tlač,
Attached File,Priložený súbor,
Attached To DocType,Přiloženo k DocType,
Attached To Field,Priložené k poľu,
Attached To Name,Přiloženo jménu,
Attachment,Príloha,
Attachment Limit (MB),Omezit přílohu (MB),
Attachment Link,Odkaz na prílohu,
Attachment Removed,Príloha bola odobraná,
Attachments,Přílohy,
Auth URL Data,Auth URL URL,
Authentication,overenie pravosti,
Author,autor,
Authorization Code,autorizačný kód,
Authorize API Indexing  Access,Autorizujte prístup k indexovaniu API,
Authorize Google Calendar Access,Autorizujte prístup do Kalendára Google,
Authorize Google Contacts Access,Autorizujte prístup Google Contacts,
Authorize Google Drive Access,Autorizujte prístup na Disk Google,
Authorize URL,Povolenie adresy URL,
Authorized,oprávnený,
Auto,auto,
Auto Email Report,Auto Email Report,
Auto Name,Automatický názov,
Auto Repeat,Automatické opakovanie,
Auto Reply Message,Správa automatickej odpovede,
Automatically Assign Documents to Users,Automaticky priraďovať dokumenty používateľom,
Automation,automatizácia,
Avatar,Avatar,
Average,priemerný,
Awaiting Password,Čaká na heslo,
Awaiting password,čaká sa Heslo,
BCC,BCC,
Background Color,Farba pozadia,
Background Workers,Pracovníci v pozadí,
Backup Details,Podrobnosti zálohy,
Backup Files,Zálohovanie súborov,
Backup Folder ID,ID záložnej zložky,
Backup Folder Name,Názov záložnej zložky,
Backup Frequency,Frekvencia zálohovania,
Backup public and private files along with the database.,Zálohujte verejné a súkromné súbory spolu s databázou.,
Backups,zálohy,
Banner,Banner,
Banner HTML,Banner HTML,
Banner Image,Obrázok banneru,
Banner is above the Top Menu Bar.,Banner je nad horní lištou menu.,
Bar,bar,
Barcode,čiarový kód,
Base Distinguished Name (DN),Základňa Distinguished Name (DN),
Base URL,Základná adresa URL,
Based On,Založené na,
Based on Field,Na základe poľa,
Based on Permissions For User,Založené na povoleniach používateľa,
Basic,základné,
Before Cancel,Pred zrušením,
Before Delete,Pred zmazaním,
Before Insert,Pred vložením,
Before Save,Pred uložením,
Before Save (Submitted Document),Pred uložením (predložený dokument),
Before Submit,Pred odoslaním,
Beginner,začiatočník,
Beta,beta,
Billing,Fakturácia,
Bio,Biografie,
Birth Date,Dátum narodenia,
Block Module,Block Module,
Block Modules,Moduly Blokové,
Blocked,upchatý,
Blog Category,Kategorie blogu,
Blog Intro,Úvod blogu,
Blog Introduction,Představení blogu,
Blog Post,Příspěvek blogu,
Blog Settings,Nastavenie blogu,
Blog Title,Titulok blogu,
Blogger,Blogger,
Blue,Modrý,
Bold,smelý,
Bot,Bot,
Bottom,Dole,
Bounced,Odrazené,
Brand,značka,
Brand HTML,Značka HTML,
Brand Image,Logo značky,
Breadcrumbs,Drobečková navigace (Breadcrumbs),
Browser,Prehliadač,
Browser Version,Verzia prehliadača,
Brute Force Security,Brute Force Security,
Bucket Name,Názov vedra,
Bulk Update,Hromadná aktualizácia,
Button,Tlačítko,
Button Gradients,Prechody tlačidiel,
Button Rounded Corners,Gombík zaoblené rohy,
Button Shadows,Tiene na gombíky,
Bypass Restricted IP Address Check If Two Factor Auth Enabled,"Bypass Restricted IP Address Skontrolujte, či je povolené dvojfaktorové overenie",
Bypass Two Factor Auth for users who login from restricted IP Address,"Odstráňte dva faktory Auth pre používateľov, ktorí sa prihlásia z obmedzenej adresy IP",
Bypass restricted IP Address check If Two Factor Auth Enabled,Bypass obmedzená kontrola adresy IP Ak je povolené povolenie dvoch faktorov,
CC,CC,
CSS,CSS,
CSS Class,Trieda CSS,
CSV,CSV,
CTA Label,Štítok CTA,
CTA URL,URL výzvy na akciu,
Calendar,Kalendár,
Calendar Name,Názov kalendára,
Calendar View,Zobrazenie kalendára,
Call,Volanie,
Call To Action,Výzva do akcie,
Call To Action URL,URL výzvy na akciu,
Callback Message,Spätné volanie správy,
Callback Title,Názov spätného volania,
Campaign,kampaň,
Cancel,Zrušit,
Cancelled,ZRUŠENÉ,
Card,Card,
Cards,karty,
Category,Kategória,
Category Description,Opis kategórie,
Category Name,Názov kategórie,
Center,Stred,
Chaining Hash,Reťazec,
Change Label (via Custom Translation),Zmeniť popisok (cez vlastný preklad),
Change Password,Zmeniť heslo,
Channel,Kanál,
Chart,Graf,
Chart Configuration,Konfigurácia grafu,
Chart Name,Názov grafu,
Chart Options,Možnosti grafu,
Chart Source,Zdroj grafu,
Chart Type,Typ grafu,
Charts,Grafy,
Chat,Čet,
Check,check,
Check this if you want to force the user to select a series before saving. There will be no default if you check this.,"Zaškrtněte, pokud chcete, aby uživateli vybrat sérii před uložením. Tam bude žádná výchozí nastavení, pokud jste zkontrolovat.",
Checking this will hide custom doctypes and reports cards in Links section,Zaškrtnutím tejto možnosti skryjete vlastné doctypy a karty prehľadov v sekcii Odkazy,
Checksum Version,Verzia kontrolného súčtu,
Child Tables are shown as a Grid in other DocTypes,Dieťa tabuľky sú zobrazené ako mriežka v iných typoch DocTypes,
Choose authentication method to be used by all users,"Vyberte metódu overovania, ktorú majú používať všetci používatelia",
City,Mesto,
City/Town,Mesto / Obec,
Clicked,Kliknuté,
Client,Klient,
Client Code,Kód klienta,
Client Credentials,klientskej poverenia,
Client ID,ID klienta,
Client Information,Informácie o klientovi,
Client Script,Skript klienta,
Client Secret,Klientské tajomstvo,
Client URLs,Klientské adresy URL,
Close Condition,Zavrieť Stav,
Closed,Zavreté,
Code,Kód,
Collapsible,Skladacie,
Collapsible Depends On,Skladacie závisí na,
Color,Farba,
Column Break,Zalomenie stĺpca,
Column Name,Názov stĺpca,
Columns,Stĺpce,
Columns / Fields,Stĺpce / polia,
Comment,komentár,
Comment By,Komentováno (kým),
Comment Email,Komentár Email,
Comment Type,Typ komentára,
Comments and Communications will be associated with this linked document,Komentáre a komunikácia bude spojená s týmto prepojeným dokumentom,
Commit,Zaviazať,
Communication,Komunikácia,
Communication Link,Komunikačné spojenie,
Communication Type,typ komunikácie,
Compact Item Print,Tlačiť položku kompaktne,
Company History,História organizácie,
Company Introduction,Predstavenie organizácie,
Company Name,Názov spoločnosti,
Complete,Hotovo,
Completed,Dokončeno,
Component,komponentov,
Condition,Podmienka,
Conditions,podmienky,
Configuration,Konfigurácia,
Confirmation Email Template,Šablóna e-mailu s potvrdením,
Console,Konzola,
Console Log,Protokol konzoly,
Contact,Kontakt,
Contact Details,Kontaktné údaje,
Contact Email,Kontaktný e-mail,
Contact Numbers,Kontaktné čísla,
Contact Phone,Kontaktujte telefón,
Contact Us Settings,Nastavenie - Kontaktujte nás,
"Contact options, like ""Sales Query, Support Query"" etc each on a new line or separated by commas.","Možnosti kontaktu, např.: ""Dotaz prodeje, dotaz podpory"" atd., každý na novém řádku nebo oddělené čárkami.",
Contacts,Kontakty,
Content,Obsah,
Content (HTML),Obsah (HTML),
Content (Markdown),Obsah (Markdown),
Content Hash,Otisk obsahu (hash),
Content Type,Typ obsahu,
Context,Kontext,
Context Script,Kontextový skript,
Contributed,Prispel,
Contribution Document Name,Názov dokumentu príspevku,
Contribution Status,Stav príspevku,
Copyright,Copyright,
Core,Jadro,
Count,počítať,
Count Filter,Počet filtrov,
Counter,Počítadlo,
Country,Krajina,
Country Name,Názov krajiny,
County,Okres,
Create,vytvoriť,
Create Contacts from Incoming Emails,Vytváranie kontaktov z prichádzajúcich e-mailov,
Create Entry,Vytvoriť záznam,
Create Log,Vytvoriť denník,
Create and Send Newsletters,Vytváranie a zasielanie Newsletterov,
Created,Vytvorené,
Criticism,Kritika,
Cron,cron,
Cron Format,Formát Cron,
Currency,Mena,
Currency Name,Názov meny,
Currency Precision,Precíznosť meny,
Current,prúd,
Custom,Zvyk,
Custom Base URL,Adresa vlastnej základne,
Custom CSS,Prispôsobené CSS,
Custom Configuration,Vlastná konfigurácia,
Custom DocPerm,Custom DocPerm,
Custom Field,Vlastné pole,
Custom Format,Vlastný formát,
Custom HTML Help,Vlastné HTML nápovedy,
Custom Menu Items,Položky menu Custom,
Custom Options,Vlastné možnosti,
Custom Overrides,Vlastné prepísania,
Custom Report,Vlastný prehľad,
Custom Role,Custom Role,
Custom SCSS,Vlastné SCSS,
Custom Sidebar Menu,Custom Sidebar Menu,
Custom?,Prispôsobené?,
Customization,prispôsobenie,
Customize Form,Prispôsobiť formulár,
Customize Form Field,Prispôsobiť formulárové pole,
DESC,DESC,
Daily,Denne,
Daily Long,Denne dlho,
Danger,nebezpečenstvo,
Dark Color,Tmavá farba,
Dashboard,prístrojová doska,
Dashboard Chart,Dashboard Chart,
Dashboard Chart Field,Pole grafu informačného panela,
Dashboard Chart Link,Odkaz na informačný panel,
Dashboard Chart Source,Zdroj grafu informačného panela,
Dashboard Manager,Správca palubnej dosky,
Dashboard Name,Názov informačného panela,
Dashboard Settings,Nastavenia informačného panela,
Dashboards,dashboardy,
Data,Údaje,
Data Export,Export údajov,
Data Import,Import údajov,
Database Engine,database Engine,
Date,Dátum,
Date Format,Formát dátumu,
Date Range,časové obdobie,
Date and Number Format,Formát čísel a dátumu,
Datetime,Datum a čas,
Day,Deň,
Day of Week,Deň v týždni,
Days After,Dní po,
Days Before,Dni pred,
Days Before or After,Dní pred alebo po,
Default,Východzie,
Default Incoming,Výchozí Příchozí,
Default Letter Head,Predvolená tlačová hlavička,
Default Outgoing,Predvolené na odchádzajúce,
Default Portal Home,Predvolená domovská stránka portálu,
Default Print Format,Predvolený formát tlače,
Default Print Language,Predvolený jazyk tlače,
Default Redirect URI,Predvolené Presmerovanie URI,
Default Role at Time of Signup,Predvolené Úloha v dobe SIGNUP,
Default Sort Field,Predvolené pole zoradenia,
Default Sort Order,Predvolené poradie zoradenia,
Default Value,Výchozí hodnota,
"Default: ""Contact Us""","Výchozí: ""Kontaktujte nás""",
DefaultValue,Predvolená hodnota,
Defaults,Predvolené,
Defines actions on states and the next step and allowed roles.,Definuje akce na stavech a další krok a povolené role.,
Defines workflow states and rules for a document.,Vymezuje jednotlivé stavy toků.,
Delayed,Oneskorené,
Delete,Zmazať,
Deleted,Vymazané,
Deleted DocType,vypúšťa DOCTYPE,
Deleted Document,Vymazaný dokument,
Deleted Name,Vymazaný názov,
Delivery Status,Stav dodania,
Department,Oddelenie,
Dependencies,závislosti,
Depends On,Závisí na,
Description,popis,
"Description for listing page, in plain text, only a couple of lines. (max 200 characters)","Popis pre stránku výpisu, vo formáte obyčajného textu, iba pár riadkov. (max. 200 znakov)",
Designation,Označení,
Desk,Plocha,
Desk Access,Prístup na plochu,
Desktop Icon,ikona Desktop,
Details,Podrobnosti,
"Different ""States"" this document can exist in. Like ""Open"", ""Pending Approval"" etc.","Mohou existovat různé ""stavy"" tohoto dokumentu. Jako ""Otevřeno"", ""Čeká na schválení"" atd.",
Digits,Číslice,
Disable Auto Refresh,Zakázať automatické obnovenie,
Disable Comments,Zakázať komentáre,
Disable Count,Zakázať počet,
Disable SMTP server authentication,Zakázať overenie servera SMTP,
Disable Sidebar Stats,Zakázať štatistiky bočného panela,
Disable Signup,Vypnúť registrácie,
Disable Standard Email Footer,Zakázať štandardnú emailovú pätu,
Disabled,Vypnuté,
Display,Zobraziť,
Display Depends On,Zobrazenie závisí od,
Doc Event,Event Doc,
Doc Events,Udalosti dokumentov,
Doc Status,Doc Status,
DocField,DocField,
DocPerm,DocPerm,
DocShare,DocShare,
DocType,DOCTYPE,
DocType Action,Akcia DocType,
DocType Event,Udalosť DocType,
DocType Link,Odkaz typu DocType,
DocType View,Zobrazenie DocType,
DocType is a Table / Form in the application.,DocType je tabulka / formulář v aplikaci,
DocType on which this Workflow is applicable.,DocType na který je aplikovatelný tento tok (workflow).,
Doctype,DocType,
Document,Dokument,
Document Actions,Akcie dokumentu,
Document Follow,Nasledujte dokument,
Document Link,Odkaz na dokument,
Document Links,Odkazy na dokumenty,
Document Name,Názov dokumentu,
Document Naming Rule,Pravidlo pomenovania dokumentu,
Document Naming Rule Condition,Podmienka pravidla pre pomenovanie dokumentu,
Document Share,Zdieľanie dokumentov,
Document Share Report,Dokument Share Report,
Document States,Štádiá dokumentu,
Document Tag,Značka dokumentu,
Document Title,Názov dokumentu,
Document Type,typ dokumentu,
Document Type to Track,Typ dokumentu na sledovanie,
Document Types,Typy dokumentů,
Documentation Link,Odkaz na dokumentáciu,
Documentation URL,URL dokumentácie,
Domain,Doména,
Domain Settings,Nastavenia domény,
Domains HTML,Domény HTML,
"Don't HTML Encode HTML tags like &lt;script&gt; or just characters like &lt; or &gt;, as they could be intentionally used in this field","Nenechajte HTML Kódovanie HTML tagy ako &lt;script&gt; alebo len znaky ako &lt;alebo&gt;, pretože by mohli byť zámerne použité v tomto odbore",
Don't Override Status,nepotlačí Stav,
Don't Send Emails,Neodosielať e-maily,
Donut,Šiška,
Download Backups,K stiahnutiu Zálohy,
Download Template,Stiahnuť šablónu,
Dropbox Access Token,Token prístupu Dropbox,
Dropbox Settings,nastavenie Dropbox,
Dropdowns,Rozbaľovacie ponuky,
Due Date,Datum splatnosti,
Due Date Based On,Dátum splatnosti založený na,
Duration,trvanie,
Dynamic Filters,Dynamické filtre,
Dynamic Filters JSON,Dynamické filtre JSON,
Dynamic Filters Section,Sekcia dynamických filtrov,
Dynamic Link,Dynamický odkaz,
Dynamic Report Filters,Dynamické filtre prehľadov,
Dynamic Route,Dynamická trasa,
Dynamic Template,Dynamická šablóna,
Edit,editovať,
Edit Values,Upravte hodnoty,
Editable Grid,editovateľné Grid,
Eg. smsgateway.com/api/send_sms.cgi,Např. smsgateway.com/api/send-sms.cgi,
Email,e-mail,
Email Account,E-mailový účet,
Email Account Name,Názov e-mailového účtu,
Email Address,Emailová adresa,
Email Address whose Google Contacts are to be synced.,"E-mailová adresa, ktorej kontakty Google sa majú synchronizovať.",
Email Addresses,E-mailové adresy,
Email Domain,email Domain,
Email Flag Queue,Email Flag fronty,
Email Footer Address,Adresa v päte emailu,
Email Group,email Group,
Email Group Member,E-mail člena skupiny,
Email ID,ID e-mailu,
Email IDs,Email IDS,
Email Id,Email ID,
Email Inbox,E-mailová schránka,
Email Queue,email fronty,
Email Queue Recipient,Email Fronta Príjemca,
Email Queue records.,Email fronty záznamov.,
Email Reply Help,E-mailová odpoveď Pomocník,
Email Rule,email Rule,
Email Sent,Email odoslaný,
Email Settings,Nastavenia emailu,
Email Signature,Päta emailu (podpis),
Email Status,Stav emailu,
Email Sync Option,E-mail Sync Option,
Email Template,Šablóna e-mailu,
Email To,E-mail na,
Email Unsubscribe,Email Odhlásiť,
Emails will be sent with next possible workflow actions,E-maily budú odoslané s ďalšími možnými akčnými postupmi,
Enable,Zapnout,
Enable Auto Reply,Povolit automatické odpovědi,
Enable Automatic Backup,Povoliť automatické zálohovanie,
Enable Automatic Linking in Documents,Povoliť automatické prepojenie v dokumentoch,
Enable Comments,Zapnout komentáře,
Enable Email Notifications,Povoliť e-mailové upozornenia,
Enable Google Indexing,Povoliť indexovanie Google,
Enable In App Website Tracking,Povoliť v sledovaní webových stránok aplikácie,
Enable Incoming,Povolení příchozích,
Enable Onboarding,Povoliť registráciu,
Enable Outgoing,Povolit odchozí,
Enable Password Policy,Povolenie pravidiel hesiel,
Enable Print Server,Povoliť tlačový server,
Enable Raw Printing,Povoliť surovú tlač,
Enable Scheduled Jobs,Zapnout plánované operace (cron),
Enable Security,Povoliť zabezpečenie,
Enable Social Login,Povoliť sociálne prihlásenie,
Enable Social Sharing,Povoliť sociálne zdieľanie,
Enable Two Factor Auth,Povoliť povolenie dvoch faktorov,
Enabled,Zapnuto,
End Date,Datum ukončení,
End Date Field,Pole Dátum ukončenia,
Endpoint URL,Adresa URL koncového bodu,
Endpoints,Endpoints,
Ends on,Končí,
Energy Point,Energy Point,
Energy Point Log,Denník energetických bodov,
Energy Point Rule,Pravidlo energetického bodu,
Energy Point Settings,Nastavenia bodu energie,
Energy Points,Energetické body,
Enter Form Type,Vložte typ formuláře,
"Enter default value fields (keys) and values. If you add multiple values for a field, the first one will be picked. These defaults are also used to set ""match"" permission rules. To see list of fields, go to ""Customize Form"".","Zadajte polia predvolenú hodnotu (klávesy) a hodnoty. Ak máte pridať viac hodnoty pre polia, bude prvý, kto sa zdvihol. Tieto východiskové hodnoty sú taktiež použité na nastavenie &quot;stretnutie&quot; pravidlá oprávnenia. Ak chcete zobraziť zoznam polí, choďte na &quot;Upraviť Form&quot;.",
"Enter static url parameters here (Eg. sender=ERPNext, username=ERPNext, password=1234 etc.)","Zadejte statické parametry url zde (Např odesílatel = ERPNext, username = ERPNext, password. = 1234 atd.),",
Enter url parameter for message,Zadejte url parametr zprávy,
Enter url parameter for receiver nos,Zadejte url parametr pro přijímače nos,
Error,Chyba,
Error Log,error Log,
Error Message,Chybná správa,
Event,Událost,
Event Category,Kategória udalosti,
Event Participants,Účastníci podujatia,
Event Type,Typ události,
Everyone,Všichni,
"Ex: ""colors"": [""#d1d8dd"", ""#ff5858""]","Napr .: &quot;colors&quot;: [&quot;# d1d8dd&quot;, &quot;# ff5858&quot;]",
Example,Příklad,
"Example: ""/desk""",Príklad: „/ desk“,
Example: #Tree/Account,Príklad: # Strom / Účet,
Example: 00001,Príklad: 00001,
Example: {{ subject }},Príklad: {{subject}},
Excel,vynikať,
Exception,Výnimka,
Execute,Vykonať,
Expert,odborník,
Expiration time,doba expirácie,
Expire Notification On,Vyprší Upozornenie na,
Expired,Vypršela,
Expires In,V vyprší,
Expires On,Vyprší,
Expiry time of QR Code Image Page,Doba skončenia,
Export,Exportovat,
Export From,Exportovať z,
Expose Recipients,vystaviť príjemcovi,
"Expression, Optional","Výraz, Volitelné",
Facebook,Facebook,
Failed,Nepodarilo,
FavIcon,FavIcon,
Fax,Fax,
Featured,Najlepšie,
Feedback,Zpětná vazba,
Feedback Request,Spätná väzba Request,
Fetch From,Vybrať z,
Field,Pole,
Field Description,Popis poľa,
Field Name,Názov poľa,
Field To Check,Polia na kontrolu,
Field Type,Typ pole,
"Field that represents the Workflow State of the transaction (if field is not present, a new hidden Custom Field will be created)","Pole které reprezentuje stav toku (workflow) transakce (pakliže pole není přítomno, bude vytvořeno nové skryté přizpůsobené pole)",
Field to Track,Pole na sledovanie,
Fieldname,Názov poľa,
Fields,Pole,
Fields Multicheck,Polia Multicheck,
"Fields separated by comma (,) will be included in the ""Search By"" list of Search dialog box","Pole oddelené čiarkou (,), budú zahrnuté do &quot;vyhľadávať podľa&quot; zoznamu dialógovom okne hľadania",
Fieldtype,Typ pole,
File,súbor,
File Backup,Zálohovanie súborov,
File Information,Informácie o súbore,
File Name,Názov súboru,
File Size,Velikost souboru,
File Type,Typ súboru,
File URL,Adresa URL souboru,
Files,Súbory,
Filter Data,Filtrovať údaje,
Filter List,Zoznam filtrov,
Filter Meta,filter Meta,
Filter Name,Názov filtra,
Filter Values,Hodnoty filtra,
Filters,Filtry,
Filters Configuration,Konfigurácia filtrov,
Filters Display,filtre Display,
Filters JSON,Filtre JSON,
Filters Section,Sekcia filtrov,
"Filters will be accessible via <code>filters</code>. <br><br>Send output as <code>result = [result]</code>, or for old style <code>data = [columns], [result]</code>","Filtre budú prístupné cez <code>filters</code> .<br><br> Odoslať výstup ako <code>result = [result]</code> alebo pre <code>data = [columns], [result]</code> o starom štýle <code>data = [columns], [result]</code>",
Finished,dokončené,
First Name,Meno,
First Success Message,Prvá správa o úspechu,
Flag,vlajka,
Float,Desetinné číslo,
Float Precision,Počet desatinných miest,
Fold,Fold,
Folder,Priečinok,
Font,font,
Font Properties,Vlastnosti písma,
Font Size,Veľkosť písma,
Fonts,Písma,
Footer,Zápätie,
Footer HTML,Päta HTML,
Footer Items,Položky zápätia,
Footer Logo,Logo päty,
Footer Template,Šablóna päty,
Footer Template Values,Hodnoty šablón päty,
Footer will display correctly only in PDF,Päta sa zobrazí správne iba vo formáte PDF,
For DocType Link / DocType Action,Pre DocType Link / DocType Action,
For Document Event,Pre udalosť dokumentu,
For User,pre Užívateľa,
For Value,Pre hodnotu,
For example: {} Open,Napríklad: {} Otvoriť,
"For help see <a href=""https://frappeframework.com/docs/user/en/guides/portal-development/web-forms"" target=""_blank"">Client Script API and Examples</a>","Pomoc nájdete v časti <a href=""https://frappeframework.com/docs/user/en/guides/portal-development/web-forms"" target=""_blank"">Client Script API a príklady</a>",
"For more information, <a class=""text-muted"" href=""https://erpnext.com/docs/user/manual/en/setting-up/email/linking-emails-to-document"">click here</a>.","Pre viac informácií <a class=""text-muted"" href=""https://erpnext.com/docs/user/manual/en/setting-up/email/linking-emails-to-document"">kliknite sem</a> .",
Force,sila,
Force Show,force Show,
Force User to Reset Password,Vynútiť vynulovanie hesla používateľom,
Form Settings,Nastavenia formulára,
Form URL-Encoded,Kódovaná adresa URL formulára,
Format,formát,
Format Data,Formát dat,
Forward To Email Address,Preposlať na emailovú adresu,
Fraction,Zlomek,
Fraction Units,Zlomkové jednotky,
Frappe,frapé,
Frequency,Frekvencia,
Friday,Pátek,
From,Od,
From Date,Od data,
From Date Field,Z poľa Dátum,
From Full Name,Od Celé meno,
From User,Od používateľa,
Full,plne,
Full Name,Celé meno/názov,
Full Width,Plná šírka,
Function,Funkcia,
GMail,GMail,
Gantt,Gantt,
Gender,Pohlavie,
Generate Keys,Generovanie kľúčov,
Geo,Geo,
Geolocation,Geolocation,
Get Contacts,Získajte kontakty,
Get your globally recognized avatar from Gravatar.com,Kúpte si celosvetovo uznávané avatar z Gravatar.com,
Git Branch,Pobočka Git,
GitHub,GitHub,
Global Search DocType,Typ globálneho vyhľadávania,
Global Search Settings,Globálne nastavenia vyhľadávania,
Global Unsubscribe,Globálne aktuality,
Go to Page,Chod na stranu,
Google,Google,
Google Analytics Anonymize IP,Google Analytics anonymizuje IP,
Google Analytics ID,Google analytics ID,
Google Calendar,Kalendár Google,
Google Calendar Event ID,ID udalosti Kalendára Google,
Google Calendar ID,ID služby Kalendár Google,
Google Contacts,Kontakty Google,
Google Contacts Id,ID kontaktov Google,
Google Drive,Google Drive,
Google Font,Písmo Google,
Google Settings,Nastavenia Google,
Google Snippet Preview,Ukážka úryvku Google,
Grant Type,grant Type,
Green,Zelená,
Group,Skupina,
Group By,Zoskupiť podľa,
Group By Based On,Zoskupiť podľa,
Group By Type,Zoskupiť podľa typu,
Guest,Host,
HH:mm,HH: mm,
HH:mm:ss,HH: mm: ss,
HTML,HTML,
HTML Editor,Editor HTML,
HTML Page,HTML stránka,
HTML for header section. Optional,HTML kód pro záhlaví. Volitelné,
Half,polovičná,
Half Yearly,Polročne,
Half-yearly,polročná,
Has  Attachment,má prílohu,
Has Domain,Má doménu,
Has Role,má role,
Has Web View,Má zobrazovanie z Webu,
Header,Záhlavie,
Header HTML,HTML hlavičky,
Header and Breadcrumbs,Hlavička a strúhanka,
Headers,hlavičky,
Heading,Nadpis,
Heatmap,Tepelná mapa,
Help,Nápoveda,
Help Article,pomoc článok,
Help Articles,články pomocníka,
Help Category,help Kategórie,
Help Dropdown,Pomoc rozbaľovacieho zoznamu,
Help HTML,Nápoveda HTML,
Helvetica,Helvetica,
Hidden,skrytý,
Hide,Skryť,
Hide Block,Skryť blok,
Hide Border,Skryť hranicu,
Hide CTA,Skryť CTA,
Hide Copy,Skrýt kopii,
Hide Custom DocTypes and Reports,Skryť vlastné typy DocTypes a správy,
Hide Days,Skryť dni,
Hide Footer Signup,Skryť pätu Registrovať,
Hide Login,Skryť prihlásenie,
Hide Seconds,Skryť sekundy,
Hide Standard Menu,Skryť štandardnej ponuky,
Hide footer in auto email reports,Skryť pätu v prehľadoch automatických e-mailov,
High,Vysoké,
Higher priority rule will be applied first,Najprv sa použije pravidlo s vyššou prioritou,
Highlight,Zvýraznit,
Home,Domov,
Home Page,Domovská stránka,
Home Settings,Nastavenia domov,
Hourly,hodinový,
Hourly Long,Každú hodinu,
Hourly rate limit for generating password reset links,Limit hodinovej sadzby za generovanie odkazov na obnovenie hesla,
"How should this currency be formatted? If not set, will use system defaults","Jak by se to měna naformátovat? Pokud není nastavena, použije výchozí nastavení systému",
ID (name) of the entity whose property is to be set,ID (název) entity jejíž vlastnost bude nastavena,
IP Address,IP adresa,
Icon,ikona,
Icon will appear on the button,Ikona sa zobrazí na tlačítku,
Identity Details,Podrobnosti o totožnosti,
Idx,idx,
"If Apply Strict User Permission is checked and User Permission is defined for a DocType for a User, then all the documents where value of the link is blank, will not be shown to that User","Ak je začiarknuté oprávnenie na používanie prísneho používateľa a užívateľské oprávnenie je definované pre používateľa DocType, všetky dokumenty, v ktorých hodnota odkazu je prázdna, sa tomuto používateľovi nezobrazia",
If Checked workflow status will not override status in list view,Ak je zaškrtnuté stav pracovného postupu nebude prepísať stav v zobrazení zoznamu,
"If Icon is set, it will be shown instead of Label","Ak je ikona nastavená, zobrazí sa namiesto štítku",
"If checked, all other workflows become inactive.","Pakliže je toto zaškrtnuto, všechny ostatní toky (workflow) se stanou neaktivními.",
"If checked, users will not see the Confirm Access dialog.","Ak je zaškrtnuté, užívatelia nebudú vidieť dialógové okno Potvrdiť prístup.",
"If disabled, this role will be removed from all users.","Ak je vypnutá, táto úloha bude odstránený zo všetkých užívateľov.",
"If enabled,  user can login from any IP Address using Two Factor Auth, this can also be set for all users in System Settings","Ak je povolený, používateľ sa môže prihlásiť z ľubovoľnej adresy IP pomocou funkcie Two Factor Auth, čo sa dá nastaviť aj pre všetkých používateľov v systémových nastaveniach",
"If enabled, all users can login from any IP Address using Two Factor Auth. This can also be set only for specific user(s) in User Page","Ak je táto možnosť povolená, všetci používatelia sa môžu prihlásiť z ľubovoľnej IP adresy pomocou nástroja Two Factor Auth. Toto je možné nastaviť aj pre konkrétnych používateľov v používateľskej stránke",
"If enabled, changes to the document are tracked and shown in timeline","Ak je povolená, zmeny dokumentu sa sledujú a zobrazujú na časovej osi",
"If enabled, document views are tracked, this can happen multiple times","Ak je povolená, sledovania dokumentov sa sledujú, môže k tomu dôjsť viackrát",
"If enabled, the document is marked as seen, the first time a user opens it","Ak je povolený, dokument sa označí ako videný pri prvom otvorení dokumentu používateľom",
"If enabled, the notification will show up in the notifications dropdown on the top right corner of the navigation bar.","Ak je táto možnosť povolená, upozornenie sa zobrazí v rozbaľovacej ponuke upozornení v pravom hornom rohu navigačného panela.",
"If enabled, the password strength will be enforced based on the Minimum Password Score value. A value of 2 being medium strong and 4 being very strong.","Ak je táto možnosť povolená, intenzita hesla sa vynucuje na základe hodnoty skóre minimálneho hesla. Hodnota 2 je stredne silná a 4 sú veľmi silné.",
"If enabled, users who login from Restricted IP Address, won't be prompted for Two Factor Auth","Ak je táto možnosť povolená, používatelia, ktorí sa prihlásia z obmedzenej IP adresy, nebudú vyzvaní na povolenie Two Factor Auth",
"If enabled, users will be notified every time they login. If not enabled, users will only be notified once.","Ak je povolené, budú používatelia upovedomení pri každom prihlásení. Ak nie je povolené, používatelia budú upovedomení iba raz.",
If non standard port (e.g. 587),Není-li na standardním portu (např.: 587),
"If non standard port (e.g. 587). If on Google Cloud, try port 2525.","Ak je neštandardný port (napr. 587). Ak máte v službe Google Cloud, skúste port 2525.",
"If non-standard port (e.g. POP3: 995/110, IMAP: 993/143)","Ak ide o neštandardný port (napr. POP3: 995/110, IMAP: 993/143)",
"If not set, the currency precision will depend on number format","Ak nie je nastavená, presnosť meny bude závisieť od formátu čísla",
"If the user has any role checked, then the user becomes a ""System User"". ""System User"" has access to the desktop","V prípade, že používateľ nemá žiadnu úlohu skontrolovať, užívateľ sa stáva &quot;System User&quot;. &quot;System User&quot; má prístup k ploche",
If user is the owner,Ak sa užívateľ je vlastníkom,
"If you set this, this Item will come in a drop-down under the selected parent.","Pokud je toto nastaveno, tato položka bude v rozevíracím seznamu (drop-down) pod zvoleným nadřazeným uzlem.",
"If your data is in HTML, please copy paste the exact HTML code with the tags.","Ak vaše dáta je vo formáte HTML, skopírujte, prosím vložte presne kód HTML s tagy.",
Ignore User Permissions,Ignorovat uživatelská oprávnění,
Ignore XSS Filter,Ignorovať XSS filter,
Ignore attachments over this size,Ignorovat příloh přes tuto velikost,
Ignored Apps,Ignorované aplikácie,
Image,Obrázok,
Image Field,image Field,
Image Link,Odkaz na obrázok,
Implicit,implicitné,
Import,Importovat,
Import File,Importovať súbor,
Import File Errors and Warnings,Importujte chyby a varovania súborov,
Import Log,Záznam importu,
Import Log Preview,Import protokolu ukážok,
Import Preview,Importovať ukážku,
Import Type,Typ importu,
Import Warnings,Upozornenia na import,
Import from Google Sheets,Import z Tabuliek Google,
In Days,V dňoch,
In Filter,Ve filtru,
In Global Search,V globálnom vyhľadávaní,
In List View,V zozname,
In Preview,V ukážke,
In Reply To,V odpovedi na,
In Standard Filter,V štandardnom filtrom,
In points. Default is 9.,V bodech. Výchozí je 9.,
In seconds,V sekundách,
Inbox,Doručená pošta,
Inbox User,Používateľ doručenej pošty,
Include Search in Top Bar,Zaradiť vyhľadávanie do hornej lišty,
Include Web View Link in Email,Odošlite odkaz na webové zobrazenie dokumentu v e-maile,
Index,Index,
Index Web Pages for Search,Indexujte webové stránky na vyhľadávanie,
Indexing Authorization Code,Autorizačný kód indexovania,
Indexing Refresh Token,Indexovanie obnovovacieho tokenu,
Indicator,indikátor,
Indicator Color,Farba indikátora,
Info,Info,
Initial Sync Count,Počiatočné synchronizácia Count,
InnoDB,InnoDB,
Insert After,Vložit za,
Insert New Records,Vložte nové záznamy,
Insert Style,Vložit styl,
Installed Application,Nainštalovaná aplikácia,
Installed Applications,Nainštalované aplikácie,
Int,Celé číslo,
Integration Request,Žiadosť o integrácii,
Integrations,Integrace,
Integrations can use this field to set email delivery status,Integrácia môžete použiť toto pole na nastavenie stavu doručenia e-mailu,
Interests,záujmy,
Intermediate,prechodný,
Internal record of document shares,Interní záznam akcií dokumentů,
Introduce your company to the website visitor.,Představte svoji organizaci návštěvníků internetových stránek.,
Introduction,Úvod,
Introductory information for the Contact Us Page,Úvodní informace na stránce kontaktujte nás,
Invalid,neplatný,
Inverse,Invertovat,
Is Active,Je Aktívny,
Is Attachments Folder,Je Prílohy Folder,
Is Billing Contact,Je fakturačný kontakt,
Is Child Table,Je podtabulka,
Is Complete,Je dokončená,
Is Completed,je dokončené,
Is Custom Field,Je Vlastné pole,
Is Default,Je Výchozí,
Is Folder,Je Folder,
Is Home Folder,Je Domovská zložka,
Is Mandatory Field,Je Povinné Pole,
Is Optional State,Je voliteľný štát,
Is Primary,Je primárny,
Is Primary Contact,Je primárně Kontakt,
Is Primary Mobile,Je primárny mobil,
Is Primary Phone,Je primárny telefón,
Is Private,Je Private,
Is Public,Je verejné,
Is Published Field,Je publikovaný Field,
Is Single,Je osamocené,
Is Skipped,Je preskočené,
Is Spam,je Spam,
Is Standard,Je standardní,
Is Submittable,Je Odeslatelné,
Is Table,je Tabuľka,
Is Tree,Je Tree,
Is Unique,Je jedinečný,
Is Your Company Address,Je vaša firma adresa,
Item Label,Štítok položky,
Item Type,Typ položky,
JS,JS,
JSON,JSON,
JSON Request Body,Žiadajúci orgán JSON,
JavaScript,JavaScript,
JavaScript Format: frappe.query_reports['REPORTNAME'] = {},JavaScript Formát: frappe.query_reports['REPORTNAME'] = {},
Javascript,Javascript,
Jinja,Jinja,
Kanban,Kanban,
Kanban Board,Kanban Stena,
Kanban Board Column,Stĺpec Kanban steny,
Kanban Board Name,Meno Kanban steny,
Keep track of all update feeds,Sledujte všetky informačné kanály,
Keeps track of all communications,Sleduje všetku komunikáciu,
Key,Kľúč,
Keyboard Shortcuts,Klávesové skratky,
Knowledge Base Contributor,Knowledge Base prispievateľ,
Knowledge Base Editor,Základné Editor znalosti,
LDAP Email Field,LDAP Email Field,
LDAP First Name Field,LDAP First Name Field,
LDAP Group,Skupina LDAP,
LDAP Group Field,Pole skupiny LDAP,
LDAP Group Mapping,Mapovanie skupín LDAP,
LDAP Group Mappings,Mapovania skupín LDAP,
LDAP Last Name Field,Pole priezviska LDAP,
LDAP Middle Name Field,Pole stredného názvu LDAP,
LDAP Mobile Field,Mobilné pole LDAP,
LDAP Phone Field,Pole telefónu LDAP,
LDAP Search String,Hľadanie LDAP String,
LDAP Security,Zabezpečenie LDAP,
LDAP Server Url,LDAP server URL,
LDAP Settings,Nastavenia LDAP,
LDAP User Creation and Mapping,Vytvorenie a mapovanie používateľov LDAP,
LDAP Username Field,LDAP Meno Field,
Label,Popis,
Label Help,Nápomoc k popisu,
Label and Type,Popis a typ,
Landing Page,Úvodná stránka,
Language,Jazyk,
Language Code,kód jazyka,
Language Name,Názov jazyka,
Last Active,Naposledy aktívny,
Last Backup On,Posledná záloha zapnutá,
Last Execution,Posledné vykonanie,
Last IP,Posledná IP,
Last Known Versions,Posledné známe verzie,
Last Login,Posledné prihlásenie,
Last Month,Minulý mesiac,
Last Name,Priezvisko,
Last Password Reset Date,Dátum obnovenia posledného hesla,
Last Point Allocation Date,Dátum pridelenia posledného bodu,
Last Quarter,Posledná štvrtina,
Last Sync On,Posledná synchronizácia zapnutá,
Last Synced On,Posledná synchronizácia dňa,
Last User,Posledný užívateľ,
Last Week,Minulý týždeň,
Last Year,Minulý rok,
Lead Conversion Time,Lead Conversion Time,
Leaderboard,Nástenka lídrov,
Leave blank to repeat always,Nechajte prázdne pre opakovanie vždy,
Ledger,Účtovná kniha,
Left,Vľavo,
Legal,Právne,
Length,Dĺžka,
Letter,Dopis,
Letter Head,Záhlavie,
Letter Head Based On,Hlavica na základe,
Letter Head Image,Obrázok hlavičky listu,
Letter Head Name,Názov hlavičky listu,
Letter Head in HTML,Letter hlavička v HTML,
Level,Úroveň,
Level Name,Názov úrovne,
License,licencie,
Light Color,Svetlá farba,
Like,Páči sa mi to,
Likes,Záľuby,
Limit,limit,
Limit Number of DB Backups,Limit počet záloh DB,
Line,riadok,
Link,odkaz,
Link Cards,Prepojovacie karty,
Link DocType,link DOCTYPE,
Link Document Type,Typ prepojeného dokumentu,
Link Fieldname,Názov poľa odkazu,
Link Name,link Name,
Link Title,Názov odkazu,
Link To,Odkaz na,
Link to the page you want to open. Leave blank if you want to make it a group parent.,"Odkaz na stránku, ktorú chcete otvoriť. Ponechajte prázdne, ak chcete, aby to skupina rodič.",
Linked,Súvisí,
Linked Documents,Prepojené dokumenty,
Links,odkazy,
List,Zoznam,
List Filter,Zoznam filtra,
List Settings,Nastavenia zoznamu,
List View Settings,Nastavenia zobrazenia zoznamu,
"List as [{""label"": _(""Jobs""), ""route"":""jobs""}]","Zoznam ako [{ &quot;label&quot;: _ ( &quot;Jobs&quot;), &quot;cestou&quot;: &quot;pracovných miest&quot;}]",
List of patches executed,Seznam provedených záplat,
Load Balancing,Rozdelenie výkonu,
Location,Místo,
Log,log,
Log Data,Údaje denníka,
Log Setting User,Používateľ nastavenia protokolu,
Log Settings,Nastavenia denníka,
Login,Prihlásenie,
Login After,Přihlášení po,
Login Before,Přihlášení před,
Login Required,Požaduje sa prihlásenie,
Logo Width,Šírka loga,
Logout,Odhlásiť sa,
Logout All Sessions on Password Reset,Odhlásenie všetkých relácií pri obnovení hesla,
Logout From All Devices After Changing Password,Odhlásiť sa zo všetkých zariadení po zmene hesla,
Long Text,Dlouhý text,
Low,Nízké,
Main Section,Hlavná sekcia,
Main Section (HTML),Hlavná sekcia (HTML),
Main Section (Markdown),Hlavná sekcia (Markdown),
Maintenance Manager,Správca údržby,
Maintenance User,Údržba uživatele,
"Make ""name"" searchable in Global Search","Urobiť ""názov"" vyhľadateľný  v globálnom vyhľadávaní",
Mandatory,Povinné,
Mandatory Depends On,Povinné závisí od,
Map route parameters into form variables. Example <code>/project/&lt;name&gt;</code>,Mapujte parametre trasy do premenných formulárov. Príklad <code>/project/&lt;name&gt;</code>,
Markdown,Markdown,
Markdown Editor,Editor editorov,
Marked As Spam,Označená ako spam,
Max 500 records at a time,Max 500 záznamov naraz,
Max Attachment Size (in MB),Maximálna veľkosť príloh (v MB),
Max Attachments,Max příloh,
Max Length,Maximálna dĺžka,
Max Value,Max Hodnota,
Maximum,Maximum,
Maximum Number of Fields,Maximálny počet polí,
Maximum Points,Maximálny počet bodov,
Medium,Střední,
Meeting,stretnutie,
Mention,zmienka,
Mentions,zmieňuje,
Message,správa,
Message (HTML),Správa (HTML),
Message (Markdown),Správa (Markdown),
Message Examples,Příklady Zpráv,
Message ID,ID správy,
Message Parameter,Parametr zpráv,
Message-id,Message-id,
Meta Description,Meta popis,
Meta Image,Meta obrázok,
Meta Tags,Meta tagy,
Meta Title,Meta názov,
Method,Metoda,
Middle Name,Stredné meno,
Milestone,Mezník,
Milestone Tracker,Milestone Tracker,
Minimum,Minimálne,
Minimum Password Score,Minimálne skóre hesla,
Mobile No,Mobile No,
Module,modul,
Module Def,Vymezení modulů,
Module Name,Názov modulu,
Module Onboarding,Prihlásenie modulu,
Modules HTML,Moduly HTML,
Monday,Pondělí,
Monospace,Monospace,
Monthly,Měsíčně,
Monthly Long,Mesačne dlho,
More Information,Viac informácií,
More content for the bottom of the page.,Více obsahu na spodek stránky.,
Multiplier Field,Multiplikačné pole,
Must be a publicly accessible Google Sheets URL,Musí to byť verejne prístupná adresa URL Tabuliek Google,
"Must be of type ""Attach Image""",Musí byť typu &quot;Pripojiť Image&quot;,
Mute Sounds,Stlmiť Zvuky,
MyISAM,MyISAM,
Name,Meno,
Naming,Pomenovanie,
Naming Series,Číselné rady,
Navbar,Navbar,
Navbar Item,Položka Navbar,
Navbar Settings,Nastavenia navigačného panela,
Navbar Template,Šablóna navbar,
Navbar Template Values,Hodnoty šablón Navbar,
New,Nový,
New Name,Nové meno,
New value to be set,Nová hodnota k nastavení,
Newsletter,Newsletter,
Newsletter Email Group,Newsletter E-Group,
Newsletter Manager,Newsletter Manažér,
Next Action Email Template,Ďalšia šablóna e-mailu aktivity,
Next Actions HTML,Ďalšie akcie HTML,
Next Schedule Date,Nasledujúci dátum plánovania,
Next State,Příští stav,
Next Sync Token,Ďalší symbol synchronizácie,
No,Nie,
No Copy,Žiadna kópia,
No of Requested SMS,Počet žádaným SMS,
No of Rows (Max 500),Nie riadkov (max 500),
No of Sent SMS,Počet odeslaných SMS,
Non Negative,Nezáporné,
None,nikto,
Not Sent,Neodoslané,
Note,Poznámka,
Note Seen By,Poznámka videný,
Note: By default emails for failed backups are sent.,Poznámka: V predvolenom nastavení sa odosielajú e-maily pre neúspešné zálohy.,
"Note: For best results,  images must be of the same size and width must be greater than height.",Poznámka: Najlepšie výsledky musia mať obrázky rovnakej veľkosti a šírka väčšia ako výška.,
Note: Multiple sessions will be allowed in case of mobile device,Poznámka: Viac relácií budú môcť v prípade mobilného zariadenia,
Notification,oznámenia,
Notification Log,Protokol oznámení,
Notification Recipient,Príjemca upozornení,
Notification Settings,Nastavenia upozornení,
Notification Subscribed Document,Dokument podpísaný notifikáciou,
Notifications,oznámenia,
Notifications and bulk mails will be sent from this outgoing server.,Upozornění a hromadné emaily budou zaslány z tohoto odchozího serveru.,
Notify Users On Every Login,Informujte používateľov pri každom prihlásení,
Notify by Email,Upozorniť e-mailom,
Notify by email,Upozorniť emailom,
Notify if unreplied,"Upozorniť, ak Nezodpovedaná",
Notify if unreplied for (in mins),"Upozorniť, ak Nezodpovedaná pre (v min)",
Notify users with a popup when they log in,"Informovať užívateľa s pop-up, keď sa prihlási",
Number Card,Číslo karty,
Number Card Link,Odkaz na číselnú kartu,
Number Cards,Číselné karty,
Number Format,Formát čísiel,
Number of Backups,počet záloh,
Number of DB Backups,Počet záloh DB,
Number of Groups,Počet skupín,
Number of columns for a field in a Grid (Total Columns in a grid should be less than 11),Počet stĺpcov pre pole v mriežke (Celkový počet stĺpcov v mriežke by mala byť menšia ako 11),
Number of columns for a field in a List View or a Grid (Total Columns should be less than 11),Počet stĺpcov pre pole v zobrazení zoznamu alebo mriežke (celkom stĺpce by mala byť menšia ako 11),
OAuth Authorization Code,OAuth Autorizačný kód,
OAuth Bearer Token,OAuth Nositeľ Token,
OAuth Client,OAuth Client,
OAuth Client ID,ID klienta OAuth,
OAuth Provider Settings,Nastavenie OAuth Poskytovateľ,
OTP App,OTP App,
OTP Issuer Name,Názov vydavateľa OTP,
Off,preč,
Office,Kancelář,
Office 365,Office 365,
Older backups will be automatically deleted,Staršie zálohy budú automaticky zmazané,
On Hold,Podržanie,
Onboarding Permission,Povolenie na nalodenie,
Onboarding Step,Krok prihlásenia,
Onboarding Step Map,Pripojenie mapy krokov,
"Once submitted, submittable documents cannot be changed. They can only be Cancelled and Amended.","Po odoslaní nie je možné dokumenty, ktoré sa majú predložiť, zmeniť. Môžu byť zrušené a zmenené.",
Only Allow Edit For,Je povolenou pouze upravovat pro,
Only Send Records Updated in Last X Hours,Iba odoslané záznamy boli aktualizované v posledných X hodinách,
Open,Otvoriť,
Open Documents,Otvorte Dokumenty,
Open Reference Document,Otvoriť referenčný dokument,
Open URL in a New Tab,Otvorte adresu URL na novej karte,
Open a dialog with mandatory fields to create a new record quickly,"Ak chcete rýchlo vytvoriť nový záznam, otvorte dialógové okno s povinnými poľami",
Opened,Otvorené,
Operation,Operace,
Optional: Always send to these ids. Each Email Address on a new row,Voliteľné: Vždy posielať tieto identifikátory. Každá e-mailová adresa na nový riadok,
Optional: The alert will be sent if this expression is true,Volitelné: Upozornění bude zasláno pokud je tento výraz pravdivý,
Options,Možnosti,
Options Help,Možnosti nápovědy,
Orange,Oranžová,
Order,objednať,
Org History,Historie organizace,
Org History Heading,Záhlaví historie organizace,
Other,Ostatní,
Outlook.com,Outlook.com,
Output,Výkon,
PDF Page Size,Velikost stránky PDF,
PDF Settings,Nastavenie PDF,
Page,strana,
Page Break,Zalomenie stránky,
Page Builder,Tvorca stránok,
Page Building Blocks,Stavebné bloky stránky,
Page HTML,HTML kód stránky,
Page Name,Názov stránky,
Page Settings,Nastavenia stránky,
Parameter,Parametr,
Parent Field (Tree),Rodičovské pole (strom),
Parent Label,nadřazený popisek,
Partial Success,Čiastočný úspech,
Participants,účastníci,
Passive,Pasívny,
Password,Heslo,
Password Reset Link Generation Limit,Limit generovania odkazu na obnovenie hesla,
Password for Base DN,Heslo pre základné DN,
Patch,Záplata,
Patch Log,Záznam o o záplatách (patch),
Path,cesta,
Path to CA Certs File,Cesta do súboru CA Certs,
Path to Server Certificate,Certifikát cesty k serveru,
Path to private Key File,Cesta k súboru súkromného kľúča,
Pending,Čakajúce,
Pending Approval,Čaká na schválenie,
Pending Verification,Čaká sa na overenie,
Percent,Percento,
Percentage,percento,
Period,Obdobie,
Perm Level,úroveň oprávnenia,
Permanent,stály,
Permission Level,úroveň oprávnění,
Permission Rules,Pravidla oprávnění,
Permissions,Oprávnenia,
Permitted Documents For User,Povolené dokumenty uživatele,
Personal,Osobné,
Personal Data Deletion Request,Žiadosť o vymazanie osobných údajov,
Personal Data Download Request,Žiadosť o stiahnutie osobných údajov,
Phone,Telefón,
Phone No.,Telefónne číslo,
Phone Number,Telefónne číslo,
Pie,koláč,
Pincode,Pinkód,
Plant,Rostlina,
Point Allocation Periodicity,Periodicita prideľovania bodov,
Points,body,
Port,Port,
Portal Menu,Menu na portáli,
Portal Menu Item,Položka menu na portáli,
Portal Settings,Nastavenie portálu,
Position,pozície,
Postal,Poštovní,
Postal Code,poštové smerovacie číslo,
Precision,Presnosť,
Preferred Billing Address,Preferovaná fakturačná adresa,
Preferred Shipping Address,Preferovaná dodacia adresa,
Prefix,Prefix,
Prepared Report,Pripravená správa,
Prepared Report User,Pripravený užívateľ správy,
Preview,Náhľad,
Preview HTML,Náhľad HTML,
Preview Message,Ukážka správy,
Previous Hash,Predchádzajúci Hash,
Primary,Primární,
Primary Color,Primárna farba,
Print,vytlačiť,
Print Format,Formát tlače,
Print Format Builder,Print Format Builder,
Print Format Help,Nápověda formát tisku,
Print Format Type,Typ formátu tisku,
Print Hide,Skryť tlač,
Print Hide If No Value,Netlačiť ak je bez hodnoty,
Print Server,Tlačový server,
Print Settings,Nastavenie tlače,
Print Style,Štýl tlače,
Print Style Name,Názov štýlu tlače,
Print Style Preview,Náhľad štýlu tlače,
Print UOM after Quantity,Tlač MJ po množstve,
Print Width,Šírka tlače,
"Print Width of the field, if the field is a column in a table","Tisková šířka pole, pokud je pole sloupcem v tabulce",
Print taxes with zero amount,Tlačiť dane s nulovou čiastkou,
Print with letterhead,Tlač s hlavičkový,
Printer Name,Názov tlačiarne,
Printing,Tlačenie,
Priority,Priorita,
Private,Súkromné,
ProTip: Add <code>Reference: {{ reference_doctype }} {{ reference_name }}</code> to send document reference,Protipo: Pridať <code>Reference: {{ reference_doctype }} {{ reference_name }}</code> poslať referenčný dokument,
Property,Vlastnosť,
Property Depends On,Nehnuteľnosť závisí od,
Property Setter,Konfigurátor vlastností,
Property Setter overrides a standard DocType or Field property,Konfigurátor vlastností přepisuje standardní DocType nebo vlastnosti pole,
Property Type,Typ vlastnosti,
Provider,poskytovateľ,
Provider Name,Názov poskytovateľa,
Public,Verejné,
Publish,publikovať,
Published,Zverejnené,
Published On,Zverejnené (kedy),
Pull from Google Calendar,Vytiahnite z Kalendára Google,
Pull from Google Contacts,Vytiahnite z Kontaktov Google,
Pulled from Google Calendar,Spúšťané z Kalendára Google,
Pulled from Google Contacts,Spúšťané z Kontaktov Google,
Purchase Manager,Manažér nákupu,
Purchase Master Manager,Nadriadený manažér nákupu,
Purchase User,Nákup Uživatel,
Purple,Fialová,
Push to Google Calendar,Push to Kalendár Google,
Push to Google Contacts,Push to Google Contacts,
Quarterly,Čtvrtletně,
Query,Dotaz,
Query / Script,Dopyt / skript,
Query Options,Možnosti dotazu,
Query Report,Report dotazu,
Queued,Vo fronte,
Quick Entry,Rýchly vstup,
RAW Information Log,Informačný denník RAW,
Random,Náhodný,
Rating,Rating,
Raw Commands,Surové príkazy,
Raw Email,Surový Email,
Raw Printing,Surová tlač,
Read,Čítať,
Read Only,Len na čítanie,
Read Only Depends On,Iba na čítanie závisí od,
Read Time,Čas čítania,
Read by Recipient,Prečítané adresátom,
Read by Recipient On,Prečítané adresátom dňa,
Reason,Dôvod,
Received,Prijaté,
Receiver By Document Field,Pole príjemcu podľa dokladu,
Receiver By Role,Prijímač podľa roly,
Receiver Parameter,Přijímač parametrů,
Recipient,Príjemca,
Recipient Unsubscribed,Príjemca Odhlásený,
Recipients,Príjemcovia,
Recorder,zapisovač,
Red,Červená,
Redirect URI Bound To Auth Code,Presmerovanie URI Bound auth zákonníka,
Redirect URIs,presmerovanie URI,
Redirect URL,presmerovanie URL,
Ref DocType,Referenčný DokTyp,
Reference,Referencia,
Reference Date,Referenčný dátum,
Reference DocName,Odkaz DocName,
Reference DocType,Referenčný DocType,
Reference Docname,Odkaz DocName,
Reference Doctype,Reference DocType,
Reference Document,referenčný dokument,
Reference Document Name,Názov referenčného dokumentu,
Reference Document Type,Referenčná Typ dokumentu,
Reference Name,Referenčný názov,
Reference Owner,referenčnej Vlastník,
Reference Report,Referenčná správa,
Reference Type,Typ reference,
Reference name,Názov referencie,
Referrer,Sprostredkovateľ,
Refresh Google Sheet,Obnovte Tabuľku Google,
Refresh Token,obnoviť Token,
Rejected,Zamítnuto,
Relinked,Relinked,
Reload,Znovu načítať,
Remember Last Selected Value,"Nezabudnite, posledný vybraná hodnota",
Reminder,pripomienka,
Repeat On,Opakovat na,
Repeat Till,Opakovat dokud,
Repeat on Day,Opakujte v deň,
Repeat on Last Day of the Month,Opakujte posledný deň v mesiaci,
Repeat this Event,Opakovat tuto událost,
Replied,Odpovězeno,
Reply,Odpoveď,
Report,Report,
Report Builder,Konfigurátor Reportu,
Report Column,Stĺpec správy,
Report Description,Nahlasit popis,
Report Filter,Filter prehľadov,
Report Filters,správa Filtre,
Report Hide,Skrýt výpis,
Report Information,Informácie o správe,
Report Manager,Manažer výpisů,
Report Name,Názov reportu,
Report Reference Doctype,Správa Referenčný doctype,
Report Type,Typ výpisu,
Reports,správy,
Represents a User in the system.,Představuje uživatele v systému,
Represents the states allowed in one document and role assigned to change the state.,Reprezentuje stavy povolené v jednom dokumentu a přiřazené role pro změnu stavu.,
Request Data,Vyžiadajte si údaje,
Request Structure,Štruktúra žiadosti,
Request URL,Požiadajte URL,
Requested Numbers,Požadované Čísla,
Require Trusted Certificate,Vyžadovať dôveryhodný certifikát,
Reset Password Key,Obnovit heslo klíče,
Response,Odpověď,
Response Type,typ Response,
Restored,obnovená,
Restrict IP,Omezit IP,
Restrict To Domain,Obmedziť na doménu,
Restrict to Domain,Obmedziť na doménu,
Restrict user from this IP address only. Multiple IP addresses can be added by separating with commas. Also accepts partial IP addresses like (111.111.111),"Omezit přístup uživatele pouze z této IP adresy. Můžete přidat více IP adres, oddělených čárkou. Je možno zadat dílčí IP adresy jako (111.111.111).",
Retry,Skúsiť znova,
Reverse Icon Color,Reverzný farebná ikona,
Revert,Prejsť späť,
Revert Of,Vrátiť späť,
Reverted,vrátené,
Review,Preskúmanie,
Review Level,Úroveň kontroly,
Review Levels,Skontrolujte úrovne,
Review Points,Skontrolujte body,
Revoked,zrušená,
Rich Text,Rich Text,
Right,V pravo,
Robots.txt,robots.txt,
Role,Role,
Role Name,Názov role,
Role Permission for Page and Report,Oprávnenie role Page a správa,
Role Permissions,Oprávnění rolí,
Role Permissions Manager,Správce rolí a oprávnění,
Role Profile,Profil úloh,
Role and Level,Role a úroveň,
Roles,role,
Roles Assigned,Přiřazení rolí,
Roles HTML,Role HTML,
Roles Html,Roly HTML,
Round Robin,Round Robin,
Route,trasa,
Route History,História trasy,
Route Redirects,Presmerovanie trasy,
"Route: Example ""/desk""",Trasa: Príklad „/ desk“,
Row Index,Riadkový index,
Row Name,Názov riadku,
Rows Added,riadky pridané,
Rows Removed,riadky Odstránené,
Rule,pravidlo,
Rule Conditions,Podmienky pravidla,
Rule Name,Názov pravidla,
Rules defining transition of state in the workflow.,Pravidla definující přechod stavů v tocích (workflow).,
"Rules for how states are transitions, like next state and which role is allowed to change state etc.","Pravidla pro přechod stavů, jako následný stav a která role má povoleno změnit stav atd.",
Rules with higher priority number will be applied first.,Najskôr sa použijú pravidlá s vyššou prioritou.,
Run Jobs only Daily if Inactive For (Days),"Spúšťajte úlohy iba denne, ak sú neaktívne (dni)",
Run scheduled jobs only if checked,Spouštět plánované operace pouze když je zaškrtnuto,
S3 Backup Settings,Nastavenia zálohovania S3,
S3 Bucket Details,Detaily vedra S3,
SMS,SMS,
SMS Gateway URL,SMS brána URL,
SMS Log,SMS Log,
SMS Parameter,SMS parametrů,
SMS Settings,Nastavenie SMS,
SMTP Settings for outgoing emails,SMTP nastavenie pre odchádzajúce e-maily,
"SQL Conditions. Example: status=""Open""",SQL podmienky. Príklad: status = &quot;Otvorené&quot;,
SSL/TLS Mode,Režim SSL / TLS,
Sales Manager,Manažér predaja,
Sales Master Manager,Nadriadený manažér predaja,
Sales User,Používateľ predaja,
Salesforce,Salesforce,
Salutation,Oslovenie,
Sample,Vzorka,
Saturday,Sobota,
Save,Uložiť,
Scheduled,Plánované,
Scheduled Job,Naplánovaná práca,
Scheduled Job Log,Plánovaný denník úloh,
Scheduled Job Type,Plánovaný typ úlohy,
Scheduled To Send,naplánované odosielať,
Scheduler Event,Udalosť plánovača,
Scope,Rozsah,
Scopes,Scopes,
Script,Skript,
Script Manager,Správca skriptov,
Script Report,Skriptovaný výpis,
Script Type,Typ skriptu,
Script to attach to all web pages.,Skript pro přidání na všechny www stránky.,
Search Fields,Vyhľadávacie pole,
Search Priorities,Priority vyhľadávania,
Section,Oddiel,
Section Break,Zalomenie sekcie,
Security Settings,Bezpečnostné nastavenia,
Seen,Zhliadnuté,
Seen By,Videné kým,
Seen By Table,videný tabuľke,
Select,Vybrať,
Select Dashboard,Vyberte informačný panel,
Select Date Range,Vyberte rozsah dátumov,
Select DocType,Zvoľte DocType,
Select Doctype,Vyberte možnosť Doctype,
Select Transaction,Vybrat Transaction,
Select an image of approx width 150px with a transparent background for best results.,Zvolte obrázek s šířkou okolo 150px a s transparentním pozadím pro nejlepší výsledek.,
Select the label after which you want to insert new field.,"Zvolte popisek, za kterým chcete vložit nové pole.",
Send After,Odoslať po,
Send Alert On,Odeslat upozornění (kdy),
Send Email Alert,Odoslať upozornenie e-mailom,
Send Email Print Attachments as PDF (Recommended),Zvolte tiskové přílohy emailu jako PDF (doporučeno),
Send Email for Successful Backup,Odoslať e-mail pre úspešné zálohovanie,
Send Email for Successful backup,Odoslať e-mail pre úspešné zálohovanie,
Send Me A Copy of Outgoing Emails,Pošlite mi kópiu odchádzajúcich e-mailov,
Send Notification To,Odoslať oznámenia na,
Send Notification to,Odoslať upozornenie na,
Send Notifications For Documents Followed By Me,"Odosielať oznámenia o dokumentoch, ktoré sledujem",
Send Notifications For Email Threads,Posielať oznámenia pre e-mailové vlákna,
Send Notifications To,Odeslat upozornění,
Send Print as PDF,Odoslať tlač ako PDF,
Send System Notification,Odoslať systémové oznámenie,
Send To All Assignees,Poslať všetkým postupníkom,
Send Unsubscribe Link,Poslať odkaz pre odhlásenie,
Send Welcome Email,Odoslať uvítací e-mail,
Send alert if date matches this field's value,Odeslat upozornění pokud datum souhlasí s hodnotou tohoto pole,
Send alert if this field's value changes,"Zaslat upozornění, pokud se změní hodnota tohoto pole",
Send an email reminder in the morning,Ráno odeslat upozornění emailem,
Send days before or after the reference date,Poslať dní pred alebo po referenčnom dátumom,
Send enquiries to this email address,Odeslat dotazy na tuto emailovou adresu,
Send only if there is any data,"Zaslať iba vtedy, ak existujú nejaké údaje",
Send unsubscribe message in email,Odoslať odhlásiť správu do e-mailu,
Sender,Odosielateľ,
Sender Email,E-mail odosielateľa,
Sender Name,Meno odosielateľa,
Sendgrid,Sendgrid,
Sending,Odosielanie,
Sent,Odoslané,
Sent On,Poslané na,
Sent Read Receipt,Potvrdenie o prečítaní odoslané,
Sent To,Odoslané na,
Sent or Received,Odoslané alebo prijaté,
Sent/Received Email,Odoslaný / prijatý e-mail,
Separator,Oddeľovač,
Sequence Id,Id,
Series List for this Transaction,Řada seznam pro tuto transakci,
Server Action,Akcia servera,
Server IP,Server IP,
Server Script,Serverový skript,
Service,Služba,
Session Default,Predvolená relácia,
Session Default Settings,Predvolené nastavenia relácie,
Session Defaults,Predvolené hodnoty relácie,
Set Banner from Image,Nastaviť banner z obrázku,
"Set Default Options for all charts on this Dashboard (Ex: ""colors"": [""#d1d8dd"", ""#ff5858""])","Nastaviť predvolené možnosti pre všetky grafy na tomto paneli (napr. „Farby“: [&quot;# d1d8dd&quot;, &quot;# ff5858&quot;])",
Set New Password,Nastaviť nové heslo,
Set Property After Alert,Nastaviť vlastnosť po upozornení,
Set Role For,Nastaviť role,
Set Value,Nastaviť hodnotu,
Set non-standard precision for a Float or Currency field,Nastavit nestandardní přesnost pro desetinná čísla nebo pole měny,
Settings,Nastavenia,
Settings Dropdown,Rozbaľovacia ponuka nastavení,
Settings for Contact Us Page,Nastavenie stránky Kontaktujte nás,
Settings for the About Us Page,Nastavenie stránky O nás,
Setup,Nastavenie,
Setup Complete,Nastavenie dokončené,
Setup Wizard,Sprievodca nastavením,
Share,zdieľam,
Shared,Zdieľané,
Shipping,Dodanie,
Shop,Obchod,
Short Name,Skrátené meno,
Shortcuts,skratky,
Show Attachments,Zobraziť prílohy,
Show Dashboard,Zobraziť informačný panel,
Show Document,Zobraziť dokument,
Show Failed Logs,Zobraziť neúspešné protokoly,
Show Form Tour,Zobraziť prehliadku formulára,
Show Full Error and Allow Reporting of Issues to the Developer,Zobraziť plnú chybu a povoliť hlásenie problémov vývojárom,
Show Full Form?,Zobraziť plný formulár?,
Show Line Breaks after Sections,Show konce riadkov po oddieloch,
Show Percentage Stats,Zobraziť percentuálne štatistiky,
Show Preview Popup,Zobraziť kontextové okno s ukážkou,
Show Report,Zobraziť správu,
Show Section Headings,Ukázať § Nadpisy,
Show Sidebar,show Sidebar,
Show Title,Zobraziť Názov,
Show as cc,Zobraziť ako cc,
Show full form instead of a quick entry modal,Zobraziť úplnú formu namiesto modálneho rýchleho zadania,
Show in Module Section,Show v oddiele Modul,
Show in filter,Zobraziť vo filtri,
Show percentage difference according to this time interval,Zobraziť percentuálny rozdiel podľa tohto časového intervalu,
"Show title in browser window as ""Prefix - title""",Zobraziť titul v okne prehliadača ako &quot;Predčíslie - nadpis&quot;,
Sidebar Items,Položky postranného panelu,
Sidebar Settings,Nastavenie postranného panelu,
Sidebar and Comments,Sidebar a Komentáre,
Signature,Podpis,
"Simple Python Expression, Example: Status in (""Closed"", ""Cancelled"")","Jednoduchý výraz Python, príklad: Stav v („Zatvorené“, „Zrušené“)",
"Simple Python Expression, Example: Status in (""Invalid"")","Jednoduchý výraz Python, príklad: Stav v („Neplatné“)",
"Simple Python Expression, Example: status == 'Open' and type == 'Bug'","Jednoduchý výraz Python, príklad: status == &#39;Open&#39; a napíšte == &#39;Bug&#39;",
Simultaneous Sessions,súbežných relácií,
Single Types have only one record no tables associated. Values are stored in tabSingles,Typy osamocené mají pouze jeden záznam - není asociovaná žádná tabulka. Hodnoty jsou uloženy v tabSingles,
Skip Authorization,preskočiť Authorization,
Skype,skype,
Slack,voľný,
Slack Channel,Slack Channel,
Slack Webhook URL,Smažte webovú adresu URL,
Slideshow,Premietanie obrázkov na webstránke,
Slideshow Items,Položky premietania obrázkov,
Slideshow Name,Názov premietania,
Slideshow like display for the website,Promítání obrázků (slideshow) pro zobrazení na www stránce,
Small Text,Krátký text,
Smallest Currency Fraction Value,Najmenší Mena Frakcia Hodnota,
Smallest circulating fraction unit (coin). For e.g. 1 cent for USD and it should be entered as 0.01,"Najmenšia cirkulujúce frakcie jednotka (mince). Pre napríklad 1 cent za USD, a to by malo byť vstúpila ako 0,01",
Social,Sociálnej,
Social Link Settings,Nastavenia sociálneho odkazu,
Social Link Type,Typ sociálneho odkazu,
Social Login Key,Kľúč na sociálne prihlásenie,
Social Login Provider,Poskytovateľ sociálneho prihlásenia,
Social Logins,Sociálne prihlásenia,
Soft-Bounced,Soft-Bounced,
Sort Field,Pole zoradenia,
Sort Order,Zoradenie,
Source,Zdroj,
Source Name,Názov zdroja,
Source Text,zdroj Text,
Spam,Nevyžiadaná pošta,
SparkPost,SparkPost,
Standard,Štandard,
Standard Sidebar Menu,Štandardné Sidebar Menu,
Start Date,Dátum začiatku,
Start Date Field,Pole Dátum začiatku,
Start Time,Start Time,
StartTLS,STARTTLS,
Started,zahájená,
Starts on,Začína,
State,stáť,
State/Province,Štát / provincia,
States,Stavy,
Static Parameters,Statické parametry,
Stats,Štatistiky,
Stats Time Interval,Štatistický časový interval,
Status,Stav,
Step,Krok,
Steps,Kroky,
Stopped,Zastavené,
Stores the JSON of last known versions of various installed apps. It is used to show release notes.,Uchováva JSON posledných známych verzií rôznych inštalovaných aplikácií. To sa používa na zobrazenie poznámky k vydaniu.,
Style,Štýl,
Style Settings,Nastavenie štýlu,
"Style represents the button color: Success - Green, Danger - Red, Inverse - Black, Primary - Dark Blue, Info - Light Blue, Warning - Orange","Styly reprezentující barvy tlačítek: Úspěch - zelená, Nebezpečí - Červená, Inverze - černá, Hlavní – tmavě modrá, Info – světle modrá, Upozornění – oranžová",
Stylesheet,Šablóna so štýlmi,
"Sub-currency. For e.g. ""Cent""","Sub-měna. Pro např ""Cent """,
Sub-domain provided by erpnext.com,Sub doména poskytnutá (kým) erpnext.com,
Subdomain,Sub doména,
Subject,Predmet,
Subject Field,Subject Field,
Submit,Potvrdiť,
Submit After Import,Odoslať po importe,
Submitted,Potvrdené,
Subsidiary,Dceřiný,
Subtitle,podtitul,
Success,Úspech,
Success Action,Úspešná akcia,
Success Message,Správa o úspechu,
Success URL,URL ak sa podarí,
Sum,súčet,
Sunday,Nedeľa,
Symbol,Symbol,
Sync,sync,
Sync with Google Calendar,Synchronizácia s Kalendárom Google,
Sync with Google Contacts,Synchronizácia s kontaktmi Google,
System,Systém,
System Console,Systémová konzola,
System Manager,Správca systému,
System Notification,Oznámenie systému,
System Page,Systémová stránka,
System Settings,Nastavenie systému,
System managers are allowed by default,Správcovia systému sú predvolene povolení,
Table,Tabuľka,
Table Break,Prestávka na stôl,
Table HTML,Tabuľka HTML,
Table MultiSelect,Tabuľka MultiSelect,
Tag,štítok,
Tag Link,Odkaz na značku,
Target,Cíl,
Tax Category,Daňová kategória,
Team Members,Členové týmu,
Team Members Heading,Záhlaví členů týmu,
Template,Šablona,
Template Options,Možnosti šablón,
Template Warnings,Varovania šablóny,
Text,Text,
Text Align,Zarovnání textu,
Text Color,Farba textu,
Text Content,Text Obsah,
Text Editor,Editor textu,
The name that will appear in Google Calendar,"Názov, ktorý sa zobrazí v Kalendári Google",
The user from this field will be rewarded points,Užívateľovi z tohto poľa budú pridelené body,
The webhook will be triggered if this expression is true,"Ak je tento výraz pravdivý, spustí sa webhook",
Theme,Téma,
Theme Configuration,Konfigurácia témy,
Theme URL,Adresa URL témy,
These values will be automatically updated in transactions and also will be useful to restrict permissions for this user on transactions containing these values.,Tyto hodnoty budou automaticky aktualizovány v transakcích a rovněž bude užitečné omezit oprávnění pro tohoto uživatele v transakcích obsahujících tyto hodnoty.,
Third Party Authentication,Ověření třetí stranou,
This card will be available to all Users if this is set,"Táto karta bude k dispozícii všetkým používateľom, ak je nastavená",
This chart will be available to all Users if this is set,"Tento graf bude k dispozícii všetkým používateľom, ak je nastavený",
This format is used if country specific format is not found,"Tento formát se používá, když specifický formát země není nalezen",
This goes above the slideshow.,Toto přijde nad promítání obrázků.,
This is an example Google SERP Preview.,Toto je príklad ukážky Google SERP.,
This is the number of the last created transaction with this prefix,To je číslo poslední vytvořené transakci s tímto prefixem,
This will be shown in a modal after routing,Po smerovaní sa to zobrazí modálne,
This will be shown to the user in a dialog after routing to the report,Toto sa používateľovi zobrazí v dialógovom okne po smerovaní do prehľadu,
Thumbnail URL,Thumbnail URL,
Thursday,Čtvrtek,
Time,čas,
Time Format,Formát času,
Time Interval,Časový interval,
Time Series,Časové rady,
Time Series Based On,Časové rady založené na,
Time Zone,Časové pásmo,
Time Zones,Časová pásma,
Time format,Formát času,
Time in seconds to retain QR code image on server. Min:<strong>240</strong>,Čas v sekundách na zachovanie obrazu kódu QR na serveri. Min: <strong>240</strong>,
Timeline,časová os,
Timeline DocType,Časová os DOCTYPE,
Timeline Field,Časová os Field,
Timeline Links,Odkazy na časovú os,
Timeline Name,Časová os Name,
Timeseries,TimeSeries,
Timespan,Časové rozpätie,
Timestamp,Časovú pečiatku,
Title,Názov,
Title Field,Nadpis poľa,
Title Prefix,Title Prefix,
To,na,
To Date,To Date,
To Date Field,Do poľa Dátum,
To and CC,To a CC,
"To use Slack Channel, add a <a href=""#List/Slack%20Webhook%20URL/List"">Slack Webhook URL</a>.","Ak chcete použiť Slack Channel, pridajte <a href=""#List/Slack%20Webhook%20URL/List"">webovú adresu Slack Webhook</a> .",
ToDo,Úkoly,
Token,žetón,
Top,Top,
Top Bar Item,Položka horního panelu,
Top Bar Items,Položky horního panelu,
Topic,téma,
Total Subscribers,Celkom Odberatelia,
Total number of emails to sync in initial sync process ,Celkový počet e-mailov pre synchronizáciu v počiatočnom synchronizačného procesu,
Traceback,Vystopovať,
Track Changes,Sledovanie zmien,
Track Email Status,Sledovať stav e-mailu,
Track Field,Pole sledovania,
Track Seen,track Videné,
Track Views,Zobrazenie trasy,
Track milestones for any document,Sledujte míľniky všetkých dokumentov,
Transaction Hash,Hash transakcie,
Transaction Log,Denník transakcií,
Transaction Log Report,Prehľad denníka transakcií,
Transition Rules,Pravidla transakce,
Transitions,Přechody,
Translatable,preložiteľný,
Translated Text,preložený Text,
Translation,preklad,
Trash,Smeti,
Tree,strom,
Tree structures are implemented using Nested Set,Štruktúry stromov sú implementované pomocou Nested Set,
Trigger Method,trigger Metóda,
"Trigger on valid methods like ""before_insert"", ""after_update"", etc (will depend on the DocType selected)","Trigger na overené metódy, ako je &quot;before_insert&quot;, &quot;after_update&quot;, etc (bude závisieť na zvolenom DOCTYPE)",
Tuesday,Úterý,
Two Factor Authentication,Overenie dvoch faktorov,
Two Factor Authentication method,Metóda overovania dvoch faktorov,
Type,Typ,
UID,UID,
UIDNEXT,UIDNEXT,
UIDVALIDITY,UIDVALIDITY,
UNSEEN,nevidený,
URL,URL,
URL for documentation or help,URL pre dokumentáciu alebo pomoc,
URL to go to on clicking the slideshow image,"URL, na ktorú idete kliknúť na obrázok prezentácie",
Unassign Condition,Nepriradené podmienky,
Unhandled Email,neošetrené Email,
Unique,Jedinečný,
Unread,neprečítaný,
Unread Notification Sent,Neprečítané oznámenia Odoslané,
Unshared,nerozdelený,
Unsubscribe Method,metóda aktuality,
Unsubscribe Param,aktuality Param,
Unsubscribed,Odhlášen z odběru,
Update,Aktualizovat,
Update Existing Records,Aktualizácia existujúcich záznamov,
Update Field,Aktualizovat pole,
Update Series Number,Aktualizace Series Number,
Update Settings,Aktualizovať nastavenia,
Update Value,Aktualizovat hodnotu,
Updated,Aktualizováno,
Uploaded To Dropbox,Odovzdané do Dropbox,
Uploaded To Google Drive,Odovzdané na Disk Google,
Use % for any non empty value.,Pre každú neprázdnu hodnotu použite%.,
Use ASCII encoding for password,Použite kódovanie ASCII pre heslo,
Use IMAP,Použiť IMAP,
Use POST,Použite POST,
Use Report Chart,Použite prehľadový graf,
Use SSL,Použít SSL,
Use TLS,Použít TLS,
Use this fieldname to generate title,Pomocou tohto fieldname na generovanie názvu,
User,užívateľ,
User ,užívateľ,
User Agent,Agent používateľa,
User Cannot Create,Uživatel nemůže Vytvořit,
User Cannot Search,Uživatel nemůže vyhledávat,
User Defaults,Výchozí nastavení uživatele,
User Details,Detaily používateľa,
User Email,užívateľ E-mail,
User Emails,užívateľské e-maily,
User Field,Pole používateľa,
User ID,User ID,
User ID Property,Vlastnosť ID používateľa,
User ID of a Blogger,ID uživatele bloggera,
User Id,ID používateľa,
User Image,Obrázok užívateľa (avatar),
User Name,Meno používateľa,
User Permission,Uživatelská oprávnění,
User Profile,Užívateľský profil,
User Social Login,Prihlásenie používateľa pre sociálne siete,
User Tags,Uživatelské štítky,
User Type,Typ uživatele,
User can login using Email id or Mobile number,Používateľ sa môže prihlásiť pomocou čísla e-mailu alebo mobilného čísla,
User can login using Email id or User Name,Používateľ sa môže prihlásiť pomocou ID e-mailu alebo User Name,
User must always select,Uživatel musí vždy vybrat,
Username,Užívateľské meno,
Users,Uživatelé,
Users assigned to the reference document will get points.,Používatelia priradení k referenčnému dokumentu získajú body.,
Valid,platný,
Validate Field,Overiť pole,
Validity,Platnosť,
Value,hodnota,
Value Based On,Hodnota založená na,
Value Change,Změnit hodnotu,
Value Changed,Hodnota změněna,
Value To Be Set,"Hodnota, ktorú chcete nastaviť",
Value from this field will be set as the due date in the ToDo,Hodnota z tohto poľa bude nastavená ako termín splatnosti v úlohe,
Value to Validate,Hodnota na overenie,
Verdana,Verdana,
Verified,overená,
Version,Verze,
Video URL,URL videa,
View,Pohľad,
View Log,Prezrieť záznam,
View Properties (via Customize Form),Zobrazenie vlastností (cez Vlastné forma),
View Report,Pozrieť si správu,
View Settings,nastavenie zobrazenia,
View Website,Prejsť na webstránku,
Viewed By,Zobrazený od,
Visit,Návštěva,
Warehouse,sklad,
Warning,Upozornění,
Watch Video,Pozeraj video,
Web Form,Webový formulář,
Web Form Field,Pole webového formuláře,
Web Form Fields,Pole webových formulářů,
Web Page,Www stránky,
Web Page Block,Blokovanie webových stránok,
Web Page View,Zobrazenie webovej stránky,
Web Template,Webová šablóna,
Web Template Field,Pole webovej šablóny,
Web Template Values,Hodnoty webových šablón,
Web View,web View,
Webhook,Webhook,
Webhook Data,Webhook Data,
Webhook Header,Hlavička Webhook,
Webhook Headers,Záhlavie Webhook,
Webhook Request,Požiadavka Webhook,
Webhook Secret,Webhook Secret,
Webhook Security,Webhook Security,
Webhook Trigger,Spúšťač Webhook,
Webhook URL,Webhook URL,
Website,Stránky,
Website Analytics,Analýza webových stránok,
Website Manager,Správce webu,
Website Meta Tag,Značka metadat webu,
Website Route Meta,Webová stránka Route Meta,
Website Route Redirect,Presmerovanie trasy webovej stránky,
Website Script,Skript www stránky,
Website Settings,Nastavení www stránky,
Website Sidebar,Webové stránky Sidebar,
Website Sidebar Item,Webové stránky Bočný panel Item,
Website Slideshow,Promítání obrázků na www stránce,
Website Slideshow Item,Položka promítání obrázků www stránky,
Website Theme,Internetové stránky Téma,
Website Theme Ignore App,Téma webových stránok Ignorovať aplikáciu,
Website Theme Image,Internetové stránky Téma Image,
Website Theme Image Link,Internetové stránky Téma Image Link,
Wednesday,Středa,
Weekdays,Dni v týždni,
Weekly,Týdenní,
Weekly Long,Týždenne dlho,
Welcome Email Template,Uvítacia šablóna e-mailu,
"When enabled this will allow guests to upload files to your application, You can enable this if you wish to collect files from user without having them to log in, for example in job applications web form.","Ak to povolíte, umožní to hosťom nahrávať súbory do vašej aplikácie. Môžete to povoliť, ak si želáte zbierať súbory od používateľa bez toho, aby sa museli prihlásiť, napríklad vo webovom formulári žiadostí o zamestnanie.",
Which view of the associated DocType should this shortcut take you to?,Na ktoré zobrazenie súvisiaceho typu DocType by vás mala táto skratka zaviesť?,
Width,Šířka,
Wildcard Filter,Zástupný filter,
"Will add ""%"" before and after the query",Pridá „%“ pred a za dopyt,
Will be used in url (usually first name).,Bude použité v url (obvykle prvé meno).,
Will run scheduled jobs only once a day for inactive sites. Default 4 days if set to 0.,"Pre neaktívne weby sa budú spúšťať naplánované úlohy iba raz denne. Predvolené 4 dni, ak je nastavené na 0.",
Workflow,Toky (workflow),
Workflow Action,Akce toků,
Workflow Action Master,Akce hlavních toků,
Workflow Action Name,Název akce toku (workflow),
Workflow Action is not created for optional states,Akcia pracovného toku sa nevytvára pre voliteľné stavy,
Workflow Document State,Stav toku (workflow) dokumentu,
Workflow Name,Názov pracovného toku,
Workflow State,Stav toků,
Workflow State Field,Pole stavu toku (workflow),
Workflow Transition,Přechod toku (workflow),
Workflow state represents the current state of a document.,Stav toku představuje aktuální stav dokumentu,
Write,Zapsat,
X Field,Pole X,
XLSX,XLSX,
Y Axis,Os Y,
Y Field,Pole Y,
Yahoo Mail,Yahoo Mail,
Yandex.Mail,Yandex.Mail,
Year,Rok,
Yearly,Ročne,
Yellow,žltá,
Yes,Áno,
Your organization name and address for the email footer.,Vaše meno a adresa organizácie pre e-mailovú pätu.,
Zero means send records updated at anytime,Nula znamená odosielať záznamy kedykoľvek aktualizované,
_doctype,_doctype,
_report,_správa,
adjust,adjust,
after_insert,after_insert,
align-center,zarovnat-střed,
align-justify,zarovnat-vyplnit,
align-left,zarovnat-vlevo,
align-right,zarovnat-vpravo,
arrow-down,šipka-dolů,
arrow-left,šipka-vlevo,
arrow-right,šipka-vpravo,
arrow-up,šipka-nahoru,
asterisk,asterisk,
backward,pospiatky,
ban-circle,ban-circle,
barcode,Barcode,
bell,zvon,
blue,Modrá,
bold,tučně,
book,kniha,
bookmark,záložka,
briefcase,kufřík,
bullhorn,megafon,
calendar,kalendár,
camera,fotoaparát,
certificate,certifikát,
check,check,
chevron-down,chevron-down,
chevron-left,chevron-left,
chevron-right,chevron-right,
chevron-up,chevron-up,
circle-arrow-down,circle-arrow-down,
circle-arrow-left,circle-arrow-left,
circle-arrow-right,circle-arrow-right,
circle-arrow-up,circle-arrow-up,
cog,cog,
comment,Komentár,
darkgrey,tmavošedý,
dd-mm-yyyy,dd-mm-rrrr,
dd.mm.yyyy,dd.mm.rrrr,
dd/mm/yyyy,dd/mm/rrrr,
download,Stiahnuť,
download-alt,download-alt,
"e.g. ""Support"", ""Sales"", ""Jerry Yang""","napríklad ""Podpora "","" Predaj"","" Jerry Yang """,
e.g. pop.gmail.com / imap.gmail.com,napr pop.gmail.com / imap.gmail.com,
e.g. replies@yourcomany.com. All replies will come to this inbox.,napríklad odpovede@vasafirma.com. Všetky odpovede prídu do tejto schránky.,
e.g. smtp.gmail.com,např. smtp.gmail.com,
edit,Upraviť,
eject,eject,
email,e-mail,
envelope,obálka,
exclamation-sign,exclamation-sign,
eye-close,eye-close,
eye-open,eye-open,
facebook,Facebook,
facetime-video,facetime-video,
fairlogin,fairlogin,
fast-backward,fast-backward,
fast-forward,fast-forward,
file,soubor,
film,film,
filter,filtr,
fire,oheň,
flag,flag,
folder-close,folder-close,
folder-open,folder-open,
font,font,
forward,předat dál,
fullscreen,celá obrazovka,
gift,dárek,
glass,glass,
globe,glóbus,
green,zelená,
hand-down,hand-down,
hand-left,hand-left,
hand-right,hand-right,
hand-up,hand-up,
hdd,hdd,
headphones,sluchátka,
heart,srdce,
home,Domov,
icon,ikona,
in minutes,za pár minút,
inbox,Inbox,
indent-left,indent-left,
indent-right,indent-right,
info-sign,info-sign,
italic,italic,
leaf,list,
link,Odkaz,
linkedin,linkedin,
list,zoznam,
list-alt,list-alt,
lock,zámek,
magnet,magnet,
map-marker,map-marker,
minus,mínus,
minus-sign,znaménko mínus,
mm-dd-yyyy,mm-dd-rrrr,
mm/dd/yyyy,mm/dd/rrrr,
module,Modul,
move,sťahovať,
music,hudba,
no failed attempts,no neúspešných pokusoch,
off,off,
ok,ok,
ok-circle,ok-circle,
ok-sign,ok-sign,
old_parent,old_parent,
on_cancel,on_cancel,
on_change,on_change,
on_submit,on_submit,
on_trash,on_trash,
on_update,on_update,
on_update_after_submit,on_update_after_submit,
orange,oranžový,
page,Stránka,
pause,pauza,
pencil,tužka,
picture,obrázok,
plane,letadlo,
play,play,
play-circle,play-circle,
plus,plus,
plus-sign,plus-sign,
print,Tlač,
purple,Fialová,
qrcode,qrcode,
query-report,query-report,
question-sign,question-sign,
random,náhodný,
red,červená,
refresh,Obnoviť,
remove,odstrániť,
remove-circle,remove-circle,
remove-sign,remove-sign,
repeat,opakovať,
resize-full,resize-full,
resize-horizontal,resize-horizontal,
resize-small,resize-small,
resize-vertical,resize-vertical,
response,odpoveď,
retweet,retweet,
road,road,
screenshot,snímka obrazovky,
search,Vyhľadávanie,
share,zdielanie,
share-alt,share-alt,
shopping-cart,nákupný košík,
signal,signal,
star,hviezda,
star-empty,star-empty,
step-backward,step-backward,
step-forward,step-forward,
stop,prestať,
tag,Štítek,
tags,tagy,
tasks,úlohy,
text-height,text-height,
text-width,text-width,
th,th,
th-large,th-large,
th-list,th-list,
thumbs-down,thumbs-down,
thumbs-up,thumbs-up,
time,Čas,
tint,tint,
trash,koš,
twitter,twitter,
upload,Nahrať,
user,Uživatel,
volume-down,volume-down,
volume-off,volume-off,
volume-up,volume-up,
warning-sign,warning-sign,
wrench,wrench,
yellow,žltá,
yyyy-mm-dd,rrrr-mm-dd,
zoom-in,Zväčšiť,
zoom-out,Zmenšiť,
