"""Company History""",&quot;Zgodovina podjetja&quot;,
"""Team Members"" or ""Management""","""Člani skupine"" ali ""Upravniki""",
&lt;head&gt; HTML,&lt;head&gt; HTML,
**Currency** Master,Glavna **Valuta**,
0 - Draft; 1 - Submitted; 2 - Cancelled,0 - Osnutek; 1 - Objavljeno 2 - Preklicano,
0 is highest,0 je najvišja,
A list of resources which the Client App will have access to after the user allows it.<br> e.g. project,"Seznam virov, ki jih bo imela stranka App dostop do ko uporabnik to dovoli. <br> na primer projekt",
A symbol for this currency. For e.g. $,Simbol za to valuto. Na primer $,
A4,A4,
ALL,Vsi,
API,API,
API Access,Dostop do API-ja,
API Endpoint,Končna točka API,
API Endpoint Args,Končne točke API,
API Key,ključ API,
API Method,Metoda API,
API Secret,API Secret,
ASC,ASC,
About Us Settings,O podjetju Nastavitve,
About Us Team Member,O podjetju Team Član,
Access Key ID,Dostopni ključni ID,
Access Key Secret,Dostopna skrivnost ključa,
Access Log,Dnevnik dostopa,
Access Token,Dostopni žeton,
Access Token URL,Dostop do URL-ja žetona,
Account,račun,
Accounts Manager,Accounts Manager,
Accounts User,Računi uporabnikov,
Action,Dejanje,
Action / Route,Dejanje / pot,
Action Timeout (Seconds),Časovna omejitev dejanja (sekunde),
Action Type,Vrsta akcije,
Actions,Dejanja,
Active,Aktivno,
Active Domains,Aktivne domene,
Activity Log,Dnevnik aktivnosti,
Add Container,Dodaj vsebnik,
Add Custom Tags,Dodajte oznake po meri,
Add Gray Background,Dodajte sivo ozadje,
Add Signature,Dodaj podpis,
Add Total Row,Dodaj vrstico Skupaj,
Add Unsubscribe Link,Dodaj povezavo za odjavo,
"Added HTML in the &lt;head&gt; section of the web page, primarily used for website verification and SEO","Dodano HTML v &lt;head&gt; del spletne strani, uporablja predvsem za preverjanje spletnih strani in SEO",
Additional Permissions,Dodatne Dovoljenja,
Address,Naslov,
Address And Contacts,Naslov in stiki,
Address Line 1,Naslov Line 1,
Address Line 2,Naslov Line 2,
Address Template,Predloga Naslovov,
Address Title,Naslov Naslov,
Address Type,Naslov Type,
Address and other legal information you may want to put in the footer.,"Naslov in druge pravne informacije, boste morda želeli, da dajo v nogi.",
Addresses And Contacts,Naslovi in kontakti,
Adds a custom field to a DocType,Doda polje po meri za parameter DocType,
Administrator,Administrator,
Advanced,Napredno,
Advanced Control,Napredni nadzor,
Advanced Settings,Napredne nastavitve,
After Cancel,Po preklicu,
After Delete,Po brisanju,
After Save,Po Shrani,
After Save (Submitted Document),Po shrani (oddan dokument),
After Submit,Po oddaji,
Aggregate Function Based On,Funkcija strnjena na osnovi,
Alert,Opozorilo,
Align Labels to the Right,Poravnajte oznake na desno,
Align Right,Poravnaj desno,
All,Vse,
All Day,Cel dan,
Allocated To,Dodeljeno Če želite,
Allot Points To Assigned Users,Dodelite točke dodeljenim uporabnikom,
Allow,Dovoli,
Allow Auto Repeat,Dovoli samodejno ponovitev,
Allow Bulk Edit,Dovoli Bulk Uredi,
Allow Comments,Dovoli Komentarji,
Allow Consecutive Login Attempts ,Dovoli zaporedne poskuse prijave,
Allow Delete,Dovoli Izbriši,
Allow Dropbox Access,Dovoli Dropbox dostop,
Allow Guest,Dovoli gost,
Allow Guest to View,Dovoli Gost Ogled,
Allow Guests to Upload Files,"Dovoli gostom, da naložijo datoteke",
Allow Import (via Data Import Tool),Dovoli uvoz (s pomočjo Data Import orodje),
Allow Incomplete Forms,Dovoli Nepopolne Obrazci,
Allow Login After Fail,Dovoli prijavo po izpadu,
Allow Login using Mobile Number,Dovoli Prijava z uporabo mobilnih številk,
Allow Login using User Name,Dovoli prijavo z uporabniškim imenom,
Allow Modules,Dovoli module,
Allow Print,Dovoli Natisni,
Allow Print for Cancelled,Dovoli Print za Preklicana,
Allow Print for Draft,Dovoli Print za osnutek,
Allow Read On All Link Options,Dovoli branje vseh možnosti povezave,
Allow Rename,Dovoli Preimenuj,
Allow Roles,Dovoli vlog,
Allow Self Approval,Dovoli samozavest,
Allow approval for creator of the document,Dovoli dovoljenje za ustvarjalca dokumenta,
Allow document creation via Email,Dovoli ustvarjanje dokumentov po e-pošti,
Allow events in timeline,Dovoli dogodke v časovni premici,
Allow in Quick Entry,Dovolite v hitri vpisu,
Allow on Submit,Dovoli na Submit,
Allow only one session per user,Dovoli samo eno sejo na uporabnika,
Allow page break inside tables,Dovoli prelom strani znotraj tabel,
Allow saving if mandatory fields are not filled,"Pustimo, da varčevanje, če se obvezna polja ni izpolnjen",
Allow user to login only after this hour (0-24),"Dovoli uporabniku, da se prijavite le po tej uri (0-24)",
Allow user to login only before this hour (0-24),"Dovoli uporabniku, da se prijavite le pred to uro (0-24)",
Allowed,Dovoljeno,
Allowed In Mentions,Dovoljeno v omembah,
"Always add ""Draft"" Heading for printing draft documents","Vedno dodati &quot;osnutek&quot;, razdelek za tiskanje osnutkov dokumentov",
Amend,Spremeni,
Amended From,Spremenjeni Od,
An icon file with .ico extension. Should be 16 x 16 px. Generated using a favicon generator. [favicon-generator.org],Datoteka ikona z .ico podaljšanja. Mora biti 16 x 16 px. Ustvarjeni s pomočjo generatorja ikon. [favicon-generator.org],
Analytics,Analytics,
Annual,Letno,
Anonymous,Anonimno,
Any string-based printer languages can be used. Writing raw commands requires knowledge of the printer's native language provided by the printer manufacturer. Please refer to the developer manual provided by the printer manufacturer on how to write their native commands. These commands are rendered on the server side using the Jinja Templating Language.,"Uporabite lahko poljuben jezik tiskalnika na osnovi niza. Za pisanje neobdelanih ukazov je potrebno znanje domačega jezika tiskalnika, ki ga je zagotovil proizvajalec tiskalnika. O tem, kako pisati svoje matične ukaze, si oglejte navodila za razvijalce proizvajalca tiskalnika. Ti ukazi so upodobljeni na strani strežnika z uporabo Jinja Templating Language.",
App,App,
App Access Key,App ključ za dostop,
App Client ID,App Client ID,
App Client Secret,App Client Secret,
App Name,App Name,
App Secret Key,App Secret Key,
Append Emails to Sent Folder,Dodajte e-pošto v poslano mapo,
Append To,Pripni Da,
Applicable For,Velja za,
Application Logo,Logotip aplikacije,
Application Name,Ime aplikacije,
Application Version,Različica aplikacije,
Applied On,Uporablja se naprej,
Apply Document Permissions,Uporabi dovoljenja za dokument,
Apply Only Once,Prijavite se samo enkrat,
Apply Strict User Permissions,Veljajo strogi uporabniških dovoljenj,
Apply To All Document Types,Uporabi za vse vrste dokumentov,
Apply this rule if the User is the Owner,"Uporabi to pravilo, če je uporabnik lastnik",
Apply this rule only once per document,To pravilo uporabite samo enkrat na dokument,
Appreciation,Vrednotenje,
Archived,Arhivirano,
Arial,Arial,
Assign Condition,Dodeli stanje,
Assign To Users,Dodelite uporabnikom,
Assigned,Dodeljeno,
Assigned By,Dodeljeno od,
Assigned By Full Name,Dodeljeno od Celo Ime,
Assignment,Naloga,
Assignment Completed,Naloga Dokončana,
Assignment Days,Dnevi dodelitve,
Assignment Rule,Pravilo dodelitve,
Assignment Rule Day,Dan pravila o dodelitvi,
Assignment Rule User,Uporabnik pravilo dodelitve,
Assignment Rules,Pravila dodelitve,
Assignments,Naloge,
Attach,Priložite,
Attach Image,Priložite sliko,
Attach Print,Priložite Natisni,
Attached File,Pripeta datoteka,
Attached To DocType,Attached Za parameter DocType,
Attached To Field,Priloženo v polje,
Attached To Name,Pritrjena na ime,
Attachment,Attachment,
Attachment Limit (MB),Attachment Limit (MB),
Attachment Link,Povezava na priponko,
Attachment Removed,prilogo je odstranil,
Attachments,Priponke,
Auth URL Data,Podatki o avtorskih URL-jih,
Authentication,preverjanje pristnosti,
Author,Avtor,
Authorization Code,dovoljenje koda,
Authorize API Indexing  Access,Dovoli dostop do indeksiranja API-jev,
Authorize Google Calendar Access,Pooblastite dostop do Google Koledarja,
Authorize Google Contacts Access,Pooblastite dostop do Google Stikov,
Authorize Google Drive Access,Pooblastite dostop do Google Drive,
Authorize URL,Avtoriziraj URL,
Authorized,pooblaščeni,
Auto,Auto,
Auto Email Report,Auto Email poročilo,
Auto Name,Auto Name,
Auto Repeat,Samodejno ponavljanje,
Auto Reply Message,Auto Odgovori Sporočilo,
Automatically Assign Documents to Users,Samodejno dodelite dokumente uporabnikom,
Automation,Avtomatizacija,
Avatar,Avatar,
Average,Povprečna,
Awaiting Password,Čakanje na geslo,
Awaiting password,Čakanje geslo,
BCC,BCC,
Background Color,Barva ozadja,
Background Workers,Opravila v ozadju,
Backup Details,Podrobnosti o varnostni kopiji,
Backup Files,Varnostne datoteke,
Backup Folder ID,ID za varnostno kopijo mape,
Backup Folder Name,Naziv mape za varnostno kopijo,
Backup Frequency,backup Frequency,
Backup public and private files along with the database.,Varnostno kopirajte javne in zasebne datoteke skupaj z bazo podatkov.,
Backups,Varnostne kopije,
Banner,Banner,
Banner HTML,Banner HTML,
Banner Image,Banner Image,
Banner is above the Top Menu Bar.,Banner je nad zgornji menijski vrstici.,
Bar,Bar,
Barcode,Črtna koda,
Base Distinguished Name (DN),Osnovna razločevalno ime (DN),
Base URL,Osnovni URL,
Based On,Temelji na,
Based on Field,Na podlagi polja,
Based on Permissions For User,Na podlagi dovoljenj za uporabnika,
Basic,Osnovni,
Before Cancel,Pred Prekliči,
Before Delete,Pred brisanjem,
Before Insert,Pred Vstaviti,
Before Save,Pred shranjevanjem,
Before Save (Submitted Document),Pred shranjevanjem (oddan dokument),
Before Submit,Pred oddajo,
Beginner,začetnik,
Beta,Beta,
Billing,Zaračunavanje,
Bio,Bio,
Birth Date,Datum rojstva,
Block Module,Block modul,
Block Modules,Block Moduli,
Blocked,blokiran,
Blog Category,Blog kategorije,
Blog Intro,Blog Intro,
Blog Introduction,Blog Uvod,
Blog Post,Blog Post,
Blog Settings,Blog Nastavitve,
Blog Title,Blog Naslov,
Blogger,Blogger,
Blue,Modra,
Bold,Drzno,
Bot,Bot,
Bottom,Spodaj,
Bounced,Odskočila,
Brand,Brand,
Brand HTML,Znamka HTML,
Brand Image,Brand Image,
Breadcrumbs,Drobtine,
Browser,Brskalnik,
Browser Version,Različica brskalnika,
Brute Force Security,Brute Force Security,
Bucket Name,Ime vedra,
Bulk Update,Bulk Update,
Button,Button,
Button Gradients,Prelivi gumbov,
Button Rounded Corners,Gumb zaobljeni vogali,
Button Shadows,Gumb Sence,
Bypass Restricted IP Address Check If Two Factor Auth Enabled,"Zaobidi omejen naslov IP Preveri, če je omogočena dvofaktorska avtorizacija",
Bypass Two Factor Auth for users who login from restricted IP Address,"Bypass Two Factor Auth za uporabnike, ki se prijavijo iz omejenega IP-naslova",
Bypass restricted IP Address check If Two Factor Auth Enabled,Bypass omejeno preverjanje IP naslova Če sta dve faktorji omogočeni,
CC,CC,
CSS,CSS,
CSS Class,Razred CSS,
CSV,CSV,
CTA Label,Oznaka CTA,
CTA URL,URL CTA,
Calendar,Koledar,
Calendar Name,Ime koledarja,
Calendar View,Pogled koledarja,
Call,Call,
Call To Action,Poziv k dejanju,
Call To Action URL,URL poziva k dejanju,
Callback Message,Sporočilo o povratnem klicu,
Callback Title,Naslov povratnega klica,
Campaign,Kampanja,
Cancel,Prekliči,
Cancelled,Prekinjeno,
Card,Kartica,
Cards,Karte,
Category,Kategorija,
Category Description,Kategorija Opis,
Category Name,Ime kategorije,
Center,Center,
Chaining Hash,Chaining Hash,
Change Label (via Custom Translation),Sprememba Label (po meri prevajanje),
Change Password,Spremeni geslo,
Channel,Kanal,
Chart,Graf,
Chart Configuration,Konfiguracija grafikona,
Chart Name,Ime grafikona,
Chart Options,Možnosti grafikona,
Chart Source,Vir grafikona,
Chart Type,Vrsta grafikona,
Charts,Grafikoni,
Chat,Klepet,
Check,Preveri,
Check this if you want to force the user to select a series before saving. There will be no default if you check this.,"Označite to, če želite, da prisili uporabnika, da izberete vrsto pred shranjevanjem. Tam ne bo privzeto, če to preverite.",
Checking this will hide custom doctypes and reports cards in Links section,"Če potrdite to možnost, se v razdelku Povezave skrijejo doktorske vrste dokumentov in kartice s poročili",
Checksum Version,Verzija Checksum,
Child Tables are shown as a Grid in other DocTypes,Otroške tabele so prikazane kot mreža v drugih DocTypes,
Choose authentication method to be used by all users,"Izberite način overjanja, ki ga bodo uporabili vsi uporabniki",
City,Mesto,
City/Town,Mesto / Kraj,
Clicked,Kliknil,
Client,Client,
Client Code,Koda stranke,
Client Credentials,Client akreditivi,
Client ID,ID stranke,
Client Information,Informacije o strankah,
Client Script,Skript odjemalca,
Client Secret,Naročnik Secret,
Client URLs,URL-ji strank,
Close Condition,Zapri Pogoj,
Closed,Zaprto,
Code,Koda,
Collapsible,Zložljiva,
Collapsible Depends On,Zložljiva odvisen,
Color,Barva,
Column Break,Stolpec Break,
Column Name,Stolpec Name,
Columns,stolpci,
Columns / Fields,Stolpci / polja,
Comment,Komentar,
Comment By,Komentar,
Comment Email,Komentar e-pošte,
Comment Type,Tip komentarja,
Comments and Communications will be associated with this linked document,Pripombe in komunikacije so povezane s tem povezanega dokumenta,
Commit,Zaveži se,
Communication,Sporočilo,
Communication Link,Komunikacijska povezava,
Communication Type,Sporočilo Type,
Compact Item Print,Compact Točka Print,
Company History,Zgodovina podjetja,
Company Introduction,Predstavitev podjetja,
Company Name,ime podjetja,
Complete,Končaj,
Completed,Končano,
Component,Komponenta,
Condition,Pogoj,
Conditions,Pogoji,
Configuration,Konfiguracija,
Confirmation Email Template,Potrditvena e-poštna predloga,
Console,Konzola,
Console Log,Dnevnik konzole,
Contact,Kontakt,
Contact Details,Kontaktni podatki,
Contact Email,Kontakt E-pošta,
Contact Numbers,Kontaktne številke,
Contact Phone,Kontaktni telefon,
Contact Us Settings,Nastavitve kontakta,
"Contact options, like ""Sales Query, Support Query"" etc each on a new line or separated by commas.","Kontakt možnosti, kot so &quot;Sales poizvedbo Podpora Query&quot; itd vsak na novo progo ali ločeni z vejicami.",
Contacts,Kontakti,
Content,Vsebina,
Content (HTML),Vsebina (HTML),
Content (Markdown),Vsebina (Markdown),
Content Hash,Vsebina Hash,
Content Type,Vrsta vsebine,
Context,Kontekst,
Context Script,Kontekstni skript,
Contributed,Prispeval,
Contribution Document Name,Ime prispevnega dokumenta,
Contribution Status,Status prispevka,
Copyright,Avtorske pravice,
Core,Jedro,
Count,Štet,
Count Filter,Filter za štetje,
Counter,Števec,
Country,Država,
Country Name,Ime Države,
County,County,
Create,Ustvari,
Create Contacts from Incoming Emails,Ustvarite stike iz dohodne e-pošte,
Create Entry,Ustvari vnos,
Create Log,Ustvari dnevnik,
Create and Send Newsletters,Ustvarjanje in pošiljanje glasila,
Created,Ustvarjeno,
Criticism,Kritika,
Cron,Cron,
Cron Format,Oblika krone,
Currency,Valuta,
Currency Name,Valuta Ime,
Currency Precision,valuta Precision,
Current,Trenutna,
Custom,Po meri,
Custom Base URL,URL baze po meri,
Custom CSS,Meri CSS,
Custom Configuration,Konfiguracija po meri,
Custom DocPerm,meri DocPerm,
Custom Field,Meri Field,
Custom Format,Oblika po meri,
Custom HTML Help,Custom HTML Help,
Custom Menu Items,Meri z elementi menija,
Custom Options,Možnosti po meri,
Custom Overrides,Preglasitve po meri,
Custom Report,Poročilo po meri,
Custom Role,Vloga meri,
Custom SCSS,SCSS po meri,
Custom Sidebar Menu,Stranska vrstica po meri Meni,
Custom?,Po meri?,
Customization,Prilagoditev,
Customize Form,Prilagodite obrazec,
Customize Form Field,Prilagodite Form Field,
DESC,DESC,
Daily,Dnevno,
Daily Long,Dnevno dolgo,
Danger,Nevarnost,
Dark Color,Temna barva,
Dashboard,Armaturna plošča,
Dashboard Chart,Grafikon nadzorne plošče,
Dashboard Chart Field,Polje grafikona nadzorne plošče,
Dashboard Chart Link,Povezava grafikona nadzorne plošče,
Dashboard Chart Source,Vir grafikona nadzorne plošče,
Dashboard Manager,Upravitelj nadzorne plošče,
Dashboard Name,Ime nadzorne plošče,
Dashboard Settings,Nastavitve nadzorne plošče,
Dashboards,Nadzorne plošče,
Data,Podatki,
Data Export,Izvoz podatkov,
Data Import,Uvoz podatkov,
Database Engine,Database Engine,
Date,Datum,
Date Format,Oblika datuma,
Date Range,Časovno obdobje,
Date and Number Format,Datum in številka Format,
Datetime,Datum in čas,
Day,Dan,
Day of Week,Dan v tednu,
Days After,Dnevi Po,
Days Before,Dni pred,
Days Before or After,Dni pred ali po,
Default,Privzeto,
Default Incoming,Privzeto Dohodni,
Default Letter Head,Privzeta glava pisma,
Default Outgoing,Privzeto Odhodni,
Default Portal Home,Domači portal,
Default Print Format,Privzeto Print Format,
Default Print Language,Privzeti jezik tiskanja,
Default Redirect URI,Privzeti Preusmeritev URI,
Default Role at Time of Signup,Privzeti Vloga v času od prijave,
Default Sort Field,Privzeto polje za razvrščanje,
Default Sort Order,Privzeti vrstni red razvrščanja,
Default Value,Privzeta vrednost,
"Default: ""Contact Us""",Privzeto: &quot;Kontakt&quot;,
DefaultValue,DefaultValue,
Defaults,Privzete,
Defines actions on states and the next step and allowed roles.,Določa ukrepe za države in naslednji korak in domače naloge.,
Defines workflow states and rules for a document.,Definira države potek dela in pravila za dokument.,
Delayed,Zapoznelo,
Delete,Izbriši,
Deleted,Izbrisan,
Deleted DocType,izbrisan DOCTYPE,
Deleted Document,izbrisan dokument,
Deleted Name,izbrisan Ime,
Delivery Status,Dostava Status,
Department,Oddelek,
Dependencies,Odvisnosti,
Depends On,Odvisno od,
Description,Opis,
"Description for listing page, in plain text, only a couple of lines. (max 200 characters)","Opis strani s seznamom, v navadnem besedilu, le nekaj vrstic. (največ 200 znakov)",
Designation,Imenovanje,
Desk,Desk,
Desk Access,desk dostop,
Desktop Icon,Desktop Icon,
Details,Podrobnosti,
"Different ""States"" this document can exist in. Like ""Open"", ""Pending Approval"" etc.","Drugačna &quot;države&quot; ta dokument lahko obstajajo. Like &quot;odprti&quot;, &quot;V čakanju na odobritev&quot; itd",
Digits,Števke,
Disable Auto Refresh,Onemogoči samodejno osvežitev,
Disable Comments,Onemogoči komentarje,
Disable Count,Onemogoči štetje,
Disable SMTP server authentication,Onemogoči preverjanje pristnosti strežnika SMTP,
Disable Sidebar Stats,Onemogoči statistiko stranske vrstice,
Disable Signup,Onemogoči vpišeš,
Disable Standard Email Footer,Onemogoči Standardni Email Noga,
Disabled,Onemogočeno,
Display,Display,
Display Depends On,Prikaz je odvisen od,
Doc Event,Doc dogodek,
Doc Events,Dog Dogodki,
Doc Status,Doc Status,
DocField,DocField,
DocPerm,DocPerm,
DocShare,DocShare,
DocType,DocType,
DocType Action,Dejanje docType,
DocType Event,DocType Dogodek,
DocType Link,DocType povezava,
DocType View,Pogled DocType,
DocType is a Table / Form in the application.,DOCTYPE je tabela / Form pri uporabi.,
DocType on which this Workflow is applicable.,"DOCTYPE, na katerih se uporablja ta Workflow.",
Doctype,DocType,
Document,Dokument,
Document Actions,Dejanja dokumenta,
Document Follow,Dokument Sledite,
Document Link,Povezava do dokumenta,
Document Links,Povezave do dokumentov,
Document Name,Ime dokument,
Document Naming Rule,Pravilo o poimenovanju dokumentov,
Document Naming Rule Condition,Pogoj pravila za poimenovanje dokumentov,
Document Share,Skupna raba dokumentov,
Document Share Report,Dokument Share Report,
Document States,Države dokument,
Document Tag,Oznaka dokumenta,
Document Title,Naslov dokumenta,
Document Type,Vrsta dokumenta,
Document Type to Track,Vrsta dokumenta za sledenje,
Document Types,Vrste dokumentov,
Documentation Link,Dokumentacijska povezava,
Documentation URL,URL dokumentacije,
Domain,Domena,
Domain Settings,Nastavitve domen,
Domains HTML,Domene HTML,
"Don't HTML Encode HTML tags like &lt;script&gt; or just characters like &lt; or &gt;, as they could be intentionally used in this field","Ne oznake HTML Encode HTML, kot so &lt;script&gt; ali pa samo znaki, kot so &lt;ali&gt;, saj bi se lahko namenoma uporabljajo na tem področju",
Don't Override Status,Ne Prepiši Status,
Don't Send Emails,Ne pošiljajte e-poštnih sporočil,
Donut,Krof,
Download Backups,Prenesi Varnostne kopije,
Download Template,Prenesi predlogo,
Dropbox Access Token,Žeton Dropbox dostop,
Dropbox Settings,Nastavitve Dropbox,
Dropdowns,Spustna menija,
Due Date,Datum zapadlosti,
Due Date Based On,Datum na podlagi datuma,
Duration,Trajanje,
Dynamic Filters,Dinamični filtri,
Dynamic Filters JSON,Dinamični filtri JSON,
Dynamic Filters Section,Oddelek za dinamične filtre,
Dynamic Link,Dynamic Link,
Dynamic Report Filters,Filtri za dinamična poročila,
Dynamic Route,Dinamična pot,
Dynamic Template,Dinamična predloga,
Edit,Uredi,
Edit Values,Uredi vrednosti,
Editable Grid,urejati Mreža,
Eg. smsgateway.com/api/send_sms.cgi,Npr. smsgateway.com/api/send_sms.cgi,
Email,E-naslov,
Email Account,Email račun,
Email Account Name,Email Ime računa,
Email Address,Email naslov,
Email Address whose Google Contacts are to be synced.,"E-poštni naslov, katerega Google Stike naj se sinhronizira.",
Email Addresses,E-poštni naslovi,
Email Domain,E-pošta domen,
Email Flag Queue,E-pošta Flag čakalne vrste,
Email Footer Address,Email Noga Naslov,
Email Group,Email Group,
Email Group Member,E-pošta član skupine,
Email ID,ID e-pošte,
Email IDs,E-pošta ID-ji,
Email Id,E-pošta ID,
Email Inbox,Prejeto po e-pošti,
Email Queue,Email Queue,
Email Queue Recipient,Email Queue Prejemnik,
Email Queue records.,Email Queue evidence.,
Email Reply Help,Pomoč za e-pošto,
Email Rule,E-pošta pravilo,
Email Sent,Email Sent,
Email Settings,Nastavitve e-pošte,
Email Signature,Email Podpis,
Email Status,E-pošta Status,
Email Sync Option,E-pošta Sync Možnost,
Email Template,Predloga za e-pošto,
Email To,E-mail:,
Email Unsubscribe,Email Odjavi,
Emails will be sent with next possible workflow actions,E-poštna sporočila bodo poslana z naslednjimi možnimi ukrepi v delovnem poteku,
Enable,Omogoči,
Enable Auto Reply,Omogoči Auto Odgovori,
Enable Automatic Backup,Omogoči samodejno varnostno kopiranje,
Enable Automatic Linking in Documents,Omogoči samodejno povezovanje v dokumentih,
Enable Comments,Omogoči Komentarji,
Enable Email Notifications,Omogoči obvestila po e-pošti,
Enable Google Indexing,Omogočite indeksiranje Google,
Enable In App Website Tracking,Omogoči sledenje spletnim mestom v aplikaciji,
Enable Incoming,Omogoči Dohodni,
Enable Onboarding,Omogoči vkrcanje,
Enable Outgoing,Omogoči Odhodni,
Enable Password Policy,Omogoči politike geslo,
Enable Print Server,Omogoči tiskalniški strežnik,
Enable Raw Printing,Omogoči surovo tiskanje,
Enable Scheduled Jobs,Omogoči Scheduled Jobs,
Enable Security,Omogoči varnost,
Enable Social Login,Omogoči družabno prijavo,
Enable Social Sharing,Omogoči skupno rabo v družabnih omrežjih,
Enable Two Factor Auth,Omogoči dva faktorja Auth,
Enabled,Omogočeno,
End Date,Končni datum,
End Date Field,Polje končnega datuma,
Endpoint URL,URL končne točke,
Endpoints,Končne točke,
Ends on,Konča na,
Energy Point,Energetska točka,
Energy Point Log,Evidenca energetskih točk,
Energy Point Rule,Pravilo energijske točke,
Energy Point Settings,Nastavitve energijske točke,
Energy Points,Energetske točke,
Enter Form Type,Vnesite Form Type,
"Enter default value fields (keys) and values. If you add multiple values for a field, the first one will be picked. These defaults are also used to set ""match"" permission rules. To see list of fields, go to ""Customize Form"".","Vnesite polja privzeto vrednost (ključ) in vrednote. Če dodate več vrednosti za polje, bo izbrala prva. Te privzete vrednosti se uporabljajo tudi za določitev &quot;ujemata&quot; pravila dovoljenj. Če si želite ogledati seznam področij, pojdite na &quot;Customize obrazcu&quot;.",
"Enter static url parameters here (Eg. sender=ERPNext, username=ERPNext, password=1234 etc.)","Vnesite statične parametre url tukaj (npr. Pošiljatelj = ERPNext, username = ERPNext, geslo = 1234 itd)",
Enter url parameter for message,Vnesite url parameter za sporočila,
Enter url parameter for receiver nos,Vnesite url parameter za sprejemnik nos,
Error,Napaka,
Error Log,Error Log,
Error Message,Obvestilo o napaki,
Event,Dogodek,
Event Category,Kategorija dogodka,
Event Participants,Udeleženci prireditve,
Event Type,Vrsta dogodka,
Everyone,Vsakdo,
"Ex: ""colors"": [""#d1d8dd"", ""#ff5858""]","Na primer: &quot;barve&quot;: [&quot;# d1d8dd&quot;, &quot;# ff5858&quot;]",
Example,Primer,
"Example: ""/desk""",Primer: &quot;/ desk&quot;,
Example: #Tree/Account,Primer: # Drevo / račun,
Example: 00001,Primer: 00001,
Example: {{ subject }},Primer: {{predmet}},
Excel,Excel,
Exception,Izjema,
Execute,Izvedite,
Expert,Strokovnjak,
Expiration time,izteka čas,
Expire Notification On,Potečejo Obvestilo o,
Expired,Potekel,
Expires In,poteče v,
Expires On,Poteče,
Expiry time of QR Code Image Page,Čas prenehanja strani s slikami QR Code,
Export,Izvoz,
Export From,Izvozi iz,
Expose Recipients,Expose prejemnikov,
"Expression, Optional","Expression, Neobvezno",
Facebook,Facebook,
Failed,Ni uspelo,
FavIcon,Favicon,
Fax,Fax,
Featured,Predstavljeno,
Feedback,Povratne informacije,
Feedback Request,povratne informacije Zahteva,
Fetch From,Izberi,
Field,field,
Field Description,Opis polja,
Field Name,Ime polja,
Field To Check,Polje za preverjanje,
Field Type,Polje Tip,
"Field that represents the Workflow State of the transaction (if field is not present, a new hidden Custom Field will be created)","Polje, ki predstavlja državo Workflow posla (če polje ni prisoten, nova skrito meri polje bo ustvarjena)",
Field to Track,Polje za sledenje,
Fieldname,Fieldname,
Fields,Polja,
Fields Multicheck,Polja za večkratno preverjanje,
"Fields separated by comma (,) will be included in the ""Search By"" list of Search dialog box","Polja, ločene z vejico (,) bo vključena v &quot;Iskanje po&quot; seznamu v pogovornem oknu iskanje",
Fieldtype,Fieldtype,
File,mapa,
File Backup,Varnostno kopiranje datotek,
File Information,Podatki o datoteki,
File Name,Ime datoteke,
File Size,Velikost datoteke,
File Type,Vrsta datoteke,
File URL,Datoteka URL,
Files,Datoteke,
Filter Data,filter podatkov,
Filter List,Seznam filtrov,
Filter Meta,Filter Meta,
Filter Name,Ime filtra,
Filter Values,Vrednosti filtrov,
Filters,Filtri,
Filters Configuration,Konfiguracija filtrov,
Filters Display,filtri Display,
Filters JSON,Filtri JSON,
Filters Section,Oddelek za filtre,
"Filters will be accessible via <code>filters</code>. <br><br>Send output as <code>result = [result]</code>, or for old style <code>data = [columns], [result]</code>","Filtri bodo dostopni prek <code>filters</code> .<br><br> Pošlji izhod kot <code>result = [result]</code> ali za <code>data = [columns], [result]</code> starega sloga <code>data = [columns], [result]</code>",
Finished,Končana,
First Name,Ime,
First Success Message,Prvo sporočilo o uspehu,
Flag,Zastava,
Float,Float,
Float Precision,Float Precision,
Fold,Zložite,
Folder,Mapa,
Font,Pisava,
Font Properties,Lastnosti pisave,
Font Size,Velikost pisave,
Fonts,Pisave,
Footer,Noga,
Footer HTML,Footer HTML,
Footer Items,Noga Items,
Footer Logo,Noga Logo,
Footer Template,Predloga noge,
Footer Template Values,Vrednosti predloge noge,
Footer will display correctly only in PDF,Podnožje se prikaže pravilno samo v PDF obliki,
For DocType Link / DocType Action,Za povezavo DocType / akcijo DocType,
For Document Event,Za Document Dogodek,
For User,za člane,
For Value,Za vrednost,
For example: {} Open,Na primer: {} Odpri,
"For help see <a href=""https://frappeframework.com/docs/user/en/guides/portal-development/web-forms"" target=""_blank"">Client Script API and Examples</a>","Za pomoč glejte <a href=""https://frappeframework.com/docs/user/en/guides/portal-development/web-forms"" target=""_blank"">API in primere Client Script API</a>",
"For more information, <a class=""text-muted"" href=""https://erpnext.com/docs/user/manual/en/setting-up/email/linking-emails-to-document"">click here</a>.","Za več informacij <a class=""text-muted"" href=""https://erpnext.com/docs/user/manual/en/setting-up/email/linking-emails-to-document"">kliknite tukaj</a> .",
Force,Force,
Force Show,Force Prikaži,
Force User to Reset Password,Prisilite uporabnika k ponastavitvi gesla,
Form Settings,Nastavitve obrazca,
Form URL-Encoded,URL obrazca zakodiran,
Format,format,
Format Data,Oblika podatkov,
Forward To Email Address,Posreduj na elektronski naslov,
Fraction,Frakcija,
Fraction Units,Frakcija enote,
Frappe,frape,
Frequency,frekvenca,
Friday,Petek,
From,iz,
From Date,Od datuma,
From Date Field,Iz polja z datumi,
From Full Name,Od Polno ime,
From User,Od uporabnika,
Full,Poln,
Full Name,Polno ime,
Full Width,Polna širina,
Function,Funkcija,
GMail,GMail,
Gantt,Ganttov,
Gender,Spol,
Generate Keys,Ustvari ključe,
Geo,Geo,
Geolocation,Geolokacija,
Get Contacts,Get Contacts,
Get your globally recognized avatar from Gravatar.com,"Spravi svojo globalno priznane, avatar iz Gravatar.com",
Git Branch,Podružnica Git,
GitHub,GitHub,
Global Search DocType,DocType globalnega iskanja,
Global Search Settings,Nastavitve globalnega iskanja,
Global Unsubscribe,Globalno Odjavi,
Go to Page,Pojdi na stran,
Google,Google,
Google Analytics Anonymize IP,Google Analytics anonimizira IP,
Google Analytics ID,Google Analytics ID,
Google Calendar,Google Koledar,
Google Calendar Event ID,ID dogodka v Google Koledarju,
Google Calendar ID,ID Google Koledarja,
Google Contacts,Google Stiki,
Google Contacts Id,ID Googlovega stika,
Google Drive,Google Drive,
Google Font,Google Pisava,
Google Settings,Googlove nastavitve,
Google Snippet Preview,Predogled Googlovega delčka,
Grant Type,Vrsta Grant,
Green,Green,
Group,Skupina,
Group By,Skupina avtorja,
Group By Based On,Skupina glede na,
Group By Type,Skupina po vrsti,
Guest,Gost,
HH:mm,HH: mm,
HH:mm:ss,HH: mm: ss,
HTML,HTML,
HTML Editor,HTML Editor,
HTML Page,Stran HTML,
HTML for header section. Optional,HTML glava. Neobvezno,
Half,Polovica,
Half Yearly,Polletni,
Half-yearly,Polletno,
Has  Attachment,Ima prilogo,
Has Domain,Ima domeno,
Has Role,Ima vlogo,
Has Web View,Ima spletno View,
Header,Glava,
Header HTML,HTML glave glave,
Header and Breadcrumbs,Glava in drobtine,
Headers,Glave,
Heading,Naslov,
Heatmap,Heatmap,
Help,Pomoč,
Help Article,Članek za pomoč,
Help Articles,Članki za pomoč,
Help Category,Kategorija pomoči,
Help Dropdown,Spustni meni za pomoč,
Help HTML,Pomoč HTML,
Helvetica,Helvetica,
Hidden,skrito,
Hide,Skrij,
Hide Block,Skrij blok,
Hide Border,Skrij mejo,
Hide CTA,Skrij CTA,
Hide Copy,Skrij kopijo,
Hide Custom DocTypes and Reports,Skrij vrste dokumentov in poročila po meri,
Hide Days,Skrij dneve,
Hide Footer Signup,Skrij podpis v nogi,
Hide Login,Skrij prijavo,
Hide Seconds,Skrij sekunde,
Hide Standard Menu,Skrij standardni meni,
Hide footer in auto email reports,Skrij nogo v samodejnih e-poštnih poročilih,
High,Visoka,
Higher priority rule will be applied first,Najprej se uporabi pravilo višje prioritete,
Highlight,Označi,
Home,Domov,
Home Page,Domača stran,
Home Settings,Domače nastavitve,
Hourly,Na uro,
Hourly Long,Vsako uro dolgo,
Hourly rate limit for generating password reset links,Omejitev urne postavke za ustvarjanje povezav za ponastavitev gesla,
"How should this currency be formatted? If not set, will use system defaults","Kako se oblikuje valuto? Če ni nastavljeno, bo uporabljena privzete sistemska nastavitev",
ID (name) of the entity whose property is to be set,"ID (ime) subjekta, katerega lastnost je, da se določi",
IP Address,IP naslov,
Icon,Ikona,
Icon will appear on the button,Ikona so bo pojavila na gumbu,
Identity Details,Podrobnosti o osebnosti,
Idx,IDX,
"If Apply Strict User Permission is checked and User Permission is defined for a DocType for a User, then all the documents where value of the link is blank, will not be shown to that User","Če veljajo strogi Uporabnik dovoljenje preveriti in za uporabo Dovoljenje je določena za parameter DocType za uporabnika, nato pa so vsi dokumenti, kjer je vrednost povezave prazno, ne bodo prikazani na ta uporabnik",
If Checked workflow status will not override status in list view,Če Preverjeno stanje poteka dela ne bo spremenil stanje v pogledu seznama,
"If Icon is set, it will be shown instead of Label","Če je nastavljena ikona, bo prikazana namesto Oznaka",
"If checked, all other workflows become inactive.","Če je označeno, vsi drugi, delovni procesi postanejo neaktivni.",
"If checked, users will not see the Confirm Access dialog.","Če je omogočeno, uporabniki ne bodo videli pogovorno okno za potrditev dostopa.",
"If disabled, this role will be removed from all users.","Če je onemogočeno, bo to vlogo je treba odstraniti iz vseh uporabnikov.",
"If enabled,  user can login from any IP Address using Two Factor Auth, this can also be set for all users in System Settings","Če je omogočeno, se lahko uporabnik prijavi s katerega koli naslova IP z uporabo dveh faktorjev Auth, to lahko nastavi tudi za vse uporabnike v sistemskih nastavitvah",
"If enabled, all users can login from any IP Address using Two Factor Auth. This can also be set only for specific user(s) in User Page","Če je omogočeno, se lahko vsi uporabniki prijavijo iz katerega koli naslova IP z uporabo Two Factor Auth. To je mogoče nastaviti tudi za določene uporabnike v uporabniški strani",
"If enabled, changes to the document are tracked and shown in timeline","Če je omogočena, se spremembe dokumenta spremljajo in prikazujejo v časovni premici",
"If enabled, document views are tracked, this can happen multiple times","Če je omogočeno, si ogledu dokumentov sledimo, to se lahko zgodi večkrat",
"If enabled, the document is marked as seen, the first time a user opens it","Če je omogočen, je dokument označen kot viden, ko ga uporabnik prvič odpre",
"If enabled, the notification will show up in the notifications dropdown on the top right corner of the navigation bar.","Če je omogočeno, se obvestilo prikaže v spustnem meniju za obvestila v zgornjem desnem kotu vrstice za krmarjenje.",
"If enabled, the password strength will be enforced based on the Minimum Password Score value. A value of 2 being medium strong and 4 being very strong.","Če je omogočeno, bo moč gesla se izvrši na podlagi Minimalna vrednost Geslo Score. Vrednost 2 je srednje močna in 4 pa zelo močna.",
"If enabled, users who login from Restricted IP Address, won't be prompted for Two Factor Auth","Če je omogočeno, se uporabniki, ki se prijavijo iz omejenega naslova IP, ne bodo pozvani k dvema dejavnikoma faktorja",
"If enabled, users will be notified every time they login. If not enabled, users will only be notified once.","Če je omogočeno, bodo uporabniki prejeli obvestilo vsakič, ko se prijavite. Če ni omogočeno, bodo uporabniki obveščeni le enkrat.",
If non standard port (e.g. 587),Če so nestandardna vrata (npr 587),
"If non standard port (e.g. 587). If on Google Cloud, try port 2525.","Če so nestandardna vrata (npr. 587). Če je v storitvi Google Cloud, poskusite vrata 2525.",
"If non-standard port (e.g. POP3: 995/110, IMAP: 993/143)","Če so nestandardna vrata (npr. POP3: 995/110, IMAP: 993/143)",
"If not set, the currency precision will depend on number format","Če ni nastavljeno, bo natančnost valute odvisna od oblike števil",
"If the user has any role checked, then the user becomes a ""System User"". ""System User"" has access to the desktop","Če ima uporabnik nobene vloge preveri, nato pa uporabnik postane &quot;System User&quot;. &quot;System User&quot; ima dostop do namizja",
If user is the owner,Če je uporabnik lastnik,
"If you set this, this Item will come in a drop-down under the selected parent.","Če nastavite to, bo ta točka prišla v spustnem meniju pod izbrano staršev.",
"If your data is in HTML, please copy paste the exact HTML code with the tags.","Če so vaši podatki v HTML, kopirajte prilepite točno HTML kodo z oznakami.",
Ignore User Permissions,Ignoriraj dovoljenja uporabnika,
Ignore XSS Filter,Ignoriraj XSS Filter,
Ignore attachments over this size,Prezri priponke preko te velikosti,
Ignored Apps,Prezrte aplikacije,
Image,Image,
Image Field,Slika Field,
Image Link,Povezava slike,
Implicit,implicitno,
Import,Uvoz,
Import File,Uvozi datoteko,
Import File Errors and Warnings,Uvoz datotek napak in opozoril,
Import Log,Dnevnik Uvozov,
Import Log Preview,Uvozi predogled dnevnika,
Import Preview,Uvozi predogled,
Import Type,Vrsta uvoza,
Import Warnings,Uvozna opozorila,
Import from Google Sheets,Uvoz iz Google Preglednic,
In Days,V dneh,
In Filter,V Filter,
In Global Search,Globalno iskanje,
In List View,V pogledu seznama,
In Preview,V predogledu,
In Reply To,V odgovoru na,
In Standard Filter,V standardni filter,
In points. Default is 9.,V točkah. Privzeto je 9.,
In seconds,V nekaj sekundah,
Inbox,Prejeto,
Inbox User,Uporabnik mape »Prejeto«,
Include Search in Top Bar,Vključi Iskanje v zgornji vrstici,
Include Web View Link in Email,Pošiljanje dokumenta Web View link v e-pošti,
Index,Index,
Index Web Pages for Search,Indeksirajte spletne strani za iskanje,
Indexing Authorization Code,Koda za avtorizacijo indeksiranja,
Indexing Refresh Token,Žeton za osvežitev indeksiranja,
Indicator,kazalnik,
Indicator Color,Barva indikatorja,
Info,Informacije,
Initial Sync Count,Začetno Sync Štetje,
InnoDB,InnoDB,
Insert After,Vstavite Po,
Insert New Records,Vstavi nove zapise,
Insert Style,Vstavite slog,
Installed Application,Nameščena aplikacija,
Installed Applications,Nameščene aplikacije,
Int,Int,
Integration Request,integracija Zahteva,
Integrations,Integracije,
Integrations can use this field to set email delivery status,"Integracije, lahko uporabite to polje za nastavitev stanja dostave email",
Interests,Zanima,
Intermediate,vmesna,
Internal record of document shares,Notranji zapis delnic dokumentov,
Introduce your company to the website visitor.,Predstavite vaše podjetje v spletni obiskovalec.,
Introduction,Predstavitev,
Introductory information for the Contact Us Page,Uvodne informacije za Kontakt Stran,
Invalid,Neveljavna,
Inverse,Inverse,
Is Active,Je aktiven,
Is Attachments Folder,Je Priponke Folder,
Is Billing Contact,Je kontakt za obračun,
Is Child Table,Je Tabela Child,
Is Complete,Je popolna,
Is Completed,je končan,
Is Custom Field,Je po meri Field,
Is Default,Je Privzeto,
Is Folder,Je Folder,
Is Home Folder,Je Home Folder,
Is Mandatory Field,Je obvezno polje,
Is Optional State,Je izbirna država,
Is Primary,Je primarna,
Is Primary Contact,Je Primarni Kontakt,
Is Primary Mobile,Je primarni mobilni telefon,
Is Primary Phone,Je primarni telefon,
Is Private,Je Private,
Is Public,Je javno,
Is Published Field,Je Objavljeno Polje,
Is Single,Single,
Is Skipped,Je preskočeno,
Is Spam,je Spam,
Is Standard,Je Standard,
Is Submittable,Je Submittable,
Is Table,je tabela,
Is Tree,Je drevo,
Is Unique,Je edinstven,
Is Your Company Address,Je vaše podjetje naslov,
Item Label,Oznaka izdelka,
Item Type,Vrsta elementa,
JS,JS,
JSON,JSON,
JSON Request Body,Organ za zahteve JSON,
JavaScript,JavaScript,
JavaScript Format: frappe.query_reports['REPORTNAME'] = {},JavaScript obliko: frappe.query_reports [&#39;REPORTNAME&#39;] = {},
Javascript,Javascript,
Jinja,Jinja,
Kanban,Kanban,
Kanban Board,Kanban svet,
Kanban Board Column,Stolpec Kanban svet,
Kanban Board Name,Ime Kanban svet,
Keep track of all update feeds,Sledite vsem posodobitvam,
Keeps track of all communications,Spremlja vse komunikacije,
Key,Ključ,
Keyboard Shortcuts,Bližnjice na tipkovnici,
Knowledge Base Contributor,Znanje Osnovna Contributor,
Knowledge Base Editor,Znanje Osnovna Editor,
LDAP Email Field,LDAP E-Polje,
LDAP First Name Field,LDAP Ime polja,
LDAP Group,Skupina LDAP,
LDAP Group Field,LDAP Group Field,
LDAP Group Mapping,Kartiranje skupine LDAP,
LDAP Group Mappings,Preslikave skupin LDAP,
LDAP Last Name Field,Polje priimka LDAP,
LDAP Middle Name Field,Polje z imenom srednjega imena LDAP,
LDAP Mobile Field,LDAP Mobile Field,
LDAP Phone Field,Telefonsko polje LDAP,
LDAP Search String,LDAP Search String,
LDAP Security,Varnost LDAP,
LDAP Server Url,LDAP Server URL,
LDAP Settings,Nastavitve LDAP,
LDAP User Creation and Mapping,Ustvarjanje in preslikava uporabnikov LDAP,
LDAP Username Field,LDAP ime polja,
Label,Label,
Label Help,Label Pomoč,
Label and Type,Label in Type,
Landing Page,Ciljna stran,
Language,Jezik,
Language Code,Koda Jezika,
Language Name,Jezik Ime,
Last Active,Zadnja aktivnost,
Last Backup On,Zadnja varnostna kopija vklopljena,
Last Execution,Zadnja izvršitev,
Last IP,Zadnji IP,
Last Known Versions,Zadnja znana Različica,
Last Login,Zadnja prijava,
Last Month,Prejšnji mesec,
Last Name,Priimek,
Last Password Reset Date,Zadnji datum ponastavitve gesla,
Last Point Allocation Date,Zadnji datum dodelitve točke,
Last Quarter,Zadnja četrtina,
Last Sync On,Zadnja sinhronizacija je vključena,
Last Synced On,Nazadnje sinhronizirano,
Last User,Zadnji uporabnik,
Last Week,Prejšnji teden,
Last Year,Lansko leto,
Lead Conversion Time,Vodilni čas konverzije,
Leaderboard,Leaderboard,
Leave blank to repeat always,"Pustite prazno, da se vedno ponavljajo",
Ledger,Ledger,
Left,Levo,
Legal,Pravna,
Length,Dolžina,
Letter,Pismo,
Letter Head,Glava pisma,
Letter Head Based On,Pismo na podlagi,
Letter Head Image,Slika glave črke,
Letter Head Name,Pismo Head Name,
Letter Head in HTML,Pismo Head v HTML,
Level,Stopnja,
Level Name,Ime stopnje,
License,Licenca,
Light Color,Svetle barve,
Like,Všeč,
Likes,Likes,
Limit,Limit,
Limit Number of DB Backups,Omejite število varnostnih kopij DB,
Line,Vrstica,
Link,Povezava,
Link Cards,Povezavne kartice,
Link DocType,Link DOCTYPE,
Link Document Type,Vrsta dokumenta povezave,
Link Fieldname,Ime polja povezave,
Link Name,Link Name,
Link Title,Link Naslov,
Link To,Povezava do,
Link to the page you want to open. Leave blank if you want to make it a group parent.,"Povezava na stran, ki jo želite odpreti. Pustite prazno, če želite, da je matična skupina.",
Linked,Povezana,
Linked Documents,Povezani dokumenti,
Links,Povezave,
List,Seznam,
List Filter,Seznam filtrov,
List Settings,Nastavitve seznama,
List View Settings,Nastavitve pogleda seznama,
"List as [{""label"": _(""Jobs""), ""route"":""jobs""}]","Seznam kot [{ &quot;label&quot;: _ ( &quot;delovna mesta&quot;), &quot;pot&quot;: &quot;delovna mesta&quot;}]",
List of patches executed,Seznam obliži usmrčen,
Load Balancing,Izravnava obremenitve,
Location,Kraj,
Log,dnevnik,
Log Data,Podatki dnevnika,
Log Setting User,Uporabnik nastavitve dnevnika,
Log Settings,Nastavitve dnevnika,
Login,Vpiši se,
Login After,Prijava Po,
Login Before,Prijava Pred,
Login Required,Prijava Zahtevano,
Logo Width,Širina logotipa,
Logout,Odjava,
Logout All Sessions on Password Reset,Odjava iz vseh sej ob ponastavitvi gesla,
Logout From All Devices After Changing Password,Odjava iz vseh naprav po zamenjavi gesla,
Long Text,Long Besedilo,
Low,Nizka,
Main Section,Glavni oddelek,
Main Section (HTML),Glavni razdelek (HTML),
Main Section (Markdown),Glavni odsek (Markdown),
Maintenance Manager,Vzdrževanje Manager,
Maintenance User,Vzdrževanje Uporabnik,
"Make ""name"" searchable in Global Search","Naredite ""ime"" iskano v globalnem Iskalniku",
Mandatory,Obvezno,
Mandatory Depends On,Obvezna je odvisna,
Map route parameters into form variables. Example <code>/project/&lt;name&gt;</code>,Preslikajte parametre poti v spremenljivke obrazca. Primer <code>/project/&lt;name&gt;</code>,
Markdown,Markdown,
Markdown Editor,Markdown Editor,
Marked As Spam,Označena kot neželena,
Max 500 records at a time,Največ 500 zapisov naenkrat,
Max Attachment Size (in MB),Max Attachment Size (v MB),
Max Attachments,Največ priponk,
Max Length,Max dolžina,
Max Value,Max Vrednost,
Maximum,Največ,
Maximum Number of Fields,Največje število polj,
Maximum Points,Največje točke,
Medium,Medium,
Meeting,Srečanje,
Mention,Omeniti,
Mentions,Mentions,
Message,Sporočilo,
Message (HTML),Sporočilo (HTML),
Message (Markdown),Sporočilo (Markdown),
Message Examples,Sporočilo Primeri,
Message ID,sporočilo ID,
Message Parameter,Sporočilo Parameter,
Message-id,Message-id,
Meta Description,Meta opis,
Meta Image,Meta Image,
Meta Tags,Meta oznake,
Meta Title,Meta naslov,
Method,Metoda,
Middle Name,Srednje ime,
Milestone,Mejnik,
Milestone Tracker,Sledilnik mejnikov,
Minimum,Najmanj,
Minimum Password Score,Najnižja ocena Geslo,
Mobile No,Mobile No,
Module,Modul,
Module Def,Modul Def,
Module Name,Ime modula,
Module Onboarding,Modul Onboarding,
Modules HTML,Moduli HTML,
Monday,Ponedeljek,
Monospace,Monospace,
Monthly,Mesečni,
Monthly Long,Mesečno dolgo,
More Information,Več informacij,
More content for the bottom of the page.,Več vsebine za dnu strani.,
Multiplier Field,Polje množitelja,
Must be a publicly accessible Google Sheets URL,To mora biti javno dostopen URL Google Preglednic,
"Must be of type ""Attach Image""",Morajo biti tipa &quot;Pripni sliko&quot;,
Mute Sounds,Utišaj zvoke,
MyISAM,MyISAM,
Name,Name,
Naming,Poimenovanje,
Naming Series,Poimenovanje zaporedja,
Navbar,Navbar,
Navbar Item,Navbar element,
Navbar Settings,Nastavitve Navbar,
Navbar Template,Predloga Navbar,
Navbar Template Values,Vrednosti predloge Navbar,
New,Novo,
New Name,Novo ime,
New value to be set,"Nova vrednost, ki se določi",
Newsletter,Glasilo,
Newsletter Email Group,Glasilo E-Group,
Newsletter Manager,Upravljalec glasil,
Next Action Email Template,Naslednja akcijska e-poštna predloga,
Next Actions HTML,Naslednja dejanja HTML,
Next Schedule Date,Naslednji datum načrta,
Next State,Naslednja država,
Next Sync Token,Next Sync Token,
No,Ne,
No Copy,Ne Kopiraj,
No of Requested SMS,Št zaprošene SMS,
No of Rows (Max 500),Število vrstic (Max 500),
No of Sent SMS,Število poslanih SMS,
Non Negative,Negativno,
None,Nihče,
Not Sent,Ni Poslano,
Note,Zapisek,
Note Seen By,Opomba vidijo,
Note: By default emails for failed backups are sent.,Opomba: privzeto so poslana e-poštna sporočila za neuspele varnostne kopije.,
"Note: For best results,  images must be of the same size and width must be greater than height.","Opomba: Za najboljše rezultate morajo biti slike enake velikosti, širina pa mora biti večja od višine.",
Note: Multiple sessions will be allowed in case of mobile device,Opomba: Več seje bodo lahko v primeru mobilne naprave,
Notification,obvestilo,
Notification Log,Dnevnik obvestil,
Notification Recipient,Prejemnik obvestila,
Notification Settings,Nastavitve obvestil,
Notification Subscribed Document,Obvestilo Naročen dokument,
Notifications,Obvestila,
Notifications and bulk mails will be sent from this outgoing server.,Obvestila in razsuti pošta bo poslana iz tega odhodnega strežnika.,
Notify Users On Every Login,Obvesti uporabnike na vsaki Prijava,
Notify by Email,Obvesti o e-pošti,
Notify by email,Obvesti o e-pošti,
Notify if unreplied,Obvesti če Neodgovorjeni,
Notify if unreplied for (in mins),"Opozori, če Neodgovorjeni za (v minutah)",
Notify users with a popup when they log in,"Obvesti uporabnikom ljudstvo, ko se prijavite",
Number Card,Številčna kartica,
Number Card Link,Povezava s številčno kartico,
Number Cards,Številčne kartice,
Number Format,Oblika številk,
Number of Backups,Število varnostne kopije,
Number of DB Backups,Število varnostnih kopij DB,
Number of Groups,Število skupin,
Number of columns for a field in a Grid (Total Columns in a grid should be less than 11),Število stolpcev za polja v mreži (Skupaj Stolpci v mreži mora biti manj kot 11),
Number of columns for a field in a List View or a Grid (Total Columns should be less than 11),Število stolpcev za polje v pogledu seznama ali Grid (Skupaj Kolumne sme biti manjša od 11),
OAuth Authorization Code,OAuth Dovoljenje Code,
OAuth Bearer Token,Nosilec Žeton OAuth,
OAuth Client,OAuth Client,
OAuth Client ID,ID stranke OAuth,
OAuth Provider Settings,Nastavitve Ponudnik OAuth,
OTP App,OTP App,
OTP Issuer Name,OTP Ime izdajatelja,
Off,Izklopljeno,
Office,Pisarna,
Office 365,Office 365,
Older backups will be automatically deleted,Starejši varnostne kopije bodo samodejno izbrisani,
On Hold,Na čakanju,
Onboarding Permission,Dovoljenje za vkrcanje,
Onboarding Step,Vstopni korak,
Onboarding Step Map,Zemljevid korakov,
"Once submitted, submittable documents cannot be changed. They can only be Cancelled and Amended.","Po predložitvi dokumentov, ki jih je mogoče predložiti, ni mogoče spremeniti. Preklicati in spremeniti jih je mogoče le.",
Only Allow Edit For,"Dovoli samo uredi,",
Only Send Records Updated in Last X Hours,Samo Pošlji Records Posodobljeno v zadnjih X ur,
Open,Odprto,
Open Documents,Odprite dokumente,
Open Reference Document,Odprite referenčni dokument,
Open URL in a New Tab,Odprite URL v novem zavihku,
Open a dialog with mandatory fields to create a new record quickly,Odprite pogovorno okno z obveznimi polji za hitro ustvarjanje novega zapisa,
Opened,Odprt,
Operation,Delovanje,
Optional: Always send to these ids. Each Email Address on a new row,Neobvezno: Vedno pošiljanje teh ID-ji. Vsak e-poštni naslov na novo vrstico,
Optional: The alert will be sent if this expression is true,"Neobvezno: opozorilo se pošlje, če je ta izraz res",
Options,Možnosti,
Options Help,Možnosti Pomoč,
Orange,Oranžna,
Order,Vrstni red,
Org History,Org Zgodovina,
Org History Heading,Org Zgodovina Postavka,
Other,Drugi,
Outlook.com,Outlook.com,
Output,izhod,
PDF Page Size,PDF Page Size,
PDF Settings,Nastavitve PDF,
Page,Stran,
Page Break,Page Break,
Page Builder,Graditelj strani,
Page Building Blocks,Page Building Blocks,
Page HTML,Page HTML,
Page Name,Page Name,
Page Settings,Nastavitve strani,
Parameter,Parameter,
Parent Field (Tree),Starševsko polje (drevo),
Parent Label,Parent Label,
Partial Success,Delni uspeh,
Participants,Udeleženci,
Passive,Pasivna,
Password,Geslo,
Password Reset Link Generation Limit,Omejitev generacije povezave za ponastavitev gesla,
Password for Base DN,Geslo za osnovno DN,
Patch,Patch,
Patch Log,Dnevnik popravkov,
Path,Pot,
Path to CA Certs File,Pot do datoteke Certs CA,
Path to Server Certificate,Pot do strežniškega potrdila,
Path to private Key File,Pot do zasebne datoteke s ključi,
Pending,V teku,
Pending Approval,Čaka na odobritev,
Pending Verification,Čaka na preverjanje,
Percent,Odstotek,
Percentage,Odstotek,
Period,Obdobje,
Perm Level,Perm Raven,
Permanent,Stalno,
Permission Level,Dovoljenje Raven,
Permission Rules,Dovoljenje Pravila,
Permissions,Dovoljenja,
Permitted Documents For User,Dovoljene Dokumenti za člane,
Personal,Osebni,
Personal Data Deletion Request,Zahteva za izbris osebnih podatkov,
Personal Data Download Request,Zahteva za prenos osebnih podatkov,
Phone,Telefon,
Phone No.,Telefonska številka,
Phone Number,Telefonska številka,
Pie,Pita,
Pincode,Kodi PIN,
Plant,Rastlina,
Point Allocation Periodicity,Periodičnost dodeljevanja točk,
Points,Točke,
Port,Port,
Portal Menu,portal Meni,
Portal Menu Item,Portal Menu Item,
Portal Settings,Portal Nastavitve,
Position,Položaj,
Postal,Postal,
Postal Code,Poštna številka,
Precision,Precision,
Preferred Billing Address,Želeni plačevanja Naslov,
Preferred Shipping Address,Želeni Shipping Address,
Prefix,Predpona,
Prepared Report,Pripravljeno poročilo,
Prepared Report User,Uporabnik pripravljenega poročila,
Preview,Predogled,
Preview HTML,Predogled HTML,
Preview Message,Predogled sporočila,
Previous Hash,Prejšnja Hash,
Primary,Primarni,
Primary Color,Primarna barva,
Print,Natisni,
Print Format,Print Format,
Print Format Builder,Print Format Builder,
Print Format Help,Print Format Pomoč,
Print Format Type,Print Vrsta Format,
Print Hide,Print Skrij,
Print Hide If No Value,Natisni Skrij Če ne Vrednost,
Print Server,Strežnik za tiskanje,
Print Settings,Nastavitve tiskanja,
Print Style,Print Style,
Print Style Name,Ime stila za tiskanje,
Print Style Preview,Print Style Predogled,
Print UOM after Quantity,Natisni UOM po količini,
Print Width,Print Širina,
"Print Width of the field, if the field is a column in a table","Natisniti širine polja, če je polje stolpec v tabeli",
Print taxes with zero amount,Natisni davke z ničelnim zneskom,
Print with letterhead,Tiskanje z glavo pisma,
Printer Name,Ime tiskalnika,
Printing,Tiskanje,
Priority,Prednost,
Private,Zasebno,
ProTip: Add <code>Reference: {{ reference_doctype }} {{ reference_name }}</code> to send document reference,ProTip: Dodaj <code>Reference: {{ reference_doctype }} {{ reference_name }}</code> poslati referenčni dokument,
Property,Nepremičnine,
Property Depends On,Lastnina je odvisna od,
Property Setter,Nepremičnine Setter,
Property Setter overrides a standard DocType or Field property,Nepremičnine Setter preglasi standardni DOCTYPE ali Field nepremičnine,
Property Type,Vrsta nepremičnine,
Provider,Ponudnik,
Provider Name,Ime ponudnika,
Public,Javno,
Publish,Objavi,
Published,Objavljeno,
Published On,Objavljeno On,
Pull from Google Calendar,Potegnite iz Google Koledarja,
Pull from Google Contacts,Potegnite iz Google Stikov,
Pulled from Google Calendar,Potegnjeno iz Google Koledarja,
Pulled from Google Contacts,Potegnjeno iz Google Stikov,
Purchase Manager,Nakup Manager,
Purchase Master Manager,Nakup Master Manager,
Purchase User,Nakup Uporabnik,
Purple,Vijolična,
Push to Google Calendar,Odprite Google Koledar,
Push to Google Contacts,Odprite Google Stike,
Quarterly,Četrtletno,
Query,Poizvedba,
Query / Script,Poizvedba / skripta,
Query Options,Možnosti poizvedbe,
Query Report,Poizvedba Poročilo,
Queued,V čakalni vrsti,
Quick Entry,Quick Entry,
RAW Information Log,Dnevnik informacij o RAW,
Random,Naključen,
Rating,Ocena,
Raw Commands,Surovi ukazi,
Raw Email,Raw Email,
Raw Printing,Surovo tiskanje,
Read,Preberi,
Read Only,Le za branje,
Read Only Depends On,Samo za branje je odvisno,
Read Time,Čas branja,
Read by Recipient,Preberite od Prejemnika,
Read by Recipient On,Preberite ga prejemnik,
Reason,Razlog,
Received,Prejetih,
Receiver By Document Field,Sprejemnik po polju dokumenta,
Receiver By Role,Sprejemnik po vlogi,
Receiver Parameter,Sprejemnik Parameter,
Recipient,Prejemnik,
Recipient Unsubscribed,Prejemnik Naročnina je preklicana,
Recipients,Prejemniki,
Recorder,Snemalnik,
Red,Red,
Redirect URI Bound To Auth Code,Preusmerjeni URI vezani na avtorizacijski zakonika,
Redirect URIs,Preusmeritev URI,
Redirect URL,Preusmeritev URL,
Ref DocType,Ref DOCTYPE,
Reference,Sklicevanje,
Reference Date,Referenčni datum,
Reference DocName,Reference DocName,
Reference DocType,Referenčni DocType,
Reference Docname,Referenčna DocName,
Reference Doctype,Referenčna DOCTYPE,
Reference Document,referenčni dokument,
Reference Document Name,Referenčno ime dokumenta,
Reference Document Type,Referenčni dokument Type,
Reference Name,Referenčno ime,
Reference Owner,referenčna lastnika,
Reference Report,Referenčno poročilo,
Reference Type,Referenčna Type,
Reference name,Referenca Ime,
Referrer,Napotitelj,
Refresh Google Sheet,Osvežite Google Sheet,
Refresh Token,Osveži Token,
Rejected,Zavrnjeno,
Relinked,ponovno povezani,
Reload,Osveži,
Remember Last Selected Value,"Ne pozabite, zadnji izbrani vrednosti",
Reminder,Opomnik,
Repeat On,Ponovite Na,
Repeat Till,Ponovite Till,
Repeat on Day,Ponovi na dan,
Repeat on Last Day of the Month,Ponovite zadnji dan v mesecu,
Repeat this Event,Ponovite ta dogodek,
Replied,Odgovorjeno,
Reply,Odgovori,
Report,Poročilo,
Report Builder,Gradnik poročil,
Report Column,Stolpec poročila,
Report Description,Opis poročila,
Report Filter,Filter poročila,
Report Filters,poročilo Filtri,
Report Hide,Poročilo Skrij,
Report Information,Informacije o poročilu,
Report Manager,Report Manager,
Report Name,Ime poročila,
Report Reference Doctype,Prijavi referenčni dokument,
Report Type,Poročilo Type,
Reports,Poročila,
Represents a User in the system.,Predstavlja uporabnik v sistemu.,
Represents the states allowed in one document and role assigned to change the state.,"Zastopa države dovoljene v enem dokumentu in vlogo, ki spremeni stanje.",
Request Data,Zahtevajte podatke,
Request Structure,Zahtevna struktura,
Request URL,Zahtevani URL,
Requested Numbers,Zahtevane številke,
Require Trusted Certificate,Zahtevajte zaupanja vredno potrdilo,
Reset Password Key,Ponastavi geslo Key,
Response,Odgovor,
Response Type,Vrsta odgovor,
Restored,obnovljeni,
Restrict IP,Omeji IP,
Restrict To Domain,Omeji na domeno,
Restrict to Domain,Omeji Za domeno,
Restrict user from this IP address only. Multiple IP addresses can be added by separating with commas. Also accepts partial IP addresses like (111.111.111),"Omeji uporabnika samo iz tega IP naslova. Multiple IP naslove lahko doda ločite z vejicami. Sprejema tudi delne IP naslove, kot so (111.111.111)",
Retry,Ponovno poskusi,
Reverse Icon Color,Povratne barvo ikone,
Revert,Povrni,
Revert Of,Vrnitev,
Reverted,Odpravljeno,
Review,Pregled,
Review Level,Raven pregleda,
Review Levels,Pregled ravni,
Review Points,Pregled točk,
Revoked,prekliče,
Rich Text,Rich Text,
Right,Prav,
Robots.txt,robots.txt,
Role,Vloga,
Role Name,Vloga Name,
Role Permission for Page and Report,Vloga Dovoljenje za stran in poročila,
Role Permissions,Role Dovoljenja,
Role Permissions Manager,Role Dovoljenja Manager,
Role Profile,Profil vloge,
Role and Level,Vloga in stopnja,
Roles,Vloge,
Roles Assigned,Vloge Namenski,
Roles HTML,Vloge HTML,
Roles Html,Vloge Html,
Round Robin,Okrogli robin,
Route,Route,
Route History,Zgodovina poti,
Route Redirects,Preusmeritve poti,
"Route: Example ""/desk""",Pot: Primer &quot;/ desk&quot;,
Row Index,Indeks vrstice,
Row Name,Ime vrstice,
Rows Added,Vrstice dodane,
Rows Removed,Vrstice Odstranjeno,
Rule,Pravilo,
Rule Conditions,Pogoji pravila,
Rule Name,Ime pravila,
Rules defining transition of state in the workflow.,"Pravila, ki določajo prehod države v delovni proces.",
"Rules for how states are transitions, like next state and which role is allowed to change state etc.","Pravila za kako države so prehodi, kot so naslednje države in katerih vloga je dovoljeno spreminjati stanja itd",
Rules with higher priority number will be applied first.,Najprej bodo uporabljena pravila z večjo prednostno številko.,
Run Jobs only Daily if Inactive For (Days),"Dela zaganjajte samo vsak dan, če so neaktivni (dni)",
Run scheduled jobs only if checked,"Run rednih delovnih mest, če preverja le",
S3 Backup Settings,S3 varnostne nastavitve,
S3 Bucket Details,Podrobnosti o žlici S3,
SMS,SMS,
SMS Gateway URL,SMS Gateway URL,
SMS Log,SMS Log,
SMS Parameter,SMS Parameter,
SMS Settings,Nastavitve SMS,
SMTP Settings for outgoing emails,Nastavitve SMTP za odhodne e-pošte,
"SQL Conditions. Example: status=""Open""",SQL pogoji. Primer: status = &quot;Open&quot;,
SSL/TLS Mode,Način SSL / TLS,
Sales Manager,Vodja prodaje,
Sales Master Manager,Prodaja Master Manager,
Sales User,Prodaja Uporabnik,
Salesforce,Prodajno silo,
Salutation,Pozdrav,
Sample,Vzorec,
Saturday,Sobota,
Save,Shrani,
Scheduled,Načrtovano,
Scheduled Job,Načrtovano delovno mesto,
Scheduled Job Log,Načrtovani dnevnik opravil,
Scheduled Job Type,Načrtovana vrsta zaposlitve,
Scheduled To Send,Načrtovano za pošiljanje,
Scheduler Event,Dogodek razporejevalnika,
Scope,Področje uporabe,
Scopes,področji,
Script,Script,
Script Manager,Script Manager,
Script Report,Script Poročilo,
Script Type,Script Type,
Script to attach to all web pages.,Script za pritrditev na vseh spletnih straneh.,
Search Fields,Išči Fields,
Search Priorities,Prioritete iskanja,
Section,Oddelek,
Section Break,Oddelek Break,
Security Settings,Varnostne Nastavitve,
Seen,Seen,
Seen By,Videno od,
Seen By Table,Gledano s tabeli,
Select,Izberite,
Select Dashboard,Izberite nadzorno ploščo,
Select Date Range,Izberite Časovno obdobje,
Select DocType,Izberite DOCTYPE,
Select Doctype,Izberite Doctype,
Select Transaction,Izberite Transaction,
Select an image of approx width 150px with a transparent background for best results.,Izberite sliko širine cca 150 slikovnih pik s prozornim ozadjem za najboljše rezultate.,
Select the label after which you want to insert new field.,"Izberite oznako, po kateri želite vstaviti novo polje.",
Send After,Pošlji Po,
Send Alert On,Pošlji Alert on,
Send Email Alert,Pošljite e-poštno opozorilo,
Send Email Print Attachments as PDF (Recommended),Pošlji Email Print Priponke obliki PDF (priporočeno),
Send Email for Successful Backup,Pošlji e-pošto za uspešno varnostno kopiranje,
Send Email for Successful backup,Pošlji e-pošto za uspešno varnostno kopiranje,
Send Me A Copy of Outgoing Emails,Pošljite mi kopijo odhajajočih e-poštnih sporočil,
Send Notification To,Pošlji obvestilo,
Send Notification to,Pošlji obvestilo,
Send Notifications For Documents Followed By Me,"Pošlji obvestila za dokumente, ki jim sledim jaz",
Send Notifications For Email Threads,Pošljite obvestila za e-poštne niti,
Send Notifications To,Pošiljanje obvestil,
Send Print as PDF,Pošlji Print kot PDF,
Send System Notification,Pošlji sistemsko obvestilo,
Send To All Assignees,Pošlji vsem prejemnikom,
Send Unsubscribe Link,Pošlji povezavo za odjavo,
Send Welcome Email,Pošlji Welcome Email,
Send alert if date matches this field's value,"Pošlji opozorilo, če datum se ujema z vrednostjo tega področja je",
Send alert if this field's value changes,"Pošlji opozorilo, če spremembe na tem področju se je vrednost",
Send an email reminder in the morning,Pošlji opomnik e-zjutraj,
Send days before or after the reference date,Pošlji dni pred ali po referenčnem datumu,
Send enquiries to this email address,Pošljite poizvedbe na ta e-poštni naslov,
Send only if there is any data,"Pošlji le, če obstaja podatki",
Send unsubscribe message in email,Pošlji odjavo sporočilo v e-pošto,
Sender,Sender,
Sender Email,E-pošta pošiljatelja,
Sender Name,Sender Name,
Sendgrid,Sendgrid,
Sending,Pošiljanje,
Sent,Pošlje,
Sent On,Pošlje On,
Sent Read Receipt,Poslano Preberite Prejem,
Sent To,Poslano,
Sent or Received,Poslano ali prejeto,
Sent/Received Email,Poslana / prejeta e-pošta,
Separator,Ločilo,
Sequence Id,ID zaporedja,
Series List for this Transaction,Seznam zaporedij za to transakcijo,
Server Action,Dejanje strežnika,
Server IP,Server IP,
Server Script,Skript strežnika,
Service,Storitev,
Session Default,Seja privzeto,
Session Default Settings,Privzete nastavitve seje,
Session Defaults,Privzete seje,
Set Banner from Image,Nastavite Banner od slike,
"Set Default Options for all charts on this Dashboard (Ex: ""colors"": [""#d1d8dd"", ""#ff5858""])","Nastavite privzete možnosti za vse grafikone na tej nadzorni plošči (npr .: &quot;colors&quot;: [&quot;# d1d8dd&quot;, &quot;# ff5858&quot;])",
Set New Password,Nastavi novo geslo,
Set Property After Alert,Nastavite Nepremičnine Po Alert,
Set Role For,Nastavite Vloga Za,
Set Value,Nastavljena vrednost,
Set non-standard precision for a Float or Currency field,Nastavite nestandardni natančnost za Float ali valuta področju,
Settings,Nastavitve,
Settings Dropdown,Spustni meni za nastavitve,
Settings for Contact Us Page,Nastavitve Kontakt Stran,
Settings for the About Us Page,Nastavitve za O podjetju Page,
Setup,Nastavitve,
Setup Complete,Setup Complete,
Setup Wizard,Setup Wizard,
Share,Deliti,
Shared,v skupni rabi,
Shipping,Dostava,
Shop,Trgovina,
Short Name,Kratko ime,
Shortcuts,Bližnjice,
Show Attachments,Prikaži priloge,
Show Dashboard,Pokaži nadzorno ploščo,
Show Document,Prikaži dokument,
Show Failed Logs,Prikaži neuspele dnevnike,
Show Form Tour,Prikaži obrazec Tour,
Show Full Error and Allow Reporting of Issues to the Developer,Prikaži polno napako in Dovoli poročanje o vprašanjih za razvijalce,
Show Full Form?,Pokaži celoten obrazec?,
Show Line Breaks after Sections,Prikaži Prelomi vrstic po oddelkih,
Show Percentage Stats,Prikaži odstotno statistiko,
Show Preview Popup,Prikaži predogled Popup,
Show Report,Prikaži poročilo,
Show Section Headings,Prikaži razdelkov,
Show Sidebar,Prikaži stransko vrstico,
Show Title,Prikaži Naslov,
Show as cc,Prikaži kot cc,
Show full form instead of a quick entry modal,Pokaži celotno obliko namesto načina za hiter vnos,
Show in Module Section,Prikaži v modulu oddelku,
Show in filter,Prikaži v filtru,
Show percentage difference according to this time interval,Pokaži odstotno razliko glede na ta časovni interval,
"Show title in browser window as ""Prefix - title""",Prikaži naslov v oknu brskalnika kot &quot;predpone - naslov&quot;,
Sidebar Items,Sidebar Items,
Sidebar Settings,Sidebar Nastavitve,
Sidebar and Comments,Stranska vrstica in Komentarji,
Signature,Podpis,
"Simple Python Expression, Example: Status in (""Closed"", ""Cancelled"")","Preprosta ekspresija Python, Primer: Status v (&quot;Zaprto&quot;, &quot;Preklicano&quot;)",
"Simple Python Expression, Example: Status in (""Invalid"")","Preprosta ekspresija Python-a, primer: stanje v (&quot;Neveljavno&quot;)",
"Simple Python Expression, Example: status == 'Open' and type == 'Bug'","Preprosta Python Expression, Primer: status == &#39;Open&#39; in vnesite == &#39;Bug&#39;",
Simultaneous Sessions,Simultano seje,
Single Types have only one record no tables associated. Values are stored in tabSingles,Enotni Vrste imajo samo eno rekordno nobenih tabel povezane. Vrednosti so shranjeni v tabSingles,
Skip Authorization,Preskoči Authorization,
Skype,Skype,
Slack,Slack,
Slack Channel,Slack Channel,
Slack Webhook URL,Slack spletni naslov URL-ja,
Slideshow,Slideshow,
Slideshow Items,Slideshow Items,
Slideshow Name,Slideshow Name,
Slideshow like display for the website,Slideshow kot zaslon za spletno stran,
Small Text,Mala Besedilo,
Smallest Currency Fraction Value,Najmanjša Valuta Frakcija Vrednost,
Smallest circulating fraction unit (coin). For e.g. 1 cent for USD and it should be entered as 0.01,"Najmanjša obtoku frakcija enota (kovanec). Za primer 1 cent za USD in ga je treba vpisati kot 0,01",
Social,Družabno,
Social Link Settings,Nastavitve socialne povezave,
Social Link Type,Tip socialne povezave,
Social Login Key,Ključ za socialno prijavo,
Social Login Provider,Ponudnik socialnih prijav,
Social Logins,Socialna prijava,
Soft-Bounced,Soft-odskočila,
Sort Field,Razvrsti Field,
Sort Order,Sort Order,
Source,Vir,
Source Name,Source Name,
Source Text,vir Besedilo,
Spam,Nezaželena pošta,
SparkPost,SparkPost,
Standard,Standardni,
Standard Sidebar Menu,Standardna stranska vrstica Meni,
Start Date,Datum začetka,
Start Date Field,Polje za začetno datum,
Start Time,Začetni čas,
StartTLS,StartTLS,
Started,Začelo se je,
Starts on,Začne na,
State,Država,
State/Province,Država / provinca,
States,Države,
Static Parameters,Statični Parametri,
Stats,Statistika,
Stats Time Interval,Statistika Časovni interval,
Status,Stanje,
Step,Korak,
Steps,Koraki,
Stopped,Ustavljen,
Stores the JSON of last known versions of various installed apps. It is used to show release notes.,Shrani JSON od zadnjih znanih različic različnih nameščenih aplikacij. Uporablja se za prikaz bankovce sproščanje.,
Style,Style,
Style Settings,Style Settings,
"Style represents the button color: Success - Green, Danger - Red, Inverse - Black, Primary - Dark Blue, Info - Light Blue, Warning - Orange","Style predstavlja barvo gumba: Uspeh - zelena, Danger - rdeča, nasprotno - Black, Primary - temno modra, Info - svetlo modra, Pozor - Orange",
Stylesheet,Preglednica,
"Sub-currency. For e.g. ""Cent""",Sub-valuta. Za primer &quot;Cent&quot;,
Sub-domain provided by erpnext.com,"Sub-domene, ki jih erpnext.com",
Subdomain,Poddomena,
Subject,Predmet,
Subject Field,Predmetno polje,
Submit,Submit,
Submit After Import,Pošlji po uvozu,
Submitted,Predložen,
Subsidiary,Hčerinska družba,
Subtitle,Podnaslov,
Success,Uspeh,
Success Action,Uspešnost ukrepa,
Success Message,Uspeh Sporočilo,
Success URL,Uspeh URL,
Sum,Vsota,
Sunday,Nedelja,
Symbol,Symbol,
Sync,Sinhronizacija,
Sync with Google Calendar,Sinhronizacija z Google Koledarjem,
Sync with Google Contacts,Sinhronizacija z Googlovimi stiki,
System,Sistem,
System Console,Sistemska konzola,
System Manager,System Manager,
System Notification,Obvestilo o sistemu,
System Page,sistem Stran,
System Settings,Sistemske nastavitve,
System managers are allowed by default,Upravitelji sistema so privzeto dovoljeni,
Table,Preglednica,
Table Break,Odmik mize,
Table HTML,Tabela HTML,
Table MultiSelect,Tabela MultiSelect,
Tag,Oznaka,
Tag Link,Povezava z oznakami,
Target,Target,
Tax Category,Davčna kategorija,
Team Members,Člani ekipe,
Team Members Heading,Člani ekipe Postavka,
Template,Predloga,
Template Options,Možnosti predloge,
Template Warnings,Opozorila predloge,
Text,Besedilo,
Text Align,Besedilo Poravnava,
Text Color,Barva besedila,
Text Content,Besedilo vsebine,
Text Editor,Text Editor,
The name that will appear in Google Calendar,"Ime, ki se bo prikazalo v Google Koledarju",
The user from this field will be rewarded points,Uporabnik iz tega polja bo prejel točke,
The webhook will be triggered if this expression is true,"Spletna kljuka se sproži, če je ta izraz resničen",
Theme,Tema,
Theme Configuration,Konfiguracija teme,
Theme URL,URL teme,
These values will be automatically updated in transactions and also will be useful to restrict permissions for this user on transactions containing these values.,"Te vrednosti se bo samodejno posodobi v transakcijah in tudi bo koristno, da omejijo dovoljenja za tega uporabnika na transakcije, ki vsebujejo te vrednote.",
Third Party Authentication,Third Party Avtentikacija,
This card will be available to all Users if this is set,"Če je ta nastavljena, bo ta kartica na voljo vsem uporabnikom",
This chart will be available to all Users if this is set,"Ta grafikon bo na voljo vsem uporabnikom, če je to nastavljeno",
This format is used if country specific format is not found,"Ta oblika se uporablja, če je ni mogoče najti poseben format državo",
This goes above the slideshow.,To gre predvsem na diaprojekcijo.,
This is an example Google SERP Preview.,To je primer Google SERP Preview.,
This is the number of the last created transaction with this prefix,To je številka zadnjega ustvarjene transakcijo s tem predpono,
This will be shown in a modal after routing,To bo prikazano v modalu po usmerjanju,
This will be shown to the user in a dialog after routing to the report,To bo uporabniku prikazano v pogovornem oknu po usmerjanju v poročilo,
Thumbnail URL,Thumbnail URL,
Thursday,Četrtek,
Time,Čas,
Time Format,Časovna oblika,
Time Interval,Časovni interval,
Time Series,Časovne serije,
Time Series Based On,Časovna serija temelji na,
Time Zone,Časovni pas,
Time Zones,Časovne cone,
Time format,Časovna oblika,
Time in seconds to retain QR code image on server. Min:<strong>240</strong>,"Čas v sekundah, da obdržite QR kodo na strežniku. Min: <strong>240</strong>",
Timeline,Časovnica,
Timeline DocType,Časovnica DOCTYPE,
Timeline Field,Časovnica Field,
Timeline Links,Časovne povezave,
Timeline Name,Časovnica Ime,
Timeseries,Časovne serije,
Timespan,Časovni razpon,
Timestamp,Časovni žig,
Title,Naziv,
Title Field,Naslov Field,
Title Prefix,Naslov Predpona,
To,Za,
To Date,Če želite Datum,
To Date Field,Do datumskega polja,
To and CC,Da in CC,
"To use Slack Channel, add a <a href=""#List/Slack%20Webhook%20URL/List"">Slack Webhook URL</a>.","Če želite uporabiti Slack Channel, dodajte <a href=""#List/Slack%20Webhook%20URL/List"">URL Slack Webhook</a> .",
ToDo,Narediti,
Token,token,
Top,Na vrh,
Top Bar Item,Top Bar Postavka,
Top Bar Items,Top Bar Items,
Topic,tema,
Total Subscribers,Skupaj Naročniki,
Total number of emails to sync in initial sync process ,Skupno število e-poštnih sporočil za sinhronizacijo v začetnem procesu sinhronizacije,
Traceback,Izslediti,
Track Changes,Sledenje spremembam,
Track Email Status,Sledi stanju e-pošte,
Track Field,Sledilno polje,
Track Seen,Track Seen,
Track Views,Sledi ogledom,
Track milestones for any document,Sledite mejnikom za kateri koli dokument,
Transaction Hash,Transakcijski Hash,
Transaction Log,Dnevnik transakcij,
Transaction Log Report,Poročilo o dnevniku transakcij,
Transition Rules,Prehodna pravila,
Transitions,Prehodi,
Translatable,Prevedljiv,
Translated Text,Prevedeno Besedilo,
Translation,prevod,
Trash,Trash,
Tree,drevo,
Tree structures are implemented using Nested Set,Drevesne strukture se izvajajo s pomočjo Nested Set,
Trigger Method,Trigger Metoda,
"Trigger on valid methods like ""before_insert"", ""after_update"", etc (will depend on the DocType selected)","Trigger o veljavnih metod, kot so &quot;before_insert&quot;, &quot;after_update&quot;, itd (bo odvisna od DOCTYPE izbrano)",
Tuesday,Torek,
Two Factor Authentication,Dve avtentifikaciji faktorjev,
Two Factor Authentication method,Dve metodi za avtentifikacijo faktorjev,
Type,Tip,
UID,UID,
UIDNEXT,UIDNEXT,
UIDVALIDITY,UIDVALIDITY,
UNSEEN,Unseen,
URL,URL,
URL for documentation or help,URL za dokumentacijo ali pomoč,
URL to go to on clicking the slideshow image,"URL, do katerega lahko pridete s klikom na sliko diaprojekcije",
Unassign Condition,Razveljavi stanje,
Unhandled Email,Neobravnavana Email,
Unique,Unique,
Unread,neprebrano,
Unread Notification Sent,Neprebrano Obvestilo Poslano,
Unshared,več razveljaviti,
Unsubscribe Method,Odjava Metoda,
Unsubscribe Param,Odjava Param,
Unsubscribed,Odjavljeni,
Update,Update,
Update Existing Records,Posodobiti obstoječe zapise,
Update Field,Update Field,
Update Series Number,Posodobi številko zaporedja,
Update Settings,Posodobi nastavitve,
Update Value,Update Value,
Updated,Posodobljeno,
Uploaded To Dropbox,Preneseno v Dropbox,
Uploaded To Google Drive,Naloženo v Google Drive,
Use % for any non empty value.,Uporabite% za katero koli neprazno vrednost.,
Use ASCII encoding for password,Uporabite ASCII kodiranje za geslo,
Use IMAP,Uporaba IMAP,
Use POST,Uporabite POST,
Use Report Chart,Uporabite grafikon poročil,
Use SSL,Uporabi SSL,
Use TLS,Uporabi TLS,
Use this fieldname to generate title,Uporabite ta fieldname ustvarjati naslov,
User,Uporabnik,
User ,Uporabnik,
User Agent,Uporabniški agent,
User Cannot Create,Uporabnik ne more ustvariti,
User Cannot Search,Uporabnik ne more iskati,
User Defaults,Uporabniške Privzeto,
User Details,Podrobnosti o uporabniku,
User Email,uporabnik Email,
User Emails,Uporabniške E-pošta,
User Field,Uporabniško polje,
User ID,Uporabniško ime,
User ID Property,Lastnost ID-ja uporabnika,
User ID of a Blogger,ID uporabnika za Blogger,
User Id,Uporabniško ime,
User Image,Uporabnik slike,
User Name,Uporabniško ime,
User Permission,Dovoljenje uporabnika,
User Profile,Uporabniški profil,
User Social Login,Uporabniško socialno prijavo,
User Tags,Uporabniške Tags,
User Type,Uporabnik Type,
User can login using Email id or Mobile number,Uporabnik lahko prijavite preko e-id ali mobilne številke,
User can login using Email id or User Name,Uporabnik se lahko prijavite z uporabo e-poštnega naslova ali uporabniškega imena,
User must always select,Uporabnik mora vedno izbrati,
Username,Uporabniško ime,
Users,Uporabniki,
Users assigned to the reference document will get points.,"Uporabniki, dodeljeni referenčnemu dokumentu, bodo dobili točke.",
Valid,Velja,
Validate Field,Potrdite polje,
Validity,Veljavnost,
Value,Vrednost,
Value Based On,Vrednost temelji na,
Value Change,Vrednost Spremeni,
Value Changed,Vrednost Spremenjeno,
Value To Be Set,"Vrednost, ki jo določi",
Value from this field will be set as the due date in the ToDo,Vrednost iz tega polja bo določena kot datum zapadlosti v opravilu,
Value to Validate,Vrednost za preverjanje,
Verdana,Verdana,
Verified,Preverjeno,
Version,Različica,
Video URL,URL videoposnetka,
View,Poglej,
View Log,Ogled dnevnika,
View Properties (via Customize Form),Poglejte nepremičnine (via Prilagajanje obliki),
View Report,Ogled poročila,
View Settings,Ogled nastavitev,
View Website,View Website,
Viewed By,Gledano z,
Visit,Obisk,
Warehouse,Skladišče,
Warning,Opozorilo,
Watch Video,Oglejte si video,
Web Form,Web Form,
Web Form Field,Web Form Field,
Web Form Fields,Spletni obrazec Polja,
Web Page,Spletna stran,
Web Page Block,Blok spletnih strani,
Web Page View,Pogled spletne strani,
Web Template,Spletna predloga,
Web Template Field,Polje spletne predloge,
Web Template Values,Vrednosti spletne predloge,
Web View,spletna Poglej,
Webhook,Webhook,
Webhook Data,Podatki spletnega ure,
Webhook Header,Glava spletnega ure,
Webhook Headers,Glave spletnega ure,
Webhook Request,Zahteva spletnega kitaro,
Webhook Secret,Spletna skrivnost,
Webhook Security,Varnost spletnega kuka,
Webhook Trigger,Sprožilec spletne strani,
Webhook URL,Spletni naslov URL-ja,
Website,Spletna stran,
Website Analytics,Spletna analitika,
Website Manager,Spletna stran Manager,
Website Meta Tag,Meta oznaka spletnega mesta,
Website Route Meta,Spletna stran Route Meta,
Website Route Redirect,Preusmeritev spletnega mesta,
Website Script,Spletna stran Script,
Website Settings,Spletna stran Nastavitve,
Website Sidebar,Spletna stran stranska vrstica,
Website Sidebar Item,Spletna stran Sidebar Item,
Website Slideshow,Spletna stran Slideshow,
Website Slideshow Item,Spletna stran Slideshow Postavka,
Website Theme,Spletna stran Tema,
Website Theme Ignore App,Aplikacija prezre teme spletnega mesta,
Website Theme Image,Spletna stran Tema slike,
Website Theme Image Link,Spletna stran Tema Povezava slike,
Wednesday,Sreda,
Weekdays,Delovni dnevi,
Weekly,Tedenski,
Weekly Long,Tedensko dolgo,
Welcome Email Template,Predloga e-pošte za dobrodošlico,
"When enabled this will allow guests to upload files to your application, You can enable this if you wish to collect files from user without having them to log in, for example in job applications web form.","Če je omogočeno, bodo gostje lahko naložili datoteke v vašo aplikacijo, to lahko omogočite, če želite uporabnike zbirati datoteke, ne da bi se morali prijaviti, na primer v spletni obrazec za prošnje za delo.",
Which view of the associated DocType should this shortcut take you to?,V kateri pogled povezane vrste DocType naj vas pripelje ta bližnjica?,
Width,Širina,
Wildcard Filter,Nadomestni filter,
"Will add ""%"" before and after the query",Pred poizvedbo in po njej bo dodal &quot;%&quot;,
Will be used in url (usually first name).,Bo uporabljena v URL (običajno prvo ime).,
Will run scheduled jobs only once a day for inactive sites. Default 4 days if set to 0.,"Začela bo redna opravila le enkrat na dan za neaktivna spletna mesta. Privzeto 4 dni, če je nastavljeno na 0.",
Workflow,Workflow,
Workflow Action,Workflow Action,
Workflow Action Master,Workflow Action Master,
Workflow Action Name,Workflow Action Name,
Workflow Action is not created for optional states,Dejanje delovnega toka za neobvezna stanja ni ustvarjeno,
Workflow Document State,Workflow država Document,
Workflow Name,Workflow Name,
Workflow State,Workflow država,
Workflow State Field,Workflow država Field,
Workflow Transition,Workflow Transition,
Workflow state represents the current state of a document.,Workflow stanje predstavlja trenutno stanje dokumenta.,
Write,Napišite,
X Field,X polje,
XLSX,XLSX,
Y Axis,Y Os,
Y Field,Y polje,
Yahoo Mail,Yahoo Mail,
Yandex.Mail,Yandex.Mail,
Year,Leto,
Yearly,Letni,
Yellow,Rumena,
Yes,Da,
Your organization name and address for the email footer.,Vaše ime in naslov organizacije za email nogi.,
Zero means send records updated at anytime,Zero pomeni pošiljanje evidence posodobljene kadarkoli,
_doctype,_doctype,
_report,_report,
adjust,prilagoditi,
after_insert,after_insert,
align-center,uskladiti center,
align-justify,"poravnati, upravičujejo",
align-left,poravnajte levo,
align-right,uskladiti-desno,
arrow-down,Puščica navzdol,
arrow-left,puščica levo,
arrow-right,arrow-desno,
arrow-up,arrow-up,
asterisk,zvezdica,
backward,nazaj,
ban-circle,ban-krog,
barcode,črtna koda,
bell,bell,
blue,modro,
bold,Drzno,
book,knjiga,
bookmark,zaznamek,
briefcase,aktovka,
bullhorn,bullhorn,
calendar,koledar,
camera,Kamera,
certificate,potrdilo,
check,Check,
chevron-down,Chevron-down,
chevron-left,Chevron-levo,
chevron-right,Chevron-desno,
chevron-up,Chevron-up,
circle-arrow-down,Krog-arrow-down,
circle-arrow-left,Krog-puščico levo,
circle-arrow-right,Krog-arrow-desno,
circle-arrow-up,Krog-arrow-up,
cog,cog,
comment,komentar,
darkgrey,temno siva,
dd-mm-yyyy,dd-mm-llll,
dd.mm.yyyy,dd.mm.llll,
dd/mm/yyyy,dd / mm / llll,
download,Prenos,
download-alt,Download-alt,
"e.g. ""Support"", ""Sales"", ""Jerry Yang""","npr &quot;Support&quot;, &quot;prodaja&quot;, &quot;Jerry Yang&quot;",
e.g. pop.gmail.com / imap.gmail.com,npr pop.gmail.com / imap.gmail.com,
e.g. replies@yourcomany.com. All replies will come to this inbox.,npr replies@yourcomany.com. Vsi odgovori bodo prišli do tega Prejeto.,
e.g. smtp.gmail.com,npr smtp.gmail.com,
edit,Uredi,
eject,izmet,
email,E-naslov,
envelope,ovojnica,
exclamation-sign,vzklik-znak,
eye-close,eye-blizu,
eye-open,eye-open,
facebook,facebook,
facetime-video,FaceTime-video,
fairlogin,fairlogin,
fast-backward,hitro nazaj,
fast-forward,hitro naprej,
file,datoteka,
film,film,
filter,filter,
fire,požar,
flag,zastava,
folder-close,Mapa-blizu,
folder-open,Mapa-odpri,
font,pisava,
forward,naprej,
fullscreen,celozaslonski način,
gift,darilo,
glass,steklo,
globe,globus,
green,zelena,
hand-down,ročno navzdol,
hand-left,ročno levo,
hand-right,ročno desno,
hand-up,ročno navzgor,
hdd,trdi disk,
headphones,slušalke,
heart,srce,
home,domov,
icon,Ikona,
in minutes,v nekaj minutah,
inbox,prejeto,
indent-left,alinea-levo,
indent-right,alinea-desno,
info-sign,info-znak,
italic,ležeče,
leaf,leaf,
link,povezava,
linkedin,linkedin,
list,seznam,
list-alt,seznam-alt,
lock,zaklepanje,
magnet,magnet,
map-marker,Oznaka na zemljevidu,
minus,minus,
minus-sign,minus-znak,
mm-dd-yyyy,mm-dd-llll,
mm/dd/yyyy,mm / dd / llll,
module,modul,
move,Premakni se,
music,glasba,
no failed attempts,no neuspešnih poskusov,
off,off,
ok,v redu,
ok-circle,ok-krog,
ok-sign,ok-znak,
old_parent,old_parent,
on_cancel,on_cancel,
on_change,on_change,
on_submit,on_submit,
on_trash,on_trash,
on_update,on_update,
on_update_after_submit,on_update_after_submit,
orange,oranžna,
page,stran,
pause,pavza,
pencil,svinčnik,
picture,slika,
plane,plane,
play,igrajo,
play-circle,play-krog,
plus,plus,
plus-sign,plus-znak,
print,Natisni,
purple,vijolična,
qrcode,qrcode,
query-report,poizvedba-poročilo,
question-sign,Vprašanje-znak,
random,naključno,
red,rdeča,
refresh,Osveži,
remove,Odstraniti,
remove-circle,odstranite-krog,
remove-sign,odstranite-znak,
repeat,ponovite,
resize-full,spremenite velikost-polno,
resize-horizontal,resize-horizontalno,
resize-small,resize-small,
resize-vertical,resize-vertikalni,
response,Odgovor,
retweet,Retweet,
road,road,
screenshot,screenshot,
search,Iskanje,
share,Delež,
share-alt,Delež-alt,
shopping-cart,nakupovalni voziček,
signal,Signal,
star,zvezda,
star-empty,zvezda-prazna,
step-backward,korak nazaj,
step-forward,korak naprej,
stop,Stop,
tag,oznaka,
tags,oznake,
tasks,naloge,
text-height,text-višina,
text-width,text-širina,
th,th,
th-large,th-velika,
th-list,th-seznam,
thumbs-down,thumbs-down,
thumbs-up,všeč mi je,
time,čas,
tint,odtenek,
trash,Trash,
twitter,twitter,
upload,Naloži,
user,uporabnik,
volume-down,Obseg navzdol,
volume-off,Obseg-off,
volume-up,Obseg-up,
warning-sign,opozorilni znak,
wrench,ključ,
yellow,rumena,
yyyy-mm-dd,yyyy-mm-dd,
zoom-in,Povečaj,
zoom-out,Pomanjšaj,
