"""Company History""",&quot;Historia e kompanisë&quot;,
"""Team Members"" or ""Management""",&quot;Anëtarët e ekipit&quot; ose &quot;Menaxhimi&quot;,
&lt;head&gt; HTML,&lt;head&gt; HTML,
**Currency** Master,** Valuta ** Master,
0 - Draft; 1 - Submitted; 2 - Cancelled,0 - Draft; 1 - Dërguar; 2 - Anulluar,
0 is highest,0 është më i lartë,
A list of resources which the Client App will have access to after the user allows it.<br> e.g. project,"Një listë e burimeve të cilat Klienti App do të kenë qasje për të, pasi përdoruesit e lejon atë. <br> p.sh. projekti",
A symbol for this currency. For e.g. $,Një simbol për këtë monedhë. Për shembull $,
A4,A4,
ALL,Të gjithë,
API,API,
API Access,Hyrja në API,
API Endpoint,API Endpoint,
API Endpoint Args,API Endpoint Args,
API Key,API Key,
API Method,Metoda API,
API Secret,API Secret,
ASC,ASC,
About Us Settings,Rreth Nesh Settings,
About Us Team Member,Rreth Nesh Ekipi Anëtar,
Access Key ID,Identifikimi i çelësit të qasjes,
Access Key Secret,Sekreti kryesor i hyrjes,
Access Log,Regjistri i hyrjes,
Access Token,Qasja Token,
Access Token URL,URL e Tokës së Qasjes,
Account,llogari,
Accounts Manager,Llogaritë Menaxher,
Accounts User,Llogaritë përdoruesin,
Action,Veprim,
Action / Route,Aksioni / Rruga,
Action Timeout (Seconds),Koha e Veprimit (Sekonda),
Action Type,Lloji i veprimit,
Actions,Veprimet,
Active,Aktiv,
Active Domains,Fushat aktive,
Activity Log,Aktiviteti Identifikohu,
Add Container,Shtoni kontejnerin,
Add Custom Tags,Shto etiketa të personalizuara,
Add Gray Background,Shto sfond gri,
Add Signature,Shto Nënshkrimi,
Add Total Row,Shto Total Row,
Add Unsubscribe Link,Shto Unsubscribe Lidhje,
"Added HTML in the &lt;head&gt; section of the web page, primarily used for website verification and SEO","Shtuar HTML në &lt;head&gt; seksion i faqes së internetit, e përdorur kryesisht për verifikimin e internetit dhe SEO",
Additional Permissions,Lejet shtesë,
Address,Adresë,
Address And Contacts,Adresa dhe Kontaktet,
Address Line 1,Adresa Line 1,
Address Line 2,Adresa Line 2,
Address Template,Adresa Template,
Address Title,Adresa Titulli,
Address Type,Adresa Type,
Address and other legal information you may want to put in the footer.,Adresën dhe informata tjera ligjore ju mund të dëshironi për të vënë në futboll.,
Addresses And Contacts,Adresat dhe kontaktet,
Adds a custom field to a DocType,Shton një fushë me porosi për një DOCTYPE,
Administrator,Administrator,
Advanced,I përparuar,
Advanced Control,Kontroll i avancuar,
Advanced Settings,Cilësimet e përparuara,
After Cancel,Pas Anulimit,
After Delete,Pas Fshirjes,
After Save,Pas Ruajtjes,
After Save (Submitted Document),Pas ruajtjes (Dokumenti i Dorëzuar),
After Submit,Pas Paraqitjes,
Aggregate Function Based On,Funksioni i përgjithshëm bazuar në,
Alert,Alert,
Align Labels to the Right,Align Etiketa në të Drejtën,
Align Right,Align Right,
All,ALL,
All Day,Të gjitha Day,
Allocated To,Ndarë për,
Allot Points To Assigned Users,Ndarja e pikave për përdoruesit e caktuar,
Allow,lejoj,
Allow Auto Repeat,Lejoni Përsëritjen e Auto,
Allow Bulk Edit,Lejo Edit Bulk,
Allow Comments,Lejo Komente,
Allow Consecutive Login Attempts ,Lejo përpjekjet e hyrjes në rradhë,
Allow Delete,Lejo Fshij,
Allow Dropbox Access,Lejo Dropbox Qasja,
Allow Guest,Lejoni Vizitorin,
Allow Guest to View,Lejo Guest të Shiko,
Allow Guests to Upload Files,Lejoni vizitorët të ngarkojnë skedarët,
Allow Import (via Data Import Tool),Lejo Import (nëpërmjet të dhënave të import Tool),
Allow Incomplete Forms,Lejo Format jo i plotë,
Allow Login After Fail,Lejo hyrjen pas dështimit,
Allow Login using Mobile Number,Lejo Login duke përdorur Numri Mobile,
Allow Login using User Name,Lejo hyrjen duke përdorur emrin e përdoruesit,
Allow Modules,Lejoni modulet,
Allow Print,Lejo Printo,
Allow Print for Cancelled,Lejo Print për Anullohen,
Allow Print for Draft,Lejo Print për Projekt-,
Allow Read On All Link Options,Lejo leximin e të gjitha opsioneve të lidhjes,
Allow Rename,Lejo Rename,
Allow Roles,Lejo Rolet,
Allow Self Approval,Lejo Vetë Miratimin,
Allow approval for creator of the document,Lejo miratimin për krijuesin e dokumentit,
Allow document creation via Email,Lejoni krijimin e dokumentit përmes emailit,
Allow events in timeline,Lejo ngjarjet në afatet kohore,
Allow in Quick Entry,Lejo hyrjen e shpejtë,
Allow on Submit,Lejo në Submit,
Allow only one session per user,Lejo vetëm një seancë për përdorues,
Allow page break inside tables,Lejo pushim faqe brenda tabelave,
Allow saving if mandatory fields are not filled,Lejo kursyer nëse fushat e detyrueshme nuk janë plotësuar,
Allow user to login only after this hour (0-24),Lejo përdoruesit të identifikoheni vetëm pas kësaj ore (0-24),
Allow user to login only before this hour (0-24),Lejo përdoruesit të identifikoheni vetëm para në këtë orë (0-24),
Allowed,I lejuar,
Allowed In Mentions,Lejohet në thënie,
"Always add ""Draft"" Heading for printing draft documents",Gjithmonë shtoni &quot;Draft&quot; Shkon për të printuar dokumente draft,
Amend,Ndryshoj,
Amended From,Ndryshuar Nga,
An icon file with .ico extension. Should be 16 x 16 px. Generated using a favicon generator. [favicon-generator.org],Një ikonë skedar me .ico extension. Duhet të jetë 16 x 16 px. Prodhuar duke përdorur një gjenerator Favicon. [favicon-generator.org],
Analytics,analitikë,
Annual,Vjetor,
Anonymous,anonim,
Any string-based printer languages can be used. Writing raw commands requires knowledge of the printer's native language provided by the printer manufacturer. Please refer to the developer manual provided by the printer manufacturer on how to write their native commands. These commands are rendered on the server side using the Jinja Templating Language.,Anydo gjuhë e printerit me bazë teli mund të përdoret. Shkrimi i komandave të papërpunuara kërkon njohuri të gjuhës amtare të printerit të siguruar nga prodhuesi i printerit. Ju lutemi referojuni manualit të zhvilluesit të dhënë nga prodhuesi i printerit se si të shkruajnë komandat e tyre amtare. Këto komanda jepen në anën e serverit duke përdorur gjuhën e përkohshme të Jinja.,
App,App,
App Access Key,App Access Key,
App Client ID,App Klienti ID,
App Client Secret,App Klienti Secret,
App Name,Emri app,
App Secret Key,App Key Secret,
Append Emails to Sent Folder,Shtojni postë elektronike në Dosjen e Dërguar,
Append To,Append Për,
Applicable For,Të zbatueshme për,
Application Logo,Logoja e aplikimit,
Application Name,Emri i aplikacionit,
Application Version,Versioni i aplikacionit,
Applied On,Aplikuar më,
Apply Document Permissions,Aplikoni Lejet e Dokumentit,
Apply Only Once,Aplikoni vetëm një herë,
Apply Strict User Permissions,Aplikoni Permissions rreptë Përdoruesit,
Apply To All Document Types,Aplikoni tek të gjitha llojet e dokumenteve,
Apply this rule if the User is the Owner,Aplikoni këtë rregull në qoftë se përdoruesi është pronar,
Apply this rule only once per document,Aplikoni këtë rregull vetëm një herë në dokument,
Appreciation,Vleresim,
Archived,Arkivuar,
Arial,Arial,
Assign Condition,Cakto kushtin,
Assign To Users,Cakto Përdoruesit,
Assigned,caktuar,
Assigned By,Caktuar nga,
Assigned By Full Name,Caktuar By Emri i plotë,
Assignment,detyrë,
Assignment Completed,Caktimi Kompletuar,
Assignment Days,Ditët e caktimit,
Assignment Rule,Rregulli i caktimit,
Assignment Rule Day,Dita e rregullës së caktimit,
Assignment Rule User,Përdoruesi i rregullave të caktimit,
Assignment Rules,Rregullat e caktimit,
Assignments,Detyrat,
Attach,Bashkangjit,
Attach Image,Bashkangjit Image,
Attach Print,Bashkangjit Print,
Attached File,Dosja e bashkangjitur,
Attached To DocType,Bashkangjitur me DOCTYPE,
Attached To Field,Bashkangjitur në fushë,
Attached To Name,Bashkangjitur Të Emri,
Attachment,Attachment,
Attachment Limit (MB),Limit Attachment (MB),
Attachment Link,Lidhja e bashkëngjitjes,
Attachment Removed,Attachment Removed,
Attachments,Attachments,
Auth URL Data,Të dhënat e URL-së së autorit,
Authentication,vërtetim,
Author,autor,
Authorization Code,Kodi i autorizimit,
Authorize API Indexing  Access,Autorizoni Hyrjen e Indeksimit të API,
Authorize Google Calendar Access,Autorizoni Qasjen e Kalendarit Google,
Authorize Google Contacts Access,Autorizoni Qasjen e Kontakteve të Google,
Authorize Google Drive Access,Autorizoni Qasjen e Google Drive,
Authorize URL,Autorizo URL,
Authorized,i autorizuar,
Auto,Auto,
Auto Email Report,Auto Email Raporti,
Auto Name,Emri Auto,
Auto Repeat,Repeat automatikisht,
Auto Reply Message,Auto Përgjigju Mesazh,
Automatically Assign Documents to Users,Caktoni automatikisht dokumente për përdoruesit,
Automation,automatizim,
Avatar,Avatar,
Average,mesatare,
Awaiting Password,Pritja e Fjalëkalimit,
Awaiting password,Në pritje Password,
BCC,BCC,
Background Color,Ngjyra Historiku,
Background Workers,Punëtorët Historiku,
Backup Details,Detajet e rezervimit,
Backup Files,Skedarët rezervë,
Backup Folder ID,ID e Dosjes së Kopjimit,
Backup Folder Name,Emri i dosjes rezervë,
Backup Frequency,Frekuenca backup,
Backup public and private files along with the database.,Rezervoni skedarë publikë dhe privatë së bashku me bazën e të dhënave.,
Backups,backups,
Banner,Flamur,
Banner HTML,Banner HTML,
Banner Image,Banner Image,
Banner is above the Top Menu Bar.,Banner është mbi Top Menu Bar.,
Bar,bar,
Barcode,barcode,
Base Distinguished Name (DN),Base nderuar Emri (DN),
Base URL,URL bazë,
Based On,Bazuar në,
Based on Field,Bazuar në terren,
Based on Permissions For User,Në bazë të Drejtat Për anëtarët,
Basic,themelor,
Before Cancel,Para Anulimit,
Before Delete,Para Fshij,
Before Insert,Para futjes,
Before Save,Para Ruajtjes,
Before Save (Submitted Document),Para Ruajtjes (Dokumenti i Dorëzuar),
Before Submit,Para dorëzimit,
Beginner,fillestar,
Beta,Beta,
Billing,Faturimi,
Bio,Bio,
Birth Date,Data e lindjes,
Block Module,Block Moduli,
Block Modules,Modulet Blloku,
Blocked,i bllokuar,
Blog Category,Blog Kategoria,
Blog Intro,Blog Intro,
Blog Introduction,Blog Hyrje,
Blog Post,Blog Post,
Blog Settings,Blog Cilësimet,
Blog Title,Blog Titulli,
Blogger,Blogger,
Blue,Blu,
Bold,guximtar,
Bot,bot,
Bottom,Fund,
Bounced,Mori veten,
Brand,markë,
Brand HTML,Markë HTML,
Brand Image,markë Image,
Breadcrumbs,Breadcrumbs,
Browser,Shfletuesi,
Browser Version,Versioni i shfletuesit,
Brute Force Security,Brute Force Security,
Bucket Name,Emri i kovës,
Bulk Update,Update Bulk,
Button,Buton,
Button Gradients,Gradientët e butonit,
Button Rounded Corners,Kënde të rrumbullakosura të butonit,
Button Shadows,Hijet e butonit,
Bypass Restricted IP Address Check If Two Factor Auth Enabled,Bypass Kufizuar Adresa IP Kontrolloni Nëse Aktorët e Dy Faktorë Aktivizohen,
Bypass Two Factor Auth for users who login from restricted IP Address,Anashkaloj dy faktor Auth për përdoruesit që hyjnë nga adresa IP e kufizuar,
Bypass restricted IP Address check If Two Factor Auth Enabled,Anashkalimi i kufizuar i kontrollit të adresës IP Nëse vërtetohet dyfaktori i tekstit,
CC,CC,
CSS,CSS,
CSS Class,Klasa CSS,
CSV,CSV,
CTA Label,Etiketa CTA,
CTA URL,URL e CTA,
Calendar,Kalendar,
Calendar Name,Emri i kalendarit,
Calendar View,Shikoni kalendarin,
Call,Thirrje,
Call To Action,Thirrje për veprim,
Call To Action URL,URL e Thirrjes për Veprim,
Callback Message,Mesazh kthyese,
Callback Title,Titulli i thirrjes telefonike,
Campaign,fushatë,
Cancel,Anuloj,
Cancelled,ANULOHET,
Card,Kartelë,
Cards,letra,
Category,Kategori,
Category Description,Kategoria Përshkrimi,
Category Name,Kategoria Emri,
Center,Qendër,
Chaining Hash,Zinxhiri Hash,
Change Label (via Custom Translation),Ndryshimi Label (via Custom Translation),
Change Password,Ndrysho fjalekalimin,
Channel,kanal,
Chart,tabelë,
Chart Configuration,Konfigurimi i grafikut,
Chart Name,Emri i grafikut,
Chart Options,Opsionet e Grafikut,
Chart Source,Burimi i Grafikut,
Chart Type,Lloji i grafikut,
Charts,Charts,
Chat,Bisedë,
Check,kontrolloni,
Check this if you want to force the user to select a series before saving. There will be no default if you check this.,Kontrolloni këtë në qoftë se ju doni për të detyruar përdoruesit për të zgjedhur një seri përpara se të kryeni. Nuk do të ketë parazgjedhur në qoftë se ju kontrolloni këtë.,
Checking this will hide custom doctypes and reports cards in Links section,Kontrollimi i kësaj do të fshehë kartat e personalizuara dhe raportet në seksionin Lidhjet,
Checksum Version,Version i Kontrollit,
Child Tables are shown as a Grid in other DocTypes,Tabelat e fëmijëve tregohen si Rrjet në Dokumentet e tjera,
Choose authentication method to be used by all users,Zgjidh metodën e legalizimit që do të përdoret nga të gjithë përdoruesit,
City,Qytet,
City/Town,Qyteti / Qyteti,
Clicked,Klikuar,
Client,Klient,
Client Code,Kodi i Klientit,
Client Credentials,Kredenciale të klientit,
Client ID,ID klienti,
Client Information,Informacioni i Klientit,
Client Script,Klienti Script,
Client Secret,klienti Secret,
Client URLs,URL-të e klientit,
Close Condition,Gjendja e ngushtë,
Closed,Mbyllur,
Code,Kod,
Collapsible,Që paloset,
Collapsible Depends On,Paloset varet,
Color,Ngjyrë,
Column Break,Pushim Column,
Column Name,Kolona Emri,
Columns,Columns,
Columns / Fields,Kolonat / fushat,
Comment,koment,
Comment By,Koment Duke,
Comment Email,Komentoni Email,
Comment Type,Koment Type,
Comments and Communications will be associated with this linked document,Komentet dhe Communications do të jetë i lidhur me këtë dokument lidhur,
Commit,Angazhohem,
Communication,Komunikim,
Communication Link,Lidhje komunikimi,
Communication Type,komunikimi Lloji,
Compact Item Print,Compact Item Print,
Company History,Historia e kompanisë,
Company Introduction,Kompania Hyrje,
Company Name,Emri i kompanisë,
Complete,I plotë,
Completed,I përfunduar,
Component,komponent,
Condition,Kusht,
Conditions,Kushtet,
Configuration,Konfigurimi,
Confirmation Email Template,Modeli i emailit të konfirmimit,
Console,Konsol,
Console Log,Regjistri i konsolës,
Contact,Kontakt,
Contact Details,Detajet Kontakt,
Contact Email,Kontakti Email,
Contact Numbers,Numrat e kontaktit,
Contact Phone,Telefon kontakti,
Contact Us Settings,Na Kontaktoni Settings,
"Contact options, like ""Sales Query, Support Query"" etc each on a new line or separated by commas.","Opsionet e kontaktit, si &quot;Sales Query, Mbështetje Query&quot; etj secili në një linjë të re ose të ndara me presje.",
Contacts,Kontaktet,
Content,I kënaqur,
Content (HTML),Përmbajtja (HTML),
Content (Markdown),Përmbajtja (Markdown),
Content Hash,Përmbajtja Hash,
Content Type,Përmbajtja Type,
Context,Kontekst,
Context Script,Skenari i kontekstit,
Contributed,kontribuar,
Contribution Document Name,Kontributi Emri i Dokumentit,
Contribution Status,Statusi i Kontributit,
Copyright,Copyright,
Core,Bërthamë,
Count,akuzë,
Count Filter,Filter numërimi,
Counter,Numërues,
Country,Vend,
Country Name,Vendi Emri,
County,qark,
Create,Krijoj,
Create Contacts from Incoming Emails,Krijoni kontakte nga postat elektronike hyrëse,
Create Entry,Krijo hyrjen,
Create Log,Krijoni Log,
Create and Send Newsletters,Krijoni dhe dërgoni Buletinet,
Created,krijuar,
Criticism,kritikë,
Cron,cron,
Cron Format,Formati i kronikës,
Currency,Monedhë,
Currency Name,Valuta Emri,
Currency Precision,Precision monedhë,
Current,aktual,
Custom,Me porosi,
Custom Base URL,URL e Bazës Custom,
Custom CSS,Custom CSS,
Custom Configuration,Konfigurimi i personalizuar,
Custom DocPerm,Custom DocPerm,
Custom Field,Custom Field,
Custom Format,Format Custom,
Custom HTML Help,Custom HTML Ndihmë,
Custom Menu Items,Items Custom Menu,
Custom Options,Opsione të personalizuara,
Custom Overrides,Anulimet e personalizuara,
Custom Report,Raporti personal,
Custom Role,Custom roli,
Custom SCSS,SCSS me porosi,
Custom Sidebar Menu,Custom Menu Sidebar,
Custom?,Custom?,
Customization,Përshtatje,
Customize Form,Customize Form,
Customize Form Field,Customize Form Field,
DESC,DESC,
Daily,I përditshëm,
Daily Long,Të gjata ditore,
Danger,rrezik,
Dark Color,Ngjyra e erret,
Dashboard,baltëpritëse,
Dashboard Chart,Grafiku i tryezës,
Dashboard Chart Field,Fusha e Listës së Pultit,
Dashboard Chart Link,Lidhja e Listës së Panelit,
Dashboard Chart Source,Burimi i Listës së Panelit,
Dashboard Manager,Menaxheri i panelit,
Dashboard Name,Emri i tryezës,
Dashboard Settings,Cilësimet e panelit,
Dashboards,dashboards,
Data,Të dhëna,
Data Export,Të dhënat e eksportit,
Data Import,Importi i të dhënave,
Database Engine,Baza e të dhënave Engine,
Date,Data,
Date Format,Data Format,
Date Range,Data Gama,
Date and Number Format,Data dhe numri Format,
Datetime,Datetime,
Day,ditë,
Day of Week,Dita e Javës,
Days After,Ditë pas,
Days Before,Ditët e Para,
Days Before or After,Ditë para ose pas,
Default,Mospagim,
Default Incoming,Gabim hyrëse,
Default Letter Head,Default Letër Shef,
Default Outgoing,Gabim largohet,
Default Portal Home,Shtëpia e parazgjedhur e portalit,
Default Print Format,Gabim Format Print,
Default Print Language,Gjuha e printuar e paracaktuar,
Default Redirect URI,Default Redirect URI,
Default Role at Time of Signup,Default Roli në kohën e hyrjes,
Default Sort Field,Fusha e renditur e paracaktuar,
Default Sort Order,Renditja e rendit e paracaktuar,
Default Value,Vlera e albumit,
"Default: ""Contact Us""",Gabim: &quot;Na Kontaktoni&quot;,
DefaultValue,DefaultValue,
Defaults,Defaults,
Defines actions on states and the next step and allowed roles.,Përcakton veprimet në shtetet dhe hapin e ardhshëm dhe rolet e lejuara.,
Defines workflow states and rules for a document.,Përcakton shtetet workflow dhe rregullat për një dokument.,
Delayed,I vonuar,
Delete,Fshij,
Deleted,Deleted,
Deleted DocType,DOCTYPE fshihen,
Deleted Document,Dokumenti fshihen,
Deleted Name,Emri i fshirë,
Delivery Status,Ofrimit Statusi,
Department,Departamenti,
Dependencies,Dependencies,
Depends On,Varet nga,
Description,Përshkrim,
"Description for listing page, in plain text, only a couple of lines. (max 200 characters)","Përshkrimi për faqen e listimit, në tekst të thjeshtë, vetëm disa rreshta. (maksimum 200 karaktere)",
Designation,Përcaktim,
Desk,Tavolinë,
Desk Access,Desk Access,
Desktop Icon,Desktop Icon,
Details,Detalet,
"Different ""States"" this document can exist in. Like ""Open"", ""Pending Approval"" etc.","Ndryshëm &quot;Shtetet&quot; ky dokument mund të ekzistojë në. Ashtu si &quot;Open&quot;, &quot;në pritje të miratimit&quot;, etj",
Digits,Shifrat,
Disable Auto Refresh,Disaktivizoni rifreskimin automatik,
Disable Comments,Çaktivizo komentet,
Disable Count,Disaktivizo numërimin,
Disable SMTP server authentication,Disaktivizoni vërtetimin e serverit SMTP,
Disable Sidebar Stats,Disaktivizoni statistikat e shiritit anësor,
Disable Signup,Disable Regjistrohu,
Disable Standard Email Footer,Disable standard Email Footer,
Disabled,I paaftë,
Display,Ekran,
Display Depends On,Display varet,
Doc Event,Ngjarja e Doc,
Doc Events,Ngjarje të Doc,
Doc Status,Doc Statusi,
DocField,DocField,
DocPerm,DocPerm,
DocShare,DocShare,
DocType,DOCTYPE,
DocType Action,Veprimi i DocType,
DocType Event,Ngjarje DocType,
DocType Link,Lidhje DocType,
DocType View,Pamja e DocType,
DocType is a Table / Form in the application.,DOCTYPE është një Tabela / Formulari në kërkesë.,
DocType on which this Workflow is applicable.,DOCTYPE në të cilën kjo Workflow është i zbatueshëm.,
Doctype,DOCTYPE,
Document,Dokument,
Document Actions,Veprimet e Dokumenteve,
Document Follow,Dokumenti Ndiqni,
Document Link,Lidhja e dokumentit,
Document Links,Lidhjet e Dokumentit,
Document Name,Dokumenti Emri,
Document Naming Rule,Rregulli i Emërtimit të Dokumentit,
Document Naming Rule Condition,Kushti Rregulla e Emërtimit të Dokumenteve,
Document Share,Ndarja e dokumenteve,
Document Share Report,Dokumenti Shpërndaj Raporto,
Document States,Dokumenti Shtetet,
Document Tag,Etiketë dokumentesh,
Document Title,Titulli i dokumentit,
Document Type,Dokumenti Type,
Document Type to Track,Lloji i dokumentit për të ndjekur,
Document Types,Llojet dokument,
Documentation Link,Lidhje dokumentacioni,
Documentation URL,URL e dokumentacionit,
Domain,Fushë,
Domain Settings,Domain Settings,
Domains HTML,Fushat HTML,
"Don't HTML Encode HTML tags like &lt;script&gt; or just characters like &lt; or &gt;, as they could be intentionally used in this field","Mos tags HTML Encode HTML si &lt;script&gt; apo vetëm karaktere si &lt;ose&gt;, si ata mund të përdoret qëllimisht në këtë fushë",
Don't Override Status,Mos Refuzim Statusi,
Don't Send Emails,Mos Dërgoni Email,
Donut,Petull,
Download Backups,Shkarko Backups,
Download Template,Shkarko Template,
Dropbox Access Token,Dropbox Access Token,
Dropbox Settings,Cilësimet Dropbox,
Dropdowns,Rënie,
Due Date,Për shkak Date,
Due Date Based On,Datë e bazuar në bazë,
Duration,kohëzgjatje,
Dynamic Filters,Filtrat Dinamik,
Dynamic Filters JSON,Filtrat dinamikë JSON,
Dynamic Filters Section,Seksioni i Filtrave Dinamik,
Dynamic Link,Link Dinamik,
Dynamic Report Filters,Filtrat e Raportit Dinamik,
Dynamic Route,Itinerari dinamik,
Dynamic Template,Modeli Dinamik,
Edit,redaktoj,
Edit Values,Redakto vlerat,
Editable Grid,editable Grid,
Eg. smsgateway.com/api/send_sms.cgi,P.sh.. smsgateway.com/api/send_sms.cgi,
Email,Email,
Email Account,Email Llogaria,
Email Account Name,Email Emri i llogarisë,
Email Address,Adresa e postës elektronike,
Email Address whose Google Contacts are to be synced.,Adresa e Email-it Kontaktet e të cilit Google duhet të sinkronizohen.,
Email Addresses,Adresat Email,
Email Domain,Email Domain,
Email Flag Queue,Email Flag Queue,
Email Footer Address,Email Footer Adresa,
Email Group,Email Group,
Email Group Member,Dërgojani Group Anëtar,
Email ID,Email ID,
Email IDs,Email IDS,
Email Id,Email ID,
Email Inbox,Kutia e postës elektronike,
Email Queue,Email Queue,
Email Queue Recipient,Email Queue Marrësi,
Email Queue records.,Të dhënat Email Radhë.,
Email Reply Help,Ndihmë për email,
Email Rule,Email Rregulla,
Email Sent,Email dërguar,
Email Settings,Email Cilësimet,
Email Signature,Email Nënshkrimi,
Email Status,Email Status,
Email Sync Option,Email Option Sync,
Email Template,Modeli i Email-it,
Email To,Email To,
Email Unsubscribe,Email Unsubscribe,
Emails will be sent with next possible workflow actions,Emailet do të dërgohen me veprimet e ardhshme të mundshme të punës,
Enable,mundësoj,
Enable Auto Reply,Aktivizo Auto Përgjigje,
Enable Automatic Backup,Aktivizo backup automatik,
Enable Automatic Linking in Documents,Aktivizo lidhjen automatike në dokumente,
Enable Comments,Aktivizo Komente,
Enable Email Notifications,Aktivizo njoftimet me postë elektronike,
Enable Google Indexing,Aktivizo indeksimin e Google,
Enable In App Website Tracking,Aktivizo në Ndjekjen e Uebfaqes së Aplikacionit,
Enable Incoming,Aktivizo hyrëse,
Enable Onboarding,Aktivizo Onboarding,
Enable Outgoing,Aktivizo largohet,
Enable Password Policy,Aktivizo Politika Fjalëkalimi,
Enable Print Server,Aktivizo Serverin e Printimit,
Enable Raw Printing,Aktivizo shtypjen e papërpunuar,
Enable Scheduled Jobs,Aktivizo Jobs Scheduled,
Enable Security,Aktivizoni sigurinë,
Enable Social Login,Aktivizo regjistrimin shoqëror,
Enable Social Sharing,Aktivizo Ndarjen Sociale,
Enable Two Factor Auth,Aktivizo dy faktor Auth,
Enabled,Aktivizuar,
End Date,End Date,
End Date Field,Fusha e Datës së Fundit,
Endpoint URL,URL e përfundimit,
Endpoints,endpoints,
Ends on,Përfundon më,
Energy Point,Pika e energjisë,
Energy Point Log,Regjistri i pikave energjetike,
Energy Point Rule,Rregulla e pikës së energjisë,
Energy Point Settings,Cilësimet e pikës së energjisë,
Energy Points,Pikat e energjisë,
Enter Form Type,Shkruani Form Lloji,
"Enter default value fields (keys) and values. If you add multiple values for a field, the first one will be picked. These defaults are also used to set ""match"" permission rules. To see list of fields, go to ""Customize Form"".","Shkruani fushat vlerë e parazgjedhur (çelësat) dhe vlera. Në qoftë se ju të shtoni vlera të shumëfishta për një fushë, e para do të merren. Këto standarte janë përdorur edhe për të vendosur &quot;ndeshje&quot; rregullat leje. Për të parë listën e fushave, të shkojnë në &quot;Customize Formular&quot;.",
"Enter static url parameters here (Eg. sender=ERPNext, username=ERPNext, password=1234 etc.)","Shkruani parametrave statike url këtu (P.sh.. Dërguesi = ERPNext, emrin = ERPNext, fjalëkalimi = 1234, etj)",
Enter url parameter for message,Shkruani parametër url per mesazhin,
Enter url parameter for receiver nos,Shkruani parametër url për pranuesit nos,
Error,Gabim,
Error Log,Error Log,
Error Message,Mesazh gabimi,
Event,Ngjarje,
Event Category,Kategoria e ngjarjes,
Event Participants,Pjesëmarrësit e ngjarjeve,
Event Type,Lloji ngjarje,
Everyone,Gjithkush,
"Ex: ""colors"": [""#d1d8dd"", ""#ff5858""]","Shembull: &quot;ngjyrat&quot;: [&quot;# d1d8dd&quot;, &quot;# ff5858&quot;]",
Example,Shembull,
"Example: ""/desk""",Shembull: &quot;/ tryezë&quot;,
Example: #Tree/Account,Shembull: # Pema / Llogaria,
Example: 00001,Shembull: 00001,
Example: {{ subject }},Shembull: {{subjekt}},
Excel,shquhem,
Exception,Përjashtim,
Execute,Ekzekutuar,
Expert,ekspert,
Expiration time,koha e skadimit,
Expire Notification On,Skadojë Njoftim On,
Expired,Skaduar,
Expires In,skadon In,
Expires On,Skadon ne,
Expiry time of QR Code Image Page,Koha e skadimit të QR Image Kodi Image,
Export,Eksport,
Export From,Eksport nga,
Expose Recipients,Expose Recipients,
"Expression, Optional","Shprehje, Fakultativ",
Facebook,Facebook,
Failed,I dështuar,
FavIcon,Favicon,
Fax,Faks,
Featured,Të veçuara,
Feedback,Reagim,
Feedback Request,Feedback Kërkesë,
Fetch From,Fetch From,
Field,fushë,
Field Description,Fusha Përshkrim,
Field Name,Emri Fusha,
Field To Check,Fusha për të kontrolluar,
Field Type,Fusha Type,
"Field that represents the Workflow State of the transaction (if field is not present, a new hidden Custom Field will be created)","Fusha që përfaqëson Shtetin punës së transaksionit (në qoftë se fusha nuk është i pranishëm, një fushë e re Custom fshehur do të krijohet)",
Field to Track,Fusha për të ndjekur,
Fieldname,Fieldname,
Fields,Fushat,
Fields Multicheck,Fushat Multicheck,
"Fields separated by comma (,) will be included in the ""Search By"" list of Search dialog box","Fushat ndara nga presje (,) do të përfshihen në &quot;Kërko Në&quot; listën e Kërko dialog box",
Fieldtype,Fieldtype,
File,skedar,
File Backup,Rikthim i dokumentit,
File Information,Informacioni i skedarit,
File Name,File Name,
File Size,Madhësia e dokumentit,
File Type,Lloji i skedarit,
File URL,Fotografi URL,
Files,Files,
Filter Data,Filter Data,
Filter List,Lista e filtrave,
Filter Meta,Filter Meta,
Filter Name,Emri i filtrit,
Filter Values,Vlerat e filtrit,
Filters,Filtra,
Filters Configuration,Konfigurimi i filtrave,
Filters Display,Filters Display,
Filters JSON,Filtrat JSON,
Filters Section,Seksioni i Filtrave,
"Filters will be accessible via <code>filters</code>. <br><br>Send output as <code>result = [result]</code>, or for old style <code>data = [columns], [result]</code>","Filtrat do të jenë të arritshëm përmes <code>filters</code> .<br><br> Dërgo prodhimin si <code>result = [result]</code> , ose për të <code>data = [columns], [result]</code> stilit të vjetër <code>data = [columns], [result]</code>",
Finished,përfunduar,
First Name,Emri,
First Success Message,Mesazhi i parë i suksesit,
Flag,flamur,
Float,Nxjerr në shitje,
Float Precision,Precision Float,
Fold,Dele,
Folder,Dosje,
Font,burim,
Font Properties,Karakteristikat e shkronjave,
Font Size,Font Size,
Fonts,fonts,
Footer,Futboll,
Footer HTML,Këmbë HTML,
Footer Items,Items Footer,
Footer Logo,Logo në fund të faqes,
Footer Template,Modeli i faqes kryesore,
Footer Template Values,Vlerat e shabllonit të faqes kryesore,
Footer will display correctly only in PDF,Footer do të shfaqet saktë vetëm në PDF,
For DocType Link / DocType Action,Për DocType Link / DocType Action,
For Document Event,Për Ngjarjen e Dokumentit,
For User,për anëtarët e,
For Value,Për vlerën,
For example: {} Open,Për shembull: {} Hap,
"For help see <a href=""https://frappeframework.com/docs/user/en/guides/portal-development/web-forms"" target=""_blank"">Client Script API and Examples</a>","Për ndihmë shikoni <a href=""https://frappeframework.com/docs/user/en/guides/portal-development/web-forms"" target=""_blank"">API dhe Shembuj të Skriptit të Klientit</a>",
"For more information, <a class=""text-muted"" href=""https://erpnext.com/docs/user/manual/en/setting-up/email/linking-emails-to-document"">click here</a>.","Për më shumë informacion, <a class=""text-muted"" href=""https://erpnext.com/docs/user/manual/en/setting-up/email/linking-emails-to-document"">klikoni këtu</a> .",
Force,forcë,
Force Show,Force Trego,
Force User to Reset Password,Forconi përdoruesin të rivendosni fjalëkalimin,
Form Settings,Parametrat e formës,
Form URL-Encoded,Formoni URL të koduar,
Format,format,
Format Data,Format e të dhënave,
Forward To Email Address,Forward Për Email Adresa,
Fraction,Fraksion,
Fraction Units,Njësitë pjesë,
Frappe,frape,
Frequency,frekuencë,
Friday,E premte,
From,Nga,
From Date,Nga Data,
From Date Field,Nga Fusha e datës,
From Full Name,Nga Emri i plotë,
From User,Nga Përdoruesi,
Full,i plotë,
Full Name,Emri i plotë,
Full Width,Gjerësia e plotë,
Function,Funksioni,
GMail,GMail,
Gantt,Gantt,
Gender,Gjini,
Generate Keys,Krijo çelësat,
Geo,Geo,
Geolocation,Geolocation,
Get Contacts,Merrni kontaktet,
Get your globally recognized avatar from Gravatar.com,Get avatar tuaj të njohur globalisht nga Gravatar.com,
Git Branch,Dega e Git,
GitHub,Github,
Global Search DocType,DocType Kërkimi Global,
Global Search Settings,Cilësimet e kërkimit global,
Global Unsubscribe,Global Unsubscribe,
Go to Page,Shko tek faqja,
Google,Google,
Google Analytics Anonymize IP,Google Analytics Anonimizo IP-në,
Google Analytics ID,Google Analytics ID,
Google Calendar,Kalendari Google,
Google Calendar Event ID,ID e Ngjarjes së Kalendarit Google,
Google Calendar ID,ID e Google Kalendarit,
Google Contacts,Kontaktet Google,
Google Contacts Id,Id e Kontakteve të Google,
Google Drive,Google Drive,
Google Font,Font Google,
Google Settings,Cilësimet e Google,
Google Snippet Preview,Paraqitja e fragmenteve të Google,
Grant Type,Grant Lloji,
Green,E gjelbër,
Group,Grup,
Group By,Grupi Nga,
Group By Based On,Grupi Bazuar Në,
Group By Type,Grupi Sipas Tipit,
Guest,Mysafir,
HH:mm,HH: mm,
HH:mm:ss,HH: mm: ss,
HTML,HTML,
HTML Editor,Editor HTML,
HTML Page,Faqe HTML,
HTML for header section. Optional,HTML për header seksion. Fakultativ,
Half,gjysmë,
Half Yearly,Gjysma vjetore,
Half-yearly,Gjashtëmujor,
Has  Attachment,ka Attachment,
Has Domain,ka Domain,
Has Role,ka rolin,
Has Web View,Ka Web Shiko,
Header,Arkitra,
Header HTML,Kreu HTML,
Header and Breadcrumbs,Header dhe Breadcrumbs,
Headers,headers,
Heading,Krye,
Heatmap,Harta e nxehtësisë,
Help,Ndihmë,
Help Article,Ndihmë Neni,
Help Articles,Ndihmë Artikuj,
Help Category,Ndihmë Kategoria,
Help Dropdown,Ndihmoni zbritjen,
Help HTML,Ndihmë HTML,
Helvetica,Helvetica,
Hidden,I fshehur,
Hide,Fshih,
Hide Block,Fshih bllokun,
Hide Border,Fshih kufirin,
Hide CTA,Fshih CTA,
Hide Copy,Fshih Copy,
Hide Custom DocTypes and Reports,Fshih llojet dhe raportet e personalizuara,
Hide Days,Fshih Ditët,
Hide Footer Signup,Fshih Footer Regjistrohu,
Hide Login,Fshih hyrjen,
Hide Seconds,Fshih sekonda,
Hide Standard Menu,Fshih Menu Standard,
Hide footer in auto email reports,Fsheh futbollin në raportet e email-it automatik,
High,I lartë,
Higher priority rule will be applied first,Rregulli me përparësi më të lartë do të zbatohet së pari,
Highlight,Nxjerr në pah,
Home,Shtëpi,
Home Page,Faqja Kryesore Internet,
Home Settings,Cilësimet në shtëpi,
Hourly,çdo orë,
Hourly Long,Ore gjate,
Hourly rate limit for generating password reset links,Kufiri i tarifës për orë për gjenerimin e lidhjeve të rivendosjes së fjalëkalimit,
"How should this currency be formatted? If not set, will use system defaults","Si duhet të jetë i formatuar këtë monedhë? Nëse nuk është caktuar, do të përdorë standarte të sistemit",
ID (name) of the entity whose property is to be set,ID (emri) i subjektit prona e të cilave është që të vendosen,
IP Address,Adresa IP,
Icon,ikonë,
Icon will appear on the button,Icon do të shfaqet në butonin,
Identity Details,Detajet e Identitetit,
Idx,IDX,
"If Apply Strict User Permission is checked and User Permission is defined for a DocType for a User, then all the documents where value of the link is blank, will not be shown to that User","Nëse Aplikoni strikte User Leja është i kontrolluar dhe User Leja është përcaktuar për një DOCTYPE për anëtarët, atëherë të gjitha dokumentet ku vlera e lidhjes është bosh, nuk do të tregohet në atë User",
If Checked workflow status will not override status in list view,Nëse statusi i Kontrolluar ne daten punës nuk do të pranoj statusin në listën e parë,
"If Icon is set, it will be shown instead of Label","Nëse ikona është vendosur, ajo do të shfaqet në vend të etiketës",
"If checked, all other workflows become inactive.","Nëse kontrollohen, të gjitha menu tjera bëhen joaktive.",
"If checked, users will not see the Confirm Access dialog.","Nëse kontrolluar, përdoruesit nuk do të shohin dialogun Confirm Access.",
"If disabled, this role will be removed from all users.","Nëse me aftësi të kufizuara, ky rol do të hiqet nga të gjithë përdoruesit.",
"If enabled,  user can login from any IP Address using Two Factor Auth, this can also be set for all users in System Settings","Nëse aktivizohet, përdoruesi mund të identifikohet nga çdo Adresa IP duke përdorur Autor Two Factor, kjo mund të vendoset edhe për të gjithë përdoruesit në Cilësimet e Sistemit",
"If enabled, all users can login from any IP Address using Two Factor Auth. This can also be set only for specific user(s) in User Page","Nëse aktivizohet, të gjithë përdoruesit mund të identifikohen nga çdo adresë IP duke përdorur Auth Auth. Kjo gjithashtu mund të vendoset vetëm për përdorues të veçantë në faqen e përdoruesit",
"If enabled, changes to the document are tracked and shown in timeline","Nëse aktivizohet, ndryshimet në dokument ndiqen dhe tregohen në afatin kohor",
"If enabled, document views are tracked, this can happen multiple times","Nëse aktivizohet, shikimet e dokumentit gjurmohen, kjo mund të ndodhë disa herë",
"If enabled, the document is marked as seen, the first time a user opens it","Nëse aktivizohet, dokumenti shënohet siç shihet, herën e parë që një përdorues e hap atë",
"If enabled, the notification will show up in the notifications dropdown on the top right corner of the navigation bar.","Nëse është aktivizuar, njoftimi do të shfaqet në zbritjen e njoftimeve në këndin e sipërm të djathtë të shiritit të navigimit.",
"If enabled, the password strength will be enforced based on the Minimum Password Score value. A value of 2 being medium strong and 4 being very strong.","Nëse aktivizohet, forca fjalëkalimi do të zbatohet në bazë të vlerës minimale Password shënuar. Një vlerë e 2 të qenit të mesme të fortë dhe 4 të qenit shumë i fortë.",
"If enabled, users who login from Restricted IP Address, won't be prompted for Two Factor Auth","Nëse aktivizohet, përdoruesit që hyjnë nga adresa IP e kufizuar, nuk do të nxiten për Auth Auth Two Factor",
"If enabled, users will be notified every time they login. If not enabled, users will only be notified once.","Nëse aktivizohet, përdoruesit do të njoftohet çdo herë që identifikohuni. Nëse jo aktivizuar, përdoruesit do të njoftohet vetëm një herë.",
If non standard port (e.g. 587),Nëse port jo standarde (p.sh. 587),
"If non standard port (e.g. 587). If on Google Cloud, try port 2525.","Nëse nuk është port standard (p.sh. 587). Nëse në Google Cloud, provoni porti 2525.",
"If non-standard port (e.g. POP3: 995/110, IMAP: 993/143)","Nëse porti jo standard (p.sh. POP3: 995/110, IMAP: 993/143)",
"If not set, the currency precision will depend on number format","Nëse nuk është caktuar, precision monedha do të varet nga format e numrave",
"If the user has any role checked, then the user becomes a ""System User"". ""System User"" has access to the desktop","Në qoftë se përdoruesi ka ndonjë rol kontrolluar, atëherë përdoruesi bëhet një &quot;User System&quot;. &quot;User System&quot; ka qasje në desktop",
If user is the owner,Nëse përdoruesi është pronar,
"If you set this, this Item will come in a drop-down under the selected parent.","Nëse keni vendosur këtë, këtë artikull do të vijë në një drop-down nën prind zgjedhur.",
"If your data is in HTML, please copy paste the exact HTML code with the tags.","Nëse të dhënat e juaj është në HTML, ju lutemi kopjoni paste saktë kodin HTML me tags.",
Ignore User Permissions,Ignore lejet e përdoruesit,
Ignore XSS Filter,Ignore XSS Filter,
Ignore attachments over this size,Ignore të bashkëngjitni skedarë mbi këtë madhësi,
Ignored Apps,Aplikacionet e injoruara,
Image,imazh,
Image Field,Image Field,
Image Link,Image Link,
Implicit,i nënkuptuar,
Import,Import,
Import File,Dosja e importit,
Import File Errors and Warnings,Importo Gabimet dhe Paralajmërimet e Skedarëve,
Import Log,Import Identifikohu,
Import Log Preview,Paraprakisht e Kontrollit të Regjistrit,
Import Preview,Paraprakisht e importit,
Import Type,Lloji i importit,
Import Warnings,Paralajmërimet e importit,
Import from Google Sheets,Importo nga Google Sheets,
In Days,Në ditë,
In Filter,Në Filter,
In Global Search,Global Kërko,
In List View,Në Shiko listen,
In Preview,Në Paraprakisht,
In Reply To,Në përgjigje të,
In Standard Filter,Në Filter Standard,
In points. Default is 9.,Në pikë. Default është 9.,
In seconds,Në sekonda,
Inbox,Inbox,
Inbox User,Përdoruesi i kutisë hyrëse,
Include Search in Top Bar,Përfshijnë Kërko në Top Bar,
Include Web View Link in Email,Dërgo dokumentin Shiko Uebfaqen në email,
Index,Indeks,
Index Web Pages for Search,Indeksoni faqet në internet për kërkim,
Indexing Authorization Code,Kodi i Autorizimit të Indeksimit,
Indexing Refresh Token,Shënimi i rifreskimit të indeksimit,
Indicator,tregues,
Indicator Color,Treguesi Ngjyra,
Info,Info,
Initial Sync Count,Numërimi fillestar Sync,
InnoDB,InnoDB,
Insert After,Fut Pas,
Insert New Records,Futni të dhëna të reja,
Insert Style,Fut Style,
Installed Application,Aplikimi i instaluar,
Installed Applications,Aplikimet e instaluara,
Int,Int,
Integration Request,Kërkesa e integrimit,
Integrations,Integrimet,
Integrations can use this field to set email delivery status,Integrimet mund të përdorni këtë fushë për të vendosur statusin e dorëzimit email,
Interests,interesat,
Intermediate,i ndërmjetëm,
Internal record of document shares,Rekord i brendshëm i aksioneve dokument,
Introduce your company to the website visitor.,Futur kompaninë tuaj në vizitor faqen e internetit.,
Introduction,Paraqitje,
Introductory information for the Contact Us Page,Informacioni hyrës për Na Kontaktoni Page,
Invalid,invalid,
Inverse,I anasjellë,
Is Active,Është Aktiv,
Is Attachments Folder,Është Attachments Folder,
Is Billing Contact,A është kontakti i faturimit,
Is Child Table,Është Tabela e Fëmijëve,
Is Complete,Compleshtë i plotë,
Is Completed,është e përfunduar,
Is Custom Field,Është Custom Field,
Is Default,Është e albumit,
Is Folder,Është Folder,
Is Home Folder,Është shtëpia Folder,
Is Mandatory Field,Është terren i detyrueshëm,
Is Optional State,Stateshtë Shtet Fakultativ,
Is Primary,Primshtë Primar,
Is Primary Contact,Është Kontaktoni Primar,
Is Primary Mobile,Primshtë Mobile Primar,
Is Primary Phone,.Shtë telefon primar,
Is Private,Është private,
Is Public,Publicshtë Publik,
Is Published Field,Publikohet Fusha,
Is Single,Është Single,
Is Skipped,Sshtë kapërcyer,
Is Spam,është Spam,
Is Standard,Është standard,
Is Submittable,Është Submittable,
Is Table,A Tabela,
Is Tree,Është Pema,
Is Unique,Unshtë unike,
Is Your Company Address,Është kompania juaj Adresa,
Item Label,Etiketa e artikullit,
Item Type,Lloji i artikullit,
JS,JS,
JSON,JSON,
JSON Request Body,Trupi që kërkon JSON,
JavaScript,JavaScript,
JavaScript Format: frappe.query_reports['REPORTNAME'] = {},JavaScript Formati: frappe.query_reports [&#39;REPORTNAME&#39;] = {},
Javascript,Javascript,
Jinja,Jinja,
Kanban,kanban,
Kanban Board,kanban Board,
Kanban Board Column,Column kanban Board,
Kanban Board Name,Emri kanban Board,
Keep track of all update feeds,Mbani gjurmët e të gjitha ushqimeve të përditësuara,
Keeps track of all communications,Mban gjurmët e të gjitha komunikimeve,
Key,Kyç,
Keyboard Shortcuts,Shkurtoret e tastierës,
Knowledge Base Contributor,Knowledge Base Kontribues,
Knowledge Base Editor,Knowledge Base Editor,
LDAP Email Field,LDAP Email Field,
LDAP First Name Field,LDAP Emri Field,
LDAP Group,LDAP Group,
LDAP Group Field,Fusha e grupit LDAP,
LDAP Group Mapping,Hartimi i grupit LDAP,
LDAP Group Mappings,Pamjet e Grupit LDAP,
LDAP Last Name Field,Fusha e mbiemrit LDAP,
LDAP Middle Name Field,Fusha e emrit të mesëm LDAP,
LDAP Mobile Field,Fusha LDAP Mobile,
LDAP Phone Field,Fusha telefonike LDAP,
LDAP Search String,LDAP Kërko String,
LDAP Security,Siguria LDAP,
LDAP Server Url,LDAP Server Url,
LDAP Settings,Parametrat LDAP,
LDAP User Creation and Mapping,Krijimi dhe hartëzimi i përdoruesve të LDAP,
LDAP Username Field,LDAP Username Field,
Label,Etiketë,
Label Help,Label Ndihmë,
Label and Type,Etiketë dhe Type,
Landing Page,Landing Faqja,
Language,Gjuhë,
Language Code,Kodi Gjuha,
Language Name,Gjuha Emri,
Last Active,Aktiviteti i Fundit,
Last Backup On,Rikthimi i fundit i aktivizuar,
Last Execution,Ekzekutimi i fundit,
Last IP,IP e fundit,
Last Known Versions,Versionet e fundit të njohur,
Last Login,Kycja e fundit,
Last Month,Muajin e kaluar,
Last Name,Mbiemër,
Last Password Reset Date,Data e fundit e rivendosjes së fjalëkalimit,
Last Point Allocation Date,Data e ndarjes së pikës së fundit,
Last Quarter,Tremujori i fundit,
Last Sync On,Sinjali i fundit në,
Last Synced On,E fundit e Sinkronizuar,
Last User,Përdoruesi i fundit,
Last Week,Javen e shkuar,
Last Year,Vitin e kaluar,
Lead Conversion Time,Koha e konvertimit të plumbit,
Leaderboard,Fituesit,
Leave blank to repeat always,Lini bosh të përsëris gjithmonë,
Ledger,libër i llogarive,
Left,Majtas,
Legal,Legal,
Length,Gjatësi,
Letter,Letër,
Letter Head,Letër Shef,
Letter Head Based On,Koka e Letrës Bazuar në,
Letter Head Image,Imazhi i Shefit të Letrës,
Letter Head Name,Emri Letër Shef,
Letter Head in HTML,Shef Letër në HTML,
Level,Nivel,
Level Name,Emri i nivelit,
License,Liçensë,
Light Color,Ngjyra e dritës,
Like,si,
Likes,Preferencë,
Limit,limit,
Limit Number of DB Backups,Limit Numri i Backups DB,
Line,Linjë,
Link,lidhje,
Link Cards,Kartat e lidhjes,
Link DocType,Link DOCTYPE,
Link Document Type,Lloji i dokumentit të lidhjes,
Link Fieldname,Lidhje Emri Fusha,
Link Name,Link Emri,
Link Title,Link Titulli,
Link To,Lidh me,
Link to the page you want to open. Leave blank if you want to make it a group parent.,Lidhje me faqe që dëshironi të hapni. Lini bosh në qoftë se ju doni të bëni atë një prind grup.,
Linked,I lidhur,
Linked Documents,Dokumente të lidhura,
Links,Lidhjet,
List,Listë,
List Filter,Filter Lista,
List Settings,Cilësimet e listës,
List View Settings,Cilësimet e Shikimit të Listës,
"List as [{""label"": _(""Jobs""), ""route"":""jobs""}]","Lista si [{ &quot;label&quot;: _ ( &quot;Jobs&quot;), &quot;rruga&quot;: &quot;punë&quot;}]",
List of patches executed,Lista e arna të ekzekutohet,
Load Balancing,Balancimi i ngarkesës,
Location,Vend,
Log,Identifikohu,
Log Data,Të dhënat log,
Log Setting User,Përdoruesi i vendosjes së regjistrit,
Log Settings,Cilësimet e regjistrit,
Login,Hyrje,
Login After,Identifikohu Pas,
Login Before,Identifikohu Para,
Login Required,Identifikohu Kerkohet,
Logo Width,Gjerësia e logos,
Logout,Logout,
Logout All Sessions on Password Reset,Dilni nga të gjitha seancat në rivendosjen e fjalëkalimit,
Logout From All Devices After Changing Password,Dilni nga të gjitha pajisjet pas ndryshimit të fjalëkalimit,
Long Text,Gjatë Tekst,
Low,Ulët,
Main Section,Pjesa kryesore,
Main Section (HTML),Seksioni kryesor (HTML),
Main Section (Markdown),Seksioni kryesor (Markdown),
Maintenance Manager,Mirëmbajtja Menaxher,
Maintenance User,Mirëmbajtja User,
"Make ""name"" searchable in Global Search",Bëni &quot;name&quot; kërkueshme në Global Kërko,
Mandatory,I detyrueshëm,
Mandatory Depends On,E detyrueshme varet nga,
Map route parameters into form variables. Example <code>/project/&lt;name&gt;</code>,Hartoni parametrat e rrugës në variabla të formës. Shembull <code>/project/&lt;name&gt;</code>,
Markdown,Markdown,
Markdown Editor,Redaktori i Markdown,
Marked As Spam,Shënuar si spam,
Max 500 records at a time,Max 500 të dhënat në një kohë,
Max Attachment Size (in MB),Max Attachment Size (në MB),
Max Attachments,Attachments Max,
Max Length,Max Length,
Max Value,Max Vlera,
Maximum,Maksimumi,
Maximum Number of Fields,Numri maksimal i fushave,
Maximum Points,Pikët maksimale,
Medium,Medium,
Meeting,takim,
Mention,Përmendja,
Mentions,përmend,
Message,mesazh,
Message (HTML),Mesazhi (HTML),
Message (Markdown),Mesazhi (Markdown),
Message Examples,Mesazh Shembuj,
Message ID,mesazhi ID,
Message Parameter,Mesazh Parametri,
Message-id,Message-id,
Meta Description,Përshkrimi Meta,
Meta Image,Imazhi Meta,
Meta Tags,Etiketat meta,
Meta Title,Titulli Meta,
Method,Metodë,
Middle Name,emri i dytë,
Milestone,moment historik,
Milestone Tracker,Gjurmues i Milestoneve,
Minimum,Minimumi,
Minimum Password Score,Minimum Password Score,
Mobile No,Mobile Asnjë,
Module,modul,
Module Def,Moduli Def,
Module Name,Moduli Emri,
Module Onboarding,Modulimi në bord,
Modules HTML,Modulet HTML,
Monday,E hënë,
Monospace,Monospace,
Monthly,Mujor,
Monthly Long,Gjatësia mujore,
More Information,Me shume informacion,
More content for the bottom of the page.,Më shumë përmbajtjen për pjesën e poshtme të faqes.,
Multiplier Field,Fusha shumëzuese,
Must be a publicly accessible Google Sheets URL,Duhet të jetë një URL e fletëve të Google të arritshme nga publiku,
"Must be of type ""Attach Image""",Duhet të jenë të tipit &quot;Bashkangjit Image&quot;,
Mute Sounds,Memec Tinguj,
MyISAM,MyISAM,
Name,Emër,
Naming,Emërtimi,
Naming Series,Emërtimi Series,
Navbar,Navbar,
Navbar Item,Artikulli Navbar,
Navbar Settings,Cilësimet e Navbarit,
Navbar Template,Model Navbar,
Navbar Template Values,Vlerat e Modelit Navbar,
New,I ri,
New Name,Emri i ri,
New value to be set,Vlera e re të jetë vendosur,
Newsletter,Newsletter,
Newsletter Email Group,Newsletter Email Group,
Newsletter Manager,Newsletter Menaxher,
Next Action Email Template,Modeli i ardhshëm i veprimit të veprimit,
Next Actions HTML,Veprimet e ardhshme HTML,
Next Schedule Date,Data e ardhshme e orarit,
Next State,Shteti tjetër,
Next Sync Token,Toka e ardhshme e sinkronizimit,
No,jo,
No Copy,Nuk Copy,
No of Requested SMS,Nr i SMS kërkuar,
No of Rows (Max 500),Nr i Rows (Max 500),
No of Sent SMS,Nr i SMS dërguar,
Non Negative,Jo Negativ,
None,Asnje,
Not Sent,Jo dërguar,
Note,Shënim,
Note Seen By,Shënim Seen By,
Note: By default emails for failed backups are sent.,Shënim: Me anë të postës elektronike dërgohen email për dështimet e dështuara.,
"Note: For best results,  images must be of the same size and width must be greater than height.","Shënim: Për rezultate më të mira, imazhet duhet të jenë të së njëjtës madhësi dhe gjerësia duhet të jetë më e madhe se lartësia.",
Note: Multiple sessions will be allowed in case of mobile device,Shënim: seanca të shumëfishta do të lejohet në rast pajisje të lëvizshme,
Notification,Njoftim,
Notification Log,Regjistri i njoftimeve,
Notification Recipient,Marrësi i Njoftimit,
Notification Settings,Cilësimet e njoftimit,
Notification Subscribed Document,Njoftim Dokument i pajtuar,
Notifications,Njoftime,
Notifications and bulk mails will be sent from this outgoing server.,Njoftime dhe mail pjesa më e madhe do të dërgohen nga ky server po largohet.,
Notify Users On Every Login,Njoftojë përdoruesit në çdo login,
Notify by Email,Njoftoni me email,
Notify by email,Njoftojë me Email,
Notify if unreplied,Të njoftojë nëse unreplied,
Notify if unreplied for (in mins),Të njoftojë nëse unreplied për (në minuta),
Notify users with a popup when they log in,Të njoftojë përdoruesit me një popup kur hyni,
Number Card,Karta e Numrit,
Number Card Link,Lidhja e Kartës së Numrit,
Number Cards,Kartat e Numrave,
Number Format,Format numrin,
Number of Backups,Numri i Backups,
Number of DB Backups,Numri i Backups DB,
Number of Groups,Numri i grupeve,
Number of columns for a field in a Grid (Total Columns in a grid should be less than 11),Numri i kolonave për një fushë në një Grid (Columns totale në një rrjet duhet të jetë më pak se 11),
Number of columns for a field in a List View or a Grid (Total Columns should be less than 11),Numri i kolonave për një fushë në një Listë Shiko ose një Grid (gjithsej Columns duhet të jetë më pak se 11),
OAuth Authorization Code,OAuth Kodi Autorizimi,
OAuth Bearer Token,OAuth Bearer Token,
OAuth Client,OAuth Client,
OAuth Client ID,ID e Klientit OAuth,
OAuth Provider Settings,Cilësimet OAuth Provider,
OTP App,OTP App,
OTP Issuer Name,Emri i Emetuesit të OTP,
Off,nga,
Office,Zyrë,
Office 365,Zyra 365,
Older backups will be automatically deleted,backups të vjetra do të fshihen automatikisht,
On Hold,Ne pritje,
Onboarding Permission,Leja e bordit,
Onboarding Step,Hapi i bordit,
Onboarding Step Map,Harta e Hapit në bord,
"Once submitted, submittable documents cannot be changed. They can only be Cancelled and Amended.","Pasi të paraqiten, dokumentet e paraqitura nuk mund të ndryshohen. Ato mund të anulohen dhe ndryshohen.",
Only Allow Edit For,Vetëm Lejo Edit për,
Only Send Records Updated in Last X Hours,Vetëm dërgoni Records Përditësuar në X Fundit Hours,
Open,hapur,
Open Documents,Dokumente të Hapura,
Open Reference Document,Dokumenti i Hapur i Referencës,
Open URL in a New Tab,Hapni URL-në në një skedë të re,
Open a dialog with mandatory fields to create a new record quickly,Hapni një dialog me fushat e detyrueshme për të krijuar shpejt një rekord të ri,
Opened,Hapur,
Operation,Operacion,
Optional: Always send to these ids. Each Email Address on a new row,Optional: Gjithmonë dërgoni në këto kartat e identitetit. Çdo Adresa Email në një rresht të ri,
Optional: The alert will be sent if this expression is true,Fakultativ: vigjilent do të dërgohet në qoftë se kjo shprehje është e vërtetë,
Options,Options,
Options Help,Options Ndihmë,
Orange,Portokalli,
Order,urdhër,
Org History,Historia org,
Org History Heading,Org Historia Kreu,
Other,Tjetër,
Outlook.com,Outlook.com,
Output,prodhim,
PDF Page Size,PDF Faqja Madhësi,
PDF Settings,PDF Settings,
Page,faqe,
Page Break,Faqe Pushim,
Page Builder,Ndërtuesi i faqeve,
Page Building Blocks,Blloqet e ndërtimit të faqeve,
Page HTML,Faqe HTML,
Page Name,Faqe,
Page Settings,Cilësimet e faqes,
Parameter,Parametër,
Parent Field (Tree),Fusha e prindërve (pema),
Parent Label,Prind Label,
Partial Success,Suksesi i pjesshëm,
Participants,Pjesëmarrësit,
Passive,Pasiv,
Password,Fjalëkalim,
Password Reset Link Generation Limit,Rivendosni fjalëkalimin Limit i Gjenerimit të Lidhjeve,
Password for Base DN,Password për Base DN,
Patch,Copë toke,
Patch Log,Patch Identifikohu,
Path,Rrugë,
Path to CA Certs File,Shtegu te Dosja e Certifikatave të CA,
Path to Server Certificate,Rruga për Certifikatën e Serverit,
Path to private Key File,Shtegu te Dosja kryesore e çelësit,
Pending,Në pritje të,
Pending Approval,Miratim në pritje,
Pending Verification,Verifikimi në pritje,
Percent,Përqind,
Percentage,përqindje,
Period,Periudhë,
Perm Level,Niveli Perm,
Permanent,i përhershëm,
Permission Level,Niveli leje,
Permission Rules,Rregullat leje,
Permissions,Permissions,
Permitted Documents For User,Dokumentet e lejuar për anëtarët,
Personal,Personal,
Personal Data Deletion Request,Kërkesë për fshirjen e të dhënave personale,
Personal Data Download Request,Kërkesë për Shkarkim të të Dhënave Personale,
Phone,Telefon,
Phone No.,Telefon Nr,
Phone Number,Numri i telefonit,
Pie,byrek,
Pincode,Pincode,
Plant,Fabrikë,
Point Allocation Periodicity,Periodiciteti i ndarjes së pikave,
Points,pikë,
Port,Port,
Portal Menu,Portal Menu,
Portal Menu Item,Portal Menu Item,
Portal Settings,Cilësimet Portal,
Position,pozitë,
Postal,Postar,
Postal Code,Kodi Postar,
Precision,Saktësi,
Preferred Billing Address,Preferuar Faturimi Adresa,
Preferred Shipping Address,Preferuar Transporti Adresa,
Prefix,Parashtesë,
Prepared Report,Raport i Përgatitur,
Prepared Report User,Raporti i Përgatitur Përdorues,
Preview,Preview,
Preview HTML,Preview HTML,
Preview Message,Mesazh Mesazhi,
Previous Hash,Hash e mëparshme,
Primary,Kryesor,
Primary Color,Ngjyra primare,
Print,shtyp,
Print Format,Format Print,
Print Format Builder,Format Printo Builder,
Print Format Help,Format Shtyp Ndihmë,
Print Format Type,Printo Format Type,
Print Hide,Printo Hide,
Print Hide If No Value,Shtyp Hide Nëse pa vlerë,
Print Server,Print Serveri,
Print Settings,Print Cilësimet,
Print Style,Style Print,
Print Style Name,Emri i stilit të printimit,
Print Style Preview,Print Preview Style,
Print UOM after Quantity,Shtypni UOM pas Sasisë,
Print Width,Printo Gjerësia,
"Print Width of the field, if the field is a column in a table","Printuar gjerësia e fushës, nëse fushë është një kolonë në një tabelë",
Print taxes with zero amount,Printoni taksat me shumën zero,
Print with letterhead,Printo me letër me kokë,
Printer Name,Emri i printerit,
Printing,Shtypje,
Priority,Prioritet,
Private,Privat,
ProTip: Add <code>Reference: {{ reference_doctype }} {{ reference_name }}</code> to send document reference,ProTip: Shto <code>Reference: {{ reference_doctype }} {{ reference_name }}</code> për të dërguar referencë dokument,
Property,Pronë,
Property Depends On,Prona varet nga,
Property Setter,Pronës Setter,
Property Setter overrides a standard DocType or Field property,Pronës Setter refuzon një DOCTYPE standarde ose pronë Field,
Property Type,Lloji i Pronës,
Provider,Provider,
Provider Name,Emri i ofruesit,
Public,Publik,
Publish,publikoj,
Published,Publikuar,
Published On,Publikuar On,
Pull from Google Calendar,Tërhiq nga Kalendari Google,
Pull from Google Contacts,Tërhiqe nga Kontaktet Google,
Pulled from Google Calendar,U tërhoq nga Kalendari Google,
Pulled from Google Contacts,Tërhequr nga Kontaktet Google,
Purchase Manager,Menaxher Blerje,
Purchase Master Manager,Blerje Master Menaxher,
Purchase User,Blerje User,
Purple,Vjollcë,
Push to Google Calendar,Shtyni tek Kalendari Google,
Push to Google Contacts,Shtyj te Kontaktet Google,
Quarterly,Tremujor,
Query,Pyetje,
Query / Script,Pyetje / Skenar,
Query Options,Query Options,
Query Report,Query Raport,
Queued,Queued,
Quick Entry,Hyrja shpejtë,
RAW Information Log,Regjistri i Informacionit RAW,
Random,E rastësishme,
Rating,vlerësim,
Raw Commands,Komandat e papërpunuara,
Raw Email,Raw Email,
Raw Printing,Shtypje e papërpunuar,
Read,Lexoj,
Read Only,Lexoni Vetëm,
Read Only Depends On,Lexoni vetëm varet nga,
Read Time,Koha e leximit,
Read by Recipient,Lexo nga Përfituesi,
Read by Recipient On,Lexo nga Përfituesi,
Reason,Arsye,
Received,marrë,
Receiver By Document Field,Marrësi Nga Fusha e Dokumentit,
Receiver By Role,Marrësi me rol,
Receiver Parameter,Marresit Parametri,
Recipient,Marrës,
Recipient Unsubscribed,Marrësi unsubscribed,
Recipients,Marrësit,
Recorder,regjistrues,
Red,I kuq,
Redirect URI Bound To Auth Code,Redirect URI detyruar të Kodit Auth,
Redirect URIs,Redirect URI-ve,
Redirect URL,Redirect URL,
Ref DocType,Ref DOCTYPE,
Reference,Referim,
Reference Date,Referenca Data,
Reference DocName,Referenca DocName,
Reference DocType,Doktipi i referencës,
Reference Docname,Referenca DocName,
Reference Doctype,DOCTYPE Referenca,
Reference Document,Dokumenti Referenca,
Reference Document Name,Emri i Dokumentit të Referencës,
Reference Document Type,Referenca Document Type,
Reference Name,Emri i Referencës,
Reference Owner,Reference Owner,
Reference Report,Raporti i Referencës,
Reference Type,Referenca Type,
Reference name,Referenca Emri,
Referrer,Referues,
Refresh Google Sheet,Rifresko fletën e Google,
Refresh Token,Refresh Token,
Rejected,Refuzuar,
Relinked,relinked,
Reload,Rifresko,
Remember Last Selected Value,Mos harroni Vlera Fundit përzgjedhura,
Reminder,Reminder,
Repeat On,Përsëriteni Në,
Repeat Till,Përsëriteni Deri,
Repeat on Day,Përsëriteni Ditën,
Repeat on Last Day of the Month,Përsëriteni në ditën e fundit të muajit,
Repeat this Event,Përsëriteni këtë ngjarje,
Replied,U përgjigj,
Reply,përgjigje,
Report,Raport,
Report Builder,Raporti Builder,
Report Column,Raporto kolonën,
Report Description,Raporto pershkrimin,
Report Filter,Raporto filtrin,
Report Filters,Raporti Filters,
Report Hide,Raporti Hide,
Report Information,Raporti i Informacionit,
Report Manager,Raporti Menaxher,
Report Name,Raporti Emri,
Report Reference Doctype,Raporto Doctype Referencë,
Report Type,Raporti Type,
Reports,raportet,
Represents a User in the system.,Përfaqëson një përdoruesin në sistemin.,
Represents the states allowed in one document and role assigned to change the state.,Përfaqëson shtetet të lejuara në një dokument dhe rolin e caktuar për të ndryshuar gjendjen.,
Request Data,Kërkoni të dhëna,
Request Structure,Kërkoni strukturën,
Request URL,Kërko URL,
Requested Numbers,Numrat kërkuara,
Require Trusted Certificate,Kërkoni një Certifikatë të Besuar,
Reset Password Key,Fjalëkalimi Key Reset,
Response,përgjigje,
Response Type,Response Lloji,
Restored,Restored,
Restrict IP,Kufizo IP,
Restrict To Domain,Kufizo në Domain,
Restrict to Domain,Kufizo në domenin,
Restrict user from this IP address only. Multiple IP addresses can be added by separating with commas. Also accepts partial IP addresses like (111.111.111),Kufizojë përdoruesit nga kjo adresë IP vetëm. IP adresat të shumta mund të shtohet duke ndarë me presje. Gjithashtu pranon adresat IP të pjesshme si (111.111.111),
Retry,rigjykoj,
Reverse Icon Color,Reverse Icon Color,
Revert,rikthehem,
Revert Of,Kthehu,
Reverted,rikthyer,
Review,rishikim,
Review Level,Niveli i Rishikimit,
Review Levels,Nivelet e Rishikimit,
Review Points,Pikat e Rishikimit,
Revoked,revokohet,
Rich Text,Rich Text,
Right,E drejtë,
Robots.txt,robots.txt,
Role,Rol,
Role Name,Roli Emri,
Role Permission for Page and Report,Leja rol për Page dhe Raportin,
Role Permissions,Lejet Roli,
Role Permissions Manager,Lejet Roli Menaxher,
Role Profile,Profili i roleve,
Role and Level,Roli dhe Niveli,
Roles,Rolet,
Roles Assigned,Rolet Assigned,
Roles HTML,Rolet HTML,
Roles Html,Rolet Html,
Round Robin,Robin e rrumbullakët,
Route,rrugë,
Route History,Historia e Rrugës,
Route Redirects,Rregullimet e Rrugës,
"Route: Example ""/desk""",Itinerari: Shembull &quot;/ tavolinë&quot;,
Row Index,Indeksi i rreshtave,
Row Name,Emri i rreshtit,
Rows Added,rreshtat shtuar,
Rows Removed,rreshtat Removed,
Rule,rregull,
Rule Conditions,Kushtet e rregullave,
Rule Name,Emri i rregullës,
Rules defining transition of state in the workflow.,Rregullat përcaktojnë kalimin e shtetit në workflow.,
"Rules for how states are transitions, like next state and which role is allowed to change state etc.","Rregullat për mënyrën se si shtetet janë të tranzicionit, si shtet tjetër dhe të cilat roli i lejohet të ndryshojë gjendjen, etj",
Rules with higher priority number will be applied first.,Rregullat me numër më të lartë të përparësisë do të zbatohen së pari.,
Run Jobs only Daily if Inactive For (Days),Drejtoni punë vetëm çdo ditë nëse janë joaktive për (ditë),
Run scheduled jobs only if checked,Run punë të planifikuar vetëm nëse kontrollohen,
S3 Backup Settings,S3 Cilësimet e Ruajtjes,
S3 Bucket Details,Detajet e kovës S3,
SMS,SMS,
SMS Gateway URL,SMS Gateway URL,
SMS Log,SMS Identifikohu,
SMS Parameter,SMS Parametri,
SMS Settings,SMS Cilësimet,
SMTP Settings for outgoing emails,SMTP Parametrat për emailet dalëse,
"SQL Conditions. Example: status=""Open""",Kushtet SQL. Shembull: status = &quot;Open&quot;,
SSL/TLS Mode,Modaliteti SSL / TLS,
Sales Manager,Sales Manager,
Sales Master Manager,Sales Master Menaxher,
Sales User,Sales i përdoruesit,
Salesforce,Salesforce,
Salutation,përshëndetje,
Sample,Mostër,
Saturday,E shtunë,
Save,Ruaj,
Scheduled,Planifikuar,
Scheduled Job,Punë e planifikuar,
Scheduled Job Log,Regjistri i planifikuar i punës,
Scheduled Job Type,Lloji i planifikuar i punës,
Scheduled To Send,Planifikuar për të dërguar,
Scheduler Event,Ngjarja e Scheduler,
Scope,fushë,
Scopes,Scopes,
Script,Dorëshkrim,
Script Manager,Menaxher i Skenarit,
Script Report,Script Raport,
Script Type,Script Type,
Script to attach to all web pages.,Script për të bashkëngjitni për të gjitha faqet e Internetit.,
Search Fields,Fushat Kërko,
Search Priorities,Prioritetet e kërkimit,
Section,Seksioni,
Section Break,Seksioni Pushim,
Security Settings,Cilësimet e sigurisë,
Seen,Parë,
Seen By,E pare nga,
Seen By Table,Seen By Tabela,
Select,Përzgjedh,
Select Dashboard,Zgjidhni Panelin,
Select Date Range,Zgjidhni Gama e datave,
Select DocType,Zgjidh DOCTYPE,
Select Doctype,Zgjidh DocType,
Select Transaction,Përzgjedhjen e transaksioneve,
Select an image of approx width 150px with a transparent background for best results.,Zgjidh një imazh të gjerësi përafërsisht 150px me një sfond transparente për rezultatet më të mira.,
Select the label after which you want to insert new field.,Zgjidhni etiketën pasi që ju doni të futur fushë të re.,
Send After,Dërgo Pas,
Send Alert On,Dërgo tregua,
Send Email Alert,Dërgo lajmërim me email,
Send Email Print Attachments as PDF (Recommended),Dërgo email attachments Printo si PDF (Recommended),
Send Email for Successful Backup,Dërgo Email për Backup të suksesshëm,
Send Email for Successful backup,Dërgo Email për Backup të suksesshëm,
Send Me A Copy of Outgoing Emails,Më dërgoni një kopje të postës elektronike që po largohet,
Send Notification To,Dërgo Njoftim tek,
Send Notification to,Dërgo Njoftim tek,
Send Notifications For Documents Followed By Me,Dërgoni njoftime për dokumentet e ndjekura nga unë,
Send Notifications For Email Threads,Dërgoni njoftime për temat e postës elektronike,
Send Notifications To,Dërgo Lajmërimet Për,
Send Print as PDF,Dërgo Printo si PDF,
Send System Notification,Dërgoni njoftimin e sistemit,
Send To All Assignees,Dërgoji të gjithë të caktuarve,
Send Unsubscribe Link,Dërgo Unsubscribe Lidhje,
Send Welcome Email,Dërgo Mirë se vini Email,
Send alert if date matches this field's value,Dërgo alarm në qoftë se data ndeshjet vlerën e kësaj fushe për,
Send alert if this field's value changes,Dërgo vigjilent në qoftë se ndryshimet e vlerës së kësaj fushe-së,
Send an email reminder in the morning,Dërgo një kujtim email në mëngjes,
Send days before or after the reference date,Dërgoje ditë para ose pas datës së referimit,
Send enquiries to this email address,Dërgoni pyetjet në këtë adresë e-mail,
Send only if there is any data,Dërgo vetëm nëse ka të dhëna,
Send unsubscribe message in email,Dërgo mesazh unsubscribe në email,
Sender,Dërgues,
Sender Email,Email dërgues,
Sender Name,Sender Emri,
Sendgrid,Sendgrid,
Sending,dërgim,
Sent,Dërguar,
Sent On,Dërguar në,
Sent Read Receipt,Sent Read Receipt,
Sent To,Dërguar në,
Sent or Received,Dërguar apo pranuar,
Sent/Received Email,Dërguar / pranuar Email,
Separator,Ndarës,
Sequence Id,Rendi Id,
Series List for this Transaction,Lista Seria për këtë transaksion,
Server Action,Veprimi i serverit,
Server IP,Server IP,
Server Script,Skripti i serverit,
Service,Shërbim,
Session Default,Sesion i parazgjedhur,
Session Default Settings,Cilësimet e paracaktuar të sesionit,
Session Defaults,Default Seanca,
Set Banner from Image,Banner vendosur nga Image,
"Set Default Options for all charts on this Dashboard (Ex: ""colors"": [""#d1d8dd"", ""#ff5858""])","Vendosni Opsionet e Parazgjedhura për të gjitha grafikët në këtë Panel (Shembull: &quot;Colors&quot;: [&quot;# d1d8dd&quot;, &quot;# ff5858&quot;])",
Set New Password,Set fjalëkalim të ri,
Set Property After Alert,Set pasurisë pas Alert,
Set Role For,Set rol për,
Set Value,Vlera Set,
Set non-standard precision for a Float or Currency field,Set saktësi jo-standarde për një noton ose Valuta fushë,
Settings,Cilësimet,
Settings Dropdown,Rënia e cilësimeve,
Settings for Contact Us Page,Cilësimet për Na Kontaktoni Page,
Settings for the About Us Page,Cilësimet për ne në lidhje me Page,
Setup,Setup,
Setup Complete,Setup Complete,
Setup Wizard,Setup Wizard,
Share,pjesë,
Shared,përbashkët,
Shipping,Transporti,
Shop,Dyqan,
Short Name,Emri i shkurtër,
Shortcuts,Shortcuts,
Show Attachments,Shfaq bashkëngjitjet,
Show Dashboard,Shfaq pultin,
Show Document,Trego Dokumentin,
Show Failed Logs,Shfaqni Shkrimet e Dështuara,
Show Form Tour,Show Tour Tour,
Show Full Error and Allow Reporting of Issues to the Developer,Trego Gabim plotë dhe të lejojë Raportimi i çështjeve të Developer,
Show Full Form?,Të shfaqet formulari i plotë?,
Show Line Breaks after Sections,Trego Line Breaks pas seksioneve,
Show Percentage Stats,Shfaq Statistikat e Përqindjes,
Show Preview Popup,Shfaq Paraprakisht Paraprakisht,
Show Report,Shfaq raportin,
Show Section Headings,Shfaq Neni Titujt,
Show Sidebar,Trego Sidebar,
Show Title,Shfaq Titulli,
Show as cc,Tregoje si cc,
Show full form instead of a quick entry modal,Tregoni formularin e plotë në vend të një modale të hyrjes së shpejtë,
Show in Module Section,Trego në nenin Moduli,
Show in filter,Trego në filtër,
Show percentage difference according to this time interval,Trego ndryshimin e përqindjes sipas këtij intervali kohor,
"Show title in browser window as ""Prefix - title""",Shfaq Titulli në dritare të shfletuesit si &quot;Parashtesa - Titulli&quot;,
Sidebar Items,Items Sidebar,
Sidebar Settings,Cilësimet sidebar,
Sidebar and Comments,Sidebar dhe Komente,
Signature,Nënshkrim,
"Simple Python Expression, Example: Status in (""Closed"", ""Cancelled"")","Shprehja e thjeshtë e Pythonit, Shembull: Statusi në (&quot;Mbyllur&quot;, &quot;Anuluar&quot;)",
"Simple Python Expression, Example: Status in (""Invalid"")","Shprehja e thjeshtë e Pythonit, Shembull: Statusi në (&quot;Invalid&quot;)",
"Simple Python Expression, Example: status == 'Open' and type == 'Bug'","Shprehje e thjeshtë e Pythonit, Shembull: statusi == &#39;Hapni&#39; dhe shkruani == &#39;Bug&#39;",
Simultaneous Sessions,Seancat njëkohshme,
Single Types have only one record no tables associated. Values are stored in tabSingles,Llojet e vetme të ketë vetëm një rekord nuk ka tavolina të lidhur. Vlerat janë ruajtur në tabSingles,
Skip Authorization,Kalo Autorizimi,
Skype,skype,
Slack,xhoko,
Slack Channel,Kanali i lirshëm,
Slack Webhook URL,URL e hithëzuar e Webhook,
Slideshow,Slideshow,
Slideshow Items,Items Slideshow,
Slideshow Name,Emri Slideshow,
Slideshow like display for the website,Slideshow si shfaqje për faqen,
Small Text,Tekst i vogël,
Smallest Currency Fraction Value,Vogël Valuta Vlera Fraksion,
Smallest circulating fraction unit (coin). For e.g. 1 cent for USD and it should be entered as 0.01,Më e vogël qarkullojnë pjesë (monedhë). Për shembull 1 për qind USD dhe ajo duhet të regjistrohet si 0.01,
Social,social,
Social Link Settings,Cilësimet e Lidhjes Sociale,
Social Link Type,Lloji i Lidhjes Sociale,
Social Login Key,Çelësi i identifikimit shoqëror,
Social Login Provider,Ofruesi i Identifikimit Social,
Social Logins,Identifikimet shoqërore,
Soft-Bounced,Soft-mori veten,
Sort Field,Rendit Fusha,
Sort Order,Rendit,
Source,Burim,
Source Name,burimi Emri,
Source Text,burimi Text,
Spam,Të bllokuara,
SparkPost,SparkPost,
Standard,Standard,
Standard Sidebar Menu,Standard Sidebar Menu,
Start Date,Data e Fillimit,
Start Date Field,Fillimi Data Field,
Start Time,Koha e fillimit,
StartTLS,STARTTLS,
Started,Started,
Starts on,Fillon më,
State,Shtet,
State/Province,Shteti / Provinca,
States,Shtetet,
Static Parameters,Parametrat statike,
Stats,Statistikat,
Stats Time Interval,Intervali i Kohës së Statistikave,
Status,Gjendje,
Step,Hapi,
Steps,Hapat,
Stopped,U ndal,
Stores the JSON of last known versions of various installed apps. It is used to show release notes.,Dyqane JSON e versionet e fundit të njohur të Apps të ndryshme instaluar. Ajo është përdorur për të treguar shënime lëshimi.,
Style,Stil,
Style Settings,Cilësimet style,
"Style represents the button color: Success - Green, Danger - Red, Inverse - Black, Primary - Dark Blue, Info - Light Blue, Warning - Orange","Style përfaqëson ngjyrën button: Suksesi - Green, Danger - Red, inversi e - Zi, primar - blu të errët, Info - Light Blue, duke paralajmëruar - Orange",
Stylesheet,Fleta e stilit,
"Sub-currency. For e.g. ""Cent""",Nën-monedhës. Për shembull &quot;Cent&quot;,
Sub-domain provided by erpnext.com,Nën-domain dhënë nga erpnext.com,
Subdomain,Subdomain,
Subject,Subjekt,
Subject Field,Fusha e lëndës,
Submit,Paraqes,
Submit After Import,Paraqisni pas importit,
Submitted,Dërguar,
Subsidiary,Ndihmës,
Subtitle,nëntitull,
Success,Sukses,
Success Action,Suksesi Veprimi,
Success Message,Suksesi Mesazh,
Success URL,Suksesi URL,
Sum,shumë,
Sunday,E diel,
Symbol,Simbol,
Sync,Sync,
Sync with Google Calendar,Sinkronizo me Kalendarin Google,
Sync with Google Contacts,Sinkronizo me Kontaktet Google,
System,Sistem,
System Console,Konsolë sistemi,
System Manager,Sistemi Menaxher,
System Notification,Njoftimi i sistemit,
System Page,sistemi Page,
System Settings,Parametrat e Sistemit,
System managers are allowed by default,Menaxherët e sistemit lejohen si parazgjedhje,
Table,Tryezë,
Table Break,Pushim tavoline,
Table HTML,Tabela HTML,
Table MultiSelect,Zgjedhja e tabelës,
Tag,etiketë,
Tag Link,Lidhje Tag,
Target,objektiv,
Tax Category,Kategoria e Taksave,
Team Members,Anëtarët e ekipit,
Team Members Heading,Anëtarët e ekipit Kreu,
Template,Shabllon,
Template Options,Opsionet e shablloneve,
Template Warnings,Paralajmërimet e shablloneve,
Text,Tekst,
Text Align,Tekst Align,
Text Color,Tekst Color,
Text Content,Tekst Content,
Text Editor,Text Editor,
The name that will appear in Google Calendar,Emri që do të shfaqet në Google Calendar,
The user from this field will be rewarded points,Përdoruesi nga kjo fushë do të shpërblehet me pikë,
The webhook will be triggered if this expression is true,Webhook do të nxitet nëse kjo shprehje është e vërtetë,
Theme,Temë,
Theme Configuration,Konfigurimi i temës,
Theme URL,URL e temës,
These values will be automatically updated in transactions and also will be useful to restrict permissions for this user on transactions containing these values.,Këto vlera do të rifreskohet automatikisht në transaksione dhe gjithashtu do të jenë të dobishme për të kufizuar lejet për këtë përdorues për transaksionet që përmbajnë këto vlera.,
Third Party Authentication,Partia e tretë Authentication,
This card will be available to all Users if this is set,Kjo kartë do të jetë në dispozicion për të gjithë përdoruesit nëse është vendosur,
This chart will be available to all Users if this is set,Kjo tabelë do të jetë në dispozicion për të gjithë përdoruesit nëse është vendosur,
This format is used if country specific format is not found,Ky format përdoret në qoftë se format specifik i vendit nuk është gjetur,
This goes above the slideshow.,Kjo shkon mbi Slideshow.,
This is an example Google SERP Preview.,Ky është një shembull i Google SERP Preview.,
This is the number of the last created transaction with this prefix,Ky është numri i transaksionit të fundit të krijuar me këtë prefiks,
This will be shown in a modal after routing,Kjo do të tregohet në një mënyrë modale pas kursimit,
This will be shown to the user in a dialog after routing to the report,Kjo do t&#39;i tregohet përdoruesit në një dialog pasi të kalojë në raport,
Thumbnail URL,Thumbnail URL,
Thursday,E enjte,
Time,kohë,
Time Format,Formati i kohës,
Time Interval,Interval kohor,
Time Series,Seritë kohore,
Time Series Based On,Seritë kohore bazuar në,
Time Zone,Time Zone,
Time Zones,Zonat Koha,
Time format,Formati i kohës,
Time in seconds to retain QR code image on server. Min:<strong>240</strong>,Koha në sekonda për të ruajtur imazhin e kodit QR në server. Min: <strong>240</strong>,
Timeline,Timeline,
Timeline DocType,DOCTYPE Timeline,
Timeline Field,Timeline Field,
Timeline Links,Lidhje kohore,
Timeline Name,Emri Timeline,
Timeseries,Timeseries,
Timespan,Intervalin kohor,
Timestamp,Timestamp,
Title,titull,
Title Field,Titulli Fusha,
Title Prefix,Titulli Prefiksi,
To,në,
To Date,Deri më sot,
To Date Field,Në fushën e datës,
To and CC,Për të dhe CC,
"To use Slack Channel, add a <a href=""#List/Slack%20Webhook%20URL/List"">Slack Webhook URL</a>.","Për të përdorur Slack Channel, shtoni një <a href=""#List/Slack%20Webhook%20URL/List"">URL Slack Webhook</a> .",
ToDo,Todo,
Token,shenjë,
Top,Top,
Top Bar Item,Më Bar Item,
Top Bar Items,Items top Bar,
Topic,temë,
Total Subscribers,Totali i regjistruar,
Total number of emails to sync in initial sync process ,Numri total i email për të sync në procesin fillestar të sync,
Traceback,Gjurmim,
Track Changes,Track Ndryshimet,
Track Email Status,Gjurmoni statusin e emailit,
Track Field,Fusha e pista,
Track Seen,Track Parë,
Track Views,Shikime të gjurmëve,
Track milestones for any document,Ndiqni piketa për çdo dokument,
Transaction Hash,Transaksion Hash,
Transaction Log,Regjistri i transaksionit,
Transaction Log Report,Raporti i Transaksionit,
Transition Rules,Rregullat e tranzicionit,
Transitions,Transitions,
Translatable,i përkthyeshëm,
Translated Text,përkthyer Text,
Translation,përkthim,
Trash,plehra,
Tree,pemë,
Tree structures are implemented using Nested Set,Strukturat e pemëve zbatohen duke përdorur Set Nested,
Trigger Method,Metoda Trigger,
"Trigger on valid methods like ""before_insert"", ""after_update"", etc (will depend on the DocType selected)","Trigger mbi metodat vlefshme si &quot;before_insert&quot;, &quot;after_update&quot;, etj (do të varet DOCTYPE zgjedhur)",
Tuesday,E martë,
Two Factor Authentication,Dy Authentication Factor,
Two Factor Authentication method,Dy metoda Authentication Factor,
Type,Lloj,
UID,UID,
UIDNEXT,UIDNEXT,
UIDVALIDITY,UIDVALIDITY,
UNSEEN,i padukshëm,
URL,URL,
URL for documentation or help,URL për dokumentacion ose ndihmë,
URL to go to on clicking the slideshow image,URL për të shkuar te klikimi i imazhit të prezantimit me diapozitivë,
Unassign Condition,Gjendja e pafajshme,
Unhandled Email,Unhandled Email,
Unique,Unik,
Unread,i palexuar,
Unread Notification Sent,Njoftimi palexuar dërguar,
Unshared,i pandarë,
Unsubscribe Method,Metoda Unsubscribe,
Unsubscribe Param,Unsubscribe Param,
Unsubscribed,Unsubscribed,
Update,Update,
Update Existing Records,Azhurnoni rekordet ekzistuese,
Update Field,Update Fusha,
Update Series Number,Update Seria Numri,
Update Settings,Cilësimet e azhurnimit,
Update Value,Vlera Update,
Updated,Përditësuar,
Uploaded To Dropbox,Ngarkuar në Dropbox,
Uploaded To Google Drive,Të ngarkuar në Google Drive,
Use % for any non empty value.,Përdorni% për çdo vlerë jo boshe.,
Use ASCII encoding for password,Përdorni kodifikimin ASCII për fjalëkalim,
Use IMAP,Përdorimi IMAP,
Use POST,Përdorni POST,
Use Report Chart,Përdorni Grafikun e Raportit,
Use SSL,Përdorimi SSL,
Use TLS,Përdorimi TLS,
Use this fieldname to generate title,Përdoreni këtë fieldname për të gjeneruar titullin,
User,përdorues,
User ,përdorues,
User Agent,Agjenti i Përdoruesit,
User Cannot Create,Përdoruesi nuk mund të krijoni,
User Cannot Search,Përdoruesi nuk mund të kërkoni,
User Defaults,Defaults User,
User Details,Detajet e Përdoruesit,
User Email,User Email,
User Emails,Emails përdoruesit,
User Field,Fusha e përdoruesit,
User ID,User ID,
User ID Property,Pronë e identitetit të përdoruesit,
User ID of a Blogger,ID përdoruesi i një Blogger,
User Id,ID-ja e përdoruesit,
User Image,User Image,
User Name,Emri i përdoruesit,
User Permission,Leja e përdoruesit,
User Profile,Profili i perdoruesit,
User Social Login,Identifikimi i përdoruesit,
User Tags,User Tags,
User Type,Përdoruesi Lloji,
User can login using Email id or Mobile number,Përdoruesi mund të identifikoheni duke përdorur Email ID ose numrin e celularit,
User can login using Email id or User Name,Përdoruesi mund të hyjë duke përdorur ID Email ose Emri i Përdoruesit,
User must always select,Përdoruesi duhet të zgjidhni gjithmonë,
Username,Emri i përdoruesit,
Users,përdoruesit,
Users assigned to the reference document will get points.,Përdoruesit e caktuar në dokumentin e referencës do të marrin pikë.,
Valid,i vlefshëm,
Validate Field,Validate Field,
Validity,Vlefshmëri,
Value,vlerë,
Value Based On,Në bazë të vlerës,
Value Change,Vlera Ndryshimi,
Value Changed,Vlera Ndryshuar,
Value To Be Set,Vlera të jetë vendosur,
Value from this field will be set as the due date in the ToDo,Vlera nga kjo fushë do të caktohet si data e duhur në ToDo,
Value to Validate,Vlera për të vlerësuar,
Verdana,Verdana,
Verified,verifikuar,
Version,Version,
Video URL,URL e videos,
View,Pikëpamje,
View Log,Shikoni log,
View Properties (via Customize Form),Shiko Prona (nëpërmjet Customize Form),
View Report,Shikoni Raportin,
View Settings,Shiko Cilësimet,
View Website,Shikoni faqen e internetit,
Viewed By,Shikuar nga,
Visit,Vizitë,
Warehouse,Depo,
Warning,Paralajmërim,
Watch Video,Shiko Videon,
Web Form,Forma Web,
Web Form Field,Web Form Field,
Web Form Fields,Fushat Forma Web,
Web Page,Faqe interneti,
Web Page Block,Bllokimi i faqes në internet,
Web Page View,Pamja e faqes në internet,
Web Template,Modeli i uebit,
Web Template Field,Fusha e Modelit të Uebit,
Web Template Values,Vlerat e Modelit të Uebit,
Web View,web View,
Webhook,Webhook,
Webhook Data,Të dhënat e Webhook,
Webhook Header,Webhook Header,
Webhook Headers,Webhook Headers,
Webhook Request,Kërkesa Webhook,
Webhook Secret,Sekreti i faqes në internet,
Webhook Security,Siguria e faqes në internet,
Webhook Trigger,Ngjitës Webhook,
Webhook URL,Webhook URL,
Website,Faqja kryesore,
Website Analytics,Analizat e faqes në internet,
Website Manager,Website Menaxher,
Website Meta Tag,Tag Meta në internet,
Website Route Meta,Rruga e internetit Meta,
Website Route Redirect,Rregullimi i Rrugës së Uebfaqit,
Website Script,Website Script,
Website Settings,Website Cilësimet,
Website Sidebar,Website Sidebar,
Website Sidebar Item,Website Sidebar Item,
Website Slideshow,Website Slideshow,
Website Slideshow Item,Website Slideshow Item,
Website Theme,Website Theme,
Website Theme Ignore App,Tema e faqes në internet Shpërfill aplikacionin,
Website Theme Image,Website Image Theme,
Website Theme Image Link,Website Theme Image Link,
Wednesday,E mërkurë,
Weekdays,gjatë ditëve të javës,
Weekly,Javor,
Weekly Long,Gjatë javës,
Welcome Email Template,Modeli i mirëseardhjes së postës elektronike,
"When enabled this will allow guests to upload files to your application, You can enable this if you wish to collect files from user without having them to log in, for example in job applications web form.","Kur aktivizohet kjo do t&#39;u lejojë mysafirëve të ngarkojnë skedarë në aplikacionin tuaj, Ju mund ta aktivizoni këtë nëse dëshironi të mblidhni skedarë nga përdoruesi pa pasur nevojë që ata të regjistroheni, për shembull në formularin në internet të aplikacioneve të punës.",
Which view of the associated DocType should this shortcut take you to?,Në cilën pikëpamje të DocType të shoqëruar duhet të çojë kjo shkurtore?,
Width,Gjerësi,
Wildcard Filter,Filtri i kartave të egra,
"Will add ""%"" before and after the query",Do të shtojë &quot;%&quot; para dhe pas pyetjes,
Will be used in url (usually first name).,Do të përdoret në url (emër zakonisht të parë).,
Will run scheduled jobs only once a day for inactive sites. Default 4 days if set to 0.,Do të kryejë punë të planifikuar vetëm një herë në ditë për faqet joaktive. Default 4 ditë nëse vendoset në 0.,
Workflow,Workflow,
Workflow Action,Veprimi Workflow,
Workflow Action Master,Workflow Veprimi Master,
Workflow Action Name,Emri Workflow Veprimit,
Workflow Action is not created for optional states,Aksioni i rrjedhës së punës nuk është krijuar për gjendjet opsionale,
Workflow Document State,Workflow Dokumenti i Shtetit,
Workflow Name,Workflow Emri,
Workflow State,Workflow Shteti,
Workflow State Field,Fusha Workflow Shteti,
Workflow Transition,Rrjedha e Tranzicionit,
Workflow state represents the current state of a document.,Shteti Workflow përfaqëson gjendjen aktuale të një dokumenti.,
Write,Shkruaj,
X Field,Fusha X,
XLSX,Xlsx,
Y Axis,Boshti Y,
Y Field,Fusha Y,
Yahoo Mail,Yahoo Mail,
Yandex.Mail,Yandex.Mail,
Year,Vit,
Yearly,Vjetor,
Yellow,E verdhe,
Yes,po,
Your organization name and address for the email footer.,Emri juaj organizimi dhe adresa për futboll email.,
Zero means send records updated at anytime,Zero do të thotë të dërguar të dhënat e përditësuara në çdo kohë,
_doctype,_llojidok,
_report,_report,
adjust,përshtat,
after_insert,after_insert,
align-center,lidhur-Qendra,
align-justify,lidhur-justifikojnë,
align-left,lidhur-la,
align-right,lidhur djathtë,
arrow-down,shigjetë-down,
arrow-left,shigjetë majtë,
arrow-right,Shigjeta e djathtë,
arrow-up,shigjetë-up,
asterisk,yll,
backward,prapa,
ban-circle,ndalim-rrethi,
barcode,barcode,
bell,zile,
blue,blu,
bold,guximtar,
book,libër,
bookmark,bookmark,
briefcase,çantë,
bullhorn,bullhorn,
calendar,kalendar,
camera,aparat fotografik,
certificate,certifikatë,
check,kontrolloni,
chevron-down,Chevron-poshtë,
chevron-left,Chevron-la,
chevron-right,Chevron djathtë,
chevron-up,Chevron-up,
circle-arrow-down,rrethi-shigjetë-down,
circle-arrow-left,rrethi-shigjetë majtë,
circle-arrow-right,rrethi-shigjetë djathtë,
circle-arrow-up,rrethi-shigjetë-up,
cog,hallkë,
comment,Koment,
darkgrey,darkgrey,
dd-mm-yyyy,dd-mm-vvvv,
dd.mm.yyyy,DD.MM.VVVV,
dd/mm/yyyy,dd / mm / vvvv,
download,Shkarko,
download-alt,Shkarko-alt,
"e.g. ""Support"", ""Sales"", ""Jerry Yang""","p.sh. &quot;Mbështetje&quot;, &quot;Sales&quot;, &quot;Jerry Yang&quot;",
e.g. pop.gmail.com / imap.gmail.com,p.sh. pop.gmail.com / imap.gmail.com,
e.g. replies@yourcomany.com. All replies will come to this inbox.,p.sh. replies@yourcomany.com. Të gjitha përgjigjet do të vijnë në këtë postë.,
e.g. smtp.gmail.com,p.sh. smtp.gmail.com,
edit,Redaktoj,
eject,nxjerr,
email,email,
envelope,zarf,
exclamation-sign,thirrje-shenjë,
eye-close,sy-ngushtë,
eye-open,sy-hapur,
facebook,facebook,
facetime-video,FaceTime-Video,
fairlogin,fairlogin,
fast-backward,fast-prapambetur,
fast-forward,të shpejtë përpara,
file,skedar,
film,film,
filter,Filtër,
fire,zjarr,
flag,flamur,
folder-close,dosje të ngushtë,
folder-open,folder-hapur,
font,burim,
forward,përpara,
fullscreen,fullscreen,
gift,dhuratë,
glass,gotë,
globe,botë,
green,e gjelbër,
hand-down,dorë poshtë,
hand-left,dorës së majtë,
hand-right,dora e djathtë,
hand-up,dorë-up,
hdd,HDD,
headphones,kufje,
heart,zemër,
home,shtëpi,
icon,Ikonë,
in minutes,në minuta,
inbox,inbox,
indent-left,indent-majtë,
indent-right,indent djathtë,
info-sign,info-shenjë,
italic,kursiv,
leaf,fletë,
link,lidhje,
linkedin,i lidhur,
list,listë,
list-alt,list-alt,
lock,bllokohet,
magnet,magnet,
map-marker,harta-shënues,
minus,minus,
minus-sign,minus-shenjë,
mm-dd-yyyy,MM-DD-vvvv,
mm/dd/yyyy,mm / dd / yyyy,
module,Modul,
move,veprim,
music,muzikë,
no failed attempts,Përpjekjet e dështuara asnjë,
off,nga,
ok,në rregull,
ok-circle,ok-rrethi,
ok-sign,ok-shenjë,
old_parent,old_parent,
on_cancel,on_cancel,
on_change,on_change,
on_submit,on_submit,
on_trash,on_trash,
on_update,on_update,
on_update_after_submit,on_update_after_submit,
orange,portokall,
page,faqe,
pause,pushim,
pencil,laps,
picture,foto,
plane,aeroplan,
play,luaj,
play-circle,play-rrethi,
plus,plus,
plus-sign,plus-shenjë,
print,shtyp,
purple,vjollcë,
qrcode,qrcode,
query-report,query-raporti,
question-sign,pyetje-shenjë,
random,i rastësishëm,
red,i kuq,
refresh,freskoj,
remove,heq,
remove-circle,hiqni-rrethi,
remove-sign,hiqni-shenjë,
repeat,përsëritje,
resize-full,resize-plotë,
resize-horizontal,resize-horizontal,
resize-small,resize-vogël,
resize-vertical,resize-vertikal,
response,përgjigje,
retweet,retweet,
road,rrugë,
screenshot,screenshot,
search,kërkim,
share,pjesë,
share-alt,pjesa-alt,
shopping-cart,pazar-cart,
signal,sinjal,
star,yll,
star-empty,yll-bosh,
step-backward,hap prapa,
step-forward,hap përpara,
stop,stop,
tag,Etiketë,
tags,tags,
tasks,detyrat,
text-height,text-height,
text-width,text-width,
th,-të,
th-large,-të-mëdha,
th-list,TH-lista,
thumbs-down,thumbs-poshtë,
thumbs-up,thumbs-up,
time,Kohë,
tint,ngjyrë,
trash,plehra,
twitter,Cicëroj,
upload,Ngarkoni,
user,Përdorues,
volume-down,vëllimit-down,
volume-off,Volumi-off,
volume-up,Volumi-up,
warning-sign,paralajmërim-shenjë,
wrench,pikëllim,
yellow,e verdhe,
yyyy-mm-dd,yyyy-mm-dd,
zoom-in,zoom-në,
zoom-out,zoom-out,
