"""Company History""",&quot;Историја компаније&quot;,
"""Team Members"" or ""Management""",&quot;Чланови тима&quot; или &quot;Манагемент&quot;,
&lt;head&gt; HTML,&lt;хеад&gt; ХТМЛ-,
**Currency** Master,**Валута** мастер,
0 - Draft; 1 - Submitted; 2 - Cancelled,0 - Нацрт; 1 - Поднето; 2 - Отказано,
0 is highest,0 је највиши,
A list of resources which the Client App will have access to after the user allows it.<br> e.g. project,Листа средстава које ће клијент апликација има приступ након што корисник то дозвољава. <br> нпр пројекат,
A symbol for this currency. For e.g. $,Симбол за ову валуту. За пример $,
A4,А4,
ALL,СВЕ,
API,АПИ,
API Access,АПИ приступ,
API Endpoint,Ендпоинт АПИ,
API Endpoint Args,АПИ Ендпоинт Аргс,
API Key,АПИ кључ,
API Method,АПИ метод,
API Secret,АПИ за Тајна,
ASC,АСЦ,
About Us Settings,О нама Подешавања,
About Us Team Member,О нама члан тима,
Access Key ID,Приступни кључни ИД,
Access Key Secret,Приступна тајна кључа,
Access Log,Дневник приступа,
Access Token,Приступ токен,
Access Token URL,Приступ УРЛ-у жетона,
Account,Рачун,
Accounts Manager,Рачуни менаџер,
Accounts User,Корисничке налоге,
Action,Акција,
Action / Route,Акција / рута,
Action Timeout (Seconds),Време трајања акције (секунде),
Action Type,Тип радње,
Actions,Акције,
Active,Активан,
Active Domains,Активни домени,
Activity Log,Активност Пријава,
Add Container,Додај контејнер,
Add Custom Tags,Додајте прилагођене ознаке,
Add Gray Background,Додајте сиву позадину,
Add Signature,Адд Сигнатуре,
Add Total Row,Додај реду Укупно,
Add Unsubscribe Link,Додај Унсубсцрибе Линк,
"Added HTML in the &lt;head&gt; section of the web page, primarily used for website verification and SEO","Додато ХТМЛ-у &lt;хеад&gt; одељак веб странице, првенствено се користи за проверу сајта и СЕО",
Additional Permissions,Дополнительные разрешения,
Address,Адреса,
Address And Contacts,Адреса и контакти,
Address Line 1,Аддресс Лине 1,
Address Line 2,Аддресс Лине 2,
Address Template,Адреса шаблона,
Address Title,Адреса Наслов,
Address Type,Врста адресе,
Address and other legal information you may want to put in the footer.,Адреса и друге правне информације можда желите да ставите у подножје.,
Addresses And Contacts,Адресе и контакт,
Adds a custom field to a DocType,Додаје прилагођени поље за ДОЦТИПЕ,
Administrator,Администратор,
Advanced,Напредан,
Advanced Control,Напредна контрола,
Advanced Settings,Напредна подешавања,
After Cancel,Након отказа,
After Delete,Након брисања,
After Save,Након Саве,
After Save (Submitted Document),Након снимања (предати документ),
After Submit,Након слања,
Aggregate Function Based On,Функција агрегиране на основу,
Alert,Упозорење,
Align Labels to the Right,Поравнајте ознаке на десно,
Align Right,Поравнајте десно,
All,Све,
All Day,Целодневни,
Allocated To,Додељених,
Allot Points To Assigned Users,Додијелите бодове додијељеним корисницима,
Allow,Дозволи,
Allow Auto Repeat,Дозволи аутоматско понављање,
Allow Bulk Edit,Дозволи Булк Едит,
Allow Comments,Дозволи коментаре,
Allow Consecutive Login Attempts ,Дозволи конусне покушаје за пријављивање,
Allow Delete,Дозволи Делете,
Allow Dropbox Access,Дозволи Дропбок Аццесс,
Allow Guest,Дозволи госту,
Allow Guest to View,Дозволите Гост то Виев,
Allow Guests to Upload Files,Дозволи гостима да учитавају датотеке,
Allow Import (via Data Import Tool),Дозволи увоз (преко података Импорт Тоол),
Allow Incomplete Forms,"Дозволи некомплетним, облицима",
Allow Login After Fail,Дозволи пријава након грешке,
Allow Login using Mobile Number,Дозволите Пријава користећи број мобилног телефона,
Allow Login using User Name,Дозволи Логин помоћу корисничког имена,
Allow Modules,Дозволи модуле,
Allow Print,dozvoli Принт,
Allow Print for Cancelled,Дозвољавају Принт за Отказан,
Allow Print for Draft,Дозволити штампање за Нацрт,
Allow Read On All Link Options,Дозволи читање свих опција везе,
Allow Rename,Дозволи Преименовање,
Allow Roles,dozvoli улога,
Allow Self Approval,Дозволи самопоуздање,
Allow approval for creator of the document,Дозволи одобрење за креатора документа,
Allow document creation via Email,Дозволи стварање докумената путем е-поште,
Allow events in timeline,Дозволи догађаје у временском оквиру,
Allow in Quick Entry,Дозволи у брзом уносу,
Allow on Submit,Дозволи на Субмит,
Allow only one session per user,Дозволите само једну седницу по кориснику,
Allow page break inside tables,Дозволите прелом стране унутар табеле,
Allow saving if mandatory fields are not filled,Дозволи чување ако обавезна поља нису испуњена,
Allow user to login only after this hour (0-24),Дозволи кориснику да тек пријавите након овог часа (0-24),
Allow user to login only before this hour (0-24),Дозволи кориснику да само пријави пре него што овај час (0-24),
Allowed,Дозвољен,
Allowed In Mentions,Допуштено у напоменама,
"Always add ""Draft"" Heading for printing draft documents",Увек додајте &quot;нацрт&quot; ишао за штампање нацрта докумената,
Amend,Изменити,
Amended From,Измењена од,
An icon file with .ico extension. Should be 16 x 16 px. Generated using a favicon generator. [favicon-generator.org],Икона датотеке са екстензијом .ицо. Требало би да буде 16 к 16 пк. Генератед користећи Фавицон Генератор. [фавицон-генератор.орг],
Analytics,аналитика,
Annual,годовой,
Anonymous,Анонимно,
Any string-based printer languages can be used. Writing raw commands requires knowledge of the printer's native language provided by the printer manufacturer. Please refer to the developer manual provided by the printer manufacturer on how to write their native commands. These commands are rendered on the server side using the Jinja Templating Language.,Могу се користити било који језици штампача на бази низа. Писање сирових команди захтева познавање матерњег језика штампача које обезбеђује произвођач штампача. Потражите упутство за програмере који је дао произвођач штампача о томе како писати своје матичне наредбе. Ове команде се приказују на страни сервера користећи се Јиња Темплатинг Лангуаге.,
App,Апликација,
App Access Key,Апп Приступни тастер,
App Client ID,Апп ИД клијента,
App Client Secret,Апп Клијент Тајна,
App Name,Имя приложения,
App Secret Key,Апп тајни кључ,
Append Emails to Sent Folder,Додајте поруке е-поште у Послани директоријум,
Append To,Аппенд Да,
Applicable For,Применимо для,
Application Logo,Логотип апликације,
Application Name,Назив апликације,
Application Version,Верзија апликације,
Applied On,Примењено на,
Apply Document Permissions,Примени дозволе за документ,
Apply Only Once,Пријавите се само једном,
Apply Strict User Permissions,Нанесите Строгог корисничке дозволе,
Apply To All Document Types,Применити на све врсте докумената,
Apply this rule if the User is the Owner,Примени ово правило ако Усер ис Власник,
Apply this rule only once per document,Примените ово правило само једном на документ,
Appreciation,Захвалност,
Archived,Архивирано,
Arial,Ариал,
Assign Condition,Додели стање,
Assign To Users,Доделите корисницима,
Assigned,Ассигнед,
Assigned By,Доделио,
Assigned By Full Name,Ассигнед пуно име,
Assignment,Додељивање,
Assignment Completed,задатак Завршен,
Assignment Days,Дани додјеле,
Assignment Rule,Правило додељивања,
Assignment Rule Day,Дан правила о додјели,
Assignment Rule User,Корисник правило правила,
Assignment Rules,Правила додељивања,
Assignments,Задаци,
Attach,Лепити,
Attach Image,Прикрепите изображение,
Attach Print,Причврстите Принт,
Attached File,Приложена датотека,
Attached To DocType,Везан ДОЦТИПЕ,
Attached To Field,Прикачено на терену,
Attached To Name,Везан Име,
Attachment,Прилог,
Attachment Limit (MB),Прилог Лимит (МБ),
Attachment Link,Прилог Линк,
Attachment Removed,Прилог Уклоњена,
Attachments,Прилози,
Auth URL Data,Аутх УРЛ подаци,
Authentication,Аутентикација,
Author,аутор,
Authorization Code,код за дозволу,
Authorize API Indexing  Access,Одобри приступ индексирању АПИ-ја,
Authorize Google Calendar Access,Ауторизирајте приступ Гоогле календару,
Authorize Google Contacts Access,Ауторизирајте приступ Гоогле контактима,
Authorize Google Drive Access,Ауторизирајте приступ Гоогле диску,
Authorize URL,Овластите УРЛ адресу,
Authorized,овлашћен,
Auto,ауто,
Auto Email Report,Ауто-маил Извештај,
Auto Name,Ауто Име,
Auto Repeat,Ауто Репеат,
Auto Reply Message,Ауто порука одговора,
Automatically Assign Documents to Users,Аутоматски доделите документе корисницима,
Automation,Аутоматизација,
Avatar,Аватар,
Average,Просек,
Awaiting Password,Чекање лозинке,
Awaiting password,Очекујем Лозинка,
BCC,БЦЦ,
Background Color,Боја позадине,
Background Workers,бацкгроунд Радници,
Backup Details,Детаљи резервне копије,
Backup Files,Бекап фајлови,
Backup Folder ID,ИД резервне мапе,
Backup Folder Name,Назив резервне мапе,
Backup Frequency,бацкуп Фреквенција,
Backup public and private files along with the database.,Правите резервне копије јавних и приватних датотека заједно са базом података.,
Backups,бацкупс,
Banner,Барјак,
Banner HTML,Банер ХТМЛ,
Banner Image,Слика банера,
Banner is above the Top Menu Bar.,Банер је изнад горњој траци менија.,
Bar,Бар,
Barcode,Баркод,
Base Distinguished Name (DN),База препознатљивог имена (ДН),
Base URL,База УРЛ,
Based On,На Дана,
Based on Field,На основу Фиелд,
Based on Permissions For User,На основу дозволе за корисника,
Basic,основной,
Before Cancel,Пре отказа,
Before Delete,Пре брисања,
Before Insert,Пре уметања,
Before Save,Пре Саве,
Before Save (Submitted Document),Пре него што сачувате (достављен документ),
Before Submit,Пре слања,
Beginner,почетник,
Beta,бета,
Billing,Обрачун,
Bio,Био,
Birth Date,Датум рођења,
Block Module,Блокирај Модул,
Block Modules,Блоцк Модули,
Blocked,блокиран,
Blog Category,Категорија блог,
Blog Intro,Блог Интро,
Blog Introduction,Блог Увод,
Blog Post,Блог пост,
Blog Settings,Блог Подешавања,
Blog Title,Наслов блога,
Blogger,Блоггер,
Blue,Плава,
Bold,Одважан,
Bot,бот,
Bottom,Дно,
Bounced,Боунцед,
Brand,Марка,
Brand HTML,Бренд ХТМЛ,
Brand Image,Слика бренда,
Breadcrumbs,Бреадцрумбс,
Browser,Претраживач,
Browser Version,Верзија прегледача,
Brute Force Security,Бруте Форце Сецурити,
Bucket Name,Назив сегмента,
Bulk Update,Групно мењање,
Button,Дугме,
Button Gradients,Градиенти дугмета,
Button Rounded Corners,Дугмад заобљени углови,
Button Shadows,Буттон Схадовс,
Bypass Restricted IP Address Check If Two Factor Auth Enabled,Заобиђите ограничену ИП адресу Проверите да ли је омогућена ауторизација са два фактора,
Bypass Two Factor Auth for users who login from restricted IP Address,Бипасс Тво Фацтор Аутх за кориснике који се пријављују из ограничене ИП адресе,
Bypass restricted IP Address check If Two Factor Auth Enabled,Бипасс ограничена провера ИП адресе Ако је Тво Фацтор Аутх омогућено,
CC,КЗ,
CSS,ЦСС,
CSS Class,ЦСС Цласс,
CSV,ЦСВ,
CTA Label,Ознака ЦТА,
CTA URL,УРЛ позива на позив,
Calendar,Календар,
Calendar Name,Име календара,
Calendar View,Преглед календара,
Call,Позив,
Call To Action,Позив на акцију,
Call To Action URL,УРЛ позива на акцију,
Callback Message,Порука повратног позива,
Callback Title,Наслов повратног позива,
Campaign,Кампања,
Cancel,Отказати,
Cancelled,Отказано,
Card,Цард,
Cards,Картице,
Category,Категорија,
Category Description,Категорија Опис,
Category Name,Име категорије,
Center,Центар,
Chaining Hash,Цхаининг Хасх,
Change Label (via Custom Translation),Промена Ознака (преко Цустом Транслатион),
Change Password,Промена лозинке,
Channel,Канал,
Chart,Табела,
Chart Configuration,Конфигурација графикона,
Chart Name,Назив графикона,
Chart Options,Опције графикона,
Chart Source,Извор графикона,
Chart Type,Тип графикона,
Charts,Графикони,
Chat,Ћаскање,
Check,Проверавати,
Check this if you want to force the user to select a series before saving. There will be no default if you check this.,Проверите ово ако желите да натера кориснику да одабере серију пре чувања. Неће бити подразумевано ако проверите ово.,
Checking this will hide custom doctypes and reports cards in Links section,"Ако означите ово, сакриће се прилагођени докторски типови и картице извештаја у одељку Везе",
Checksum Version,Верзија Цхецксум,
Child Tables are shown as a Grid in other DocTypes,Подређене табеле су приказане као Грид у другим ДоцТипес,
Choose authentication method to be used by all users,Изаберите метод аутентификације који ће користити сви корисници,
City,Град,
City/Town,Град / Место,
Clicked,Кликнуто,
Client,Клијент,
Client Code,Шифра клијента,
Client Credentials,Цлиент Сведочанства,
Client ID,ИД клијента,
Client Information,Информације о клијенту,
Client Script,Цлиент Сцрипт,
Client Secret,klijent Тајна,
Client URLs,УРЛ-ови клијента,
Close Condition,Затвори стање,
Closed,Затворено,
Code,Код,
Collapsible,Цоллапсибле,
Collapsible Depends On,Цоллапсибле Дубоко У,
Color,Боја,
Column Break,Колона Пауза,
Column Name,Колона Име,
Columns,kolone,
Columns / Fields,Колоне / поља,
Comment,Коментирај,
Comment By,Коментар,
Comment Email,Коментар е-поште,
Comment Type,Коментар Тип,
Comments and Communications will be associated with this linked document,Коментари и комуникације ће бити повезана са овим везног документа,
Commit,Урадити,
Communication,Комуникација,
Communication Link,Комуникациона веза,
Communication Type,komunikacija Тип,
Compact Item Print,Компактан артикла Штампа,
Company History,Историја компаније,
Company Introduction,Компанија Увод,
Company Name,Име компаније,
Complete,Комплетан,
Completed,Завршен,
Component,Саставни део,
Condition,Услов,
Conditions,Услови,
Configuration,Конфигурација,
Confirmation Email Template,Шаблон е-поште за потврду,
Console,Конзола,
Console Log,Дневник конзоле,
Contact,Контакт,
Contact Details,Контакт Детаљи,
Contact Email,Контакт Емаил,
Contact Numbers,Контактирајте бројеве,
Contact Phone,Контакт телефон,
Contact Us Settings,Контакт Сеттингс,
"Contact options, like ""Sales Query, Support Query"" etc each on a new line or separated by commas.","Контакт опције, као што су &quot;Куери продаје, Подршка упиту&quot; итд сваки на новој линији или раздвојене зарезима.",
Contacts,связи,
Content,Садржина,
Content (HTML),Садржај (ХТМЛ),
Content (Markdown),Садржај (Маркдовн),
Content Hash,Содержимое Hash,
Content Type,Тип садржаја,
Context,Контекст,
Context Script,Контекстна скрипта,
Contributed,Допринели,
Contribution Document Name,Назив документа за допринос,
Contribution Status,Статус доприноса,
Copyright,Ауторско право,
Core,Језгро,
Count,Гроф,
Count Filter,Филтер за бројање,
Counter,Цоунтер,
Country,Земља,
Country Name,Земља Име,
County,округ,
Create,Створити,
Create Contacts from Incoming Emails,Створите контакте из долазне е-поште,
Create Entry,Цреате Ентри,
Create Log,Креирајте дневник,
Create and Send Newsletters,Стварање и слање Билтен,
Created,Цреатед,
Criticism,Критика,
Cron,Црон,
Cron Format,Црон Формат,
Currency,Валута,
Currency Name,Валута Име,
Currency Precision,Валута Прецизни,
Current,Тренутни,
Custom,Обичај,
Custom Base URL,Корисничка база УРЛ адресе,
Custom CSS,Прилагођени ЦСС,
Custom Configuration,Прилагођена конфигурација,
Custom DocPerm,цустом ДоцПерм,
Custom Field,Прилагођена поља,
Custom Format,Прилагођени Формат,
Custom HTML Help,Прилагођени ХТМЛ Помоћ,
Custom Menu Items,Цустом Ставке менија,
Custom Options,Прилагођене опције,
Custom Overrides,Прилагођена замена,
Custom Report,Прилагођени извештај,
Custom Role,цустом Улога,
Custom SCSS,Прилагођени СЦСС,
Custom Sidebar Menu,Цустом Сидебар Мену,
Custom?,Цустом?,
Customization,Прилагодба,
Customize Form,Прилагодите формулар,
Customize Form Field,Прилагодите поље Форм,
DESC,АСЦ,
Daily,Дневно,
Daily Long,Даили Лонг,
Danger,Опасност,
Dark Color,Тамне боје,
Dashboard,Командна табла,
Dashboard Chart,Дасхбоард Цхарт,
Dashboard Chart Field,Поље графикона на контролној табли,
Dashboard Chart Link,Веза везе графикона на контролној табли,
Dashboard Chart Source,Извор графикона на контролној табли,
Dashboard Manager,Дасхбоард Манагер,
Dashboard Name,Назив надзорне табле,
Dashboard Settings,Подешавања контролне табле,
Dashboards,Надзорне табле,
Data,Подаци,
Data Export,Извоз података,
Data Import,Увоз података,
Database Engine,baza мотора,
Date,Датум,
Date Format,Формат датума,
Date Range,Датум опсег,
Date and Number Format,Дата и номер Формат,
Datetime,Датетиме,
Day,дан,
Day of Week,Дан у недељи,
Days After,Дани После,
Days Before,Даис Бефоре,
Days Before or After,Дана пре или после,
Default,Уобичајено,
Default Incoming,Уобичајено Долазни,
Default Letter Head,Уобичајено Леттер Хеад,
Default Outgoing,Уобичајено Одлазећи,
Default Portal Home,Почетна Портал Хоме,
Default Print Format,Уобичајено Принт Формат,
Default Print Language,Подразумевани језик штампања,
Default Redirect URI,Уобичајено Преусмеравање УРИ,
Default Role at Time of Signup,Уобичајено Улога у време Сигнуп,
Default Sort Field,Подразумевано поље за сортирање,
Default Sort Order,Подразумевани редослед сортирања,
Default Value,Подразумевана вредност,
"Default: ""Contact Us""",Уобичајено: &quot;Контакт&quot;,
DefaultValue,ДефаултВалуе,
Defaults,Примарни,
Defines actions on states and the next step and allowed roles.,Дефинише радње на држава и следећи корак и дозвољене улоге.,
Defines workflow states and rules for a document.,Дефинише тока посла државе и правила за документ.,
Delayed,Одложен,
Delete,Избрисати,
Deleted,Делетед,
Deleted DocType,deleted ДОЦТИПЕ,
Deleted Document,deleted документ,
Deleted Name,deleted Име,
Delivery Status,Статус испоруке,
Department,Одељење,
Dependencies,Зависности,
Depends On,Зависи,
Description,Опис,
"Description for listing page, in plain text, only a couple of lines. (max 200 characters)","Опис странице са пописом, у обичном тексту, само неколико редова. (највише 200 знакова)",
Designation,Ознака,
Desk,Сто,
Desk Access,сто приступа,
Desktop Icon,икона на радној површини,
Details,Детаљи,
"Different ""States"" this document can exist in. Like ""Open"", ""Pending Approval"" etc.","Различите &quot;Државе&quot;, овај документ може да постоји унутра Као &quot;Отвори&quot;, &quot;Чека Одобрење&quot; итд",
Digits,Цифре,
Disable Auto Refresh,Онемогући аутоматско освежавање,
Disable Comments,Онемогући коментаре,
Disable Count,Онемогући бројање,
Disable SMTP server authentication,Онемогући провјеру идентитета СМТП сервера,
Disable Sidebar Stats,Онемогући статистику бочне траке,
Disable Signup,Онемогући Регистрација,
Disable Standard Email Footer,Искључите Стандард Емаил Фоотер,
Disabled,Онеспособљен,
Display,дисплей,
Display Depends On,Екрану зависе од,
Doc Event,Доц Евент,
Doc Events,Доц Евентс,
Doc Status,Док статус,
DocField,ДоцФиелд,
DocPerm,ДоцПерм,
DocShare,ДоцСхаре,
DocType,ДоцТипе,
DocType Action,ДоцТипе Ацтион,
DocType Event,ДоцТипе Евент,
DocType Link,ДоцТипе Линк,
DocType View,ДоцТипе Виев,
DocType is a Table / Form in the application.,ДОЦТИПЕ је Табела / Форма у пријави.,
DocType on which this Workflow is applicable.,ДОЦТИПЕ на којима ова Воркфлов је применљиво.,
Doctype,ДОЦТИПЕ,
Document,Документ,
Document Actions,Радње са документима,
Document Follow,Доцумент Фоллов,
Document Link,Линк до документа,
Document Links,Везе до документа,
Document Name,Документ Име,
Document Naming Rule,Правило именовања докумената,
Document Naming Rule Condition,Услов правила за именовање докумената,
Document Share,Доцумент Схаре,
Document Share Report,Документ Подели Пријави,
Document States,Документ Америчке Државе,
Document Tag,Доцумент Таг,
Document Title,Назив документа,
Document Type,Доцумент Типе,
Document Type to Track,Врста документа за праћење,
Document Types,Врсте докумената,
Documentation Link,Доцументатион Линк,
Documentation URL,УРЛ документације,
Domain,Домен,
Domain Settings,Подешавања домена,
Domains HTML,Домени ХТМЛ,
"Don't HTML Encode HTML tags like &lt;script&gt; or just characters like &lt; or &gt;, as they could be intentionally used in this field","Не ХТМЛ-Кодирање ХТМЛ ознаке као што су: &lt;сцрипт&gt; или само као ликови &lt;или&gt;, јер може да се намерно користи у овој области",
Don't Override Status,Не замењују Статус,
Don't Send Emails,Не шаљите е-пошту,
Donut,Крофна,
Download Backups,Довнлоад Бацкуп,
Download Template,Преузмите шаблон,
Dropbox Access Token,Дропбок Приступ Знак,
Dropbox Settings,Дропбок Подешавања,
Dropdowns,Дропдовнс,
Due Date,Дуе Дате,
Due Date Based On,Дуе Дате Басед Он,
Duration,Трајање,
Dynamic Filters,Динамички филтери,
Dynamic Filters JSON,Динамички филтери ЈСОН,
Dynamic Filters Section,Одељак за динамичке филтере,
Dynamic Link,Динамиц Линк,
Dynamic Report Filters,Филтери за динамички извештај,
Dynamic Route,Динамичка рута,
Dynamic Template,Динамички предложак,
Edit,Уредити,
Edit Values,Уреди вредности,
Editable Grid,едитабле Мрежа,
Eg. smsgateway.com/api/send_sms.cgi,Нпр. смсгатеваи.цом / апи / сенд_смс.цги,
Email,Емаил,
Email Account,Емаил рачуна,
Email Account Name,Емаил налог Име,
Email Address,Адреса Е-поште,
Email Address whose Google Contacts are to be synced.,Адреса е-поште чији Гоогле контакти треба да се синхронизују.,
Email Addresses,Имејл адресе,
Email Domain,емаил Домен,
Email Flag Queue,Емаил Застава редова,
Email Footer Address,Е-маил адреса подножје,
Email Group,емаил Група,
Email Group Member,Емаил Гроуп Мембер,
Email ID,Идентификација Поруке,
Email IDs,Е-маил Идс,
Email Id,Е-маил ИД,
Email Inbox,Пошаљите е-пошту,
Email Queue,емаил редова,
Email Queue Recipient,Емаил редова Прималац,
Email Queue records.,Е-маил Куеуе записа.,
Email Reply Help,Емаил Репли Хелп,
Email Rule,емаил Правило,
Email Sent,Емаил Сент,
Email Settings,Емаил подешавања,
Email Signature,Е-маил Потпис,
Email Status,емаил статус,
Email Sync Option,Емаил Синхронизација Опција,
Email Template,Емаил Темплате,
Email To,Е-маил Да,
Email Unsubscribe,Е-маил Откажи,
Emails will be sent with next possible workflow actions,Е-пошта ће бити послата са следећим могућим радним токовима,
Enable,омогућити,
Enable Auto Reply,Енабле Ауто Одговори,
Enable Automatic Backup,Омогућите аутоматску резервну копију,
Enable Automatic Linking in Documents,Омогући аутоматско повезивање у документима,
Enable Comments,Омогући Коментари,
Enable Email Notifications,Омогући обавештења путем е-поште,
Enable Google Indexing,Омогућите Гоогле индексирање,
Enable In App Website Tracking,Омогући праћење веб локација у апликацији,
Enable Incoming,Омогући долазни,
Enable Onboarding,Омогућите Онбоардинг,
Enable Outgoing,Омогући Одлазећи,
Enable Password Policy,Омогући Пассворд Полици,
Enable Print Server,Омогући Сервер за штампање,
Enable Raw Printing,Омогући сирово штампање,
Enable Scheduled Jobs,Омогући Заказани Послови,
Enable Security,Омогући сигурност,
Enable Social Login,Омогући друштвени пријава,
Enable Social Sharing,Омогући друштвено дељење,
Enable Two Factor Auth,Омогући два фактора Аутх,
Enabled,Омогућено,
End Date,Датум завршетка,
End Date Field,Поље крајњег датума,
Endpoint URL,УРЛ крајње тачке,
Endpoints,Ендпоинтс,
Ends on,Завршава се,
Energy Point,Енерги Поинт,
Energy Point Log,Евиденција енергетске тачке,
Energy Point Rule,Правило енергетске тачке,
Energy Point Settings,Подешавања енергетске тачке,
Energy Points,Енергетски поени,
Enter Form Type,Унесите Тип Форм,
"Enter default value fields (keys) and values. If you add multiple values for a field, the first one will be picked. These defaults are also used to set ""match"" permission rules. To see list of fields, go to ""Customize Form"".","Ентер поља стандардна вредност (Кеис) и вредности. Ако додате више вредности за поља, прва ће бити одабран. Ове подразумеване се такође користе за постављање &quot;матцх&quot; дозвола правила. Да бисте видели листу поља, идите на &quot;Цустомизе Форм&quot;.",
"Enter static url parameters here (Eg. sender=ERPNext, username=ERPNext, password=1234 etc.)","Унесите статичке параметре овде УРЛ адресу (нпр. пошиљалац = ЕРПНект, усернаме = ЕРПНект, лозинком = 1234 итд)",
Enter url parameter for message,Унесите УРЛ параметар за поруке,
Enter url parameter for receiver nos,Унесите УРЛ параметар за пријемник бр,
Error,Грешка,
Error Log,Грешка се,
Error Message,Порука о грешци,
Event,Догађај,
Event Category,Категорија догађаја,
Event Participants,Учесници догађаја,
Event Type,Тип догађаја,
Everyone,Свако,
"Ex: ""colors"": [""#d1d8dd"", ""#ff5858""]","Нпр: &quot;боје&quot;: [&quot;# д1д8дд&quot;, &quot;# фф5858&quot;]",
Example,Пример,
"Example: ""/desk""",Пример: &quot;/ деск&quot;,
Example: #Tree/Account,Пример: # Дрво / рачун,
Example: 00001,Пример: 00001,
Example: {{ subject }},Пример: {{субјецт}},
Excel,Екцел,
Exception,Изузетак,
Execute,Извршити,
Expert,експерт,
Expiration time,истека времена,
Expire Notification On,Истиче Обавештење о,
Expired,Истекло,
Expires In,Истиче,
Expires On,Истиче,
Expiry time of QR Code Image Page,Време истека КР кодне странице,
Export,Извоз,
Export From,Извоз из,
Expose Recipients,изложити прималаца,
"Expression, Optional","Израз, Опциони",
Facebook,facebook,
Failed,Није успео,
FavIcon,Фавицон,
Fax,Фак,
Featured,Изабран,
Feedback,Повратна веза,
Feedback Request,феедбацк Упит,
Fetch From,Фетцх Фром,
Field,поље,
Field Description,Поље Опис,
Field Name,Име поља,
Field To Check,Поље за проверу,
Field Type,Тип поља,
"Field that represents the Workflow State of the transaction (if field is not present, a new hidden Custom Field will be created)","Област која представља државу тока трансакције (ако поље није присутно, нова скривена Прилагођена поља ће бити креиран)",
Field to Track,Фиелд то Трацк,
Fieldname,Имепоља,
Fields,Поља,
Fields Multicheck,Фиелдс Мултицхецк,
"Fields separated by comma (,) will be included in the ""Search By"" list of Search dialog box","Поља раздвојена зарезом (,) ће бити укључена у &quot;Тражити по&quot; списку Сеарцх дијалогу",
Fieldtype,Фиелдтипе,
File,Филе,
File Backup,Филе Бацкуп,
File Information,Информације о датотеци,
File Name,Филе Наме,
File Size,Величина,
File Type,Тип фајла,
File URL,Филе УРЛ,
Files,Фајлови,
Filter Data,филтер података,
Filter List,Листа филтера,
Filter Meta,Филтер Мета,
Filter Name,Име филма,
Filter Values,Вредности филтера,
Filters,Филтери,
Filters Configuration,Конфигурација филтера,
Filters Display,Филтери Приказ,
Filters JSON,Филтери ЈСОН,
Filters Section,Одељак за филтере,
"Filters will be accessible via <code>filters</code>. <br><br>Send output as <code>result = [result]</code>, or for old style <code>data = [columns], [result]</code>","Филтери ће бити доступни путем <code>filters</code> .<br><br> Пошаљите излаз као <code>result = [result]</code> или за <code>data = [columns], [result]</code> старог стила <code>data = [columns], [result]</code>",
Finished,Готов,
First Name,Име,
First Success Message,Прва порука о успеху,
Flag,Флаг,
Float,Пловак,
Float Precision,Флоат Прецисион,
Fold,Преклопити,
Folder,Фасцикла,
Font,Фонт,
Font Properties,Својства фонта,
Font Size,Величина фонта,
Fonts,Фонтови,
Footer,Подножје,
Footer HTML,Фоотер ХТМЛ,
Footer Items,Фоотер Артикли,
Footer Logo,Подножје Лого,
Footer Template,Шаблон подножја,
Footer Template Values,Вредности предлошка подножја,
Footer will display correctly only in PDF,Фоотер ће се исправно приказати само у ПДФ-у,
For DocType Link / DocType Action,За ДоцТипе Линк / ДоцТипе Ацтион,
For Document Event,За Доцумент Евент,
For User,за кориснике,
For Value,За вредност,
For example: {} Open,На пример: {} Отвори,
"For help see <a href=""https://frappeframework.com/docs/user/en/guides/portal-development/web-forms"" target=""_blank"">Client Script API and Examples</a>","За помоћ погледајте <a href=""https://frappeframework.com/docs/user/en/guides/portal-development/web-forms"" target=""_blank"">АПИ и примере клијентске скрипте</a>",
"For more information, <a class=""text-muted"" href=""https://erpnext.com/docs/user/manual/en/setting-up/email/linking-emails-to-document"">click here</a>.","За више информација, <a class=""text-muted"" href=""https://erpnext.com/docs/user/manual/en/setting-up/email/linking-emails-to-document"">кликните овде</a> .",
Force,сила,
Force Show,форце Покажи,
Force User to Reset Password,Присилите корисника да ресетује лозинку,
Form Settings,Подешавања форме,
Form URL-Encoded,УРЛ обрасца-кодирано,
Format,формат,
Format Data,Формат података,
Forward To Email Address,Нападач на е-адресу,
Fraction,Фракција,
Fraction Units,Фракција јединице,
Frappe,фрапе,
Frequency,Фреквенција,
Friday,Петак,
From,Из,
From Date,Од датума,
From Date Field,Из поља датума,
From Full Name,Од Пуно име,
From User,Од корисника,
Full,Пуно,
Full Name,Пуно име,
Full Width,Пуна ширина,
Function,Функција,
GMail,ГМаил,
Gantt,Гантов,
Gender,Пол,
Generate Keys,Генериши кључеве,
Geo,Гео,
Geolocation,Геолокација,
Get Contacts,Добијте контакте,
Get your globally recognized avatar from Gravatar.com,Гет иоур глобално признате аватар од Граватар.цом,
Git Branch,Гит Бранцх,
GitHub,GitHub,
Global Search DocType,Глобал Сеарцх ДоцТипе,
Global Search Settings,Подешавања глобалне претраге,
Global Unsubscribe,Глобална Откажи,
Go to Page,Иди на страну,
Google,Google,
Google Analytics Anonymize IP,Гоогле Аналитицс анонимизира ИП,
Google Analytics ID,Гоогле Аналитицс ИД,
Google Calendar,Гоогле календар,
Google Calendar Event ID,ИД догађаја Гоогле календара,
Google Calendar ID,ИД Гоогле календара,
Google Contacts,Гоогле контакти,
Google Contacts Id,ИД Гоогле контаката,
Google Drive,Гоогле диск,
Google Font,Гоогле Фонт,
Google Settings,Гоогле подешавања,
Google Snippet Preview,Гоогле исечак прегледа,
Grant Type,грант Тип,
Green,Зелен,
Group,Група,
Group By,Група од,
Group By Based On,Групирање на основу,
Group By Type,Група по врсти,
Guest,Гост,
HH:mm,ВХ: мм,
HH:mm:ss,ВШ: мм: сс,
HTML,ХТМЛ-,
HTML Editor,ХТМЛ Едитор,
HTML Page,ХТМЛ страница,
HTML for header section. Optional,HTML для раздела заголовка . необязательный,
Half,Половина,
Half Yearly,Пола Годишњи,
Half-yearly,Полу годишње,
Has  Attachment,ima Аттацхмент,
Has Domain,има домен,
Has Role,има улогу,
Has Web View,Има Веб Виев,
Header,Заглавље,
Header HTML,ХТМЛ заглавља,
Header and Breadcrumbs,Заглавље и мрвице,
Headers,Хеадерс,
Heading,Наслов,
Heatmap,Топлотна мапа,
Help,Помоћ,
Help Article,хелп Члан,
Help Articles,Чланци помоћи,
Help Category,хелп Категорија,
Help Dropdown,Хелп Дропдовн,
Help HTML,Помоћ ХТМЛ,
Helvetica,Хелветица,
Hidden,Сакривен,
Hide,Сакрити,
Hide Block,Сакриј блок,
Hide Border,Сакриј границу,
Hide CTA,Сакриј позив на акцију,
Hide Copy,Сакриј Цопи,
Hide Custom DocTypes and Reports,Сакриј прилагођене врсте докумената и извештаје,
Hide Days,Сакриј дане,
Hide Footer Signup,Хиде Фоотер Регистрација,
Hide Login,Сакриј пријаву,
Hide Seconds,Сакриј секунде,
Hide Standard Menu,Хиде Стандард Мену,
Hide footer in auto email reports,Сакриј подножје у аутоматским извештајима е-поште,
High,Висок,
Higher priority rule will be applied first,Прво ће се применити правило вишег приоритета,
Highlight,Истаћи,
Home,дом,
Home Page,Почетна страна,
Home Settings,Почетна подешавања,
Hourly,По сату,
Hourly Long,Хоурли Лонг,
Hourly rate limit for generating password reset links,Ограничење по сату за генерисање веза за поновно постављање лозинке,
"How should this currency be formatted? If not set, will use system defaults","Како би ова валута се форматира? Ако нису подешене, неће користити подразумеване системске",
ID (name) of the entity whose property is to be set,ИД (име) ентитета чија имовина се подесити,
IP Address,ИП адреса,
Icon,Ицон,
Icon will appear on the button,Икона ће се појавити на дугмету,
Identity Details,Детаљи о идентитету,
Idx,идк,
"If Apply Strict User Permission is checked and User Permission is defined for a DocType for a User, then all the documents where value of the link is blank, will not be shown to that User","Ако Примени Строго Корисник Дозвола се провјерава и Корисник Дозвола је дефинисана за ДОЦТИПЕ за корисника, онда су сви документи у којима вредност линка је празно, неће бити приказан на тог корисника",
If Checked workflow status will not override status in list view,Ако проверен статуса радни процес неће заменити статус у приказу листе,
"If Icon is set, it will be shown instead of Label","Ако је постављена икона, она ће бити приказана уместо Ознака",
"If checked, all other workflows become inactive.","Ако је проверен, сви остали токови постају неактивни.",
"If checked, users will not see the Confirm Access dialog.","Ако је означено, корисници неће видети дијалог потврдили приступ.",
"If disabled, this role will be removed from all users.","Ако су искључене, ова улога ће бити уклоњен из свих корисника.",
"If enabled,  user can login from any IP Address using Two Factor Auth, this can also be set for all users in System Settings","Ако је омогућено, корисник се може пријавити са било које ИП адресе користећи Тво Фацтор Аутх, ово се такође може подесити за све кориснике у Систем Сеттингс",
"If enabled, all users can login from any IP Address using Two Factor Auth. This can also be set only for specific user(s) in User Page","Ако је омогућено, сви корисници могу се пријавити са било које ИП адресе помоћу Тво Фацтор Аутх. Ово се такође може поставити само за одређене кориснике (кориснике) на корисничкој страни",
"If enabled, changes to the document are tracked and shown in timeline","Ако је омогућено, измене у документу се прате и приказују у временској траци",
"If enabled, document views are tracked, this can happen multiple times","Ако је омогућено, прикази докумената се прате, то се може догодити више пута",
"If enabled, the document is marked as seen, the first time a user opens it","Ако је омогућен, документ је означен као видљив, први пут када га корисник отвори",
"If enabled, the notification will show up in the notifications dropdown on the top right corner of the navigation bar.","Ако је омогућено, обавештење ће се појавити у падајућем менију са обавештењима у горњем десном углу траке за навигацију.",
"If enabled, the password strength will be enforced based on the Minimum Password Score value. A value of 2 being medium strong and 4 being very strong.","Ако је омогућено, снага лозинка ће бити спроведена на основу минималне Лозинка Сцоре вредности. Вредност 2 буде средње јака и 4 бити веома јак.",
"If enabled, users who login from Restricted IP Address, won't be prompted for Two Factor Auth","Ако је омогућено, корисници који се пријављују из ограничене ИП адресе неће бити затражени за Тво Фацтор Аутх",
"If enabled, users will be notified every time they login. If not enabled, users will only be notified once.","Ако је омогућено, корисници ће бити обавештени сваки пут кад логин. Ако није омогућено, корисници ће бити обавештени само једном.",
If non standard port (e.g. 587),Ако не стандардни порт (нпр. 587),
"If non standard port (e.g. 587). If on Google Cloud, try port 2525.","Ако нестандардни порт (нпр. 587). Ако сте у Гоогле Цлоуд-у, пробајте порт 2525.",
"If non-standard port (e.g. POP3: 995/110, IMAP: 993/143)","Ако је нестандардни порт (нпр. ПОП3: 995/110, ИМАП: 993/143)",
"If not set, the currency precision will depend on number format","Ако није подешен, валута прецизност зависиће од броја формата",
"If the user has any role checked, then the user becomes a ""System User"". ""System User"" has access to the desktop","Ако корисник има било какву улогу проверити, онда корисник постаје &quot;Системски корисник&quot;. &quot;Системски корисник&quot; има приступ радној површини",
If user is the owner,Уколико корисник је власник,
"If you set this, this Item will come in a drop-down under the selected parent.","Ако сте поставили ово , ова ставка ће доћи у падајући под изабраном родитеља .",
"If your data is in HTML, please copy paste the exact HTML code with the tags.","Ако ваши подаци у ХТМЛ, копирајте пасте тачно ХТМЛ код са ознакама.",
Ignore User Permissions,Игноре Усер Дозволе,
Ignore XSS Filter,Игноре КССС Филтер,
Ignore attachments over this size,Игноре прилоге преко ове величине,
Ignored Apps,Занемарене апликације,
Image,Слика,
Image Field,Слика polje,
Image Link,Слика Линк,
Implicit,имплицитан,
Import,Увоз,
Import File,Увези датотеку,
Import File Errors and Warnings,Увезите грешке и упозорења у датотеци,
Import Log,Увоз се,
Import Log Preview,Увези преглед прегледа,
Import Preview,Увези преглед,
Import Type,Врста увоза,
Import Warnings,Увези упозорења,
Import from Google Sheets,Увоз из Гоогле табела,
In Days,Ин Даис,
In Filter,У филтеру,
In Global Search,У Глобал Сеарцх,
In List View,У приказу листе,
In Preview,У прегледу,
In Reply To,У одговору на,
In Standard Filter,У стандардном Филтер,
In points. Default is 9.,У бодова. Уобичајено је 9.,
In seconds,У секундама,
Inbox,Инбок,
Inbox User,Инбок Усер,
Include Search in Top Bar,Укључи Тражи у Топ Бар,
Include Web View Link in Email,Пошаљите документ Веб Виев линк путем е-поште,
Index,Индекс,
Index Web Pages for Search,Индексирајте веб странице за претрагу,
Indexing Authorization Code,Индексни код овлашћења,
Indexing Refresh Token,Ознака за освежавање индексирања,
Indicator,индикатор,
Indicator Color,Боја индикатора,
Info,Инфо,
Initial Sync Count,Иницијална Синхронизација Точка,
InnoDB,ИнноДБ,
Insert After,Убаците После,
Insert New Records,Убаците нове записе,
Insert Style,Убаците Стиле,
Installed Application,Инсталирана апликација,
Installed Applications,Инсталиране апликације,
Int,Међ,
Integration Request,integracija Упит,
Integrations,Интеграције,
Integrations can use this field to set email delivery status,Интеграције могу користити ову област да подесите статус испоруку путем емаила,
Interests,Интереси,
Intermediate,средњи,
Internal record of document shares,Интерна запис акција докумената,
Introduce your company to the website visitor.,Представите своју фирму на сајту посетиоца.,
Introduction,Увод,
Introductory information for the Contact Us Page,Уводна информације за нас контактирати странице,
Invalid,неважећи,
Inverse,Инверзан,
Is Active,Је активан,
Is Attachments Folder,Да ли је Опреме Папка,
Is Billing Contact,Да ли је контакт за наплату,
Is Child Table,Табела је дете,
Is Complete,Је завршено,
Is Completed,Је завршен,
Is Custom Field,Да ли је прилагођено поље,
Is Default,Да ли Уобичајено,
Is Folder,Да ли је Папка,
Is Home Folder,Ис Хоме Директоријум,
Is Mandatory Field,Да ли је обавезно поље,
Is Optional State,Је необвезна држава,
Is Primary,Примарно је,
Is Primary Contact,Да ли Примарни контакт,
Is Primary Mobile,Је примарна мобилна мрежа,
Is Primary Phone,Је примарни телефон,
Is Private,Да ли је Приватно,
Is Public,Је јавно,
Is Published Field,Је објављен Фиелд,
Is Single,Је Сингле,
Is Skipped,Је прескочен,
Is Spam,је спам,
Is Standard,Је стандард,
Is Submittable,Да ли Субмиттабле,
Is Table,је Табела,
Is Tree,Ис Дрво,
Is Unique,Је јединствен,
Is Your Company Address,Ис Иоур Адреса фирме,
Item Label,Ознака предмета,
Item Type,Тип ставка,
JS,ЈС,
JSON,ЈСОН,
JSON Request Body,ЈСОН тело за захтев,
JavaScript,ЈаваСцрипт,
JavaScript Format: frappe.query_reports['REPORTNAME'] = {},Јава формат : вн.куери_репортс [ ' РЕПОРТНАМЕ ' ] = { },
Javascript,Јавасцрипт,
Jinja,Јиња,
Kanban,канбан,
Kanban Board,канбан одбор,
Kanban Board Column,Канбан одбор Колона,
Kanban Board Name,Канбан Име форума,
Keep track of all update feeds,Пратите све феедове за ажурирање,
Keeps track of all communications,Прати све комуникације,
Key,Кључ,
Keyboard Shortcuts,Пречице на тастатури,
Knowledge Base Contributor,База знања Сарадник,
Knowledge Base Editor,База знања Уредник,
LDAP Email Field,ЛДАП-маил Поље,
LDAP First Name Field,ЛДАП-Име поља,
LDAP Group,ЛДАП Гроуп,
LDAP Group Field,ЛДАП групно поље,
LDAP Group Mapping,ЛДАП Гроуп Маппинг,
LDAP Group Mappings,Мапе ЛДАП групе,
LDAP Last Name Field,Поље презимена ЛДАП,
LDAP Middle Name Field,ЛДАП Поље са средњим именом,
LDAP Mobile Field,ЛДАП Мобиле Фиелд,
LDAP Phone Field,ЛДАП телефонско поље,
LDAP Search String,ЛДАП сеарцх стринг,
LDAP Security,ЛДАП Безбедност,
LDAP Server Url,ЛДАП УРЛ сервер,
LDAP Settings,Подешавања ЛДАП-а,
LDAP User Creation and Mapping,Стварање и мапирање ЛДАП корисника,
LDAP Username Field,ЛДАП корисничко име Поље,
Label,Налепница,
Label Help,Етикета Помоћ,
Label and Type,Этикетка и Тип,
Landing Page,Ландинг Паге,
Language,Језик,
Language Code,Код језика,
Language Name,Језик Име,
Last Active,Задњи пут,
Last Backup On,Задња сигурносна копија укључена,
Last Execution,Последње извршење,
Last IP,Последњи ИП,
Last Known Versions,Последња посећена верзије,
Last Login,Последњи Улазак,
Last Month,Прошлог месеца,
Last Name,Презиме,
Last Password Reset Date,Датум ресетовања последње лозинке,
Last Point Allocation Date,Последњи датум додељивања тачке,
Last Quarter,"Последња четвртина, последњи фртаљ",
Last Sync On,Ласт Синц Он,
Last Synced On,Последњи синхронизован,
Last User,Последњи корисник,
Last Week,Прошле недеље,
Last Year,Прошле године,
Lead Conversion Time,Време конверзије воде,
Leaderboard,банер,
Leave blank to repeat always,Оставите празно да увек понављам,
Ledger,Надгробна плоча,
Left,Лево,
Legal,Правни,
Length,Дужина,
Letter,Писмо,
Letter Head,Писмо Глава,
Letter Head Based On,Писмо на основу,
Letter Head Image,Слика главе писма,
Letter Head Name,Писмо Глава Име,
Letter Head in HTML,Писмо Глава у ХТМЛ,
Level,Ниво,
Level Name,Назив нивоа,
License,Лиценца,
Light Color,Светле боје,
Like,Као,
Likes,Ликес,
Limit,лимит,
Limit Number of DB Backups,Ограничи број ДБ резервних копија,
Line,Линија,
Link,Линк,
Link Cards,Линк картице,
Link DocType,линк ДОЦТИПЕ,
Link Document Type,Тип документа везе,
Link Fieldname,Назив поља везе,
Link Name,линк Име,
Link Title,линк Наслов,
Link To,Линк за,
Link to the page you want to open. Leave blank if you want to make it a group parent.,Линк на страницу коју желите да отворите. Оставите празно ако желите да се група родитеља се.,
Linked,Повезан,
Linked Documents,Повезани документи,
Links,Линкови,
List,Листа,
List Filter,Филтер листе,
List Settings,Поставке листе,
List View Settings,Поставке приказа листе,
"List as [{""label"": _(""Jobs""), ""route"":""jobs""}]","Лист као [{ &quot;лабел&quot;: _ ( &quot;Послови&quot;), &quot;пут&quot;: &quot;радна места&quot;}]",
List of patches executed,Листа закрпа погубљен,
Load Balancing,Лоад Баланцинг,
Location,расположение,
Log,Пријава,
Log Data,Подаци података,
Log Setting User,Корисник подешавања дневника,
Log Settings,Подешавања дневника,
Login,Пријава,
Login After,Пријава После,
Login Before,Пријава Пре,
Login Required,Пријава Обавезно,
Logo Width,Ширина логотипа,
Logout,Одјава,
Logout All Sessions on Password Reset,Одјава из свих сесија на ресетовању лозинке,
Logout From All Devices After Changing Password,Одјава са свих уређаја након промене лозинке,
Long Text,Дуго Текст,
Low,Низак,
Main Section,Главни Секција,
Main Section (HTML),Главни одељак (ХТМЛ),
Main Section (Markdown),Главни одељак (Маркдовн),
Maintenance Manager,Менаџер Одржавање,
Maintenance User,Одржавање Корисник,
"Make ""name"" searchable in Global Search",Маке &quot;име&quot; претраживати у Глобал Сеарцх,
Mandatory,Обавезан,
Mandatory Depends On,Обавезно зависи од тога,
Map route parameters into form variables. Example <code>/project/&lt;name&gt;</code>,Мапирајте параметре руте у променљиве облика. Пример <code>/project/&lt;name&gt;</code>,
Markdown,Маркдовн,
Markdown Editor,Маркдовн Едитор,
Marked As Spam,Означена као непожељна,
Max 500 records at a time,Мак 500 записа у исто време,
Max Attachment Size (in MB),Мак Прилог Величина (у МБ),
Max Attachments,Мак Прилози,
Max Length,Максимална дужина,
Max Value,мак Вредност,
Maximum,Максимум,
Maximum Number of Fields,Максималан број поља,
Maximum Points,Максимални бодови,
Medium,Средњи,
Meeting,Састанак,
Mention,Помињање,
Mentions,Ментионс,
Message,Порука,
Message (HTML),Порука (ХТМЛ),
Message (Markdown),Порука (Маркдовн),
Message Examples,Порука Примери,
Message ID,Мессаге ИД,
Message Parameter,Порука Параметар,
Message-id,Мессаге-Ид,
Meta Description,Мета опис,
Meta Image,Мета Имаге,
Meta Tags,Мета Тагс,
Meta Title,Мета Титле,
Method,Метод,
Middle Name,Средње име,
Milestone,Прекретница,
Milestone Tracker,Милестоне Трацкер,
Minimum,Минимум,
Minimum Password Score,Минимална Лозинка Резултат,
Mobile No,Мобилни Нема,
Module,Модул,
Module Def,Модул Деф,
Module Name,Модуле Наме,
Module Onboarding,Модул Онбоардинг,
Modules HTML,Модули ХТМЛ,
Monday,Понедељак,
Monospace,Моноспаце,
Monthly,Месечно,
Monthly Long,Месечно дуго,
More Information,Више информација,
More content for the bottom of the page.,Више садржаја за дну странице.,
Multiplier Field,Поље множитеља,
Must be a publicly accessible Google Sheets URL,То мора бити јавно доступан УРЛ табела,
"Must be of type ""Attach Image""",Мора бити типа &quot;Аттацх Имаге&quot;,
Mute Sounds,Муте Звукови,
MyISAM,ИнноДБ,
Name,Име,
Naming,Именование,
Naming Series,Именовање Сериес,
Navbar,Навбар,
Navbar Item,Навбар Итем,
Navbar Settings,Подешавања Навбара,
Navbar Template,Навбар Темплате,
Navbar Template Values,Вредности шаблона Навбар,
New,Нова,
New Name,Ново име,
New value to be set,Нова вредност коју треба подесити,
Newsletter,Билтен,
Newsletter Email Group,Билтен маил Група,
Newsletter Manager,Билтен директор,
Next Action Email Template,Следећа шаблона за акцију,
Next Actions HTML,Следеће Акције ХТМЛ,
Next Schedule Date,Следећи датум распореда,
Next State,Следећа држава,
Next Sync Token,Нект Синц Токен,
No,Не,
No Copy,Нема копирања,
No of Requested SMS,Нема тражених СМС,
No of Rows (Max 500),Број редова (макс 500),
No of Sent SMS,Број послатих СМС,
Non Negative,Негативно,
None,Ниједан,
Not Sent,Није Сент,
Note,Приметити,
Note Seen By,Напомена Сеен би,
Note: By default emails for failed backups are sent.,Напомена: По дефаулту се пошаљу е-пошта за неуспеле сигурносне копије.,
"Note: For best results,  images must be of the same size and width must be greater than height.","Напомена: За најбоље резултате слике морају бити исте величине, а ширина мора бити већа од висине.",
Note: Multiple sessions will be allowed in case of mobile device,Напомена: Више седнице ће бити дозвољено у случају мобилном уређају,
Notification,обавештење,
Notification Log,Дневник обавештења,
Notification Recipient,Прималац обавештења,
Notification Settings,Подешавања обавештења,
Notification Subscribed Document,Обавештење Претплаћени документ,
Notifications,Обавештења,
Notifications and bulk mails will be sent from this outgoing server.,Обавештења и масовна маилови ће бити послат из ове одлазеће сервера.,
Notify Users On Every Login,Обавештава кориснике Он Евери Логин,
Notify by Email,Обавештавајте путем е-маила,
Notify by email,Обавести би Емаил,
Notify if unreplied,Нотифи ако Неодговорене,
Notify if unreplied for (in mins),Нотифи ако по алтернативним за (у минута),
Notify users with a popup when they log in,Обавештава кориснике са попуп када се пријавите,
Number Card,Цард Цард,
Number Card Link,Линк картице са бројевима,
Number Cards,Број картице,
Number Format,Број Формат,
Number of Backups,Број резервних копија,
Number of DB Backups,Број ДБ резервних копија,
Number of Groups,Број група,
Number of columns for a field in a Grid (Total Columns in a grid should be less than 11),Број колона за поља у мрежи (Укупно колона у мрежи треба да буде мањи од 11),
Number of columns for a field in a List View or a Grid (Total Columns should be less than 11),Број колона за област у Лист Виев или Грид (Тотал колоне треба да буде мањи од 11),
OAuth Authorization Code,ОАутх Овлашћење код,
OAuth Bearer Token,ОАутх Носилац токен,
OAuth Client,ОАутх клијента,
OAuth Client ID,ОАутх ИД клијента,
OAuth Provider Settings,ОАутх Провидер Подешавања,
OTP App,ОТП Апп,
OTP Issuer Name,ОТП Име издавача,
Off,Ван,
Office,Канцеларија,
Office 365,Оффице 365,
Older backups will be automatically deleted,Старији резервне копије ће бити аутоматски обрисан,
On Hold,На чекању,
Onboarding Permission,Дозвола за укрцавање,
Onboarding Step,Онбоардинг Степ,
Onboarding Step Map,Укључивање мапе корака,
"Once submitted, submittable documents cannot be changed. They can only be Cancelled and Amended.",Једном поднесени документи који се могу поднети не могу се мењати. Они се могу само отказати и допунити.,
Only Allow Edit For,Само Дозволи Едит За,
Only Send Records Updated in Last X Hours,Само Сенд Записи Ажурирано Ласт Кс сати,
Open,Отворено,
Open Documents,Отвори документе,
Open Reference Document,Отворите референтни документ,
Open URL in a New Tab,Отворите УРЛ на новој картици,
Open a dialog with mandatory fields to create a new record quickly,Отворите дијалог са обавезним пољима како бисте брзо створили нови запис,
Opened,Отворен,
Operation,Операција,
Optional: Always send to these ids. Each Email Address on a new row,Опционо: Увек пошаљите ове ИД. Сваки маил адреса на нови ред,
Optional: The alert will be sent if this expression is true,Опционо: Упозорење ће бити послата ако то израз тачан,
Options,Опције,
Options Help,Опције Помоћ,
Orange,Наранџаста,
Order,ред,
Org History,Орг Историја,
Org History Heading,Орг Историја Хеадинг,
Other,Други,
Outlook.com,Оутлоок.цом,
Output,излаз,
PDF Page Size,ПДФ Паге Сизе,
PDF Settings,ПДФ Подешавања,
Page,Страна,
Page Break,Страна Пауза,
Page Builder,Паге Буилдер,
Page Building Blocks,Паге Буилдинг Блоцкс,
Page HTML,Страна ХТМЛ,
Page Name,Страница Име,
Page Settings,Подешавања странице,
Parameter,Параметар,
Parent Field (Tree),Родитељско поље (дрво),
Parent Label,Родитељ Лабел,
Partial Success,Делимични успех,
Participants,Учесници,
Passive,Пасиван,
Password,Шифра,
Password Reset Link Generation Limit,Ограничење генерисања везе за ресетовање лозинке,
Password for Base DN,Лозинка за Басе ДН,
Patch,Закрпа,
Patch Log,Патцх Пријава,
Path,Пут,
Path to CA Certs File,Пут до датотеке са сертификатима ЦА,
Path to Server Certificate,Пут до сертификата сервера,
Path to private Key File,Пут до приватне датотеке кључева,
Pending,Нерешен,
Pending Approval,Чека одобрење,
Pending Verification,у току верификација,
Percent,Проценат,
Percentage,Проценат,
Period,период,
Perm Level,Перм ниво,
Permanent,Стални,
Permission Level,Дозвола Ниво,
Permission Rules,Правила дозвола,
Permissions,Дозволе,
Permitted Documents For User,Дозвољене Документи за Корисника,
Personal,Лични,
Personal Data Deletion Request,Захтев за брисање личних података,
Personal Data Download Request,Захтев за преузимање личних података,
Phone,Телефон,
Phone No.,Број телефона,
Phone Number,Број телефона,
Pie,Пита,
Pincode,Пинцоде,
Plant,Биљка,
Point Allocation Periodicity,Периодичност расподјеле тачке,
Points,Бодова,
Port,порт,
Portal Menu,портал Мени,
Portal Menu Item,Портал Ставка менија,
Portal Settings,Портал Подешавања,
Position,Позиција,
Postal,Поштански,
Postal Code,поштански код,
Precision,Прецизност,
Preferred Billing Address,Жељени Адреса за наплату,
Preferred Shipping Address,Жељени Адреса испоруке,
Prefix,Префикс,
Prepared Report,Припремљени извештај,
Prepared Report User,Корисник припремљеног извештаја,
Preview,предварительный просмотр,
Preview HTML,Преглед ХТМЛ,
Preview Message,Превиев Мессаге,
Previous Hash,Претходни Хасх,
Primary,Основни,
Primary Color,Примарна боја,
Print,Принт,
Print Format,Принт Формат,
Print Format Builder,Принт Формат Буилдер,
Print Format Help,Штампа језик Помоћ,
Print Format Type,Принт откуцајте формат,
Print Hide,Принт Сакриј,
Print Hide If No Value,Штампа Сакриј Ако не Вредност,
Print Server,Сервер за штампање,
Print Settings,Подешавања за штампање,
Print Style,Штампа Стил,
Print Style Name,Име стила за штампу,
Print Style Preview,Штампа Стил Преглед,
Print UOM after Quantity,Одштампај УОМ након количине,
Print Width,Ширина штампе,
"Print Width of the field, if the field is a column in a table","Принт ширина области, уколико поље је колона у табели",
Print taxes with zero amount,Штампај порез са нултим износом,
Print with letterhead,Штампа са меморандуму,
Printer Name,Име штампача,
Printing,Штампање,
Priority,Приоритет,
Private,Приватан,
ProTip: Add <code>Reference: {{ reference_doctype }} {{ reference_name }}</code> to send document reference,ПроТип: Додај <code>Reference: {{ reference_doctype }} {{ reference_name }}</code> за слање референтни документ,
Property,Имовина,
Property Depends On,Власништво зависи од,
Property Setter,Имовина сетер,
Property Setter overrides a standard DocType or Field property,Некретнине сетер поништава стандардну ДОЦТИПЕ или поље имовину,
Property Type,Тип некретнине,
Provider,Провајдер,
Provider Name,Име провајдера,
Public,Јавност,
Publish,Објави,
Published,Објављен,
Published On,Објављено Дана,
Pull from Google Calendar,Повуците из Гоогле календара,
Pull from Google Contacts,Повуците из Гоогле контаката,
Pulled from Google Calendar,Извлачено из Гоогле календара,
Pulled from Google Contacts,Извлачено из Гоогле контаката,
Purchase Manager,Куповина директор,
Purchase Master Manager,Куповина Мастер менаџер,
Purchase User,Куповина Корисник,
Purple,Љубичаста,
Push to Google Calendar,Притисните на Гоогле календар,
Push to Google Contacts,Притисните на Гоогле контакте,
Quarterly,Тромесечни,
Query,Питање,
Query / Script,Упит / скрипта,
Query Options,Упит Опције,
Query Report,Извештај упита,
Queued,Куеуед,
Quick Entry,Брзо Ступање,
RAW Information Log,РАВ информативни дневник,
Random,Случајно,
Rating,Оцењивање,
Raw Commands,Рав Цоммандс,
Raw Email,рав-маил,
Raw Printing,Равна штампа,
Read,Читати,
Read Only,Прочитајте само,
Read Only Depends On,Само за читање зависи,
Read Time,Читај време,
Read by Recipient,Читајте Реципиент,
Read by Recipient On,Прочитајте Реципиент Он,
Reason,Разлог,
Received,примљен,
Receiver By Document Field,Пријемник по пољу документа,
Receiver By Role,Пријемник по улози,
Receiver Parameter,Пријемник Параметар,
Recipient,Прималац,
Recipient Unsubscribed,Прималац је отказана,
Recipients,Примаоци,
Recorder,Диктафон,
Red,Црвен,
Redirect URI Bound To Auth Code,Редирецт УРИ Боунд То Аутх Цоде,
Redirect URIs,Редирецт УРИ,
Redirect URL,УРЛ за преусмеравање,
Ref DocType,Реф ДОЦТИПЕ,
Reference,Упућивање,
Reference Date,Референтни датум,
Reference DocName,Референце ДоцНаме,
Reference DocType,Референца ДоцТипе,
Reference Docname,Референтни ДоцНаме,
Reference Doctype,Референтни ДоцТипе,
Reference Document,Ознака документа,
Reference Document Name,Референтни назив документа,
Reference Document Type,Референтна Тип документа,
Reference Name,Референтно име,
Reference Owner,референце Власник,
Reference Report,Референтни извештај,
Reference Type,Референтни Тип,
Reference name,Референтни Име,
Referrer,Реферрер,
Refresh Google Sheet,Освежите Гоогле табелу,
Refresh Token,рефресх токен,
Rejected,Одбијен,
Relinked,Релинкед,
Reload,Релоад,
Remember Last Selected Value,Не заборавите последња изабрана вредност,
Reminder,Подсетник,
Repeat On,Поновите На,
Repeat Till,Поновите До,
Repeat on Day,Понављам на дан,
Repeat on Last Day of the Month,Поновите последњег дана у месецу,
Repeat this Event,Поновите овај догађај,
Replied,Одговорено,
Reply,Одговорити,
Report,Извештај,
Report Builder,Репорт Буилдер,
Report Column,Колона извештаја,
Report Description,Опис пријаве,
Report Filter,Филтер извештаја,
Report Filters,Репорт Филтери,
Report Hide,Извештај Сакриј,
Report Information,Информације о извештају,
Report Manager,Извештај директор,
Report Name,Име извештаја,
Report Reference Doctype,Извештај о референтном докторском типу,
Report Type,Врста извештаја,
Reports,Извештаји,
Represents a User in the system.,Представља корисника у систему.,
Represents the states allowed in one document and role assigned to change the state.,Заступа државе дозвољене у једном документу и улога додељена промијенити стање.,
Request Data,Захтевајте податке,
Request Structure,Захтева структура,
Request URL,Захтев УРЛ,
Requested Numbers,Тражени Бројеви,
Require Trusted Certificate,Захтевајте поуздану потврду,
Reset Password Key,Ресет Пассворд Кеи,
Response,Одговор,
Response Type,Тип одговора,
Restored,Обновљена,
Restrict IP,Забранити ИП,
Restrict To Domain,Ограничи на домену,
Restrict to Domain,Забранити Да домена,
Restrict user from this IP address only. Multiple IP addresses can be added by separating with commas. Also accepts partial IP addresses like (111.111.111),"Ограничите корисника из само ове ИП адресе. Вишеструки ИП адресе може се додати одвајањем са зарезима. Такође прихвата делимичне ИП адресе, као што су (111.111.111)",
Retry,Покушај поново,
Reverse Icon Color,Реверсе Ицон Цолор,
Revert,Вратити се,
Revert Of,Реверт Оф,
Reverted,Ревертед,
Review,Преглед,
Review Level,Ниво прегледа,
Review Levels,Нивои прегледа,
Review Points,Преглед бодова,
Revoked,Ревокед,
Rich Text,Богат Текст,
Right,Право,
Robots.txt,роботс.ткт,
Role,Улога,
Role Name,Улога Име,
Role Permission for Page and Report,Улога Дозвола за странице и,
Role Permissions,Роле Дозволе,
Role Permissions Manager,Роле Дозволе менаџер,
Role Profile,Улога профила,
Role and Level,Роль и уровень,
Roles,Улоге,
Roles Assigned,Улоге додељују,
Roles HTML,Улоге ХТМЛ,
Roles Html,Ролес Хтмл,
Round Robin,Разигравање,
Route,Рута,
Route History,Историја руте,
Route Redirects,Преусмери руте,
"Route: Example ""/desk""",Рута: Пример &quot;/ деск&quot;,
Row Index,Индекс редова,
Row Name,Име реда,
Rows Added,redovi додавања,
Rows Removed,redovi Уклоњена,
Rule,Правило,
Rule Conditions,Услови правила,
Rule Name,Назив правила,
Rules defining transition of state in the workflow.,Правила дефинишу транзицију државе у току посла.,
"Rules for how states are transitions, like next state and which role is allowed to change state etc.","Правила за колико су државе транзиције, као и наредно стање и који улога може да промени стање итд",
Rules with higher priority number will be applied first.,Прво ће се применити правила са већим приоритетом.,
Run Jobs only Daily if Inactive For (Days),Радите само свакодневно ако су неактивни (дани),
Run scheduled jobs only if checked,Покрени заказане послове само ако цхецкед,
S3 Backup Settings,С3 Бацкуп Сеттингс,
S3 Bucket Details,Детаљи о кашики С3,
SMS,СМС,
SMS Gateway URL,СМС Гатеваи УРЛ адреса,
SMS Log,СМС Пријава,
SMS Parameter,СМС Параметар,
SMS Settings,СМС подешавања,
SMTP Settings for outgoing emails,СМТП подешавања за одлазне поруке е-поште,
"SQL Conditions. Example: status=""Open""",СКЛ услови. Пример: Статус = &quot;Отвори&quot;,
SSL/TLS Mode,ССЛ / ТЛС режим,
Sales Manager,Менаџер продаје,
Sales Master Manager,Продаја Мастер менаџер,
Sales User,Продаја Корисник,
Salesforce,Салесфорце,
Salutation,Поздрав,
Sample,Узорак,
Saturday,Субота,
Save,сачувати,
Scheduled,Планиран,
Scheduled Job,Заказани посао,
Scheduled Job Log,Заказани дневник послова,
Scheduled Job Type,Заказана врста посла,
Scheduled To Send,Заказана за слање,
Scheduler Event,Догађај распоређивача,
Scope,Обим,
Scopes,сцопес,
Script,Скрипта,
Script Manager,Сцрипт Манагер,
Script Report,Скрипта извештај,
Script Type,Скрипта Врста,
Script to attach to all web pages.,Сцрипт да приложите свим веб страницама.,
Search Fields,Сеарцх Поља,
Search Priorities,Приоритети претраге,
Section,Одељак,
Section Break,Члан Пауза,
Security Settings,Безбедносне поставке,
Seen,Сеен,
Seen By,Виђено од,
Seen By Table,Види у табели,
Select,Одабрати,
Select Dashboard,Изаберите Дасхбоард,
Select Date Range,Изаберите Распон датума,
Select DocType,Изаберите ДОЦТИПЕ,
Select Doctype,Изаберите Доцтипе,
Select Transaction,Изаберите трансакцију,
Select an image of approx width 150px with a transparent background for best results.,Изаберите слику ширине 150пк ца са транспарентном позадином за најбоље резултате.,
Select the label after which you want to insert new field.,Изаберите ознаку након чега желите да убаците ново поље.,
Send After,Пошаљи После,
Send Alert On,Пошаљи упозорење на,
Send Email Alert,Пошаљи Емаил Алерт,
Send Email Print Attachments as PDF (Recommended),Пошаљи Емаил Принт прилоге као ПДФ (Рецоммендед),
Send Email for Successful Backup,Пошаљите е-пошту за успјешно сигурносно копирање,
Send Email for Successful backup,Пошаљите е-пошту за успјешну резервну копију,
Send Me A Copy of Outgoing Emails,Пошаљите ми копију Оутгоинг емаилс-а,
Send Notification To,Слање обавештења,
Send Notification to,Сенд Нотифицатион то,
Send Notifications For Documents Followed By Me,Пошаљите обавештења за документе које пратим,
Send Notifications For Email Threads,Пошаљите обавештења за нити е-поште,
Send Notifications To,Слање обавештења,
Send Print as PDF,Пошаљи Принт ас ПДФ,
Send System Notification,Пошаљите системско обавештење,
Send To All Assignees,Пошаљите свим примаоцима,
Send Unsubscribe Link,Пошаљи Унсубсцрибе Линк,
Send Welcome Email,Пошаљи Велцоме Емаил,
Send alert if date matches this field's value,Пошаљи упозорење ако датум утакмице вредност овог поља,
Send alert if this field's value changes,Пошаљи упозорење ако вредносне промене у овој области,
Send an email reminder in the morning,Пошаљи е-маил подсетник ујутру,
Send days before or after the reference date,Пошаљи дана пре или после референтног датума,
Send enquiries to this email address,Пошаљите питања на ову емаил адресу,
Send only if there is any data,Послати само ако постоји било каква подаци,
Send unsubscribe message in email,Послати одјаву поруку у е-маил,
Sender,Пошиљалац,
Sender Email,Емаил пошиљаоца,
Sender Name,Сендер Наме,
Sendgrid,Сендгрид,
Sending,Слање,
Sent,Сент,
Sent On,Послата,
Sent Read Receipt,Сент потврду читања,
Sent To,Послат,
Sent or Received,Послате или примљене,
Sent/Received Email,Послато / Примљено Е-пошта,
Separator,Сепаратор,
Sequence Id,Ид секвенце,
Series List for this Transaction,Серија Листа за ову трансакције,
Server Action,Акција сервера,
Server IP,Сервер ИП,
Server Script,Сервер Сцрипт,
Service,служба,
Session Default,Сессион Дефаулт,
Session Default Settings,Сессион Дефаулт Сеттингс,
Session Defaults,Задане поставке сесије,
Set Banner from Image,Поставите банер са слике,
"Set Default Options for all charts on this Dashboard (Ex: ""colors"": [""#d1d8dd"", ""#ff5858""])","Поставите подразумеване опције за све графиконе на овој контролној табли (Нпр .: &quot;боје&quot;: [&quot;# д1д8дд&quot;, &quot;# фф5858&quot;])",
Set New Password,Сет нову лозинку,
Set Property After Alert,Сет имовине након Алерт,
Set Role For,Сет улога,
Set Value,Сет Валуе,
Set non-standard precision for a Float or Currency field,Сет нестандардни прецизни за Флоат или Валута области,
Settings,Подешавања,
Settings Dropdown,Падајући мени за подешавања,
Settings for Contact Us Page,Подешавања за Контакт Паге,
Settings for the About Us Page,Подешавања за О нама Паге,
Setup,Намештаљка,
Setup Complete,Завершение установки,
Setup Wizard,Мастер установки,
Share,Објави,
Shared,схаред,
Shipping,Шпедиција,
Shop,Продавница,
Short Name,Кратко Име,
Shortcuts,Пречице,
Show Attachments,Прикажи додатке,
Show Dashboard,Прикажи контролну таблу,
Show Document,Прикажи документ,
Show Failed Logs,Прикажи неуспјеле записнике,
Show Form Tour,Схов Форм Тоур,
Show Full Error and Allow Reporting of Issues to the Developer,Схов Фулл Грешка и Дозволи извештавање о питањима у Девелопер,
Show Full Form?,Приказати пуни образац?,
Show Line Breaks after Sections,Схов линија Бреакс после члановима,
Show Percentage Stats,Прикажи процентуалну статистику,
Show Preview Popup,Прикажи Превиев Попуп,
Show Report,Прикажи извештај,
Show Section Headings,Схов Наслови,
Show Sidebar,Покажи Сидебар,
Show Title,Покажи Наслов,
Show as cc,Схов као цц,
Show full form instead of a quick entry modal,Прикажите пуни образац уместо модалитета за брзи унос,
Show in Module Section,Схов у Модуле члану,
Show in filter,Прикажи у филтеру,
Show percentage difference according to this time interval,Прикажи процентуалну разлику према овом временском интервалу,
"Show title in browser window as ""Prefix - title""",Покажи наслов у прозору прегледача као &quot;префикс - наслов&quot;,
Sidebar Items,Sidebar товары,
Sidebar Settings,Сидебар Подешавања,
Sidebar and Comments,Сидебар и Коментари,
Signature,Потпис,
"Simple Python Expression, Example: Status in (""Closed"", ""Cancelled"")","Једноставна Питхон Екпрессион, Пример: Статус у („Затворено“, „Отказано“)",
"Simple Python Expression, Example: Status in (""Invalid"")","Једноставна Питхон Екпрессион, Пример: Статус у („Неважећи“)",
"Simple Python Expression, Example: status == 'Open' and type == 'Bug'","Симпле Питхон Екпрессион, Екампле: статус == &#39;Опен&#39; и откуцајте == &#39;Буг&#39;",
Simultaneous Sessions,истовремених сесија,
Single Types have only one record no tables associated. Values are stored in tabSingles,Појединачне Врсте имају само један рекорд нема табеле повезане . Вредности се чувају у табСинглес,
Skip Authorization,Скип Овлашћење,
Skype,Скипе,
Slack,Слацк,
Slack Channel,Слацк Цханнел,
Slack Webhook URL,Слацк Вебхоок УРЛ,
Slideshow,Слидесхов,
Slideshow Items,Слидесхов Артикли,
Slideshow Name,Приказ Име,
Slideshow like display for the website,Слидесхов као дисплеј за сајт,
Small Text,Мала Текст,
Smallest Currency Fraction Value,Најмањи валута фракција Вредност,
Smallest circulating fraction unit (coin). For e.g. 1 cent for USD and it should be entered as 0.01,Најмањи циркулише део јединица (новчић). За пример 1 одсто за УСД и треба да буде уписан као 0.01,
Social,Друштвено,
Social Link Settings,Подешавања друштвене везе,
Social Link Type,Тип социјалне везе,
Social Login Key,Кључ друштвене пријаве,
Social Login Provider,Социал Логин Провидер,
Social Logins,Друштвена пријављивања,
Soft-Bounced,Мека-Боунцед,
Sort Field,Сортирај Поље,
Sort Order,сортировку,
Source,Извор,
Source Name,извор Име,
Source Text,Извор Текст,
Spam,Спам,
SparkPost,СпаркПост,
Standard,Стандард,
Standard Sidebar Menu,Стандард Сидебар Мену,
Start Date,Датум почетка,
Start Date Field,Поље почетног датума,
Start Time,Почетак Време,
StartTLS,СтартТЛС,
Started,Почело,
Starts on,Почиње на,
State,Држава,
State/Province,Држава / Покрајина,
States,Државе,
Static Parameters,Статички параметри,
Stats,Статистика,
Stats Time Interval,Статистика Временски интервал,
Status,Статус,
Step,Корак,
Steps,Кораци,
Stopped,Заустављен,
Stores the JSON of last known versions of various installed apps. It is used to show release notes.,Продавнице ЈСОН од последњих познатих верзија разних инсталираних апликација. Користи се да покаже релеасе нотес.,
Style,Стил,
Style Settings,Стиле Подешавања,
"Style represents the button color: Success - Green, Danger - Red, Inverse - Black, Primary - Dark Blue, Info - Light Blue, Warning - Orange","Стил представља дугме боју: Успех - зелени, опасности - Црвена, Инверсе - црна, Примарни - Тамно Плава, Инфо - светло плава, Упозорење - Оранге",
Stylesheet,Стилесхеет,
"Sub-currency. For e.g. ""Cent""",Под-валута. За пример &quot;цент&quot;,
Sub-domain provided by erpnext.com,Под-домена пружају ерпнект.цом,
Subdomain,Поддомен,
Subject,Предмет,
Subject Field,Предметно поље,
Submit,Поднети,
Submit After Import,Пошаљите после увоза,
Submitted,Поднет,
Subsidiary,Подружница,
Subtitle,Поднаслов,
Success,Успех,
Success Action,Акција успјеха,
Success Message,Успех Порука,
Success URL,Успех УРЛ адреса,
Sum,Сум,
Sunday,Недеља,
Symbol,Симбол,
Sync,Синхронизовати,
Sync with Google Calendar,Синхронизујте са Гоогле календаром,
Sync with Google Contacts,Синхронизујте са Гоогле контактима,
System,Систем,
System Console,Системска конзола,
System Manager,Систем менаџер,
System Notification,Обавештење о систему,
System Page,систем Паге,
System Settings,Систем Сеттингс,
System managers are allowed by default,Системски менаџери су подразумевано дозвољени,
Table,Табела,
Table Break,Прелом стола,
Table HTML,Табела ХТМЛ-,
Table MultiSelect,Табела МултиСелецт,
Tag,Ознака,
Tag Link,Таг Линк,
Target,Мета,
Tax Category,Пореска категорија,
Team Members,Чланови тима,
Team Members Heading,Чланови тима Хеадинг,
Template,Шаблон,
Template Options,Опције шаблона,
Template Warnings,Упозорења шаблона,
Text,Текст,
Text Align,Текст Поравнај,
Text Color,Боја текста,
Text Content,tekst Садржај,
Text Editor,Текст Уредник,
The name that will appear in Google Calendar,Име које ће се појавити у Гоогле календару,
The user from this field will be rewarded points,Кориснику из овог поља бит ће награђени бодови,
The webhook will be triggered if this expression is true,Вебхоок ће се покренути ако је овај израз тачан,
Theme,Тема,
Theme Configuration,Конфигурација теме,
Theme URL,УРЛ теме,
These values will be automatically updated in transactions and also will be useful to restrict permissions for this user on transactions containing these values.,Ове вредности ће бити аутоматски ажурирају у трансакцијама и такође ће бити корисно да ограничите дозволе за овог корисника о трансакцијама садрже ове вредности.,
Third Party Authentication,В-третьих Аутентификация партия,
This card will be available to all Users if this is set,Ова картица ће бити доступна свим корисницима ако је ово постављено,
This chart will be available to all Users if this is set,Овај графикон ће бити доступан свим корисницима ако је то постављено,
This format is used if country specific format is not found,Овај формат се користи ако земља специфична формат није пронађен,
This goes above the slideshow.,Ово иде изнад слајдова.,
This is an example Google SERP Preview.,Ово је пример Гоогле СЕРП Превиев.,
This is the number of the last created transaction with this prefix,То је број последње створеног трансакције са овим префиксом,
This will be shown in a modal after routing,Ово ће бити приказано у модалу након рутирања,
This will be shown to the user in a dialog after routing to the report,Ово ће бити приказано кориснику у дијалогу након усмеравања на извештај,
Thumbnail URL,Умањени УРЛ адреса,
Thursday,Четвртак,
Time,време,
Time Format,Формат времена,
Time Interval,Временски период,
Time Series,Временске серије,
Time Series Based On,Временска серија заснована на,
Time Zone,Временска зона,
Time Zones,Тиме зоне,
Time format,Формат времена,
Time in seconds to retain QR code image on server. Min:<strong>240</strong>,Време у секунди да задржите КР кодну слику на серверу. Мин: <strong>240</strong>,
Timeline,Временска линија,
Timeline DocType,тимелине ДОЦТИПЕ,
Timeline Field,тимелине polje,
Timeline Links,Временске везе,
Timeline Name,тимелине Име,
Timeseries,Временске серије,
Timespan,Временски распон,
Timestamp,Време,
Title,Наслов,
Title Field,Название поля,
Title Prefix,Наслов Префикс,
To,До,
To Date,За датум,
To Date Field,За датумско поље,
To and CC,То и КЗ,
"To use Slack Channel, add a <a href=""#List/Slack%20Webhook%20URL/List"">Slack Webhook URL</a>.","Да бисте користили Слацк Цханнел, додајте <a href=""#List/Slack%20Webhook%20URL/List"">УРЛ Слацк Вебхоок-а</a> .",
ToDo,ТоДо,
Token,знак,
Top,Врх,
Top Bar Item,Топ Бар шифра,
Top Bar Items,Топ Бар Артикли,
Topic,тема,
Total Subscribers,Укупно Претплатници,
Total number of emails to sync in initial sync process ,Укупан број е-маилова за синхронизацију у почетном процесу синхронизације,
Traceback,Трацебацк,
Track Changes,трацк Промене,
Track Email Status,Статус е-поште,
Track Field,Тркаће поље,
Track Seen,трацк Сеен,
Track Views,Прикази песама,
Track milestones for any document,Пратите прекретнице за било који документ,
Transaction Hash,Трансацтион Хасх,
Transaction Log,Дневник трансакције,
Transaction Log Report,Извештај о трансакцији,
Transition Rules,Транзициони Правила,
Transitions,Прелази,
Translatable,Транслатабле,
Translated Text,prevedeno Текст,
Translation,превод,
Trash,Смеће,
Tree,Дрво,
Tree structures are implemented using Nested Set,Дрвене структуре се имплементирају помоћу Нестед Сет-а,
Trigger Method,триггер Метод,
"Trigger on valid methods like ""before_insert"", ""after_update"", etc (will depend on the DocType selected)","Окидач са важећим методама као што су &quot;бефоре_инсерт&quot;, &quot;афтер_упдате&quot;, итд (зависи од ДОЦТИПЕ изабраног)",
Tuesday,Уторак,
Two Factor Authentication,Два факторска аутентикација,
Two Factor Authentication method,Два факторска аутентикацијска метода,
Type,Тип,
UID,? уид,
UIDNEXT,уиднект,
UIDVALIDITY,УИДВАЛИДИТИ је,
UNSEEN,НЕВИЂЕНО,
URL,УРЛ адреса,
URL for documentation or help,УРЛ за документацију или помоћ,
URL to go to on clicking the slideshow image,УРЛ на који идете кликом на слидесхов слику,
Unassign Condition,Одјавите стање,
Unhandled Email,Необрађени маил,
Unique,Јединствен,
Unread,непрочитан,
Unread Notification Sent,Унреад Обавештење Сент,
Unshared,недељив,
Unsubscribe Method,унсубсцрибе Метод,
Unsubscribe Param,унсубсцрибе парам,
Unsubscribed,Отказали,
Update,ажурирање,
Update Existing Records,Ажурирање постојећих записа,
Update Field,Упдате Фиелд,
Update Series Number,Упдате Број,
Update Settings,Подешавања ажурирања,
Update Value,Ажурирање вредности,
Updated,Ажурирано,
Uploaded To Dropbox,Преузето са Дропбок-ом,
Uploaded To Google Drive,Отпремљено на Гоогле диск,
Use % for any non empty value.,Користите% за било коју вредност која није празна.,
Use ASCII encoding for password,Користите АСЦИИ кодирање за лозинку,
Use IMAP,Користите ИМАП,
Use POST,Користите ПОСТ,
Use Report Chart,Користите графикон извештаја,
Use SSL,Користи ССЛ,
Use TLS,Користите тлс,
Use this fieldname to generate title,Користите ову ФИЕЛДНАМЕ да генерише титулу,
User,Усер,
User ,Корисник,
User Agent,Кориснички агент,
User Cannot Create,Корисник не може створити,
User Cannot Search,Корисник не можете претраживати,
User Defaults,Профил Дефаултс,
User Details,Детаљи о кориснику,
User Email,Корисник маил,
User Emails,усер Емаил,
User Field,Корисничко поље,
User ID,Кориснички ИД,
User ID Property,Усер ИД Проперти,
User ID of a Blogger,Корисник ИД неког Блоггер,
User Id,ИД корисник,
User Image,Корисник Слика,
User Name,Корисничко име,
User Permission,Корисник Дозвола,
User Profile,Профил корисника,
User Social Login,Кориснички социјални логин,
User Tags,Корисник Тагс:,
User Type,Тип корисника,
User can login using Email id or Mobile number,Корисник може пријавити преко Е-маил ИД или број мобилног,
User can login using Email id or User Name,Корисник се може пријавити користећи ИД е-поште или Корисничко име,
User must always select,Корисник мора увек изабрати,
Username,Korisničko ime,
Users,Усерс,
Users assigned to the reference document will get points.,Корисници додијељени референтном документу добит ће бодове.,
Valid,важи,
Validate Field,Потврди поље,
Validity,Рок важења,
Value,Вредност,
Value Based On,Вредност на основу,
Value Change,Вредност Промена,
Value Changed,Вредност Промењена,
Value To Be Set,Вредност за подешавање,
Value from this field will be set as the due date in the ToDo,Вредност из овог поља поставиће се као датум доспећа у обавези,
Value to Validate,Вредност за потврду,
Verdana,Вердана,
Verified,Проверено,
Version,версия,
Video URL,УРЛ видео снимка,
View,Погледај,
View Log,Погледај Дневник догађаја,
View Properties (via Customize Form),Погледајте некретнине (преко Цустомизе форми),
View Report,Погледај извештај,
View Settings,Погледај Подешавања,
View Website,Погледај Сајт,
Viewed By,Гледано од стране,
Visit,Посетити,
Warehouse,Магацин,
Warning,Упозорење,
Watch Video,Погледајте видео,
Web Form,Веб формулар,
Web Form Field,Веб формулар Поље,
Web Form Fields,Веб Форм Поља,
Web Page,Веб страна,
Web Page Block,Блок веб странице,
Web Page View,Приказ веб странице,
Web Template,Веб Темплате,
Web Template Field,Поље веб шаблона,
Web Template Values,Вредности веб шаблона,
Web View,веб Погледај,
Webhook,Вебхоок,
Webhook Data,Вебхоок Дата,
Webhook Header,Вебхоок Хеадер,
Webhook Headers,Вебхоок Хеадерс,
Webhook Request,Захтев за Вебхоок,
Webhook Secret,Вебхоок Сецрет,
Webhook Security,Сигурност за Вебхоок,
Webhook Trigger,Вебхоок Триггер,
Webhook URL,Вебхоок УРЛ,
Website,Вебсајт,
Website Analytics,Аналитика веб страница,
Website Manager,Сајт менаџер,
Website Meta Tag,Мета Таг веб странице,
Website Route Meta,Вебсите Роуте Мета,
Website Route Redirect,Преусмеравање веб странице,
Website Script,Сајт скрипте,
Website Settings,Сајт Подешавања,
Website Sidebar,Сајт Бочна трака,
Website Sidebar Item,Сајт Бочна трака артикла,
Website Slideshow,Сајт Слидесхов,
Website Slideshow Item,Сајт Слидесхов шифра,
Website Theme,Сајт Тема,
Website Theme Ignore App,Апликација за игнорисање теме веб странице,
Website Theme Image,Сајт Теме слика,
Website Theme Image Link,Сајт Теме слика Линк,
Wednesday,Среда,
Weekdays,Радним данима,
Weekly,Недељни,
Weekly Long,Недељно дуго,
Welcome Email Template,Шаблон е-поште добродошлице,
"When enabled this will allow guests to upload files to your application, You can enable this if you wish to collect files from user without having them to log in, for example in job applications web form.","Када је ово омогућено, гости ће моћи да додају датотеке у вашу апликацију, ово можете да омогућите ако желите да прикупљају датотеке од корисника, а да они не могу да се пријаве, на пример у веб обрасцу апликација за посао.",
Which view of the associated DocType should this shortcut take you to?,На који приказ повезаног ДоцТипе-а би требало да вас одведе ова пречица?,
Width,Ширина,
Wildcard Filter,Замена филтера,
"Will add ""%"" before and after the query",Додаће „%“ пре и после упита,
Will be used in url (usually first name).,Да ли ће се користити у урл (најчешће име).,
Will run scheduled jobs only once a day for inactive sites. Default 4 days if set to 0.,Изводиће заказане задатке само једном дневно за неактивне сајтове. Подразумевано 4 дана ако је подешено на 0.,
Workflow,Воркфлов,
Workflow Action,Воркфлов Акција,
Workflow Action Master,Воркфлов Акција Мастер,
Workflow Action Name,Воркфлов Акција Име,
Workflow Action is not created for optional states,Радња радног тока није креирана за опционална стања,
Workflow Document State,Воркфлов Документ држава,
Workflow Name,Воркфлов Име,
Workflow State,Воркфлов држава,
Workflow State Field,Воркфлов Држава Поље,
Workflow Transition,Воркфлов Транзиција,
Workflow state represents the current state of a document.,Процес рада држава представља тренутно стање документа.,
Write,Написати,
X Field,Кс Фиелд,
XLSX,клск,
Y Axis,И Акис,
Y Field,И Фиелд,
Yahoo Mail,Yahoo Mail,
Yandex.Mail,Иандек.Маил,
Year,Година,
Yearly,Годишње,
Yellow,Жута,
Yes,да,
Your organization name and address for the email footer.,Ваше име организација и адреса за е-фоотер.,
Zero means send records updated at anytime,Нула значи послати евиденцију ажурира у било ком тренутку,
_doctype,_доцтипе,
_report,_извештај,
adjust,подесити,
after_insert,афтер_инсерт,
align-center,алигн-центар,
align-justify,алигн оправдава,
align-left,алигн левом,
align-right,алигн-десно,
arrow-down,стрелица надоле,
arrow-left,стрелица налево,
arrow-right,стрелица десно,
arrow-up,арров-уп,
asterisk,звездица,
backward,уназад,
ban-circle,бан-круг,
barcode,баркод,
bell,звоно,
blue,Плави,
bold,смео,
book,књига,
bookmark,боокмарк,
briefcase,актенташна,
bullhorn,мегафона,
calendar,Календар,
camera,камера,
certificate,потврда,
check,Проверити,
chevron-down,Цхеврон-доле,
chevron-left,Цхеврон-лево,
chevron-right,Цхеврон-десно,
chevron-up,Цхеврон-уп,
circle-arrow-down,круг-стрелица надоле,
circle-arrow-left,круг-стрелица налево,
circle-arrow-right,круг-стрелица надесно,
circle-arrow-up,круг-уп арров,
cog,зубац,
comment,Коментирај,
darkgrey,тамно сива,
dd-mm-yyyy,дд-мм-гггг,
dd.mm.yyyy,дд.мм.гггг,
dd/mm/yyyy,дд / мм / гггг,
download,скачать,
download-alt,довнлоад-алт,
"e.g. ""Support"", ""Sales"", ""Jerry Yang""","нпр ""Суппорт "","" продаје "","" Џери Јанг """,
e.g. pop.gmail.com / imap.gmail.com,нпр поп.гмаил.цом / имап.гмаил.цом,
e.g. replies@yourcomany.com. All replies will come to this inbox.,нпр реплиес@иоурцомани.цом. Сви одговори ће доћи до овог инбок.,
e.g. smtp.gmail.com,нпр смтп.гмаил.цом,
edit,Едит,
eject,избацивати,
email,е-маил,
envelope,коверат,
exclamation-sign,узвик-знак,
eye-close,ока близу,
eye-open,ока отворити,
facebook,Фејсбук,
facetime-video,фацетиме-видео,
fairlogin,фаирлогин,
fast-backward,брзо назад,
fast-forward,брзо напред,
file,фајл,
film,филм,
filter,филтер,
fire,ватра,
flag,Флаг,
folder-close,фолдер затвори,
folder-open,фолдер отвори,
font,фонт,
forward,напред,
fullscreen,фуллсцреен,
gift,поклон,
glass,стакло,
globe,кугла,
green,зелен,
hand-down,рука-доле,
hand-left,рука-лево,
hand-right,рука-десна,
hand-up,рука-уп,
hdd,хдд,
headphones,слушалице,
heart,срце,
home,кућа,
icon,Ицон,
in minutes,за неколико минута,
inbox,инбок,
indent-left,индент-лево,
indent-right,индент-десно,
info-sign,инфо-знак,
italic,курзиван,
leaf,лист,
link,линк,
linkedin,линкедин,
list,листа,
list-alt,лист-алт,
lock,закључати,
magnet,магнет,
map-marker,мапа-маркера,
minus,минус,
minus-sign,минус-знак,
mm-dd-yyyy,мм-дд-гггг,
mm/dd/yyyy,мм / дд / ииии,
module,модул,
move,потез,
music,Мусиц,
no failed attempts,не неуспела покушаја,
off,искључен,
ok,у реду,
ok-circle,ок-круг,
ok-sign,ок-знак,
old_parent,олд_парент,
on_cancel,он_цанцел,
on_change,он_цханге,
on_submit,он_субмит,
on_trash,он_трасх,
on_update,он_упдате,
on_update_after_submit,он_упдате_афтер_субмит,
orange,поморанџа,
page,страна,
pause,паусе,
pencil,оловка,
picture,слика,
plane,авион,
play,игра,
play-circle,плеј-круг,
plus,плус,
plus-sign,плус потпише,
print,штампа,
purple,љубичаста,
qrcode,КРЦоде,
query-report,упит-извештај,
question-sign,питање-знак,
random,случајан,
red,црвено,
refresh,Освјежи,
remove,уклони,
remove-circle,ремове-круг,
remove-sign,ремове-сигн,
repeat,понављање,
resize-full,ресизе-фулл,
resize-horizontal,ресизе-хоризонтална,
resize-small,ресизе-смалл,
resize-vertical,ресизе-вертикална,
response,Респонсе,
retweet,ретвеет,
road,пут,
screenshot,сцреенсхот,
search,Претрага,
share,удео,
share-alt,Удео-алт,
shopping-cart,шопинг-колица,
signal,сигнал,
star,звезда,
star-empty,звезда празна,
step-backward,корак-назад,
step-forward,корак напред,
stop,зауставити,
tag,Надимак,
tags,ознаке,
tasks,Задаци,
text-height,текст-висина,
text-width,Текст ширине,
th,тх,
th-large,тх-велики,
th-list,ог листа,
thumbs-down,тхумбс-доле,
thumbs-up,тхумбс уп,
time,време,
tint,нијанса,
trash,отпад,
twitter,твиттер,
upload,отпремити,
user,Усер,
volume-down,звука доле,
volume-off,Обим-офф,
volume-up,звука се,
warning-sign,Упозорење-знак,
wrench,кључ,
yellow,жут,
yyyy-mm-dd,гггг-мм-дд,
zoom-in,зум-у,
zoom-out,одзумирај,
