"""Company History""",&quot;Företagets historia&quot;,
"""Team Members"" or ""Management""","""Gruppmedlemmar"" eller ""Ledning""",
&lt;head&gt; HTML,&lt;head&gt; HTML,
**Currency** Master,**Valuta** Ledare,
0 - Draft; 1 - Submitted; 2 - Cancelled,0 - Utkast; 1 - som överlämnas; 2 - Inställd,
0 is highest,0 är högst,
A list of resources which the Client App will have access to after the user allows it.<br> e.g. project,En lista över resurser som Kunden App kommer att ha tillgång till efter att användaren tillåter det. <br> t.ex. projektet,
A symbol for this currency. For e.g. $,En symbol för denna valuta. För t.ex. $,
A4,A4,
ALL,ALLT,
API,API,
API Access,API-åtkomst,
API Endpoint,API slutpunkt,
API Endpoint Args,API Endpoint Args,
API Key,API-nyckel,
API Method,API-metod,
API Secret,API Secret,
ASC,ASC,
About Us Settings,Om oss Inställningar,
About Us Team Member,Om oss - gruppmedlem,
Access Key ID,Åtkomstnyckel ID,
Access Key Secret,Access Key Secret,
Access Log,Åtkomstlogg,
Access Token,Tillträde token,
Access Token URL,Access-Token-URL,
Account,konto,
Accounts Manager,Account Manager,
Accounts User,Användare,
Action,Åtgärd,
Action / Route,Action / rutt,
Action Timeout (Seconds),Åtgärdstidsavbrott (sekunder),
Action Type,Åtgärdstyp,
Actions,Åtgärder,
Active,Aktiv,
Active Domains,Aktiva domäner,
Activity Log,Aktivitets Logg,
Add Container,Lägg till behållare,
Add Custom Tags,Lägg till anpassade taggar,
Add Gray Background,Lägg till grå bakgrund,
Add Signature,Lägg Signatur,
Add Total Row,Lägg till Totalt Rad,
Add Unsubscribe Link,Lägg avsägandelänken,
"Added HTML in the &lt;head&gt; section of the web page, primarily used for website verification and SEO","Inkom HTML i avsnittet &lt;head&gt; på webbsidan, i första hand används för webbplats verifiering och SEO",
Additional Permissions,Ytterligare behörigheter,
Address,Adress,
Address And Contacts,Adress och kontakter,
Address Line 1,Adress Linje 1,
Address Line 2,Adress Linje 2,
Address Template,Adress Mall,
Address Title,Adress Titel,
Address Type,Adresstyp,
Address and other legal information you may want to put in the footer.,Adress och annan juridisk information du kanske vill sätta i sidfoten.,
Addresses And Contacts,Adresser och Kontakter,
Adds a custom field to a DocType,Lägger till ett anpassat fält till en DocType,
Administrator,Administratör,
Advanced,Avancerad,
Advanced Control,Avancerad kontroll,
Advanced Settings,Avancerade inställningar,
After Cancel,Efter avbryt,
After Delete,Efter radering,
After Save,Efter spara,
After Save (Submitted Document),Efter spara (skickat dokument),
After Submit,Efter skicka,
Aggregate Function Based On,Samlad funktion baserad på,
Alert,Varna,
Align Labels to the Right,Rikta ut etiketterna till höger,
Align Right,Anpassa till höger,
All,Allt,
All Day,Hela Dagen,
Allocated To,Fördelas till,
Allot Points To Assigned Users,Tilldela poäng till tilldelade användare,
Allow,Tillåta,
Allow Auto Repeat,Tillåt automatisk upprepning,
Allow Bulk Edit,Tillåt Bulk Edit,
Allow Comments,Tillåt kommentarer,
Allow Consecutive Login Attempts ,Tillåt på varandra följande inloggningsförsök,
Allow Delete,Tillåt Radera,
Allow Dropbox Access,Tillåt Dropbox Tillgång,
Allow Guest,Tillåt gäst,
Allow Guest to View,Tillåta gäster att Visa,
Allow Guests to Upload Files,Låt gästerna ladda upp filer,
Allow Import (via Data Import Tool),Låt Import (via dataimport Tool),
Allow Incomplete Forms,Tillåt Ofullständiga Forms,
Allow Login After Fail,Tillåt inloggning efter misslyckande,
Allow Login using Mobile Number,Tillåt inloggning med mobilnummer,
Allow Login using User Name,Tillåt inloggning med användarnamn,
Allow Modules,Tillåt moduler,
Allow Print,Tillåt tryck~~POS=HEADCOMP,
Allow Print for Cancelled,Tillåt Print för Inställd,
Allow Print for Draft,Låt ut för Utkast,
Allow Read On All Link Options,Tillåt läsning på alla länkalternativ,
Allow Rename,Tillåt Ändra namn,
Allow Roles,Tillåt roller,
Allow Self Approval,Tillåt själv godkännande,
Allow approval for creator of the document,Tillåt godkännande för skaparen av dokumentet,
Allow document creation via Email,Tillåt skapande av dokument via e-post,
Allow events in timeline,Tillåt händelser i tidslinjen,
Allow in Quick Entry,Tillåt vid snabb inmatning,
Allow on Submit,Tillåt på Skicka,
Allow only one session per user,Tillåt bara en session per användare,
Allow page break inside tables,Tillåt sidbrytning inuti tabeller,
Allow saving if mandatory fields are not filled,Tillåt spara om obligatoriska fält inte fylls,
Allow user to login only after this hour (0-24),Tillåt användare att logga in först efter denna timme (0-24),
Allow user to login only before this hour (0-24),Tillåt användare att logga in endast innan denna timme (0-24),
Allowed,Tillåten,
Allowed In Mentions,Tillåts i omnämnanden,
"Always add ""Draft"" Heading for printing draft documents",Tillsätt alltid &quot;Utkast&quot; Rubrik för utskrift utkast,
Amend,Ändra,
Amended From,Ändrat Från,
An icon file with .ico extension. Should be 16 x 16 px. Generated using a favicon generator. [favicon-generator.org],En ikon fil med Ico förlängning. Bör vara 16 x 16 px. Alstras med användning av en favicon generator. [favicon-generator.org],
Analytics,Analytics,
Annual,Årlig,
Anonymous,Anonym,
Any string-based printer languages can be used. Writing raw commands requires knowledge of the printer's native language provided by the printer manufacturer. Please refer to the developer manual provided by the printer manufacturer on how to write their native commands. These commands are rendered on the server side using the Jinja Templating Language.,Alla strängbaserade skrivarspråk kan användas. Att skriva råa kommandon kräver kunskap om skrivarens modersmål som tillhandahålls av skrivartillverkaren. Se utvecklarhandboken som tillhandahålls av skrivartillverkaren om hur du skriver sina ursprungliga kommandon. Dessa kommandon återges på serversidan med hjälp av Jinja Templating Language.,
App,app,
App Access Key,App Tillgång Key,
App Client ID,App-klient-ID,
App Client Secret,App klienthemligheten,
App Name,App Namn,
App Secret Key,App Secret Key,
Append Emails to Sent Folder,Lägg till e-postmeddelanden till skickad mapp,
Append To,Bifoga Till,
Applicable For,Tillämplig för,
Application Logo,Applikationslogotyp,
Application Name,applikationsnamn,
Application Version,Applikationsversion,
Applied On,Används på,
Apply Document Permissions,Tillämpa dokumentbehörigheter,
Apply Only Once,Applicera endast en gång,
Apply Strict User Permissions,Ansök strikta användarbehörigheter,
Apply To All Document Types,Tillämpa alla dokumenttyper,
Apply this rule if the User is the Owner,Tillämpa denna regel om användaren är ägare,
Apply this rule only once per document,Tillämpa denna regel endast en gång per dokument,
Appreciation,Uppskattning,
Archived,Arkiveras,
Arial,Arial,
Assign Condition,Tilldela skick,
Assign To Users,Tilldela användare,
Assigned,delad,
Assigned By,Tilldelats av,
Assigned By Full Name,Uppdragsgivare Fullständigt namn,
Assignment,Uppdrag,
Assignment Completed,uppdrag Avslutade,
Assignment Days,Uppdragsdagar,
Assignment Rule,Uppdragsregel,
Assignment Rule Day,Tilldelningsregeldag,
Assignment Rule User,Tilldelningsregelanvändare,
Assignment Rules,Tilldelningsregler,
Assignments,Uppgifter,
Attach,Fäst,
Attach Image,Bifoga bild,
Attach Print,Fäst utskrift,
Attached File,Bifogad fil,
Attached To DocType,Bifogad till DocType,
Attached To Field,Bifogad till fält,
Attached To Name,Bifogad till Namn,
Attachment,Bifogning,
Attachment Limit (MB),Gränds för bilagor (MB),
Attachment Link,Bilagelänk,
Attachment Removed,fastsättning Bort,
Attachments,Bilagor,
Auth URL Data,Auth URL-data,
Authentication,autentisering,
Author,Författare,
Authorization Code,Behörighetskod,
Authorize API Indexing  Access,Auktorisera API-indexeringsåtkomst,
Authorize Google Calendar Access,Auktorisera Google Kalenderåtkomst,
Authorize Google Contacts Access,Auktorisera åtkomst till Google-kontakter,
Authorize Google Drive Access,Auktorisera åtkomst till Google Drive,
Authorize URL,Godkänn webbadress,
Authorized,auktoriserad,
Auto,Bil,
Auto Email Report,Auto E-postrapport,
Auto Name,Auto Namn,
Auto Repeat,Auto Repeat,
Auto Reply Message,Autosvar Meddelande,
Automatically Assign Documents to Users,Tilldela dokument automatiskt till användare,
Automation,Automatisering,
Avatar,Avatar,
Average,Medel,
Awaiting Password,Väntar på lösenord,
Awaiting password,Inväntar Lösenord,
BCC,BCC,
Background Color,Bakgrundsfärg,
Background Workers,Arbeten i bakgrunden,
Backup Details,Säkerhetskopieringsdetaljer,
Backup Files,Backup filer,
Backup Folder ID,Mapp-ID för säkerhetskopia,
Backup Folder Name,Säkerhetskopimappens namn,
Backup Frequency,Frekvens på säkerhetskopiering,
Backup public and private files along with the database.,Säkerhetskopiera offentliga och privata filer tillsammans med databasen.,
Backups,Säkerhetskopior,
Banner,Banner,
Banner HTML,Banner HTML,
Banner Image,Banner bild,
Banner is above the Top Menu Bar.,Banner är ovanför den övre menyraden.,
Bar,Bar,
Barcode,Streckkod,
Base Distinguished Name (DN),Bas Distinguished Name (DN),
Base URL,Basadress,
Based On,Baserat På,
Based on Field,Baserat på fält,
Based on Permissions For User,Baserat på Behörigheter för användare,
Basic,Grundläggande,
Before Cancel,Innan du avbryter,
Before Delete,Innan radera,
Before Insert,Innan du sätter i,
Before Save,Innan du sparar,
Before Save (Submitted Document),Innan du sparar (inlämnat dokument),
Before Submit,Innan du skickar in,
Beginner,Nybörjare,
Beta,Beta,
Billing,Fakturering,
Bio,Bio,
Birth Date,Födelsedag,
Block Module,Block Modul,
Block Modules,Blockmoduler,
Blocked,Blockerad,
Blog Category,Blogg Kategori,
Blog Intro,Blogg Intro,
Blog Introduction,Blogg Inledning,
Blog Post,Blogginlägg,
Blog Settings,Blogginställningar,
Blog Title,Bloggrubrik,
Blogger,Blogger,
Blue,Blå,
Bold,Djärv,
Bot,Bot,
Bottom,Botten,
Bounced,Studsade,
Brand,Märke,
Brand HTML,Märke HTML,
Brand Image,Märke Bild,
Breadcrumbs,Breadcrumbs,
Browser,Webbläsare,
Browser Version,Webbläsarversion,
Brute Force Security,Brute Force Security,
Bucket Name,Skopnamn,
Bulk Update,Bulk Update,
Button,Knapp,
Button Gradients,Knapplutningar,
Button Rounded Corners,Knapp rundade hörn,
Button Shadows,Knappskuggor,
Bypass Restricted IP Address Check If Two Factor Auth Enabled,Omgå begränsad IP-adress Kontrollera om tvåfaktorsautentisering är aktiverad,
Bypass Two Factor Auth for users who login from restricted IP Address,Bypass Two Factor Auth för användare som loggar in från en begränsad IP-adress,
Bypass restricted IP Address check If Two Factor Auth Enabled,Bypass-begränsad IP-adresskontroll om två faktorer är aktiverade,
CC,CC,
CSS,CSS,
CSS Class,CSS-klass,
CSV,CSV,
CTA Label,CTA-etikett,
CTA URL,CTA-URL,
Calendar,Kalender,
Calendar Name,Kalendernamn,
Calendar View,Kalendervy,
Call,Ring,
Call To Action,Uppmaning till handling,
Call To Action URL,URL till uppmaning till åtgärd,
Callback Message,Återuppringningsmeddelande,
Callback Title,Återuppringningstitel,
Campaign,Kampanj,
Cancel,Avbryt,
Cancelled,Inställt,
Card,Kort,
Cards,kort,
Category,Kategori,
Category Description,kategori Beskrivning,
Category Name,Kategorinamn,
Center,Centrum,
Chaining Hash,Chaining Hash,
Change Label (via Custom Translation),Ändra Label (via Custom Translation),
Change Password,Byt lösenord,
Channel,kanalisera,
Chart,Diagram,
Chart Configuration,Diagramkonfiguration,
Chart Name,Diagramnamn,
Chart Options,Diagramalternativ,
Chart Source,Diagramkälla,
Chart Type,Diagramtyp,
Charts,diagram,
Chat,Chatta,
Check,Kontrollera,
Check this if you want to force the user to select a series before saving. There will be no default if you check this.,Markera det här om du vill tvinga användaren att välja en serie innan du sparar. Det blir ingen standard om du kontrollera detta.,
Checking this will hide custom doctypes and reports cards in Links section,Om du markerar detta döljs anpassade dokumenttyper och rapportkort i avsnittet Länkar,
Checksum Version,Checksum Version,
Child Tables are shown as a Grid in other DocTypes,Barntabeller visas som ett rutnät i andra DocTypes,
Choose authentication method to be used by all users,Välj autentiseringsmetod som används av alla användare,
City,Stad,
City/Town,Stad / Town,
Clicked,Klickade,
Client,Klient,
Client Code,Kundkod,
Client Credentials,klient Credentials,
Client ID,Klient ID,
Client Information,Klientinformation,
Client Script,Klientskript,
Client Secret,Kundhemlighet,
Client URLs,Klientadresser,
Close Condition,Nära skick,
Closed,Stängt,
Code,Kod,
Collapsible,Hopfällbar,
Collapsible Depends On,Hopfällbar Beror på,
Color,Färg,
Column Break,Spaltbrytning,
Column Name,Spaltnamn,
Columns,kolumner,
Columns / Fields,Kolumner / fält,
Comment,Kommentar,
Comment By,Kommentar av,
Comment Email,Kommentar E-post,
Comment Type,Kommentar Typ,
Comments and Communications will be associated with this linked document,Kommentarer och kommunikation kommer att förknippas med detta länkade dokument,
Commit,Begå,
Communication,Kommunikation,
Communication Link,Kommunikationslänk,
Communication Type,kommunikations Type,
Compact Item Print,Kompakt Produkttryck,
Company History,Företagets historia,
Company Introduction,Företaget Inledning,
Company Name,Företagsnamn,
Complete,Komplett,
Completed,Avslutade,
Component,Komponent,
Condition,Tillstånd,
Conditions,Betingelser,
Configuration,Konfiguration,
Confirmation Email Template,Bekräftelsemall,
Console,Trösta,
Console Log,Konsollogg,
Contact,Kontakt,
Contact Details,Kontaktuppgifter,
Contact Email,Kontakt E-Post,
Contact Numbers,Kontaktnummer,
Contact Phone,Kontakt Telefon,
Contact Us Settings,Kontakta oss inställningar,
"Contact options, like ""Sales Query, Support Query"" etc each on a new line or separated by commas.","Kontaktalternativ, som ""Försäljningsfrågor, Supportfrågor"" etc på en ny rad eller separerade med kommatecken.",
Contacts,Kontakter,
Content,Innehåll,
Content (HTML),Innehåll (HTML),
Content (Markdown),Innehåll (Markdown),
Content Hash,Innehålls /,
Content Type,Typ av innehåll,
Context,Sammanhang,
Context Script,Kontextskript,
Contributed,Bidrog,
Contribution Document Name,Bidragets dokumentnamn,
Contribution Status,Bidragsstatus,
Copyright,Copyright,
Core,Kärna,
Count,Räkna,
Count Filter,Räkna filter,
Counter,Disken,
Country,Land,
Country Name,Land Namn,
County,Grevskap,
Create,Skapa,
Create Contacts from Incoming Emails,Skapa kontakter från inkommande e-post,
Create Entry,Skapa post,
Create Log,Skapa logg,
Create and Send Newsletters,Skapa och skicka nyhetsbrev,
Created,Skapad,
Criticism,Kritik,
Cron,cron,
Cron Format,Cron-format,
Currency,Valuta,
Currency Name,Valuta Namn,
Currency Precision,Valutak precision,
Current,Nuvarande,
Custom,Anpassad,
Custom Base URL,Anpassad basadress,
Custom CSS,Anpassad CSS,
Custom Configuration,Anpassad konfiguration,
Custom DocPerm,Anpassad DocPerm,
Custom Field,Anpassat fält,
Custom Format,Anpassad Format,
Custom HTML Help,Custom HTML Help,
Custom Menu Items,Anpassade menyalternativ,
Custom Options,Anpassade alternativ,
Custom Overrides,Anpassade åsidosättningar,
Custom Report,Anpassad rapport,
Custom Role,anpassad roll,
Custom SCSS,Anpassad SCSS,
Custom Sidebar Menu,Custom Sidebar Menu,
Custom?,Anpassad?,
Customization,anpassning,
Customize Form,Anpassa Formulär,
Customize Form Field,Anpassa formulärfält,
DESC,DESC,
Daily,Dagligen,
Daily Long,Dagligen lång,
Danger,Fara,
Dark Color,Mörk färg,
Dashboard,instrumentbräda,
Dashboard Chart,Översikt över instrumentpanelen,
Dashboard Chart Field,Dashboard Chart Field,
Dashboard Chart Link,Dashboard-diagramlänk,
Dashboard Chart Source,Källa för instrumentpanel,
Dashboard Manager,Dashboard Manager,
Dashboard Name,Dashbordets namn,
Dashboard Settings,Instrumentpanelinställningar,
Dashboards,instrumentpaneler,
Data,Data,
Data Export,Data Export,
Data Import,Dataimport,
Database Engine,databasmotorn,
Date,Datum,
Date Format,Datumformat,
Date Range,Datumintervall,
Date and Number Format,Datum och numeriskt format,
Datetime,Datum Tid,
Day,Dag,
Day of Week,Dag i veckan,
Days After,Dagar Efter,
Days Before,Dagar innan,
Days Before or After,Dagar före eller efter,
Default,Standard,
Default Incoming,Standard Inkommande,
Default Letter Head,Standard Brev,
Default Outgoing,Standardutgående,
Default Portal Home,Standardportalhem,
Default Print Format,Standardutskriftsformat,
Default Print Language,Standardutskriftsspråk,
Default Redirect URI,Default Omdirigering URI,
Default Role at Time of Signup,Standard roll vid Tid för Registrera,
Default Sort Field,Standard sorteringsfält,
Default Sort Order,Standard sorteringsordning,
Default Value,Standardvärde,
"Default: ""Contact Us""",Standard: &quot;Kontakta oss&quot;,
DefaultValue,Standardvärde,
Defaults,Standard,
Defines actions on states and the next step and allowed roles.,Definierar åtgärder för stater och nästa steg och tillåtna roller.,
Defines workflow states and rules for a document.,Definierar arbetsflödes status och regler för ett dokument.,
Delayed,Försenad,
Delete,Radera,
Deleted,Raderad,
Deleted DocType,raderade DocType,
Deleted Document,raderade dokument,
Deleted Name,raderade Namn,
Delivery Status,Leveransstatus,
Department,Avdelning,
Dependencies,beroenden,
Depends On,Beror På,
Description,Beskrivning,
"Description for listing page, in plain text, only a couple of lines. (max 200 characters)","Beskrivning för listningssida, i vanlig text, bara ett par rader. (max 200 tecken)",
Designation,Beteckning,
Desk,Skrivbord,
Desk Access,skrivbord Tillgång,
Desktop Icon,Skrivbordsikon,
Details,Detaljer,
"Different ""States"" this document can exist in. Like ""Open"", ""Pending Approval"" etc.","Olika ""Tillstånd"" som det här dokumentet kan existera i. T.ex. ""Öppen"", ""I väntan på godkännande"" etc.",
Digits,Siffror,
Disable Auto Refresh,Inaktivera automatisk uppdatering,
Disable Comments,Inaktivera kommentarer,
Disable Count,Inaktivera Count,
Disable SMTP server authentication,Inaktivera SMTP-serververifiering,
Disable Sidebar Stats,Inaktivera sidofältstatistik,
Disable Signup,Inaktivera Registrering,
Disable Standard Email Footer,Inaktivera Standard Epost Sidfot,
Disabled,Inaktiverad,
Display,Visa,
Display Depends On,Visas beror på,
Doc Event,Doc Event,
Doc Events,Doc händelser,
Doc Status,Doc Status,
DocField,DocField,
DocPerm,DocPerm,
DocShare,DocShare,
DocType,DocType,
DocType Action,DocType-åtgärd,
DocType Event,DocType-händelse,
DocType Link,DocType-länk,
DocType View,DocType-vy,
DocType is a Table / Form in the application.,DocType är en tabell / Form i ansökan.,
DocType on which this Workflow is applicable.,DocType som denna Workflow är tillämplig.,
Doctype,Doctype,
Document,Dokument,
Document Actions,Dokumentåtgärder,
Document Follow,Dokumentfölj,
Document Link,Dokumentlänk,
Document Links,Dokumentlänkar,
Document Name,Dokumentnamn,
Document Naming Rule,Dokumentnamnregel,
Document Naming Rule Condition,Dokumentnamnregelvillkor,
Document Share,Dokumentdelning,
Document Share Report,Dokument Dela Rapport,
Document States,Dokument Tillstånd,
Document Tag,Dokumentetikett,
Document Title,Dokument titel,
Document Type,Dokumentstyp,
Document Type to Track,Dokumenttyp som ska spåras,
Document Types,Dokumenttyper,
Documentation Link,Dokumentationslänk,
Documentation URL,Dokumentations-URL,
Domain,Domän,
Domain Settings,Domain Settings,
Domains HTML,Domäner HTML,
"Don't HTML Encode HTML tags like &lt;script&gt; or just characters like &lt; or &gt;, as they could be intentionally used in this field","Inte HTML Koda HTML-taggar som &lt;script&gt; eller bara tecken som &lt;eller&gt;, eftersom de kan användas avsiktligt i detta område",
Don't Override Status,Inte Åsido Status,
Don't Send Emails,Skicka inte e-postmeddelanden,
Donut,Munk,
Download Backups,Hämta säkerhetskopior,
Download Template,Hämta mall,
Dropbox Access Token,Dropbox Access Token,
Dropbox Settings,Dropbox Inställningar,
Dropdowns,Nedgångar,
Due Date,Förfallodatum,
Due Date Based On,Förfallodatum baserad på,
Duration,Varaktighet,
Dynamic Filters,Dynamiska filter,
Dynamic Filters JSON,Dynamiska filter JSON,
Dynamic Filters Section,Avsnitt för dynamiska filter,
Dynamic Link,Dynamisk Länk,
Dynamic Report Filters,Dynamiska rapportfilter,
Dynamic Route,Dynamisk rutt,
Dynamic Template,Dynamisk mall,
Edit,Redigera,
Edit Values,Redigera värden,
Editable Grid,redigerbar Grid,
Eg. smsgateway.com/api/send_sms.cgi,T.ex. smsgateway.com/api/send_sms.cgi,
Email,E-post,
Email Account,Email Konto,
Email Account Name,E-postkonto Namn,
Email Address,E-postadress,
Email Address whose Google Contacts are to be synced.,E-postadress vars Google-kontakter ska synkroniseras.,
Email Addresses,Mejladresser,
Email Domain,e-postdomän,
Email Flag Queue,E-post flagga Queue,
Email Footer Address,Email Sidfot Adress,
Email Group,E-postgrupp,
Email Group Member,E-post Grupp medlemmar,
Email ID,E-post ID,
Email IDs,E-post Ids,
Email Id,E-post-ID,
Email Inbox,E-post inkorg,
Email Queue,email Kö,
Email Queue Recipient,E-post Kö Mottagare,
Email Queue records.,E-post Queue poster.,
Email Reply Help,Email Svar Hjälp,
Email Rule,Email Rule,
Email Sent,Email Skickat,
Email Settings,E-postinställningar,
Email Signature,E-post Underskrift,
Email Status,E-post Status,
Email Sync Option,Email Sync Option,
Email Template,E-postmall,
Email To,E-post till,
Email Unsubscribe,E-post Avsluta,
Emails will be sent with next possible workflow actions,E-postmeddelanden skickas med nästa möjliga arbetsflödesåtgärd,
Enable,Gör det möjligt,
Enable Auto Reply,Aktivera autosvar,
Enable Automatic Backup,Aktivera automatisk säkerhetskopiering,
Enable Automatic Linking in Documents,Aktivera automatisk länk i dokument,
Enable Comments,Aktivera Kommentarer,
Enable Email Notifications,Aktivera e-postmeddelanden,
Enable Google Indexing,Aktivera Google-indexering,
Enable In App Website Tracking,Aktivera spårning av appwebbplatser,
Enable Incoming,Aktivera inkommande,
Enable Onboarding,Aktivera ombordstigning,
Enable Outgoing,Aktivera Utgående,
Enable Password Policy,Aktivera lösenordspolicy,
Enable Print Server,Aktivera skrivarservern,
Enable Raw Printing,Aktivera råutskrift,
Enable Scheduled Jobs,Aktivera schemalagda jobb,
Enable Security,Aktivera säkerhet,
Enable Social Login,Aktivera social inloggning,
Enable Social Sharing,Aktivera social delning,
Enable Two Factor Auth,Aktivera två faktorer auth,
Enabled,Aktiverat,
End Date,Slutdatum,
End Date Field,Fältet Slutdatum,
Endpoint URL,Slutpunkts-URL,
Endpoints,endpoints,
Ends on,Slutar om,
Energy Point,Energipunkt,
Energy Point Log,Energipunktlogg,
Energy Point Rule,Energipunktregel,
Energy Point Settings,Energipunktinställningar,
Energy Points,Energipoäng,
Enter Form Type,Ange Formulärtyp,
"Enter default value fields (keys) and values. If you add multiple values for a field, the first one will be picked. These defaults are also used to set ""match"" permission rules. To see list of fields, go to ""Customize Form"".","Ange fält standardvärde ( nycklar ) och värden. Om du lägger till flera värden för ett fält , kommer den första plockas . Dessa standardvärden används också för att ställa in "" motsvarande "" behörighetsregler. För att se en lista över områden , gå till "" Anpassa Form"" .",
"Enter static url parameters here (Eg. sender=ERPNext, username=ERPNext, password=1234 etc.)","Ange statiska url parametrar här (T.ex.. Avsändare = ERPNext, användarnamn = ERPNext, lösenord = 1234 mm)",
Enter url parameter for message,Ange url parameter för meddelande,
Enter url parameter for receiver nos,Ange url parameter för mottagaren,
Error,Fel,
Error Log,Felloggen,
Error Message,Felmeddelande,
Event,Händelse,
Event Category,Händelsekategori,
Event Participants,Evenemangsdeltagare,
Event Type,Händelsetyp,
Everyone,Alla,
"Ex: ""colors"": [""#d1d8dd"", ""#ff5858""]","Ex: &quot;färger&quot;: [&quot;# d1d8dd&quot;, &quot;# ff5858&quot;]",
Example,Exempel,
"Example: ""/desk""",Exempel: &quot;/ skrivbord&quot;,
Example: #Tree/Account,Exempel: # Träd / konto,
Example: 00001,Exempel: 00001,
Example: {{ subject }},Exempel: {{subject}},
Excel,Excel,
Exception,Undantag,
Execute,Kör,
Expert,Expert,
Expiration time,förfallotid,
Expire Notification On,Löpa ut Bekräftelse På,
Expired,Utgånget,
Expires In,Går ut om,
Expires On,Går ut den,
Expiry time of QR Code Image Page,Utgångstid för QR-kodens bildsida,
Export,Export,
Export From,Exportera från,
Expose Recipients,utsätta mottagare,
"Expression, Optional","Expression, Valfri",
Facebook,Facebook,
Failed,Misslyckades,
FavIcon,FavIcon,
Fax,Fax,
Featured,Utvalda,
Feedback,Respons,
Feedback Request,Feedback Request,
Fetch From,Hämta från,
Field,Fält,
Field Description,Fält Beskrivning,
Field Name,Fältnamn,
Field To Check,Fält som ska kontrolleras,
Field Type,Fält Typ,
"Field that represents the Workflow State of the transaction (if field is not present, a new hidden Custom Field will be created)","Fältet som representerar arbetsflödets status på transaktionen (om fältet inte finns, ett nytt dolt  Fält kommer att skapas)",
Field to Track,Fält att spåra,
Fieldname,Fältnamn,
Fields,Fält,
Fields Multicheck,Fält Multicheck,
"Fields separated by comma (,) will be included in the ""Search By"" list of Search dialog box","Fält separerade med kommatecken (,) kommer att ingå i &quot;Sök efter&quot; lista över dialogrutan Sök",
Fieldtype,Fieldtype,
File,Fil,
File Backup,Filbackup,
File Information,Filinformation,
File Name,Filnamn,
File Size,Fil-Storlek,
File Type,Filtyp,
File URL,Fil URL,
Files,filer,
Filter Data,Filtrera data,
Filter List,Filterlista,
Filter Meta,Filter Meta,
Filter Name,Filternamn,
Filter Values,Filtrera värden,
Filters,Filter,
Filters Configuration,Filterkonfiguration,
Filters Display,filter Display,
Filters JSON,Filter JSON,
Filters Section,Filtersektion,
"Filters will be accessible via <code>filters</code>. <br><br>Send output as <code>result = [result]</code>, or for old style <code>data = [columns], [result]</code>","Filter är tillgängliga via <code>filters</code> .<br><br> Skicka utdata som <code>result = [result]</code> , eller för gammal stildata <code>data = [columns], [result]</code>",
Finished,Färdiga,
First Name,Förnamn,
First Success Message,Första framgångsbudskapet,
Flag,Flagga,
Float,Flyta,
Float Precision,Flytprecision,
Fold,Vika,
Folder,Mapp,
Font,Font,
Font Properties,Egenskaper för teckensnitt,
Font Size,Textstorlek,
Fonts,typsnitt,
Footer,Footer,
Footer HTML,Sidfot HTML,
Footer Items,Footer artiklar,
Footer Logo,Sidfotlogotyp,
Footer Template,Sidfotmall,
Footer Template Values,Sidvärden för sidfotmallar,
Footer will display correctly only in PDF,Sidfot visas bara korrekt i PDF,
For DocType Link / DocType Action,För DocType-länk / DocType-åtgärd,
For Document Event,För dokumenthändelse,
For User,för användare,
For Value,För värde,
For example: {} Open,Till exempel: {} Öppna,
"For help see <a href=""https://frappeframework.com/docs/user/en/guides/portal-development/web-forms"" target=""_blank"">Client Script API and Examples</a>","För hjälp se <a href=""https://frappeframework.com/docs/user/en/guides/portal-development/web-forms"" target=""_blank"">Client Script API och exempel</a>",
"For more information, <a class=""text-muted"" href=""https://erpnext.com/docs/user/manual/en/setting-up/email/linking-emails-to-document"">click here</a>.","För mer information, <a class=""text-muted"" href=""https://erpnext.com/docs/user/manual/en/setting-up/email/linking-emails-to-document"">klicka här</a> .",
Force,Tvinga,
Force Show,force Visa,
Force User to Reset Password,Tvinga användaren att återställa lösenordet,
Form Settings,Forminställningar,
Form URL-Encoded,Formulär URL-kodad,
Format,Formatera,
Format Data,Format Data,
Forward To Email Address,Framåt Till e-postadress,
Fraction,Fraktion,
Fraction Units,Bråk Enheter,
Frappe,Frappe,
Frequency,Frekvens,
Friday,Fredag,
From,Från,
From Date,Från Datum,
From Date Field,Från datumfält,
From Full Name,Från Fullständigt namn,
From User,Från användare,
Full,Full,
Full Name,Fullständigt Namn,
Full Width,Full bredd,
Function,Fungera,
GMail,GMail,
Gantt,Gantt,
Gender,Kön,
Generate Keys,Generera nycklar,
Geo,Geo,
Geolocation,Geolocation,
Get Contacts,Hämta kontakter,
Get your globally recognized avatar from Gravatar.com,Hämta en globalt erkänd avatar från Gravatar.com,
Git Branch,Git-gren,
GitHub,GitHub,
Global Search DocType,Global sökning DocType,
Global Search Settings,Inställningar för global sökning,
Global Unsubscribe,Globalt Avanmälan,
Go to Page,Gå till sidan,
Google,Google,
Google Analytics Anonymize IP,Google Analytics anonymiserar IP,
Google Analytics ID,Google Analytics-ID,
Google Calendar,Google Kalender,
Google Calendar Event ID,Google Kalenderhändels ID,
Google Calendar ID,Google Kalender-ID,
Google Contacts,Google-kontakter,
Google Contacts Id,Google-kontakter-id,
Google Drive,Google Drive,
Google Font,Google Font,
Google Settings,Google-inställningar,
Google Snippet Preview,Google förhandsgranskning,
Grant Type,Grant Typ,
Green,Grön,
Group,Grupp,
Group By,Grupp av,
Group By Based On,Grupp efter baserat på,
Group By Type,Gruppera efter typ,
Guest,Gäst,
HH:mm,HH: mm,
HH:mm:ss,HH: mm: ss,
HTML,html,
HTML Editor,HTML Editor,
HTML Page,HTML-sida,
HTML for header section. Optional,HTML för huvudsektionen. Valfritt,
Half,Halv,
Half Yearly,Halvår,
Half-yearly,HALVÅRS-,
Has  Attachment,har Attachment,
Has Domain,Har domän,
Has Role,har Role,
Has Web View,Har Webbvy,
Header,Header,
Header HTML,Header HTML,
Header and Breadcrumbs,Sidhuvud och brödsmulor,
Headers,rubriker,
Heading,Rubrik,
Heatmap,Värmekarta,
Help,Hjälp,
Help Article,Hjälp artikel,
Help Articles,Hjälpartiklar,
Help Category,Hjälp Kategori,
Help Dropdown,Hjälp Dropdown,
Help HTML,Hjälp HTML,
Helvetica,Helvetica,
Hidden,Dold,
Hide,Dölj,
Hide Block,Dölj Block,
Hide Border,Dölj gräns,
Hide CTA,Dölj CTA,
Hide Copy,Dölj Kopiera,
Hide Custom DocTypes and Reports,Dölj anpassade dokumenttyper och rapporter,
Hide Days,Göm dagar,
Hide Footer Signup,Dölj Sidfot Registrera,
Hide Login,Dölj inloggning,
Hide Seconds,Göm sekunder,
Hide Standard Menu,Dölja standardmenyn,
Hide footer in auto email reports,Dölj sidfot i automatisk e-postrapporter,
High,Hög,
Higher priority rule will be applied first,Regeln med högre prioritet tillämpas först,
Highlight,Markera,
Home,Hem,
Home Page,Hemsida,
Home Settings,Heminställningar,
Hourly,Varje timme,
Hourly Long,Varje timme,
Hourly rate limit for generating password reset links,Timgräns för att skapa länkar för återställning av lösenord,
"How should this currency be formatted? If not set, will use system defaults","Hur ska denna valuta formateras? Om inte satt, kommer systemet som standard",
ID (name) of the entity whose property is to be set,ID (namn) på den enhet vars egendom ska ställas in,
IP Address,IP-adress,
Icon,Ikon,
Icon will appear on the button,Ikon visas på knappen,
Identity Details,Identitetsdetaljer,
Idx,idx,
"If Apply Strict User Permission is checked and User Permission is defined for a DocType for a User, then all the documents where value of the link is blank, will not be shown to that User","Om Använd Strikt användarbehörighet är markerad och användarbehörighet definierad för en DocType för en användare, visas inte alla dokument där värdet på länken är tomt visas för den användaren",
If Checked workflow status will not override status in list view,Om markerad arbetsflödesstatus inte kommer att åsidosätta status i listvy,
"If Icon is set, it will be shown instead of Label",Om Ikon är inställd visas den istället för Etikett,
"If checked, all other workflows become inactive.","Om markerad, blir alla andra arbetsflöden inaktiveras.",
"If checked, users will not see the Confirm Access dialog.",Om markerad kommer användarna inte se dialogrutan Bekräfta Access.,
"If disabled, this role will be removed from all users.","Om inaktiverat, kommer denna roll tas bort från alla användare.",
"If enabled,  user can login from any IP Address using Two Factor Auth, this can also be set for all users in System Settings",Om det är aktiverat kan användaren logga in från vilken IP-adress som helst med hjälp av tvåfaktoraut. Detta kan också ställas in för alla användare i Systeminställningar,
"If enabled, all users can login from any IP Address using Two Factor Auth. This can also be set only for specific user(s) in User Page",Om det är aktiverat kan alla användare logga in från vilken IP-adress som helst med hjälp av Two Factor Auth. Detta kan också ställas in endast för specifika användare i användarsidan,
"If enabled, changes to the document are tracked and shown in timeline",Om det är aktiverat spåras ändringar i dokumentet och visas i tidslinjen,
"If enabled, document views are tracked, this can happen multiple times","Om det är aktiverat spåras dokumentvyer, detta kan hända flera gånger",
"If enabled, the document is marked as seen, the first time a user opens it",Om det är aktiverat markeras dokumentet som sett första gången en användare öppnar det,
"If enabled, the notification will show up in the notifications dropdown on the top right corner of the navigation bar.",Om det är aktiverat kommer meddelandet att visas i rullgardinsmenyn för meddelanden i det övre högra hörnet av navigeringsfältet.,
"If enabled, the password strength will be enforced based on the Minimum Password Score value. A value of 2 being medium strong and 4 being very strong.",Om det är aktiverat kommer lösenordsstyrkan att verkställas baserat på värdet Minsta lösenordsvärde. Ett värde av 2 är medelstarkt och 4 är väldigt starkt.,
"If enabled, users who login from Restricted IP Address, won't be prompted for Two Factor Auth","Om det är aktiverat, kommer användare som loggar in från Begränsad IP-adress inte att uppmanas till Two Factor Auth",
"If enabled, users will be notified every time they login. If not enabled, users will only be notified once.",Om det är aktiverat kommer användarna att få ett meddelande varje gång de loggar in. Om det inte är aktiverat kommer användarna bara att få ett meddelande en gång.,
If non standard port (e.g. 587),Om icke standard port (t.ex. 587),
"If non standard port (e.g. 587). If on Google Cloud, try port 2525.","Om ej standardport (t.ex. 587). Om du använder Google Cloud, försök port 2525.",
"If non-standard port (e.g. POP3: 995/110, IMAP: 993/143)","Om icke-standardport (t.ex. POP3: 995/110, IMAP: 993/143)",
"If not set, the currency precision will depend on number format","Om den inte är inställd, kommer valutak precisionen att bero på nummerformat",
"If the user has any role checked, then the user becomes a ""System User"". ""System User"" has access to the desktop",Om användaren har någon roll kontrolleras då användaren blir en &quot;systemanvändare&quot;. &quot;Systemanvändare&quot; har tillgång till skrivbordet,
If user is the owner,Om användaren är ägare,
"If you set this, this Item will come in a drop-down under the selected parent.","Om du ställer in detta, kommer denna produkt kommer i en drop-down under den valda föräldern.",
"If your data is in HTML, please copy paste the exact HTML code with the tags.","Om dina data är i HTML, vänligen kopiera klistra in exakt HTML-kod med taggarna.",
Ignore User Permissions,Ignorera användarbehörigheter,
Ignore XSS Filter,Ignorera XSS Filter,
Ignore attachments over this size,Ignorera bifogade filer över denna storlek,
Ignored Apps,Ignorerade appar,
Image,Bild,
Image Field,bildfält,
Image Link,Bildlänk,
Implicit,Implicit,
Import,Import,
Import File,Importera fil,
Import File Errors and Warnings,Importera filfel och varningar,
Import Log,Import logg,
Import Log Preview,Förhandsvisning av importlogg,
Import Preview,Importera förhandsvisning,
Import Type,Importtyp,
Import Warnings,Importvarningar,
Import from Google Sheets,Importera från Google Sheets,
In Days,I dagar,
In Filter,I Filtrera,
In Global Search,I Global Sök,
In List View,I lista,
In Preview,I förhandsgranskning,
In Reply To,Som svar på,
In Standard Filter,I Standardfilter,
In points. Default is 9.,I punkterna. Standard är 9.,
In seconds,Inom sekunder,
Inbox,Inkorg,
Inbox User,Inkorgen användare,
Include Search in Top Bar,Inkludera Sök i Top Bar,
Include Web View Link in Email,Skicka dokument Web View-länk i e-post,
Index,Index,
Index Web Pages for Search,Indexera webbsidor för sökning,
Indexing Authorization Code,Kod för indexeringstillstånd,
Indexing Refresh Token,Indexering Uppdatera token,
Indicator,Indikator,
Indicator Color,Indikatorfärg,
Info,Info,
Initial Sync Count,Initial Sync Count,
InnoDB,InnoDB,
Insert After,Infoga Efter,
Insert New Records,Infoga nya poster,
Insert Style,Infoga stil,
Installed Application,Installerad applikation,
Installed Applications,Installerade applikationer,
Int,Int,
Integration Request,integration Request,
Integrations,Integrationer,
Integrations can use this field to set email delivery status,Integrationer kan använda det här fältet för att ställa in e-postleverans status,
Interests,Intressen,
Intermediate,Mellanliggande,
Internal record of document shares,Intern dokumentation av dokument aktier,
Introduce your company to the website visitor.,Presentera ditt företag för webbplatsbesökare.,
Introduction,Introduktion,
Introductory information for the Contact Us Page,Inledande information för Kontakta oss,
Invalid,Ogiltig,
Inverse,Invers,
Is Active,Är Aktiv,
Is Attachments Folder,Är Bilagor mapp,
Is Billing Contact,Är faktureringskontakt,
Is Child Table,Är Undertabell,
Is Complete,Är komplett,
Is Completed,Är klart,
Is Custom Field,Är Anpassatfält,
Is Default,Är standard,
Is Folder,Är Mapp,
Is Home Folder,Är Home Folder,
Is Mandatory Field,Är Obligatoriskt fält,
Is Optional State,Är valfritt tillstånd,
Is Primary,Är primär,
Is Primary Contact,Är Primär kontaktperson,
Is Primary Mobile,Är primär mobil,
Is Primary Phone,Är primär telefon,
Is Private,Är Privat,
Is Public,Är offentlig,
Is Published Field,Publiceras Field,
Is Single,Är singel,
Is Skipped,Hoppas över,
Is Spam,är Spam,
Is Standard,Är Standard,
Is Submittable,Är Skickad,
Is Table,är Table,
Is Tree,Är träd,
Is Unique,Är unik,
Is Your Company Address,Är ditt Företag Adress,
Item Label,Varumärke,
Item Type,Objekttyp,
JS,JS,
JSON,JSON,
JSON Request Body,JSON begärande organ,
JavaScript,JavaScript,
JavaScript Format: frappe.query_reports['REPORTNAME'] = {},JavaScript Format: frappe.query_reports [&#39;rapportnamn&#39;] = {},
Javascript,Javascript,
Jinja,Jinja,
Kanban,Kanban,
Kanban Board,Kanban Board,
Kanban Board Column,Kanban styrelse Column,
Kanban Board Name,Kanban Board Namn,
Keep track of all update feeds,Håll koll på alla uppdateringsfeeds,
Keeps track of all communications,Håller reda på all kommunikation,
Key,Nyckel,
Keyboard Shortcuts,Tangentbordsgenvägar,
Knowledge Base Contributor,Kunskap Base Skribent,
Knowledge Base Editor,Knowledge Base Editor,
LDAP Email Field,LDAP Email Field,
LDAP First Name Field,LDAP fältet Förnamn,
LDAP Group,LDAP-grupp,
LDAP Group Field,LDAP-gruppfält,
LDAP Group Mapping,LDAP-gruppkartläggning,
LDAP Group Mappings,LDAP-gruppkartläggningar,
LDAP Last Name Field,Fältet LDAP Efternamn,
LDAP Middle Name Field,LDAP Mellannamnfält,
LDAP Mobile Field,LDAP mobilfält,
LDAP Phone Field,LDAP-telefonfält,
LDAP Search String,LDAP-sökning String,
LDAP Security,LDAP-säkerhet,
LDAP Server Url,LDAP-server webbadress,
LDAP Settings,LDAP-inställningar,
LDAP User Creation and Mapping,LDAP-användare skapande och kartläggning,
LDAP Username Field,LDAP fältet Användarnamn,
Label,Etikett,
Label Help,Etikett Hjälp,
Label and Type,Etikett och typ,
Landing Page,Landningssida,
Language,Språk,
Language Code,språkkod,
Language Name,språk Namn,
Last Active,Senast aktiv,
Last Backup On,Senaste säkerhetskopiering på,
Last Execution,Senast körning,
Last IP,Senast IP,
Last Known Versions,Sista kända versioner,
Last Login,Senaste inloggning,
Last Month,Förra månaden,
Last Name,Efternamn,
Last Password Reset Date,Sista datum för återställning av lösenord,
Last Point Allocation Date,Senast tilldelningsdatum,
Last Quarter,Sista kvartalet,
Last Sync On,Senast synkroniserad,
Last Synced On,Senast synkroniserad,
Last User,Senaste användaren,
Last Week,Förra veckan,
Last Year,Förra året,
Lead Conversion Time,Lead Conversion Time,
Leaderboard,leaderboard,
Leave blank to repeat always,Lämna tomt för att upprepa alltid,
Ledger,Huvudbok,
Left,Vänster,
Legal,Rättslig,
Length,Längd,
Letter,Brev,
Letter Head,Brev,
Letter Head Based On,Brevhuvud baserat på,
Letter Head Image,Brevhuvudbild,
Letter Head Name,Brev Namn,
Letter Head in HTML,Brev i HTML,
Level,Nivå,
Level Name,Nivånamn,
License,Licens,
Light Color,Ljus färg,
Like,Tycka om,
Likes,Gillar,
Limit,Begränsa,
Limit Number of DB Backups,Begränsa antalet DB-säkerhetskopior,
Line,Linje,
Link,Länk,
Link Cards,Länkkort,
Link DocType,länk DocType,
Link Document Type,Länka dokumenttyp,
Link Fieldname,Länk Fältnamn,
Link Name,länk Namn,
Link Title,Link Title,
Link To,Länk till,
Link to the page you want to open. Leave blank if you want to make it a group parent.,Länk till den sida du vill öppna. Lämna tomt om du vill göra det till ett gruppledare.,
Linked,Kopplat,
Linked Documents,Länkade dokument,
Links,Länkar,
List,Lista,
List Filter,Lista filter,
List Settings,Listinställningar,
List View Settings,Listvy-inställningar,
"List as [{""label"": _(""Jobs""), ""route"":""jobs""}]","Lista som [{ &quot;label&quot;: _ ( &quot;jobb&quot;), &quot;route&quot;: &quot;jobb&quot;}]",
List of patches executed,Lista över körda patchar,
Load Balancing,Lastbalansering,
Location,Läge,
Log,Logga,
Log Data,Logga data,
Log Setting User,Logginställare,
Log Settings,Logginställningar,
Login,Logga In,
Login After,Inloggning Efter,
Login Before,Logga in Innan,
Login Required,Inloggning krävs,
Logo Width,Logotypens bredd,
Logout,Logga Ut,
Logout All Sessions on Password Reset,Logga ut alla sessioner vid återställning av lösenord,
Logout From All Devices After Changing Password,Logga ut från alla enheter efter att du har bytt lösenord,
Long Text,Längre text,
Low,Låg,
Main Section,Huvud Avsnitt,
Main Section (HTML),Huvudavsnitt (HTML),
Main Section (Markdown),Huvudsektion (Markdown),
Maintenance Manager,Underhållschef,
Maintenance User,Serviceanvändare,
"Make ""name"" searchable in Global Search",Gör &quot;namn&quot; sökbara i Global sökning,
Mandatory,Obligatorisk,
Mandatory Depends On,Obligatorisk beror på,
Map route parameters into form variables. Example <code>/project/&lt;name&gt;</code>,Kartlägg ruttparametrar i formvariabler. Exempel <code>/project/&lt;name&gt;</code>,
Markdown,Markdown,
Markdown Editor,Markdown Editor,
Marked As Spam,Markerats som skräppost,
Max 500 records at a time,Max 500 poster åt gången,
Max Attachment Size (in MB),Max Bilaga Storlek (i MB),
Max Attachments,Max Bilagor,
Max Length,Maxlängd,
Max Value,max Värde,
Maximum,Maximal,
Maximum Number of Fields,Maximalt antal fält,
Maximum Points,Maximal poäng,
Medium,Medium,
Meeting,Möte,
Mention,Nämna,
Mentions,nämner,
Message,Meddelande,
Message (HTML),Meddelande (HTML),
Message (Markdown),Meddelande (Markdown),
Message Examples,Meddelande Exempel,
Message ID,meddelande-ID,
Message Parameter,Meddelande Parameter,
Message-id,Meddelande-id,
Meta Description,Meta Beskrivning,
Meta Image,Metabild,
Meta Tags,Metataggar,
Meta Title,Metatitel,
Method,Metod,
Middle Name,Mellannamn,
Milestone,Milstolpe,
Milestone Tracker,Milestone Tracker,
Minimum,Minimum,
Minimum Password Score,Minsta lösenordsresultat,
Mobile No,Mobilnummer,
Module,Modul,
Module Def,Modul Def,
Module Name,Modul Namn,
Module Onboarding,Module Onboarding,
Modules HTML,Moduler HTML,
Monday,Måndag,
Monospace,Monospace,
Monthly,Månadsvis,
Monthly Long,Månadslångt,
More Information,Mer information,
More content for the bottom of the page.,Mer innehåll för botten av sidan.,
Multiplier Field,Multiplikatorfält,
Must be a publicly accessible Google Sheets URL,Måste vara en allmänt tillgänglig Google Sheets URL,
"Must be of type ""Attach Image""",Måste vara av typen &quot;Bifoga bild&quot;,
Mute Sounds,Mute Sounds,
MyISAM,MyISAM,
Name,namn,
Naming,Namge,
Naming Series,Namge Serien,
Navbar,Navbar,
Navbar Item,Navbar-artikel,
Navbar Settings,Navbar-inställningar,
Navbar Template,Navbar-mall,
Navbar Template Values,Navbar mallvärden,
New,Ny,
New Name,Nytt namn,
New value to be set,Nytt värde som ska ställas in,
Newsletter,Nyhetsbrev,
Newsletter Email Group,Nyhetsbrev E-post Group,
Newsletter Manager,Nyhetsbrevsansvarig,
Next Action Email Template,Nästa åtgärds e-postmall,
Next Actions HTML,Nästa åtgärd HTML,
Next Schedule Date,Nästa schemaläggningsdatum,
Next State,Nästa Status,
Next Sync Token,Nästa synkroniseringstoken,
No,Nej,
No Copy,Ingen Kopiering,
No of Requested SMS,Antal Begärd SMS,
No of Rows (Max 500),Antal rader (Max 500),
No of Sent SMS,Antal skickade SMS,
Non Negative,Ej negativ,
None,Ingen,
Not Sent,Inte Skickade,
Note,Notera,
Note Seen By,Note ses av,
Note: By default emails for failed backups are sent.,Obs! Som standard skickas e-postmeddelanden för misslyckade säkerhetskopior.,
"Note: For best results,  images must be of the same size and width must be greater than height.",Obs: För bästa resultat måste bilderna ha samma storlek och bredd måste vara större än höjden.,
Note: Multiple sessions will be allowed in case of mobile device,Obs: Flera sessioner kommer att tillåtas i fall av mobil enhet,
Notification,Underrättelse,
Notification Log,Meddelande logg,
Notification Recipient,Meddelande Mottagare,
Notification Settings,Meddelandeinställningar,
Notification Subscribed Document,Meddelande Prenumererat dokument,
Notifications,anmälningar,
Notifications and bulk mails will be sent from this outgoing server.,Meddelanden och bulk post kommer att sändas från denna utgående server.,
Notify Users On Every Login,Meddela användare på varje inloggning,
Notify by Email,Meddela via e-post,
Notify by email,Meddela via e-post,
Notify if unreplied,Meddela om obesvarade,
Notify if unreplied for (in mins),Meddela om Obesvarade för (i minuter),
Notify users with a popup when they log in,Meddela användare med en popup när de loggar in,
Number Card,Nummerkort,
Number Card Link,Nummerkortlänk,
Number Cards,Nummerkort,
Number Format,Antal Format,
Number of Backups,Antal säkerhetskopior,
Number of DB Backups,Antal DB-säkerhetskopior,
Number of Groups,Antal grupper,
Number of columns for a field in a Grid (Total Columns in a grid should be less than 11),Antal kolumner för ett fält i ett rutnät (Totalt kolumner i ett rutnät bör vara mindre än 11),
Number of columns for a field in a List View or a Grid (Total Columns should be less than 11),Antal kolumner för ett fält i en lista eller ett rutnät (Totalt kolumner bör vara mindre än 11),
OAuth Authorization Code,OAuth behörighetskod,
OAuth Bearer Token,OAuth Bearer Token,
OAuth Client,OAuth-klient,
OAuth Client ID,OAuth-klient-ID,
OAuth Provider Settings,OAuth Provider Inställningar,
OTP App,OTP App,
OTP Issuer Name,OTP-utgivarens namn,
Off,Av,
Office,Kontors,
Office 365,Kontor 365,
Older backups will be automatically deleted,Äldre säkerhetskopior tas bort automatiskt,
On Hold,Placerad i kö,
Onboarding Permission,Ombordstigningstillstånd,
Onboarding Step,Ombordsteg,
Onboarding Step Map,Ombordstegskarta,
"Once submitted, submittable documents cannot be changed. They can only be Cancelled and Amended.",När de har skickats in kan inte skickbara dokument ändras De kan bara avbrytas och ändras.,
Only Allow Edit For,Endast Tillåt Redigera för,
Only Send Records Updated in Last X Hours,Skicka endast poster som uppdaterades under senaste X timmarna,
Open,Öppen,
Open Documents,Öppna dokument,
Open Reference Document,Öppna referensdokument,
Open URL in a New Tab,Öppna URL i en ny flik,
Open a dialog with mandatory fields to create a new record quickly,Öppna en dialogruta med obligatoriska fält för att snabbt skapa en ny post,
Opened,Öppnade,
Operation,Funktion,
Optional: Always send to these ids. Each Email Address on a new row,Tillval: Skicka alltid dessa ids. Varje e-postadress på en ny rad,
Optional: The alert will be sent if this expression is true,Tillval: Larmet kommer att skickas om detta uttryck är sant,
Options,Val,
Options Help,Alternativ Hjälp,
Orange,Orange,
Order,Beställa,
Org History,Org Historik,
Org History Heading,Org Historik Rubrik,
Other,Annat,
Outlook.com,Outlook.com,
Output,Produktion,
PDF Page Size,PDF-sidstorlek,
PDF Settings,PDF-inställningar,
Page,Sida,
Page Break,Sidbrytning,
Page Builder,Sidbyggare,
Page Building Blocks,Sidans byggstenar,
Page HTML,Page HTML,
Page Name,Sidnamn,
Page Settings,Sidinställningar,
Parameter,Parameter,
Parent Field (Tree),Förälderfält (träd),
Parent Label,Överordnad märkning,
Partial Success,Delvis framgång,
Participants,Deltagare,
Passive,Passiv,
Password,Lösenord,
Password Reset Link Generation Limit,Lösenord Återställ länkgenereringsgräns,
Password for Base DN,Lösenord för Base DN,
Patch,Patch,
Patch Log,Patch logg,
Path,Väg,
Path to CA Certs File,Sökväg till CA Certs-fil,
Path to Server Certificate,Sökväg till servercertifikat,
Path to private Key File,Sökväg till privat nyckelfil,
Pending,Väntar,
Pending Approval,Väntar på godkännande,
Pending Verification,Väntar på verifiering,
Percent,Procent,
Percentage,Procentsats,
Period,Period,
Perm Level,Perm Nivå,
Permanent,Permanent,
Permission Level,Behörighetsnivå,
Permission Rules,Behörighetsregler,
Permissions,Behörigheter,
Permitted Documents For User,Tillåtna dokument för användare,
Personal,Personligt,
Personal Data Deletion Request,Begäran om radering av personuppgifter,
Personal Data Download Request,Begäran om nedladdning av personuppgifter,
Phone,Telefon,
Phone No.,Telefonnr.,
Phone Number,Telefonnummer,
Pie,Paj,
Pincode,Pinkod,
Plant,Fastighet,
Point Allocation Periodicity,Punkttilldelning Periodicitet,
Points,Points,
Port,Port,
Portal Menu,portal Menu,
Portal Menu Item,Portal Menyobjekt,
Portal Settings,Portal Settings,
Position,Placera,
Postal,Post,
Postal Code,Postkod,
Precision,Precision,
Preferred Billing Address,Önskad faktureringsadress,
Preferred Shipping Address,Önskad leveransadress,
Prefix,Prefix,
Prepared Report,Förberedd rapport,
Prepared Report User,Förberedd rapportanvändare,
Preview,Förhandsgranska,
Preview HTML,Förhandsgranska HTML,
Preview Message,Förhandsgranska meddelande,
Previous Hash,Föregående Hash,
Primary,Primär,
Primary Color,Grundfärg,
Print,Skriva ut,
Print Format,Utskriftsformat,
Print Format Builder,Utskriftsformat Builder,
Print Format Help,Utskriftsformat Hjälp,
Print Format Type,Utskriftsformat Typ,
Print Hide,Göm utskrift,
Print Hide If No Value,Skriv Hide om inget värde,
Print Server,Skrivarserver,
Print Settings,Utskriftsinställningar,
Print Style,Utskriftsformat,
Print Style Name,Skriv ut stilnamn,
Print Style Preview,Se utskriftsformat,
Print UOM after Quantity,Skriv UOM efter kvantitet,
Print Width,Utskriftsbredd,
"Print Width of the field, if the field is a column in a table","Utskriftsbredd på fältet, om fältet är en kolumn i en tabell",
Print taxes with zero amount,Skriv ut skatter med nollbelopp,
Print with letterhead,Skriv ut med brevhuvud,
Printer Name,Skrivarnamn,
Printing,Tryckning,
Priority,Prioritet,
Private,Privat,
ProTip: Add <code>Reference: {{ reference_doctype }} {{ reference_name }}</code> to send document reference,Protip: Lägg <code>Reference: {{ reference_doctype }} {{ reference_name }}</code> för att skicka dokument referens,
Property,Fastighet,
Property Depends On,Fastigheten beror på,
Property Setter,Fastighetsförmedlare,
Property Setter overrides a standard DocType or Field property,Fastighetsförmedlare åsidosätter en vanlig DocType eller fält egendom,
Property Type,Fastighets typ,
Provider,provider,
Provider Name,Leverantörens namn,
Public,Offentlig,
Publish,Publicera,
Published,Publicerad,
Published On,Publicerad den,
Pull from Google Calendar,Dra från Google Kalender,
Pull from Google Contacts,Dra från Google-kontakter,
Pulled from Google Calendar,Dras från Google Kalender,
Pulled from Google Contacts,Dras från Google-kontakter,
Purchase Manager,Inköpsansvarig,
Purchase Master Manager,Inköpschef,
Purchase User,Inköpsanvändare,
Purple,Lila,
Push to Google Calendar,Tryck till Google Kalender,
Push to Google Contacts,Tryck till Google-kontakter,
Quarterly,Kvartals,
Query,Query,
Query / Script,Fråga / skript,
Query Options,Fråge Alternativ,
Query Report,Frågo Rapport,
Queued,I kö,
Quick Entry,Snabbinmatning,
RAW Information Log,RAW-informationslogg,
Random,Slumpmässig,
Rating,Betyg,
Raw Commands,Råa kommandon,
Raw Email,Raw Email,
Raw Printing,Rå utskrift,
Read,Läs,
Read Only,Endast läs,
Read Only Depends On,Läs bara beror på,
Read Time,Lästid,
Read by Recipient,Läs av mottagare,
Read by Recipient On,Läs av mottagaren,
Reason,Anledning,
Received,Mottagna,
Receiver By Document Field,Mottagare med dokumentfält,
Receiver By Role,Mottagare efter roll,
Receiver Parameter,Mottagare Parameter,
Recipient,Mottagare,
Recipient Unsubscribed,Mottagare otecknade,
Recipients,mottagare,
Recorder,Recorder,
Red,Röd,
Redirect URI Bound To Auth Code,Omdirigering URI bundet till Auth Code,
Redirect URIs,omdirigera URI,
Redirect URL,omdirigeringsadress,
Ref DocType,Ref DocType,
Reference,Referens,
Reference Date,Referensdatum,
Reference DocName,Referens DocName,
Reference DocType,Referens DocType,
Reference Docname,Referens DocName,
Reference Doctype,Referens DocType,
Reference Document,referensdokument,
Reference Document Name,Referensdokumentnamn,
Reference Document Type,Referensdokument Typ,
Reference Name,referens namn,
Reference Owner,referens Ägare,
Reference Report,Referensrapport,
Reference Type,Referens Typ,
Reference name,Referensnamn,
Referrer,Hänvisare,
Refresh Google Sheet,Uppdatera Google Sheet,
Refresh Token,Uppdatera Token,
Rejected,Avvisad,
Relinked,Relinked,
Reload,Ladda om,
Remember Last Selected Value,Minns förra valt värde,
Reminder,Påminnelse,
Repeat On,Upprepa på,
Repeat Till,Upprepa Till,
Repeat on Day,Upprepa på dagen,
Repeat on Last Day of the Month,Upprepa på månadens sista dag,
Repeat this Event,Upprepa detta evenemang,
Replied,Svarade,
Reply,Svar,
Report,Rapport,
Report Builder,Rapportgenerator,
Report Column,Rapportera kolumn,
Report Description,Rapportbeskrivning,
Report Filter,Rapportera filter,
Report Filters,rapportfilter,
Report Hide,Dölj rapport,
Report Information,Rapportera information,
Report Manager,Rapportansvarig,
Report Name,Rapportera Namn,
Report Reference Doctype,Rapportera referensdoktyp,
Report Type,Rapporttyp,
Reports,rapporter,
Represents a User in the system.,Representerar en användare i systemet.,
Represents the states allowed in one document and role assigned to change the state.,Representerar tillstånd som tillåts i ett dokument och roll som att ändra tillståndet.,
Request Data,Förfrågningsuppgifter,
Request Structure,Begär struktur,
Request URL,Begär webbadress,
Requested Numbers,Begärda nummer,
Require Trusted Certificate,Kräv Trusted Certificate,
Reset Password Key,Återställ lösenord Nyckel,
Response,Svar,
Response Type,Typ av svar,
Restored,Återställd,
Restrict IP,Begränsa IP,
Restrict To Domain,Begränsa till domänen,
Restrict to Domain,Begränsa till domänen,
Restrict user from this IP address only. Multiple IP addresses can be added by separating with commas. Also accepts partial IP addresses like (111.111.111),Begränsa användaren endast från denna IP adress. Flera IP-adresser kan läggas till genom att separera med kommatecken. Dessutom accepterar delvis IP-adresser som (111.111.111),
Retry,Försök igen,
Reverse Icon Color,Omvänd Ikon Färg,
Revert,Återgå,
Revert Of,Återgå till,
Reverted,åter,
Review,Recension,
Review Level,Granskningsnivå,
Review Levels,Granska nivåer,
Review Points,Granska poäng,
Revoked,återkallats,
Rich Text,Rich Text,
Right,Höger,
Robots.txt,robots.txt,
Role,Roll,
Role Name,Rollnamn,
Role Permission for Page and Report,Roll Tillstånd för sida och rapport,
Role Permissions,Roll Behörigheter,
Role Permissions Manager,Behörighetsansvarig,
Role Profile,Rollprofil,
Role and Level,Roll och nivå,
Roles,Roller,
Roles Assigned,Roller avsatta,
Roles HTML,Roller HTML,
Roles Html,Roller Html,
Round Robin,Runda Robin,
Route,Rutt,
Route History,Rutthistorik,
Route Redirects,Ruttomdirigeringar,
"Route: Example ""/desk""",Rutt: Exempel &quot;/ skrivbord&quot;,
Row Index,Radindex,
Row Name,Radnamn,
Rows Added,rader läggas,
Rows Removed,rader Bort,
Rule,Regel,
Rule Conditions,Regelvillkor,
Rule Name,Regelnamn,
Rules defining transition of state in the workflow.,Regler som definierar övergångsstatusen i arbetsflödet.,
"Rules for how states are transitions, like next state and which role is allowed to change state etc.","Regler för hur statusar blir övergångar, som nästa tillstånd och som vilken roll som tillåts ändra tillstånd etc.",
Rules with higher priority number will be applied first.,Regler med högre prioritetsnummer tillämpas först.,
Run Jobs only Daily if Inactive For (Days),Kör jobb endast dagligen om de är inaktiva under (dagar),
Run scheduled jobs only if checked,Kör schemalagda jobb endast om markerad,
S3 Backup Settings,S3 Backup-inställningar,
S3 Bucket Details,S3 skopdetaljer,
SMS,SMS,
SMS Gateway URL,SMS Gateway webbadress,
SMS Log,SMS-logg,
SMS Parameter,SMS-Parameter,
SMS Settings,SMS Inställningar,
SMTP Settings for outgoing emails,SMTP Inställningar för utgående e-post,
"SQL Conditions. Example: status=""Open""",SQL förhållanden. Exempel: status = &quot;Öppna&quot;,
SSL/TLS Mode,SSL / TLS-läge,
Sales Manager,FÖRSÄLJNINGSCHEF,
Sales Master Manager,Försäljnings master föreståndaren,
Sales User,Försäljningsanvändar,
Salesforce,Salesforce,
Salutation,Salutation,
Sample,Prov,
Saturday,Lördag,
Save,Spara,
Scheduled,Planerad,
Scheduled Job,Schemalagd jobb,
Scheduled Job Log,Schemalagd jobblogg,
Scheduled Job Type,Schemalagd jobbtyp,
Scheduled To Send,Planerad att skicka,
Scheduler Event,Schemaläggningshändelse,
Scope,Omfattning,
Scopes,Scopes,
Script,Script,
Script Manager,Skripthanterare,
Script Report,Skript Rapportera,
Script Type,Script type,
Script to attach to all web pages.,Script att fästa alla webbsidor.,
Search Fields,Sökfält,
Search Priorities,Sökprioriteringar,
Section,Sektion,
Section Break,Avsnitt Break,
Security Settings,Säkerhetsinställningar,
Seen,Sett,
Seen By,Ses av,
Seen By Table,Sett i tabell,
Select,Välj,
Select Dashboard,Välj Dashboard,
Select Date Range,Välj datumintervall,
Select DocType,Välj DocType,
Select Doctype,Välj Doctype,
Select Transaction,Välj transaktion,
Select an image of approx width 150px with a transparent background for best results.,Välj en bild på ca bredd 150px med en transparent bakgrund för bästa resultat.,
Select the label after which you want to insert new field.,Välj etiketten efter vilken du vill infoga nya fält.,
Send After,Skicka Efter,
Send Alert On,Skicka Alert On,
Send Email Alert,Skicka e-postmeddelande,
Send Email Print Attachments as PDF (Recommended),Skicka Email Print Tillbehör som PDF (rekommenderas),
Send Email for Successful Backup,Skicka e-post för framgångsrik säkerhetskopiering,
Send Email for Successful backup,Skicka e-post för framgångsrik säkerhetskopiering,
Send Me A Copy of Outgoing Emails,Skicka mig en kopia av utgående e-postmeddelanden,
Send Notification To,Skicka Anmälan till,
Send Notification to,Skicka meddelande till,
Send Notifications For Documents Followed By Me,Skicka meddelanden för dokument som följs av mig,
Send Notifications For Email Threads,Skicka meddelanden för e-posttrådar,
Send Notifications To,Skicka meddelanden till,
Send Print as PDF,Skicka Skriv ut som PDF,
Send System Notification,Skicka systemavisering,
Send To All Assignees,Skicka till alla tilldelade,
Send Unsubscribe Link,Skicka avsägandelänken,
Send Welcome Email,Skicka Välkommen Email,
Send alert if date matches this field's value,Skicka varning om dagen matchar detta område värde,
Send alert if this field's value changes,Skicka varning om detta fältets värdeförändringar,
Send an email reminder in the morning,Skicka ett mail påminnelse på morgonen,
Send days before or after the reference date,Skicka dagar före eller efter referensdagen,
Send enquiries to this email address,Skicka förfrågningar till denna e-postadress,
Send only if there is any data,Skicka bara om det finns någon information,
Send unsubscribe message in email,Skicka avbeställa meddelande i e-post,
Sender,Avsändare,
Sender Email,Avsender Email,
Sender Name,Avsändarnamn,
Sendgrid,Sendgrid,
Sending,Sända,
Sent,Skickat,
Sent On,Skickas på,
Sent Read Receipt,Sände Läs Kvitto,
Sent To,Skickat Till,
Sent or Received,Skickas eller tas emot,
Sent/Received Email,Skickad / mottagen e-post,
Separator,Separator,
Sequence Id,Sekvens Id,
Series List for this Transaction,Serie Lista för denna transaktion,
Server Action,Serverhandling,
Server IP,Server IP,
Server Script,Server script,
Service,Tjänsten,
Session Default,Session Standard,
Session Default Settings,Session Standardinställningar,
Session Defaults,Sessioninställningar,
Set Banner from Image,Ställ Banner från Image,
"Set Default Options for all charts on this Dashboard (Ex: ""colors"": [""#d1d8dd"", ""#ff5858""])","Ställ in standardalternativ för alla diagram på denna instrumentpanel (Ex: &quot;färger&quot;: [&quot;# d1d8dd&quot;, &quot;# ff5858&quot;])",
Set New Password,Ange nytt lösenord,
Set Property After Alert,Ange egenskap efter varning,
Set Role For,Ställ ROLL FÖR,
Set Value,Ställ Valuta,
Set non-standard precision for a Float or Currency field,Ställ icke-standard precision för en Float eller valutafält,
Settings,Inställningar,
Settings Dropdown,Inställningsmeny,
Settings for Contact Us Page,Inställningar för Kontakta oss Page,
Settings for the About Us Page,Inställningar för oss Page,
Setup,Inställning,
Setup Complete,Installationen är klar,
Setup Wizard,Installationsguiden,
Share,Dela med sig,
Shared,Delad,
Shipping,Frakt,
Shop,Shop,
Short Name,Kort Namn,
Shortcuts,Genvägar,
Show Attachments,Visa bilagor,
Show Dashboard,Visa instrumentpanelen,
Show Document,Visa dokument,
Show Failed Logs,Visa misslyckade loggar,
Show Form Tour,Visa Form Tour,
Show Full Error and Allow Reporting of Issues to the Developer,Visa fullständigt fel och tillåta rapportering av problem till utvecklaren,
Show Full Form?,Visa fullständigt formulär?,
Show Line Breaks after Sections,Visa Radbrytningar efter avsnitt,
Show Percentage Stats,Visa procentstatistik,
Show Preview Popup,Visa popup-förhandsgranskning,
Show Report,Visa rapport,
Show Section Headings,Visa Rubriker,
Show Sidebar,Visa Sidebar,
Show Title,Visa Titel,
Show as cc,Visa som cc,
Show full form instead of a quick entry modal,Visa fullständig form istället för ett snabbt inmatningsmodal,
Show in Module Section,Visa i modul avsnitt,
Show in filter,Visa i filter,
Show percentage difference according to this time interval,Visa procentuell skillnad enligt detta tidsintervall,
"Show title in browser window as ""Prefix - title""",Visa titel i webbläsarfönstret som &quot;Prefix - titeln&quot;,
Sidebar Items,Sidebar artiklar,
Sidebar Settings,sidofältet Settings,
Sidebar and Comments,Sidebar och kommentarer,
Signature,Namnteckning,
"Simple Python Expression, Example: Status in (""Closed"", ""Cancelled"")","Enkelt Python-uttryck, exempel: Status i (&quot;Stängt&quot;, &quot;Avbruten&quot;)",
"Simple Python Expression, Example: Status in (""Invalid"")","Simple Python Expression, Exempel: Status in (&quot;Ogiltigt&quot;)",
"Simple Python Expression, Example: status == 'Open' and type == 'Bug'","Simple Python Expression, Exempel: status == &#39;Open&#39; och typ == &#39;Bug&#39;",
Simultaneous Sessions,samtidiga sessioner,
Single Types have only one record no tables associated. Values are stored in tabSingles,Enstaka typer har endast en rekord inga tabeller associerade. Värden lagras i tabSingles,
Skip Authorization,skip Authorization,
Skype,Skype,
Slack,Slak,
Slack Channel,Slack Channel,
Slack Webhook URL,Slack Webhook URL,
Slideshow,Bildspel,
Slideshow Items,Spelet artiklar,
Slideshow Name,Bildspel Namn,
Slideshow like display for the website,Bildspel liknande display för webbplatsen,
Small Text,Liten text,
Smallest Currency Fraction Value,Minsta Valuta Fraktion Värde,
Smallest circulating fraction unit (coin). For e.g. 1 cent for USD and it should be entered as 0.01,"Minsta cirkulerande fraktion enhet (mynt). För t.ex. 1 cent för USD och det bör anges som 0,01",
Social,Social,
Social Link Settings,Inställningar för social länk,
Social Link Type,Social länk typ,
Social Login Key,Social inloggnings nyckel,
Social Login Provider,Social inloggningsleverantör,
Social Logins,Sociala logins,
Soft-Bounced,Soft-Bounced,
Sort Field,Sorteringsfältet,
Sort Order,Sorteringsordning,
Source,Källa,
Source Name,käll~~POS=TRUNC,
Source Text,källtext,
Spam,spam,
SparkPost,SparkPost,
Standard,Standard,
Standard Sidebar Menu,Standard Sidoradens meny,
Start Date,Start Datum,
Start Date Field,Startdatum Fält,
Start Time,Starttid,
StartTLS,StartTLS,
Started,Satte igång,
Starts on,Startar på,
State,stat,
State/Province,Stat / provins,
States,Stater,
Static Parameters,Statiska Parametrar,
Stats,Statistik,
Stats Time Interval,Statistik Tidsintervall,
Status,Status,
Step,Steg,
Steps,Steg,
Stopped,Stoppad,
Stores the JSON of last known versions of various installed apps. It is used to show release notes.,Lagrar JSON senast kända versioner av olika installerade appar. Det används för att visa versionsinformation.,
Style,Stil,
Style Settings,Style Inställningar,
"Style represents the button color: Success - Green, Danger - Red, Inverse - Black, Primary - Dark Blue, Info - Light Blue, Warning - Orange","Stil representerar färgknappen: Framgång - Grön, Fara - röd, Inverse - Svart, Primär - Mörkblå, Info - Ljusblå, Varning - Orange",
Stylesheet,Stilark,
"Sub-currency. For e.g. ""Cent""",Under valuta. För t.ex. &quot;Cent&quot;,
Sub-domain provided by erpnext.com,Subdomän tillhandahålls av erpnext.com,
Subdomain,Subdomän,
Subject,Ämne,
Subject Field,Ämnesfält,
Submit,Skicka,
Submit After Import,Skicka efter import,
Submitted,Avsändare,
Subsidiary,Dotterbolag,
Subtitle,Texta,
Success,Framgång,
Success Action,Framgångsåtgärd,
Success Message,Framgång Meddelande,
Success URL,Framgång webbadress,
Sum,Summa,
Sunday,Söndag,
Symbol,Symbol,
Sync,Synkronisera,
Sync with Google Calendar,Synkronisera med Google Kalender,
Sync with Google Contacts,Synkronisera med Google-kontakter,
System,System,
System Console,Systemkonsol,
System Manager,System Manager,
System Notification,Systemmeddelande,
System Page,Systemsida,
System Settings,Systeminställningar,
System managers are allowed by default,Systemchefer är tillåtna som standard,
Table,Bord,
Table Break,Table Break,
Table HTML,tabell HTML,
Table MultiSelect,Tabell MultiSelect,
Tag,Märka,
Tag Link,Tag länk,
Target,Mål,
Tax Category,Skatt kategori,
Team Members,Lagmedlemmar,
Team Members Heading,Teammedlemmar Rubrik,
Template,Mall,
Template Options,Mallalternativ,
Template Warnings,Mallvarningar,
Text,Text,
Text Align,Text Justera,
Text Color,TEXTFÄRG,
Text Content,textinnehåll,
Text Editor,Textredigeraren,
The name that will appear in Google Calendar,Namnet som kommer att visas i Google Kalender,
The user from this field will be rewarded points,Användaren från det här fältet kommer att belönas poäng,
The webhook will be triggered if this expression is true,Webbkroken utlöses om detta uttryck är sant,
Theme,Tema,
Theme Configuration,Temakonfiguration,
Theme URL,Tema URL,
These values will be automatically updated in transactions and also will be useful to restrict permissions for this user on transactions containing these values.,Dessa värden kommer att uppdateras automatiskt i transaktioner och också kommer att vara till nytta för att begränsa behörigheter för användare på transaktioner som innehåller dessa värden.,
Third Party Authentication,Tredjeparts autentisering,
This card will be available to all Users if this is set,Detta kort är tillgängligt för alla användare om detta är inställt,
This chart will be available to all Users if this is set,Detta diagram är tillgängligt för alla användare om detta är inställt,
This format is used if country specific format is not found,Det här formatet används om landsspecifika format inte hittas,
This goes above the slideshow.,Detta går över spelet.,
This is an example Google SERP Preview.,Detta är ett exempel på Google SERP-förhandsvisning.,
This is the number of the last created transaction with this prefix,Detta är numret på den senast skapade transaktionen med detta prefix,
This will be shown in a modal after routing,Detta kommer att visas i ett modal efter routing,
This will be shown to the user in a dialog after routing to the report,Detta kommer att visas för användaren i en dialogruta efter dirigering till rapporten,
Thumbnail URL,Miniatyr webbadress,
Thursday,Torsdag,
Time,Tid,
Time Format,Tidsformat,
Time Interval,Tidsintervall,
Time Series,Tidsföljder,
Time Series Based On,Tidsserie baserad på,
Time Zone,Tidszon,
Time Zones,Tidszoner,
Time format,Tidsformat,
Time in seconds to retain QR code image on server. Min:<strong>240</strong>,Tid i sekunder för att behålla QR-kodbild på server. Min: <strong>240</strong>,
Timeline,tidslinje,
Timeline DocType,tidslinje DocType,
Timeline Field,tidslinje Field,
Timeline Links,Tidslinjelänkar,
Timeline Name,tidslinje Namn,
Timeseries,Tidsföljder,
Timespan,Tidsrymd,
Timestamp,Tidsstämpel,
Title,Titel,
Title Field,Titel Field,
Title Prefix,Titel Prefix,
To,Till,
To Date,Till Datum,
To Date Field,Till datumfältet,
To and CC,Att och CC,
"To use Slack Channel, add a <a href=""#List/Slack%20Webhook%20URL/List"">Slack Webhook URL</a>.","För att använda Slack Channel, lägg till en <a href=""#List/Slack%20Webhook%20URL/List"">Slack Webhook URL</a> .",
ToDo,Att göra,
Token,Tecken,
Top,Topp,
Top Bar Item,Top Bar Punkt,
Top Bar Items,Top Bar Items,
Topic,Ämne,
Total Subscribers,Totalt Medlemmar,
Total number of emails to sync in initial sync process ,Totalt antal e-postmeddelanden som ska synkroniseras i första synkroniseringen process,
Traceback,Spåra tillbaka,
Track Changes,Spåra ändringar,
Track Email Status,Spåra e-poststatus,
Track Field,Spårfält,
Track Seen,spår Sett,
Track Views,Spåra vyer,
Track milestones for any document,Spåra milstolpar för alla dokument,
Transaction Hash,Transaktionshash,
Transaction Log,Transaktionsloggen,
Transaction Log Report,Transaktionsloggrapport,
Transition Rules,Övergångsbestämmelser,
Transitions,Övergångar,
Translatable,översättnings,
Translated Text,översatt text,
Translation,Översättning,
Trash,Skräp,
Tree,Träd,
Tree structures are implemented using Nested Set,Trädstrukturer implementeras med Nested Set,
Trigger Method,trigger Metod,
"Trigger on valid methods like ""before_insert"", ""after_update"", etc (will depend on the DocType selected)","Trigger på giltiga metoder som &quot;before_insert&quot;, &quot;after_update&quot;, etc (beror på DocType vald)",
Tuesday,Tisdag,
Two Factor Authentication,Tvåfaktorautentisering,
Two Factor Authentication method,Tvåfaktorautentiseringsmetod,
Type,Typ,
UID,UID,
UIDNEXT,UIDNEXT,
UIDVALIDITY,UIDVALIDITY,
UNSEEN,OSYNLIG,
URL,URL,
URL for documentation or help,URL för dokumentation eller hjälp,
URL to go to on clicking the slideshow image,URL att gå till när du klickar på bildspelet,
Unassign Condition,Otilldelat skick,
Unhandled Email,ohanterat Email,
Unique,Unik,
Unread,Oläst,
Unread Notification Sent,Olästa Anmälan Skickade,
Unshared,odelade,
Unsubscribe Method,unsubscribe Metod,
Unsubscribe Param,Avsluta prenumeration Param,
Unsubscribed,Otecknade,
Update,Uppdatera,
Update Existing Records,Uppdatera befintliga poster,
Update Field,Uppdatera fält,
Update Series Number,Uppdatera Serie Nummer,
Update Settings,Uppdatera inställningarna,
Update Value,Uppdatera Värde,
Updated,Uppdaterad,
Uploaded To Dropbox,Uppladdad till Dropbox,
Uploaded To Google Drive,Uppladdad till Google Drive,
Use % for any non empty value.,Använd% för alla icke tomma värden.,
Use ASCII encoding for password,Använd ASCII-kodning för lösenord,
Use IMAP,Använd IMAP,
Use POST,Använd POST,
Use Report Chart,Använd rapportdiagram,
Use SSL,Använd SSL,
Use TLS,Använd TLS,
Use this fieldname to generate title,Använd denna fältnamn för att generera titel,
User,Användare,
User ,Användare,
User Agent,Användaragent,
User Cannot Create,Användaren kan inte skapa,
User Cannot Search,Användaren kan inte söka,
User Defaults,Användarinställningar,
User Details,Användarinformation,
User Email,Användar Email,
User Emails,Användar e-post,
User Field,Användarfält,
User ID,användar ID,
User ID Property,Användar-ID-egendom,
User ID of a Blogger,Användar-ID för en Blogger,
User Id,Användar ID,
User Image,Användarbild,
User Name,Användarnamn,
User Permission,Användarbehörighet,
User Profile,Användarprofil,
User Social Login,User Social Login,
User Tags,Användarnas nyckelord,
User Type,Användartyp,
User can login using Email id or Mobile number,Användaren kan logga in med e-post eller mobilnummer,
User can login using Email id or User Name,Användaren kan logga in med e-post-id eller användarnamn,
User must always select,Användaren måste alltid välja,
Username,Användarnamn,
Users,användare,
Users assigned to the reference document will get points.,Användare som tilldelas referensdokumentet får poäng.,
Valid,Giltig,
Validate Field,Validera fält,
Validity,Giltighet,
Value,Värde,
Value Based On,Värde baserat på,
Value Change,Värde Förändring,
Value Changed,Värde Ändrad,
Value To Be Set,Värde som ska ställas in,
Value from this field will be set as the due date in the ToDo,Värde från det här fältet kommer att ställas in som förfallodatum i ToDo,
Value to Validate,Värde att validera,
Verdana,Verdana,
Verified,Verifierad,
Version,Version,
Video URL,Video-URL,
View,Se,
View Log,Visa logg,
View Properties (via Customize Form),Se Egenskaper (via Anpassa Form),
View Report,Visa rapport,
View Settings,Visa inställningar,
View Website,Visa webbplats,
Viewed By,Visad av,
Visit,Besök,
Warehouse,lager,
Warning,Varning,
Watch Video,Kolla på video,
Web Form,Web Form,
Web Form Field,Web Form Field,
Web Form Fields,Web formulärfält,
Web Page,Webbsida,
Web Page Block,Webbsidesblock,
Web Page View,Webbsidevy,
Web Template,Webbmall,
Web Template Field,Webbmallfält,
Web Template Values,Webbmallvärden,
Web View,Web View,
Webhook,Webhook,
Webhook Data,Webhook Data,
Webhook Header,Webhook Header,
Webhook Headers,Webhook Headers,
Webhook Request,Webhook-förfrågan,
Webhook Secret,Webhook Secret,
Webhook Security,Webhook Security,
Webhook Trigger,Webhook Trigger,
Webhook URL,Webhook URL,
Website,Webbplats,
Website Analytics,Webbplatsanalys,
Website Manager,Webbplats ägare,
Website Meta Tag,Metatagg på webbplatsen,
Website Route Meta,Webbplatsrutt Meta,
Website Route Redirect,Omväg omdirigering av webbplats,
Website Script,Webbplats Script,
Website Settings,Webbplatsinställningar,
Website Sidebar,webbplats Sidebar,
Website Sidebar Item,Webbplats Sidebar Punkt,
Website Slideshow,Webbplats Bildspel,
Website Slideshow Item,Bildspels artiklar,
Website Theme,Hemside Tema,
Website Theme Ignore App,Webbplatstema Ignorera app,
Website Theme Image,Hemsida tema bild,
Website Theme Image Link,Webbplatsen Tema bildlänk,
Wednesday,Onsdag,
Weekdays,vardagar,
Weekly,Veckovis,
Weekly Long,Veckolångt,
Welcome Email Template,Välkommen mall för e-post,
"When enabled this will allow guests to upload files to your application, You can enable this if you wish to collect files from user without having them to log in, for example in job applications web form.","När det är aktiverat gör det möjligt för gäster att ladda upp filer till din ansökan. Du kan aktivera detta om du vill samla filer från användaren utan att ha dem att logga in, till exempel i webbformulär för jobbansökningar.",
Which view of the associated DocType should this shortcut take you to?,Vilken syn på tillhörande DocType ska denna genväg ta dig till?,
Width,Bredd,
Wildcard Filter,Jokerteckenfilter,
"Will add ""%"" before and after the query",Lägger till &quot;%&quot; före och efter frågan,
Will be used in url (usually first name).,Kommer att användas i url (vanligtvis förnamn).,
Will run scheduled jobs only once a day for inactive sites. Default 4 days if set to 0.,Kör schemalagda jobb endast en gång om dagen för inaktiva webbplatser. Standard 4 dagar om den är inställd på 0.,
Workflow,Workflow,
Workflow Action,Arbetsflöde Åtgärd,
Workflow Action Master,Arbetsflöde Åtgärdsansvarig,
Workflow Action Name,Arbetsflöde åtgärdsnamn,
Workflow Action is not created for optional states,Arbetsflödesåtgärd skapas inte för tillvalstillstånd,
Workflow Document State,Arbetsflöde Dokument Status,
Workflow Name,Arbetsflöde Namn,
Workflow State,Arbetsflöde status,
Workflow State Field,Arbetsflöde Statusfält,
Workflow Transition,Arbetsflöde Övergång,
Workflow state represents the current state of a document.,Arbetsflödes statusen representerar det nuvarande läget i ett dokument.,
Write,Skriva,
X Field,X-fält,
XLSX,XLSX,
Y Axis,Y Axis,
Y Field,Y-fält,
Yahoo Mail,Yahoo Mail,
Yandex.Mail,Yandex.Mail,
Year,År,
Yearly,Årlig,
Yellow,Gul,
Yes,Ja,
Your organization name and address for the email footer.,Dit organisationsnamn och adress för e-post sidfoten.,
Zero means send records updated at anytime,Noll innebär skicka poster närhelst de uppdateras,
_doctype,_doctype,
_report,_rapportera,
adjust,justera,
after_insert,after_insert,
align-center,rikta centrum,
align-justify,rikta-justify,
align-left,rikta vänster,
align-right,anpassa högra,
arrow-down,pil ner,
arrow-left,pil vänster,
arrow-right,pil-höger,
arrow-up,pil-up,
asterisk,asterisk,
backward,bakåt,
ban-circle,ban-cirkel,
barcode,streckkod,
bell,klocka,
blue,blå,
bold,djärvt,
book,bok,
bookmark,bokmärke,
briefcase,portfölj,
bullhorn,bullhorn,
calendar,kalender,
camera,kamera,
certificate,certifikat,
check,Kontrollera,
chevron-down,Chevron-ner,
chevron-left,Chevron-vänster,
chevron-right,Chevron-höger,
chevron-up,Chevron-up,
circle-arrow-down,cirkel-pil ner,
circle-arrow-left,cirkel-pil vänster,
circle-arrow-right,cirkel-pil-höger,
circle-arrow-up,cirkel-pil-upp,
cog,Kugg,
comment,kommentar,
darkgrey,mörkgrå,
dd-mm-yyyy,dd-mm-dd,
dd.mm.yyyy,dd.mm.åååå,
dd/mm/yyyy,åååå / mm / dd,
download,Hämta,
download-alt,download-alt,
"e.g. ""Support"", ""Sales"", ""Jerry Yang""","t.ex. &quot;Hjälp&quot;, &quot;Försäljning&quot;, &quot;Jerry Yang&quot;",
e.g. pop.gmail.com / imap.gmail.com,t.ex. pop.gmail.com / imap.gmail.com,
e.g. replies@yourcomany.com. All replies will come to this inbox.,t.ex. replies@yourcomany.com. Alla svar kommer till den här inkorgen.,
e.g. smtp.gmail.com,t.ex. smtp.gmail.com,
edit,redigera,
eject,mata ut,
email,e-post,
envelope,kuvert,
exclamation-sign,utropstecknet,
eye-close,eye-close,
eye-open,ögon öppen,
facebook,Facebook,
facetime-video,facetime-video,
fairlogin,fairlogin,
fast-backward,snabbt bakåt,
fast-forward,snabbspola,
file,fil,
film,film,
filter,filtrera,
fire,avskeda,
flag,flagga,
folder-close,mapp stängd,
folder-open,mapp öppen,
font,font,
forward,framåt,
fullscreen,fullskärm,
gift,present,
glass,glas,
globe,klot,
green,grön,
hand-down,hand ner,
hand-left,hand vänster,
hand-right,hand höger,
hand-up,hand upp,
hdd,HDD,
headphones,hörlurar,
heart,hjärta,
home,Hem,
icon,ikon,
in minutes,på några minuter,
inbox,inkorg,
indent-left,indent-vänster,
indent-right,indent-höger,
info-sign,infoskylt,
italic,kursiv,
leaf,blad,
link,länk,
linkedin,linkedin,
list,lista,
list-alt,list-alt,
lock,låsa,
magnet,magnet,
map-marker,map-markör,
minus,minus,
minus-sign,minustecken,
mm-dd-yyyy,mm-dd-åååå,
mm/dd/yyyy,mm / dd / åååå,
module,modul,
move,flytta,
music,musik,
no failed attempts,ingen misslyckade försök,
off,av,
ok,OK,
ok-circle,OK-cirkel,
ok-sign,OK-tecken,
old_parent,gammalt_mål,
on_cancel,on_cancel,
on_change,on_change,
on_submit,on_submit,
on_trash,on_trash,
on_update,on_update,
on_update_after_submit,on_update_after_submit,
orange,orange,
page,sida,
pause,paus,
pencil,blyertspenna,
picture,bild,
plane,plan,
play,spela,
play-circle,play-cirkel,
plus,plus,
plus-sign,plustecknet,
print,Skriv ut,
purple,lila,
qrcode,qrcode,
query-report,query-rapport,
question-sign,Frågetecken,
random,slumpvis,
red,röd,
refresh,Uppdatera,
remove,ta bort,
remove-circle,Avlägsna cirkel,
remove-sign,Avlägsna tecken,
repeat,upprepa,
resize-full,ändra storlek full,
resize-horizontal,ändra storlek horisontell,
resize-small,ändra storlek-small,
resize-vertical,ändra storlek vertikal,
response,svar,
retweet,retweet,
road,väg,
screenshot,skärmdump,
search,Sök,
share,del,
share-alt,aktie alt,
shopping-cart,kundvagn,
signal,signalen,
star,stjärna,
star-empty,star-tom,
step-backward,steg bakåt,
step-forward,Stig fram,
stop,sluta,
tag,Etikett,
tags,Tags,
tasks,uppgifter,
text-height,text-höjd,
text-width,text-bredd,
th,e,
th-large,th-large,
th-list,th-listan,
thumbs-down,tummen ner,
thumbs-up,tummen upp,
time,tid,
tint,nyans,
trash,skräp,
twitter,Twitter,
upload,ladda upp,
user,användare,
volume-down,Sänk volymen,
volume-off,Volym av,
volume-up,volym upp,
warning-sign,varningstecken,
wrench,skiftnyckel,
yellow,gul,
yyyy-mm-dd,yyyy-mm-dd,
zoom-in,zooma in,
zoom-out,zooma ut,
