"""Company History""","""ประวัติบริษัท""",
"""Team Members"" or ""Management""","“สมาชิกในทีม"" หรือ ""ผู้บริหาร""",
&lt;head&gt; HTML,&lt;head&gt; HTML,
**Currency** Master,**สกุลเงิน** หลัก,
0 - Draft; 1 - Submitted; 2 - Cancelled,0 - ร่าง; 1 - ส่ง; 2 - ยกเลิก,
0 is highest,สูงสุดคือ 0,
A list of resources which the Client App will have access to after the user allows it.<br> e.g. project,รายการของทรัพยากรที่ app ลูกค้าจะสามารถเข้าถึงหลังจากที่ผู้ใช้จะช่วยให้มัน <br> เช่นโครงการ,
A symbol for this currency. For e.g. $,สัญลักษณ์สำหรับสกุลเงินนี้. ตัวอย่างเช่น $,
A4,A4,
ALL,ทั้งหมด,
API,API,
API Access,การเข้าถึง API,
API Endpoint,จุดเชื่อมต่อ API,
API Endpoint Args,API Endpoint Arguments,
API Key,คีย์ API,
API Method,วิธีการ API,
API Secret,API ลับ,
ASC,ASC,
About Us Settings,การตั้งค่าข้อมูลเกี่ยวกับเรา,
About Us Team Member,เกี่ยวกับสมาชิกในทีมเรา,
Access Key ID,รหัสคีย์การเข้าถึง,
Access Key Secret,เข้าถึงความลับของคีย์,
Access Log,เข้าถึงบันทึก,
Access Token,เข้าสู่ Token,
Access Token URL,เข้าถึง Token URL,
Account,บัญชี,
Accounts Manager,ผู้จัดการบัญชี,
Accounts User,ผู้ใช้งานบัญชี,
Action,ดำเนินการ,
Action / Route,การดำเนินการ / เส้นทาง,
Action Timeout (Seconds),ช่วงหมดเวลาของการดำเนินการ (วินาที),
Action Type,ประเภทการกระทำ,
Actions,การดำเนินการ,
Active,ใช้งาน,
Active Domains,โดเมนที่ใช้งานอยู่,
Activity Log,บันทึกกิจกรรม,
Add Container,เพิ่มคอนเทนเนอร์,
Add Custom Tags,เพิ่มแท็กที่กำหนดเอง,
Add Gray Background,เพิ่มพื้นหลังสีเทา,
Add Signature,เพิ่มลายเซ็น,
Add Total Row,เพิ่มแถวผลรวม,
Add Unsubscribe Link,เพิ่มการเชื่อมโยงยกเลิกการเป็นสมาชิก,
"Added HTML in the &lt;head&gt; section of the web page, primarily used for website verification and SEO",เพิ่ม HTML ในส่วน &lt;head&gt; ของหน้าเว็บส่วนใหญ่ใช้สำหรับการตรวจสอบเว็บไซต์และ SEO,
Additional Permissions,สิทธิ์ เพิ่มเติม,
Address,ที่อยู่,
Address And Contacts,ที่อยู่และที่ติดต่อ,
Address Line 1,ที่อยู่บรรทัดที่ 1,
Address Line 2,ที่อยู่บรรทัดที่ 2,
Address Template,แม่แบบที่อยู่,
Address Title,หัวข้อที่อยู่,
Address Type,ประเภทของที่อยู่,
Address and other legal information you may want to put in the footer.,ที่อยู่และข้อมูลทางกฎหมายอื่น ๆ ที่คุณอาจต้องการที่จะนำในส่วนท้าย,
Addresses And Contacts,ที่อยู่และรายชื่อผู้ติดต่อ,
Adds a custom field to a DocType,เพิ่มฟิลด์ที่กำหนดเองเพื่อ DocType,
Administrator,ผู้บริหาร,
Advanced,ก้าวหน้า,
Advanced Control,การควบคุมขั้นสูง,
Advanced Settings,ตั้งค่าขั้นสูง,
After Cancel,หลังจากยกเลิก,
After Delete,หลังจากลบ,
After Save,หลังจากบันทึก,
After Save (Submitted Document),หลังจากบันทึก (เอกสารที่ส่ง),
After Submit,หลังจากส่ง,
Aggregate Function Based On,ฟังก์ชันการรวมขึ้นอยู่กับ,
Alert,การแจ้งเตือน,
Align Labels to the Right,จัดเรียงป้ายกำกับทางด้านขวา,
Align Right,จัดชิดขวา,
All,ทั้งหมด,
All Day,ทั้งวัน,
Allocated To,จัดสรรให้,
Allot Points To Assigned Users,ให้คะแนนแก่ผู้ใช้ที่ได้รับมอบหมาย,
Allow,อนุญาต,
Allow Auto Repeat,อนุญาตให้ทำซ้ำอัตโนมัติ,
Allow Bulk Edit,อนุญาตให้ใช้การแก้ไขเป็นกลุ่ม,
Allow Comments,อนุญาตให้แสดงความคิดเห็น,
Allow Consecutive Login Attempts ,อนุญาตให้มีการเข้าสู่ระบบที่ต่อเนื่อง,
Allow Delete,อนุญาตให้ลบ,
Allow Dropbox Access,ที่อนุญาตให้เข้าถึง Dropbox,
Allow Guest,อนุญาตให้แขก,
Allow Guest to View,อนุญาตให้ผู้เยี่ยมชมเพื่อดู,
Allow Guests to Upload Files,อนุญาตให้แขกอัปโหลดไฟล์,
Allow Import (via Data Import Tool),อนุญาตให้นำเข้า (ผ่านเครื่องมือนำเข้าข้อมูล),
Allow Incomplete Forms,อนุญาตให้รูปแบบที่ไม่สมบูรณ์,
Allow Login After Fail,อนุญาตให้เข้าสู่ระบบหลังจากล้มเหลว,
Allow Login using Mobile Number,อนุญาตการเข้าสู่ระบบโดยใช้หมายเลขโทรศัพท์เคลื่อนที่,
Allow Login using User Name,อนุญาตการเข้าสู่ระบบโดยใช้ชื่อผู้ใช้,
Allow Modules,อนุญาตโมดูล,
Allow Print,อนุญาตให้พิมพ์,
Allow Print for Cancelled,อนุญาตให้พิมพ์สำหรับการยกเลิก,
Allow Print for Draft,อนุญาตให้พิมพ์ร่าง,
Allow Read On All Link Options,อนุญาตให้อ่านในตัวเลือกลิงก์ทั้งหมด,
Allow Rename,อนุญาตให้เปลี่ยนชื่อ,
Allow Roles,อนุญาตให้บทบาท,
Allow Self Approval,อนุญาตการอนุมัติตนเอง,
Allow approval for creator of the document,อนุญาตให้มีการอนุมัติสำหรับผู้สร้างเอกสาร,
Allow document creation via Email,อนุญาตให้สร้างเอกสารทางอีเมล,
Allow events in timeline,อนุญาตกิจกรรมในเส้นเวลา,
Allow in Quick Entry,อนุญาตใน Quick Entry,
Allow on Submit,อนุญาตให้ส่ง,
Allow only one session per user,อนุญาตให้เพียงหนึ่งในเซสชั่นต่อผู้ใช้,
Allow page break inside tables,อนุญาตให้แบ่งหน้าภายในตาราง,
Allow saving if mandatory fields are not filled,อนุญาตให้ประหยัดถ้าข้อมูลที่จำเป็นต้องได้รับการไม่เต็ม,
Allow user to login only after this hour (0-24),อนุญาตให้ผู้ใช้เข้าสู่ระบบเท่านั้นหลังจากชั่วโมงนี้ (0-24),
Allow user to login only before this hour (0-24),อนุญาตให้ผู้ใช้เข้าสู่ระบบก่อนที่จะชั่วโมงนี้ (0-24),
Allowed,อนุญาต,
Allowed In Mentions,ได้รับอนุญาตในการกล่าวถึง,
"Always add ""Draft"" Heading for printing draft documents",เสมอเพิ่ม &quot;ร่าง&quot; จะเดินทางสำหรับเอกสารร่างการพิมพ์,
Amend,แก้ไข,
Amended From,แก้ไขเพิ่มเติมจาก,
An icon file with .ico extension. Should be 16 x 16 px. Generated using a favicon generator. [favicon-generator.org],ไฟล์ที่มีนามสกุลไอคอน .ico ควรจะเป็น 16 x 16 พิกเซล สร้างขึ้นโดยใช้เครื่องกำเนิดไฟฟ้า favicon [favicon-generator.org],
Analytics,Analytics,
Annual,ประจำปี,
Anonymous,ไม่ระบุชื่อ,
Any string-based printer languages can be used. Writing raw commands requires knowledge of the printer's native language provided by the printer manufacturer. Please refer to the developer manual provided by the printer manufacturer on how to write their native commands. These commands are rendered on the server side using the Jinja Templating Language.,สามารถใช้ภาษาเครื่องพิมพ์แบบสตริงได้ การเขียนคำสั่งแบบ raw จำเป็นต้องมีความรู้ภาษาท้องถิ่นของเครื่องพิมพ์ซึ่งจัดทำโดยผู้ผลิตเครื่องพิมพ์ โปรดอ้างอิงคู่มือผู้พัฒนาโดยผู้ผลิตเครื่องพิมพ์เกี่ยวกับวิธีการเขียนคำสั่งดั้งเดิม คำสั่งเหล่านี้แสดงผลทางฝั่งเซิร์ฟเวอร์โดยใช้ Jinja Templating Language,
App,App,
App Access Key,App คีย์,
App Client ID,App รหัสลูกค้า,
App Client Secret,ลับไคลเอ็นต์ของโปรแกรมประยุกต์,
App Name,ชื่อ แอพพลิเคชั่น,
App Secret Key,App คีย์ลับ,
Append Emails to Sent Folder,ต่อท้ายอีเมลไปยังโฟลเดอร์ที่ถูกส่ง,
Append To,ผนวกกับ,
Applicable For,สามารถใช้งานได้ สำหรับ,
Application Logo,โลโก้แอปพลิเคชัน,
Application Name,ชื่อแอปพลิเคชัน,
Application Version,เวอร์ชันแอปพลิเคชัน,
Applied On,ใช้เมื่อ,
Apply Document Permissions,ใช้สิทธิ์เอกสาร,
Apply Only Once,ใช้เพียงครั้งเดียว,
Apply Strict User Permissions,ใช้สิทธิ์ผู้ใช้ที่เข้มงวด,
Apply To All Document Types,นำไปใช้กับเอกสารทุกประเภท,
Apply this rule if the User is the Owner,ใช้กฎนี้ถ้าผู้ใช้เป็นเจ้าของ,
Apply this rule only once per document,ใช้กฎนี้เพียงครั้งเดียวต่อเอกสาร,
Appreciation,จักษ์,
Archived,เก็บไว้,
Arial,Arial,
Assign Condition,กำหนดเงื่อนไข,
Assign To Users,มอบหมายให้ผู้ใช้,
Assigned,ที่ได้รับมอบหมาย,
Assigned By,ได้รับมอบหมายจาก,
Assigned By Full Name,ได้รับมอบหมายจากชื่อเต็ม,
Assignment,การมอบหมาย,
Assignment Completed,การมอบหมายงานที่เสร็จสมบูรณ์,
Assignment Days,วันที่ได้รับมอบหมาย,
Assignment Rule,กฎการมอบหมาย,
Assignment Rule Day,วันกำหนดกฎ,
Assignment Rule User,การกำหนดกฎผู้ใช้,
Assignment Rules,กฎการกำหนด,
Assignments,การมอบหมาย,
Attach,แนบ,
Attach Image,แนบ ภาพ,
Attach Print,แนบพิมพ์,
Attached File,ไฟล์ที่แนบมา,
Attached To DocType,แนบกับ DocType แล้ว,
Attached To Field,แนบไปกับฟิลด์,
Attached To Name,ที่แนบมากับชื่อ,
Attachment,ความผูกพัน,
Attachment Limit (MB),เอกสารแนบ จำกัด (MB),
Attachment Link,ลิงค์ไฟล์แนบ,
Attachment Removed,ไฟล์แนบถูกลบ,
Attachments,สิ่งที่แนบมา,
Auth URL Data,ข้อมูล URL Auth Authentication,
Authentication,การรับรอง,
Author,ผู้เขียน,
Authorization Code,รหัสอนุมัติ,
Authorize API Indexing  Access,อนุญาตการเข้าถึงการจัดทำดัชนี API,
Authorize Google Calendar Access,ให้สิทธิ์การเข้าถึง Google Calendar,
Authorize Google Contacts Access,อนุญาตการเข้าถึง Google Contacts,
Authorize Google Drive Access,ให้สิทธิ์การเข้าถึง Google Drive,
Authorize URL,อนุญาต URL,
Authorized,มีอำนาจ,
Auto,รถยนต์,
Auto Email Report,รายงานอีเมลอัตโนมัติ,
Auto Name,ชื่ออัตโนมัติ,
Auto Repeat,ทำซ้ำอัตโนมัติ,
Auto Reply Message,ข้อความตอบกลับอัตโนมัติ,
Automatically Assign Documents to Users,กำหนดเอกสารให้กับผู้ใช้โดยอัตโนมัติ,
Automation,การทำงานอัตโนมัติ,
Avatar,รูปส่วนตัว,
Average,เฉลี่ย,
Awaiting Password,รอรหัสผ่าน,
Awaiting password,รอรหัสผ่าน,
BCC,BCC,
Background Color,สีพื้นหลัง,
Background Workers,แรงงานเบื้องหลัง,
Backup Details,รายละเอียดการสำรองข้อมูล,
Backup Files,สำรองไฟล์,
Backup Folder ID,ID โฟลเดอร์สำรอง,
Backup Folder Name,ชื่อโฟลเดอร์สำรอง,
Backup Frequency,ความถี่ในการสำรองข้อมูล,
Backup public and private files along with the database.,สำรองไฟล์สาธารณะและไฟล์ส่วนตัวพร้อมกับฐานข้อมูล,
Backups,การสำรองข้อมูล,
Banner,แบนเนอร์,
Banner HTML,แบนเนอร์ HTML,
Banner Image,แบนเนอร์ภาพ,
Banner is above the Top Menu Bar.,แบนเนอร์บนแถบเมนูด้านบน,
Bar,บาร์,
Barcode,บาร์โค้ด,
Base Distinguished Name (DN),ฐานชื่อ (DN),
Base URL,URL พื้นฐาน,
Based On,ขึ้นอยู่กับ,
Based on Field,ขึ้นอยู่กับฟิลด์,
Based on Permissions For User,ขึ้นอยู่กับสิทธิ์ผู้ใช้,
Basic,ขั้นพื้นฐาน,
Before Cancel,ก่อนที่จะยกเลิก,
Before Delete,ก่อนที่จะลบ,
Before Insert,ก่อนที่จะใส่,
Before Save,ก่อนบันทึก,
Before Save (Submitted Document),ก่อนบันทึก (เอกสารที่ส่ง),
Before Submit,ก่อนส่ง,
Beginner,ผู้เริ่มต้น,
Beta,ทดลอง,
Billing,การเรียกเก็บเงิน,
Bio,ไบโอ,
Birth Date,วันเกิด,
Block Module,บล็อกโมดูล,
Block Modules,โมดูลที่ถูกบล็อก,
Blocked,อุดตัน,
Blog Category,หมวดหมู่บล็อก,
Blog Intro,แนะนำบล็อก,
Blog Introduction,แนะนำบล็อก,
Blog Post,โพสต์บล็อก,
Blog Settings,การตั้งค่าบล็อก,
Blog Title,หัวข้อบล็อก,
Blogger,Blogger,
Blue,สีฟ้า,
Bold,กล้า,
Bot,Bot,
Bottom,ด้านล่าง,
Bounced,ตีกลับ,
Brand,ยี่ห้อ,
Brand HTML,ยี่ห้อ HTML,
Brand Image,ภาพลักษณ์,
Breadcrumbs,สวดมนต์,
Browser,เบราว์เซอร์,
Browser Version,เวอร์ชันเบราว์เซอร์,
Brute Force Security,Brute Force Security,
Bucket Name,ชื่อที่เก็บข้อมูล,
Bulk Update,อัปเดต,
Button,ปุ่ม,
Button Gradients,การไล่ระดับสีของปุ่ม,
Button Rounded Corners,ปุ่มมุมโค้งมน,
Button Shadows,ปุ่มเงา,
Bypass Restricted IP Address Check If Two Factor Auth Enabled,ข้ามที่อยู่ IP ที่ จำกัด ตรวจสอบว่าเปิดใช้งานการตรวจสอบสิทธิ์สองปัจจัยหรือไม่,
Bypass Two Factor Auth for users who login from restricted IP Address,เลี่ยงผ่านสองปัจจัย Auth สำหรับผู้ใช้ที่เข้าสู่ระบบจากที่อยู่ IP จำกัด,
Bypass restricted IP Address check If Two Factor Auth Enabled,การตรวจสอบที่อยู่ IP แบบ จำกัด Bypass จำกัด ถ้ามีการเปิดใช้งาน Two Factor Auth,
CC,CC,
CSS,CSS,
CSS Class,CSS คลาส,
CSV,CSV,
CTA Label,ป้ายกำกับ CTA,
CTA URL,CTA URL,
Calendar,ปฏิทิน,
Calendar Name,ชื่อปฏิทิน,
Calendar View,มุมมองปฏิทิน,
Call,โทรศัพท์,
Call To Action,คำกระตุ้นการตัดสินใจ,
Call To Action URL,URL คำกระตุ้นการตัดสินใจ,
Callback Message,ข้อความโทรกลับ,
Callback Title,ชื่อการโทรกลับ,
Campaign,รณรงค์,
Cancel,ยกเลิก,
Cancelled,ยกเลิก,
Card,การ์ด,
Cards,การ์ด,
Category,ประเภท,
Category Description,คำอธิบายหมวดหมู่,
Category Name,ชื่อหมวดหมู่,
Center,ศูนย์,
Chaining Hash,Chaining Hash,
Change Label (via Custom Translation),เปลี่ยนชื่อ (ชื่อกำหนดเอง),
Change Password,เปลี่ยนรหัสผ่าน,
Channel,ช่อง,
Chart,แผนภูมิ,
Chart Configuration,การกำหนดค่าแผนภูมิ,
Chart Name,ชื่อแผนภูมิ,
Chart Options,ตัวเลือกแผนภูมิ,
Chart Source,แผนภูมิแหล่งที่มา,
Chart Type,ประเภทแผนภูมิ,
Charts,ชาร์ต,
Chat,พูดคุย,
Check,ตรวจสอบ,
Check this if you want to force the user to select a series before saving. There will be no default if you check this.,ตรวจสอบเรื่องนี้ถ้าคุณต้องการบังคับให้ผู้ใช้เลือกชุดก่อนที่จะบันทึก จะมีค่าเริ่มต้นไม่ถ้าคุณตรวจสอบนี้,
Checking this will hide custom doctypes and reports cards in Links section,การเลือกนี้จะซ่อนประเภทหลักที่กำหนดเองและการ์ดรายงานในส่วนลิงก์,
Checksum Version,เวอร์ชัน Checksum,
Child Tables are shown as a Grid in other DocTypes,ตารางลูกจะแสดงเป็นตารางใน DocTypes อื่น,
Choose authentication method to be used by all users,เลือกวิธีการรับรองความถูกต้องที่จะใช้โดยผู้ใช้ทั้งหมด,
City,เมือง,
City/Town,แขวง/ตำบล,
Clicked,คลิก,
Client,ลูกค้า,
Client Code,รหัสลูกค้า,
Client Credentials,ข้อมูลประจำตัวของไคลเอ็นต์,
Client ID,รหัสลูกค้า,
Client Information,ข้อมูลลูกค้า,
Client Script,ไคลเอ็นต์สคริปต์,
Client Secret,ความลับของลูกค้า,
Client URLs,URL ของไคลเอ็นต์,
Close Condition,ปิดเงื่อนไข,
Closed,ปิด,
Code,รหัส,
Collapsible,พับ,
Collapsible Depends On,พับขึ้นอยู่กับ,
Color,สี,
Column Break,ตัวแบ่งคอลัมน์,
Column Name,ชื่อคอลัมน์,
Columns,คอลัมน์,
Columns / Fields,คอลัมน์ / ฟิลด์,
Comment,คิดเห็น,
Comment By,ความคิดเห็นที่,
Comment Email,แสดงความคิดเห็นอีเมล์,
Comment Type,ประเภทแสดงความคิดเห็น,
Comments and Communications will be associated with this linked document,ความคิดเห็นและการสื่อสารจะเชื่อมโยงกับเอกสารที่เชื่อมโยงนี้,
Commit,กระทำ,
Communication,การสื่อสาร,
Communication Link,ลิงค์การสื่อสาร,
Communication Type,ประเภทการสื่อสาร,
Compact Item Print,ขนาดกะทัดรัดรายการพิมพ์,
Company History,ประวัติ บริษัท,
Company Introduction,แนะนำ บริษัท,
Company Name,ชื่อ บริษัท,
Complete,ที่สมบูรณ์แบบ,
Completed,เสร็จ,
Component,ตัวแทน,
Condition,สภาพ,
Conditions,เงื่อนไข,
Configuration,การกำหนดค่า,
Confirmation Email Template,เทมเพลตอีเมลยืนยัน,
Console,คอนโซล,
Console Log,บันทึกคอนโซล,
Contact,ติดต่อ,
Contact Details,รายละเอียดการติดต่อ,
Contact Email,ติดต่ออีเมล์,
Contact Numbers,เบอร์ติดต่อ,
Contact Phone,เบอร์โทรติดต่อ,
Contact Us Settings,ติดต่อเราตั้งค่า,
"Contact options, like ""Sales Query, Support Query"" etc each on a new line or separated by commas.",ตัวเลือกการติดต่อเช่น &quot;แบบสอบถามขายการสนับสนุนแบบสอบถาม&quot; ฯลฯ แต่ละบรรทัดใหม่หรือคั่นด้วยเครื่องหมายจุลภาค,
Contacts,ติดต่อ,
Content,เนื้อหา,
Content (HTML),เนื้อหา (HTML),
Content (Markdown),เนื้อหา (Markdown),
Content Hash,แฮ เนื้อหา,
Content Type,ประเภทเนื้อหา,
Context,บริบท,
Context Script,สคริปต์บริบท,
Contributed,มีส่วนร่วม,
Contribution Document Name,ชื่อเอกสารการมีส่วนร่วม,
Contribution Status,สถานะการมีส่วนร่วม,
Copyright,ลิขสิทธิ์,
Core,แกน,
Count,นับ,
Count Filter,นับตัวกรอง,
Counter,เคาน์เตอร์,
Country,ประเทศ,
Country Name,ชื่อประเทศ,
County,เขต/อำเภอ,
Create,สร้าง,
Create Contacts from Incoming Emails,สร้างผู้ติดต่อจากอีเมลขาเข้า,
Create Entry,สร้างรายการ,
Create Log,สร้างบันทึก,
Create and Send Newsletters,สร้างและส่งจดหมายข่าว,
Created,ที่สร้างไว้,
Criticism,คำวิจารณ์,
Cron,cron,
Cron Format,รูปแบบ Cron,
Currency,เงินตรา,
Currency Name,ชื่อสกุล,
Currency Precision,ความแม่นยำของสกุลเงิน,
Current,ปัจจุบัน,
Custom,ประเพณี,
Custom Base URL,URL พื้นฐานที่กำหนดเอง,
Custom CSS,CSS ที่กำหนดเอง,
Custom Configuration,การกำหนดค่าแบบกำหนดเอง,
Custom DocPerm,DocPerm กำหนดเอง,
Custom Field,ฟิลด์ที่กำหนดเอง,
Custom Format,รูปแบบที่กำหนดเอง,
Custom HTML Help,ที่กำหนดเองวิธีใช้ HTML,
Custom Menu Items,รายการเมนูที่กำหนดเอง,
Custom Options,ตัวเลือกที่กำหนดเอง,
Custom Overrides,การแทนที่แบบกำหนดเอง,
Custom Report,รายงานที่กำหนดเอง,
Custom Role,บทบาทที่กำหนดเอง,
Custom SCSS,SCSS ที่กำหนดเอง,
Custom Sidebar Menu,เมนูที่กำหนดเองแถบด้านข้าง,
Custom?,กำหนดเองได้อย่างไร,
Customization,การปรับแต่ง,
Customize Form,ปรับแต่งรูปแบบ,
Customize Form Field,กำหนดเขตข้อมูลฟอร์ม,
DESC,DESC,
Daily,ประจำวัน,
Daily Long,ประจำวันยาว,
Danger,อันตราย,
Dark Color,สีเข้ม,
Dashboard,แผงควบคุม,
Dashboard Chart,แผนภูมิแดชบอร์ด,
Dashboard Chart Field,ฟิลด์แผนภูมิแดชบอร์ด,
Dashboard Chart Link,ลิงค์แผนภูมิแดชบอร์ด,
Dashboard Chart Source,แหล่งที่มาของแผนภูมิแดชบอร์ด,
Dashboard Manager,ตัวจัดการแดชบอร์ด,
Dashboard Name,ชื่อแดชบอร์ด,
Dashboard Settings,การตั้งค่าแดชบอร์ด,
Dashboards,แดชบอร์ด,
Data,ข้อมูล,
Data Export,การส่งออกข้อมูล,
Data Import,การนำเข้าข้อมูล,
Database Engine,โปรแกรมฐานข้อมูล,
Date,วันที่,
Date Format,รูปแบบวันที่,
Date Range,ช่วงวันที่,
Date and Number Format,วันที่และ รูปแบบตัวเลข,
Datetime,datetime,
Day,วัน,
Day of Week,วันของสัปดาห์,
Days After,วันหลังจากที่,
Days Before,วันก่อน,
Days Before or After,วันก่อนหรือหลัง,
Default,ผิดนัด,
Default Incoming,เริ่มต้นเข้ามา,
Default Letter Head,หัวหน้าเริ่มต้นจดหมาย,
Default Outgoing,เริ่มต้นที่ส่งออก,
Default Portal Home,หน้าแรกเริ่มต้นของพอร์ทัล,
Default Print Format,รูปแบบการพิมพ์เริ่มต้น,
Default Print Language,ภาษาการพิมพ์เริ่มต้น,
Default Redirect URI,เริ่มต้นการเปลี่ยนเส้นทาง URI,
Default Role at Time of Signup,เริ่มต้นบทบาทที่เวลาลงทะเบียน,
Default Sort Field,ฟิลด์เรียงลำดับเริ่มต้น,
Default Sort Order,เรียงลำดับเริ่มต้น,
Default Value,ค่าเริ่มต้น,
"Default: ""Contact Us""",เริ่มต้น: &quot;ติดต่อเรา&quot;,
DefaultValue,เริ่มต้น,
Defaults,เริ่มต้น,
Defines actions on states and the next step and allowed roles.,กำหนดดำเนินการกับรัฐและขั้นตอนต่อไปและบทบาทที่ได้รับอนุญาต,
Defines workflow states and rules for a document.,กำหนดขั้นตอนการทำงานรัฐและกฎระเบียบสำหรับเอกสาร,
Delayed,ล่าช้า,
Delete,ลบ,
Deleted,ที่ถูกลบ,
Deleted DocType,DocType ที่ถูกลบ,
Deleted Document,เอกสารที่ถูกลบ,
Deleted Name,ชื่อที่ถูกลบ,
Delivery Status,สถานะการจัดส่งสินค้า,
Department,แผนก,
Dependencies,การอ้างอิง,
Depends On,ขึ้นอยู่กับ,
Description,คำอธิบาย,
"Description for listing page, in plain text, only a couple of lines. (max 200 characters)",คำอธิบายสำหรับหน้าแสดงรายการเป็นข้อความธรรมดาเพียงไม่กี่บรรทัด (สูงสุด 200 อักขระ),
Designation,การแต่งตั้ง,
Desk,เคาน์เตอร์,
Desk Access,โต๊ะเขียนหนังสือ,
Desktop Icon,เดสก์ท็อปไอคอน,
Details,รายละเอียด,
"Different ""States"" this document can exist in. Like ""Open"", ""Pending Approval"" etc.","ที่แตกต่างกัน &quot;รัฐ&quot; เอกสารนี้สามารถอยู่มาชอบ &quot;เปิด&quot;, &quot;รอการอนุมัติ&quot; ฯลฯ",
Digits,ตัวเลข,
Disable Auto Refresh,ปิดใช้งานการรีเฟรชอัตโนมัติ,
Disable Comments,ปิดการใช้งานความคิดเห็น,
Disable Count,ปิดใช้งานการนับ,
Disable SMTP server authentication,ปิดใช้งานการรับรองความถูกต้องเซิร์ฟเวอร์ SMTP,
Disable Sidebar Stats,ปิดใช้งานสถิติของแถบด้านข้าง,
Disable Signup,ปิดการใช้งานลงทะเบียน,
Disable Standard Email Footer,ปิดการใช้งานส่วนท้ายอีเมล์มาตรฐาน,
Disabled,พิการ,
Display,แสดงผล,
Display Depends On,จอแสดงผลขึ้นอยู่กับ,
Doc Event,เหตุการณ์หมอ,
Doc Events,Doc Events,
Doc Status,สถานะ Doc,
DocField,DocField,
DocPerm,DocPerm,
DocShare,DocShare,
DocType,DocType,
DocType Action,การกระทำของ DocType,
DocType Event,เหตุการณ์ DocType,
DocType Link,ลิงค์ DocType,
DocType View,มุมมอง DocType,
DocType is a Table / Form in the application.,DocType เป็นตาราง / แบบฟอร์มในใบสมัคร,
DocType on which this Workflow is applicable.,DOCTYPE ที่เวิร์กโฟลว์นี้ใช้ได้,
Doctype,DOCTYPE,
Document,เอกสาร,
Document Actions,การดำเนินการเกี่ยวกับเอกสาร,
Document Follow,ติดตามเอกสาร,
Document Link,ลิงค์เอกสาร,
Document Links,ลิงค์เอกสาร,
Document Name,ชื่อเอกสาร,
Document Naming Rule,กฎการตั้งชื่อเอกสาร,
Document Naming Rule Condition,เงื่อนไขกฎการตั้งชื่อเอกสาร,
Document Share,แบ่งปันเอกสาร,
Document Share Report,แบ่งปันเอกสารรายงาน,
Document States,เอกสารสหรัฐอเมริกา,
Document Tag,แท็กเอกสาร,
Document Title,ชื่อเอกสาร,
Document Type,ประเภทเอกสาร,
Document Type to Track,ประเภทเอกสารที่จะติดตาม,
Document Types,ประเภทเอกสาร,
Documentation Link,ลิงค์เอกสาร,
Documentation URL,URL เอกสาร,
Domain,โดเมน,
Domain Settings,การตั้งค่าโดเมน,
Domains HTML,โดเมน HTML,
"Don't HTML Encode HTML tags like &lt;script&gt; or just characters like &lt; or &gt;, as they could be intentionally used in this field",ไม่ได้แท็ก HTML เข้ารหัส HTML เช่น &lt;script&gt; หรือเพียงแค่ตัวอักษรเช่น &lt;หรือ&gt; ขณะที่พวกเขาสามารถนำมาใช้โดยเจตนาในด้านนี้,
Don't Override Status,อย่าแทนที่สถานะ,
Don't Send Emails,อย่าส่งอีเมล,
Donut,โดนัท,
Download Backups,ดาวน์โหลดสำรอง,
Download Template,ดาวน์โหลดแม่แบบ,
Dropbox Access Token,โทเค็นการเข้าถึง Dropbox,
Dropbox Settings,การตั้งค่า Dropbox,
Dropdowns,ดรอปดาวน์,
Due Date,วันที่ครบกำหนด,
Due Date Based On,Due Date Based On,
Duration,ระยะเวลา,
Dynamic Filters,ตัวกรองแบบไดนามิก,
Dynamic Filters JSON,ตัวกรองแบบไดนามิก JSON,
Dynamic Filters Section,ส่วนฟิลเตอร์แบบไดนามิก,
Dynamic Link,การเชื่อมโยงแบบไดนามิก,
Dynamic Report Filters,ตัวกรองรายงานแบบไดนามิก,
Dynamic Route,เส้นทางแบบไดนามิก,
Dynamic Template,เทมเพลตแบบไดนามิก,
Edit,แก้ไข,
Edit Values,แก้ไขค่า,
Editable Grid,ที่สามารถแก้ไขได้กริด,
Eg. smsgateway.com/api/send_sms.cgi,เช่น smsgateway.com / API / send_sms.cgi,
Email,อีเมล,
Email Account,บัญชีอีเมล์,
Email Account Name,อีเมล์ชื่อบัญชี,
Email Address,ที่อยู่อีเมล,
Email Address whose Google Contacts are to be synced.,ที่อยู่อีเมลที่จะซิงค์ Google Contacts,
Email Addresses,ที่อยู่อีเมล์,
Email Domain,โดเมนอีเมล์,
Email Flag Queue,คิวธงอีเมล์,
Email Footer Address,ที่อยู่อีเมล์ท้าย,
Email Group,กลุ่มอีเมล์,
Email Group Member,อีเมลของกลุ่มสมาชิก,
Email ID,ชื่ออีเมล์,
Email IDs,อีเมล์หมายเลข,
Email Id,ID อีเมล์,
Email Inbox,กล่องจดหมายอีเมล์,
Email Queue,คิวอีเมล์,
Email Queue Recipient,อีเมลผู้รับคิว,
Email Queue records.,บันทึกคิวอีเมล์,
Email Reply Help,ตอบกลับอีเมล,
Email Rule,กฎข้อที่อีเมล์,
Email Sent,อีเมลที่ส่ง,
Email Settings,การตั้งค่าอีเมล,
Email Signature,ลายเซ็นอีเมล,
Email Status,สถานะอีเมล์,
Email Sync Option,อีเมล์ตัวเลือกการซิงค์,
Email Template,เทมเพลตอีเมล,
Email To,อีเมล์เพื่อ,
Email Unsubscribe,อีเมล์ยกเลิก,
Emails will be sent with next possible workflow actions,อีเมลจะถูกส่งไปพร้อมกับการทำงานของเวิร์กโฟลว์ที่เป็นไปได้ถัดไป,
Enable,การเปิดใช้งาน,
Enable Auto Reply,เปิดใช้งานการตอบกลับอัตโนมัติ,
Enable Automatic Backup,เปิดใช้งานการสำรองข้อมูลอัตโนมัติ,
Enable Automatic Linking in Documents,เปิดใช้งานการเชื่อมโยงอัตโนมัติในเอกสาร,
Enable Comments,ให้ ความเห็น,
Enable Email Notifications,เปิดใช้งานการแจ้งเตือนทางอีเมล,
Enable Google Indexing,เปิดใช้งานการจัดทำดัชนีของ Google,
Enable In App Website Tracking,เปิดใช้งานในการติดตามเว็บไซต์ของแอป,
Enable Incoming,เปิดใช้งานเข้ามา,
Enable Onboarding,เปิดใช้งานการเริ่มต้นใช้งาน,
Enable Outgoing,เปิดใช้งานขาออก,
Enable Password Policy,เปิดใช้นโยบายรหัสผ่าน,
Enable Print Server,เปิดใช้งานเซิร์ฟเวอร์การพิมพ์,
Enable Raw Printing,เปิดใช้งานการพิมพ์แบบ Raw,
Enable Scheduled Jobs,เปิดใช้งานตามเวลาที่กำหนด,
Enable Security,เปิดใช้งานความปลอดภัย,
Enable Social Login,เปิดใช้การลงชื่อเข้าใช้ทางสังคม,
Enable Social Sharing,เปิดใช้งานการแบ่งปันทางสังคม,
Enable Two Factor Auth,เปิดใช้ Auth Factor 2 ตัว,
Enabled,เปิดการใช้งาน,
End Date,วันที่สิ้นสุด,
End Date Field,ฟิลด์วันที่สิ้นสุด,
Endpoint URL,ปลายทาง URL,
Endpoints,ปลายทาง,
Ends on,สิ้นสุด,
Energy Point,จุดพลังงาน,
Energy Point Log,บันทึกจุดพลังงาน,
Energy Point Rule,กฎพลังงานจุด,
Energy Point Settings,การตั้งค่าจุดพลังงาน,
Energy Points,คะแนนพลังงาน,
Enter Form Type,ป้อนประเภทแบบฟอร์ม,
"Enter default value fields (keys) and values. If you add multiple values for a field, the first one will be picked. These defaults are also used to set ""match"" permission rules. To see list of fields, go to ""Customize Form"".",สาขาใส่ค่าเริ่มต้น (ปุ่ม) และค่านิยม ถ้าคุณเพิ่มค่าหลายสนามคนแรกที่จะได้รับเลือก เริ่มต้นเหล่านี้ยังใช้ในการตั้งค่า &quot;การแข่งขัน&quot; กฎได้รับอนุญาต เพื่อดูรายชื่อสาขาที่ให้ไปที่ &quot;การปรับแต่งรูปแบบ&quot;,
"Enter static url parameters here (Eg. sender=ERPNext, username=ERPNext, password=1234 etc.)",ป้อนพารามิเตอร์คงที่ URL ที่นี่ (เช่นผู้ส่ง = ERPNext ชื่อผู้ใช้ = ERPNext รหัสผ่าน = 1234 ฯลฯ ),
Enter url parameter for message,ป้อนพารามิเตอร์ URL สำหรับข้อความ,
Enter url parameter for receiver nos,ป้อนพารามิเตอร์ URL สำหรับ Nos รับ,
Error,ความผิดพลาด,
Error Log,บันทึกข้อผิดพลาด,
Error Message,ข้อความผิดพลาด,
Event,เหตุการณ์,
Event Category,ประเภทเหตุการณ์,
Event Participants,ผู้เข้าร่วมกิจกรรม,
Event Type,ชนิดเหตุการณ์,
Everyone,ทุกคน,
"Ex: ""colors"": [""#d1d8dd"", ""#ff5858""]","เช่น &quot;colors&quot;: [&quot;# d1d8dd&quot;, &quot;# ff5858&quot;]",
Example,ตัวอย่าง,
"Example: ""/desk""",ตัวอย่าง: &quot;/ desk&quot;,
Example: #Tree/Account,ตัวอย่าง: # ต้นไม้ / บัญชี,
Example: 00001,ตัวอย่าง: 00001,
Example: {{ subject }},ตัวอย่าง: {{subject}},
Excel,สันทัด,
Exception,ข้อยกเว้น,
Execute,ดำเนินการ,
Expert,ผู้เชี่ยวชาญ,
Expiration time,เวลาหมดอายุ,
Expire Notification On,หมดอายุการแจ้งเตือนบน,
Expired,หมดอายุ,
Expires In,จะหมดอายุใน,
Expires On,หมดอายุเมื่อวันที่,
Expiry time of QR Code Image Page,เวลาหมดอายุของ QR Code Image Page,
Export,ส่งออก,
Export From,ส่งออกจาก,
Expose Recipients,เปิดเผยผู้รับ,
"Expression, Optional",การแสดงออกที่เป็นตัวเลือก,
Facebook,Facebook,
Failed,ล้มเหลว,
FavIcon,favicon,
Fax,แฟกซ์,
Featured,แนะนำ,
Feedback,ข้อเสนอแนะ,
Feedback Request,ผลตอบรับการร้องขอ,
Fetch From,เรียกข้อมูลจาก,
Field,สนาม,
Field Description,ฟิลด์คำอธิบาย,
Field Name,ชื่อเขต,
Field To Check,สนามในการตรวจสอบ,
Field Type,ฟิลด์ชนิด,
"Field that represents the Workflow State of the transaction (if field is not present, a new hidden Custom Field will be created)",สนามที่แสดงถึงรัฐเวิร์กโฟลว์ของการทำธุรกรรม (ถ้าเขตข้อมูลไม่ใช่ปัจจุบันฟิลด์ที่กำหนดเองใหม่ซ่อนจะถูกสร้างขึ้น),
Field to Track,ฟิลด์ที่จะติดตาม,
Fieldname,fieldname,
Fields,สาขา,
Fields Multicheck,ฟิลด์ Multicheck,
"Fields separated by comma (,) will be included in the ""Search By"" list of Search dialog box","ทุ่งคั่นด้วยเครื่องหมายจุลภาค (,) จะรวมอยู่ใน &quot;ค้นหาโดย&quot; รายการการค้นหากล่องโต้ตอบ",
Fieldtype,fieldtype,
File,ไฟล์,
File Backup,การสำรองข้อมูลไฟล์,
File Information,ข้อมูลไฟล์,
File Name,ชื่อไฟล์,
File Size,ขนาดไฟล์,
File Type,ประเภทไฟล์,
File URL,ไฟล์ URL,
Files,ไฟล์,
Filter Data,กรองข้อมูล,
Filter List,ตัวกรองรายการ,
Filter Meta,กรอง Meta,
Filter Name,ชื่อตัวกรอง,
Filter Values,ค่าตัวกรอง,
Filters,ตัวกรอง,
Filters Configuration,การกำหนดค่าฟิลเตอร์,
Filters Display,ตัวกรองการแสดงผล,
Filters JSON,กรอง JSON,
Filters Section,ส่วนฟิลเตอร์,
"Filters will be accessible via <code>filters</code>. <br><br>Send output as <code>result = [result]</code>, or for old style <code>data = [columns], [result]</code>","ตัวกรองสามารถเข้าถึงได้ผ่าน <code>filters</code><br><br> ส่งเอาต์พุตเป็น <code>result = [result]</code> หรือสำหรับ <code>data = [columns], [result]</code> แบบเก่า <code>data = [columns], [result]</code>",
Finished,เสร็จ,
First Name,ชื่อแรก,
First Success Message,ข้อความแสดงความสำเร็จเป็นครั้งแรก,
Flag,ธง,
Float,ลอย,
Float Precision,พรีซิชั่ลอย,
Fold,พับ,
Folder,โฟลเดอร์,
Font,ตัวอักษร,
Font Properties,คุณสมบัติแบบอักษร,
Font Size,ขนาดตัวอักษร,
Fonts,แบบอักษร,
Footer,ส่วนท้าย,
Footer HTML,HTML ท้ายกระดาษ,
Footer Items,รายการส่วนท้าย,
Footer Logo,โลโก้ส่วนท้าย,
Footer Template,เทมเพลตส่วนท้าย,
Footer Template Values,ค่าเทมเพลตส่วนท้าย,
Footer will display correctly only in PDF,ส่วนท้ายจะแสดงอย่างถูกต้องเฉพาะใน PDF,
For DocType Link / DocType Action,สำหรับ DocType Link / DocType Action,
For Document Event,สำหรับเหตุการณ์เอกสาร,
For User,สำหรับผู้ใช้,
For Value,สำหรับ Value,
For example: {} Open,ตัวอย่างเช่น: {} เปิด,
"For help see <a href=""https://frappeframework.com/docs/user/en/guides/portal-development/web-forms"" target=""_blank"">Client Script API and Examples</a>","สำหรับความช่วยเหลือโปรดดู <a href=""https://frappeframework.com/docs/user/en/guides/portal-development/web-forms"" target=""_blank"">Client Script API และตัวอย่าง</a>",
"For more information, <a class=""text-muted"" href=""https://erpnext.com/docs/user/manual/en/setting-up/email/linking-emails-to-document"">click here</a>.","สำหรับข้อมูลเพิ่มเติม <a class=""text-muted"" href=""https://erpnext.com/docs/user/manual/en/setting-up/email/linking-emails-to-document"">คลิกที่นี่</a>",
Force,บังคับ,
Force Show,กองทัพแสดง,
Force User to Reset Password,บังคับให้ผู้ใช้รีเซ็ตรหัสผ่าน,
Form Settings,การตั้งค่าแบบฟอร์ม,
Form URL-Encoded,แบบฟอร์มที่เข้ารหัส URL,
Format,รูป,
Format Data,ข้อมูลรูปแบบ,
Forward To Email Address,ไปข้างหน้า เพื่อ ที่อยู่อีเมล์,
Fraction,เศษ,
Fraction Units,หน่วยเศษ,
Frappe,เย็นเป็นวุ้น,
Frequency,ความถี่,
Friday,วันศุกร์,
From,จาก,
From Date,จากวันที่,
From Date Field,จากฟิลด์วันที่,
From Full Name,จากชื่อเต็ม,
From User,จากผู้ใช้,
Full,เต็ม,
Full Name,ชื่อเต็ม,
Full Width,เต็มความกว้าง,
Function,ฟังก์ชัน,
GMail,GMail,
Gantt,แกนต์,
Gender,เพศ,
Generate Keys,สร้างคีย์,
Geo,Geo,
Geolocation,Geolocation,
Get Contacts,รับรายชื่อติดต่อ,
Get your globally recognized avatar from Gravatar.com,ได้รับการยอมรับทั่วโลกประจำตัวของคุณจาก Gravatar.com,
Git Branch,สาขา Git,
GitHub,GitHub,
Global Search DocType,DocType การค้นหาทั่วโลก,
Global Search Settings,การตั้งค่าการค้นหาทั่วโลก,
Global Unsubscribe,ยกเลิกทั่วโลก,
Go to Page,ไปที่หน้า,
Google,Google,
Google Analytics Anonymize IP,Google Analytics Anonymous IP,
Google Analytics ID,ID ของ Google Analytics,
Google Calendar,Google Calendar,
Google Calendar Event ID,รหัสเหตุการณ์ Google ปฏิทิน,
Google Calendar ID,รหัสปฏิทิน Google,
Google Contacts,Google Contacts,
Google Contacts Id,รหัสผู้ติดต่อของ Google,
Google Drive,ใน Google Drive,
Google Font,Google Font,
Google Settings,การตั้งค่าของ Google,
Google Snippet Preview,ตัวอย่าง Google Snippet,
Grant Type,ประเภทการอนุญาต,
Green,สีเขียว,
Group,กลุ่ม,
Group By,จัดกลุ่มตาม,
Group By Based On,จัดกลุ่มตาม,
Group By Type,จัดกลุ่มตามประเภท,
Guest,ผู้เยี่ยมชม,
HH:mm,HH: mm,
HH:mm:ss,HH: mm: ss,
HTML,HTML,
HTML Editor,ตัวแก้ไข HTML,
HTML Page,หน้า HTML,
HTML for header section. Optional,HTML สำหรับ ส่วนหัว ไม่จำเป็น,
Half,ครึ่ง,
Half Yearly,ประจำปีครึ่ง,
Half-yearly,รายหกเดือน,
Has  Attachment,มีสิ่งที่แนบมา,
Has Domain,มีโดเมน,
Has Role,มีบทบาท,
Has Web View,มีมุมมองเว็บ,
Header,ส่วนหัว,
Header HTML,ส่วนหัว HTML,
Header and Breadcrumbs,ส่วนหัวและเกล็ดขนมปัง,
Headers,ส่วนหัว,
Heading,หัวเรื่อง,
Heatmap,แผนที่ความร้อน,
Help,ช่วย,
Help Article,บทความช่วยเหลือ,
Help Articles,บทความช่วยเหลือ,
Help Category,ช่วยเหลือหมวดหมู่,
Help Dropdown,ความช่วยเหลือแบบหล่นลง,
Help HTML,วิธีใช้ HTML,
Helvetica,Helvetica,
Hidden,ซ่อนเร้น,
Hide,ซ่อน,
Hide Block,ซ่อนบล็อก,
Hide Border,ซ่อนเส้นขอบ,
Hide CTA,ซ่อน CTA,
Hide Copy,ซ่อนคัดลอก,
Hide Custom DocTypes and Reports,ซ่อน DocTypes และรายงานที่กำหนดเอง,
Hide Days,ซ่อนวัน,
Hide Footer Signup,ซ่อนท้ายสมัคร,
Hide Login,ซ่อนการเข้าสู่ระบบ,
Hide Seconds,ซ่อนวินาที,
Hide Standard Menu,ซ่อนเมนูมาตรฐาน,
Hide footer in auto email reports,ซ่อนส่วนท้ายในรายงานอีเมลอัตโนมัติ,
High,สูง,
Higher priority rule will be applied first,กฎที่มีลำดับความสำคัญสูงกว่าจะถูกนำไปใช้ก่อน,
Highlight,เน้น,
Home,บ้าน,
Home Page,หน้าแรก,
Home Settings,การตั้งค่าหน้าแรก,
Hourly,ทุกๆชั่วโมง,
Hourly Long,ยาวรายชั่วโมง,
Hourly rate limit for generating password reset links,ขีด จำกัด อัตรารายชั่วโมงสำหรับการสร้างลิงก์รีเซ็ตรหัสผ่าน,
"How should this currency be formatted? If not set, will use system defaults",วิธีการที่ควรสกุลเงินนี้จะจัดรูปแบบ? ถ้าไม่ตั้งจะใช้เริ่มต้นของระบบ,
ID (name) of the entity whose property is to be set,ID (ชื่อ) ของกิจการที่มีสถานที่ให้บริการจะถูกกำหนด,
IP Address,ที่อยู่ IP,
Icon,ไอคอน,
Icon will appear on the button,ไอคอนจะปรากฏบนปุ่ม,
Identity Details,รายละเอียดข้อมูลประจำตัว,
Idx,IDX,
"If Apply Strict User Permission is checked and User Permission is defined for a DocType for a User, then all the documents where value of the link is blank, will not be shown to that User",ถ้ามีการใช้การอนุญาตผู้ใช้ที่เข้มงวดและมีการกำหนดสิทธิ์ผู้ใช้สำหรับ DocType สำหรับผู้ใช้เอกสารทั้งหมดที่มีค่าเชื่อมโยงจะว่างเปล่าจะไม่ปรากฏแก่ผู้ใช้รายนั้น,
If Checked workflow status will not override status in list view,ถ้าสถานะเวิร์กโฟลว์การยืมจะไม่แทนที่สถานะในมุมมองรายการ,
"If Icon is set, it will be shown instead of Label",หากตั้งค่าไอคอนไว้ไอคอนจะแสดงแทนป้ายกำกับ,
"If checked, all other workflows become inactive.",หากตรวจสอบทุกขั้นตอนการทำงานอื่น ๆ เป็นที่รอ,
"If checked, users will not see the Confirm Access dialog.",หากการตรวจสอบผู้ใช้จะไม่เห็นกล่องโต้ตอบยืนยันการเข้า,
"If disabled, this role will be removed from all users.",หากปิดการใช้งานบทบาทนี้จะถูกลบออกจากผู้ใช้ทั้งหมด,
"If enabled,  user can login from any IP Address using Two Factor Auth, this can also be set for all users in System Settings",หากเปิดใช้งานผู้ใช้สามารถเข้าสู่ระบบจากที่อยู่ IP ใด ๆ โดยใช้ Two Factor Auth ซึ่งสามารถตั้งค่าสำหรับผู้ใช้ทั้งหมดในการตั้งค่าระบบ,
"If enabled, all users can login from any IP Address using Two Factor Auth. This can also be set only for specific user(s) in User Page",หากเปิดใช้งานผู้ใช้ทุกคนสามารถเข้าสู่ระบบจากที่อยู่ IP ใดก็ได้โดยใช้ Auth Factor 2 ตัว นอกจากนี้ยังสามารถตั้งค่าเฉพาะสำหรับผู้ใช้บางรายใน User Page เท่านั้น,
"If enabled, changes to the document are tracked and shown in timeline",หากเปิดใช้งานการเปลี่ยนแปลงเอกสารจะถูกติดตามและแสดงในไทม์ไลน์,
"If enabled, document views are tracked, this can happen multiple times",หากเปิดใช้งานมุมมองเอกสารจะถูกติดตามสิ่งนี้อาจเกิดขึ้นได้หลายครั้ง,
"If enabled, the document is marked as seen, the first time a user opens it",หากเปิดใช้งานเอกสารจะถูกทำเครื่องหมายตามที่เห็นเป็นครั้งแรกที่ผู้ใช้เปิดเอกสาร,
"If enabled, the notification will show up in the notifications dropdown on the top right corner of the navigation bar.",หากเปิดใช้งานการแจ้งเตือนจะปรากฏในรายการแบบเลื่อนลงการแจ้งเตือนที่มุมขวาบนของแถบนำทาง,
"If enabled, the password strength will be enforced based on the Minimum Password Score value. A value of 2 being medium strong and 4 being very strong.",หากเปิดใช้งานความแรงของรหัสผ่านจะถูกบังคับใช้ตามค่าคะแนนรหัสผ่านขั้นต่ำ ค่าเฉลี่ย 2 มีความแข็งแรงปานกลางและ 4 มีความแข็งแรงมาก,
"If enabled, users who login from Restricted IP Address, won't be prompted for Two Factor Auth",หากเปิดใช้งานผู้ใช้ที่เข้าสู่ระบบจากที่อยู่ IP ที่ จำกัด จะไม่ได้รับพร้อมท์ให้ใช้ Authentic Factor Authentication,
"If enabled, users will be notified every time they login. If not enabled, users will only be notified once.",หากเปิดใช้งานผู้ใช้จะได้รับแจ้งทุกครั้งที่เข้าสู่ระบบ หากไม่ได้เปิดใช้งานผู้ใช้จะได้รับการแจ้งเตือนเพียงครั้งเดียวเท่านั้น,
If non standard port (e.g. 587),ถ้าพอร์ตมาตรฐานไม่ (เช่น 587),
"If non standard port (e.g. 587). If on Google Cloud, try port 2525.",หากไม่ใช่พอร์ตมาตรฐาน (เช่น 587) ถ้าใน Google Cloud ลองพอร์ต 2525,
"If non-standard port (e.g. POP3: 995/110, IMAP: 993/143)","หากพอร์ตที่ไม่ได้มาตรฐาน (เช่น POP3: 995/110, IMAP: 993/143)",
"If not set, the currency precision will depend on number format",หากไม่ได้ตั้งค่าความแม่นยำของสกุลเงินจะขึ้นอยู่กับรูปแบบตัวเลข,
"If the user has any role checked, then the user becomes a ""System User"". ""System User"" has access to the desktop",หากผู้ใช้มีบทบาทในการตรวจสอบใด ๆ จากนั้นผู้ใช้จะกลายเป็น &quot;ผู้ใช้ระบบ&quot; &quot;ระบบของผู้ใช้&quot; มีการเข้าถึงเดสก์ทอป,
If user is the owner,หากผู้ใช้เป็นเจ้าของ,
"If you set this, this Item will come in a drop-down under the selected parent.",ถ้าคุณตั้งค่า นี้ รายการ นี้ จะมาในแบบเลื่อนลง ภายใต้การ ปกครอง ที่เลือก,
"If your data is in HTML, please copy paste the exact HTML code with the tags.",หากข้อมูลของคุณในรูปแบบ HTML โปรดคัดลอกวางรหัส HTML แน่นอนกับแท็ก,
Ignore User Permissions,ละเว้น สิทธิ์ของผู้ใช้,
Ignore XSS Filter,ละเว้น XSS กรอง,
Ignore attachments over this size,ละเว้นสิ่งที่แนบมามากกว่าขนาดนี้,
Ignored Apps,แอพที่ถูกละเว้น,
Image,รูปภาพ,
Image Field,ลานภาพ,
Image Link,ลิงก์รูปภาพ,
Implicit,โดยปริยาย,
Import,นำเข้า,
Import File,นำเข้าไฟล์,
Import File Errors and Warnings,นำเข้าข้อผิดพลาดและคำเตือนของไฟล์,
Import Log,บันทึกข้อมูลการนำเข้า,
Import Log Preview,นำเข้าบันทึกตัวอย่าง,
Import Preview,นำเข้าภาพตัวอย่าง,
Import Type,ประเภทการนำเข้า,
Import Warnings,คำเตือนการนำเข้า,
Import from Google Sheets,นำเข้าจาก Google ชีต,
In Days,ในหลายวัน,
In Filter,กรอง,
In Global Search,ในการค้นหาทั่วโลก,
In List View,ในมุมมองรายการ,
In Preview,ในหน้าตัวอย่าง,
In Reply To,ตอบกลับ,
In Standard Filter,ในตัวกรองมาตรฐาน,
In points. Default is 9.,ในจุดที่ เริ่มต้นคือ 9,
In seconds,ภายในไม่กี่วินาที,
Inbox,กล่องขาเข้า,
Inbox User,ผู้ใช้ Inbox,
Include Search in Top Bar,รวมถึงการค้นหาในบาร์ยอดนิยม,
Include Web View Link in Email,ส่งลิงค์ Web View เอกสารในอีเมล,
Index,ดัชนี,
Index Web Pages for Search,จัดทำดัชนีหน้าเว็บสำหรับการค้นหา,
Indexing Authorization Code,การจัดทำดัชนีรหัสการอนุญาต,
Indexing Refresh Token,การจัดทำดัชนี Refresh Token,
Indicator,ตัวบ่งชี้,
Indicator Color,สีตัวบ่งชี้,
Info,ข้อมูล,
Initial Sync Count,จำนวนซิงค์เริ่มต้น,
InnoDB,InnoDB,
Insert After,ใส่หลังจาก,
Insert New Records,แทรกบันทึกใหม่,
Insert Style,ใส่สไตล์,
Installed Application,แอปพลิเคชันที่ติดตั้ง,
Installed Applications,แอปพลิเคชันที่ติดตั้ง,
Int,int,
Integration Request,ขอบูรณาการ,
Integrations,Integrations,
Integrations can use this field to set email delivery status,Integrations สามารถใช้ข้อมูลนี้ในการตั้งค่าสถานะการส่งอีเมล,
Interests,ความสนใจ,
Intermediate,สื่อกลาง,
Internal record of document shares,บันทึกของหุ้นเอกสารภายใน,
Introduce your company to the website visitor.,แนะนำ บริษัท ของคุณเพื่อเข้าชมเว็บไซต์,
Introduction,การแนะนำ,
Introductory information for the Contact Us Page,ข้อมูลเบื้องต้นสำหรับการติดต่อเราหน้า,
Invalid,โมฆะ,
Inverse,ผกผัน,
Is Active,มีการใช้งาน,
Is Attachments Folder,เป็นโฟลเดอร์ไฟล์แนบ,
Is Billing Contact,เป็นผู้ติดต่อเรียกเก็บเงิน,
Is Child Table,เป็นตารางเด็ก,
Is Complete,เสร็จสมบูรณ์,
Is Completed,เป็นที่เรียบร้อยแล้ว,
Is Custom Field,เป็นฟิลด์ที่กำหนดเอง,
Is Default,เป็นค่าเริ่มต้น,
Is Folder,เป็นโฟลเดอร์,
Is Home Folder,เป็นโฟลเดอร์แรก,
Is Mandatory Field,เขตบังคับเป็น,
Is Optional State,เป็นรัฐที่ไม่จำเป็น,
Is Primary,เป็นหลัก,
Is Primary Contact,ติดต่อหลักคือ,
Is Primary Mobile,เป็นอุปกรณ์เคลื่อนที่หลัก,
Is Primary Phone,เป็นโทรศัพท์หลัก,
Is Private,เป็นส่วนตัว,
Is Public,เป็นสาธารณะ,
Is Published Field,มีการเผยแพร่สนาม,
Is Single,เป็นโสด,
Is Skipped,ถูกข้าม,
Is Spam,เป็นสแปม,
Is Standard,เป็นมาตรฐาน,
Is Submittable,เป็น Submittable,
Is Table,เป็นตาราง,
Is Tree,เป็นต้นไม้,
Is Unique,เป็นเอกลักษณ์,
Is Your Company Address,คือที่อยู่ บริษัท ของคุณ,
Item Label,ป้ายกำกับรายการ,
Item Type,ประเภทรายการ,
JS,JS,
JSON,JSON,
JSON Request Body,JSON Request Body,
JavaScript,จาวาสคริปต์,
JavaScript Format: frappe.query_reports['REPORTNAME'] = {},รูปแบบ JavaScript : frappe.query_reports [ 'ชื่อรายงาน' ] = { },
Javascript,JavaScript,
Jinja,Jinja,
Kanban,คันบัน,
Kanban Board,กระดานคันบัน,
Kanban Board Column,คอลัมน์กระดานคันบัน,
Kanban Board Name,ชื่อกระดานคันบัน,
Keep track of all update feeds,ติดตามข้อมูลอัปเดตทั้งหมด,
Keeps track of all communications,ติดตามการสื่อสารทั้งหมด,
Key,คีย์,
Keyboard Shortcuts,แป้นพิมพ์ลัด,
Knowledge Base Contributor,ฐานความรู้ผู้มีส่วนร่วม,
Knowledge Base Editor,ความรู้แก้ไขฐาน,
LDAP Email Field,สนามอีเมล์ LDAP,
LDAP First Name Field,LDAP ฟิลด์ชื่อจริง,
LDAP Group,กลุ่ม LDAP,
LDAP Group Field,ฟิลด์กลุ่ม LDAP,
LDAP Group Mapping,การจับคู่กลุ่ม LDAP,
LDAP Group Mappings,การจับคู่กลุ่ม LDAP,
LDAP Last Name Field,ฟิลด์นามสกุลของ LDAP,
LDAP Middle Name Field,ฟิลด์ชื่อกลางของ LDAP,
LDAP Mobile Field,ฟิลด์มือถือของ LDAP,
LDAP Phone Field,ฟิลด์โทรศัพท์ LDAP,
LDAP Search String,ค้นหา LDAP สตริง,
LDAP Security,ความปลอดภัยของ LDAP,
LDAP Server Url,เซิร์ฟเวอร์ LDAP Url,
LDAP Settings,การตั้งค่า LDAP,
LDAP User Creation and Mapping,การสร้างและการแมปผู้ใช้ LDAP,
LDAP Username Field,ชื่อผู้ใช้ LDAP สนาม,
Label,ฉลาก,
Label Help,ช่วยเหลือฉลาก,
Label and Type,ฉลาก และ ประเภท,
Landing Page,หน้า Landing,
Language,ภาษา,
Language Code,รหัสภาษา,
Language Name,ชื่อภาษา,
Last Active,เคลื่อนไหวล่าสุด,
Last Backup On,สำรองข้อมูลล่าสุดเมื่อ,
Last Execution,การกระทำครั้งสุดท้าย,
Last IP,IP สุดท้าย,
Last Known Versions,รุ่นสุดท้ายที่ทราบ,
Last Login,เข้าสู่ระบบล่าสุด,
Last Month,เดือนที่แล้ว,
Last Name,นามสกุล,
Last Password Reset Date,วันที่รีเซ็ตรหัสผ่านล่าสุด,
Last Point Allocation Date,วันที่จัดสรรคะแนนครั้งสุดท้าย,
Last Quarter,ไตรมาสที่แล้ว,
Last Sync On,ซิงค์ล่าสุดเปิด,
Last Synced On,ซิงค์ครั้งสุดท้ายเมื่อ,
Last User,ผู้ใช้งานล่าสุด,
Last Week,อาทิตย์ที่แล้ว,
Last Year,ปีที่แล้ว,
Lead Conversion Time,เวลาในการแปลงตะกั่ว,
Leaderboard,ลีดเดอร์,
Leave blank to repeat always,ปล่อยว่าง ที่จะทำซ้ำ เสมอ,
Ledger,บัญชีแยกประเภท,
Left,ซ้าย,
Legal,กฎหมาย,
Length,ระยะ,
Letter,จดหมาย,
Letter Head,หัวจดหมาย,
Letter Head Based On,หัวจดหมายขึ้นอยู่กับ,
Letter Head Image,ภาพหัวจดหมาย,
Letter Head Name,ชื่อหัวจดหมาย,
Letter Head in HTML,หัวจดหมาย ในรูปแบบ HTML,
Level,ชั้น,
Level Name,ชื่อระดับ,
License,การอนุญาต,
Light Color,สีอ่อน,
Like,ชอบ,
Likes,ทำเช่นเดียวกับ,
Limit,จำกัด,
Limit Number of DB Backups,จำกัด จำนวนสำรองข้อมูล DB,
Line,เส้น,
Link,ลิงค์,
Link Cards,เชื่อมโยงการ์ด,
Link DocType,การเชื่อมโยง DocType,
Link Document Type,ลิงค์ประเภทเอกสาร,
Link Fieldname,ลิงค์ชื่อฟิลด์,
Link Name,ชื่อการเชื่อมโยง,
Link Title,ลิงค์ติเติล,
Link To,ลิงก์ไปยัง,
Link to the page you want to open. Leave blank if you want to make it a group parent.,เชื่อมโยงไปยังหน้าเว็บที่คุณต้องการที่จะเปิด ปล่อยว่างไว้ถ้าคุณต้องการที่จะให้มันผู้ปกครองกลุ่ม,
Linked,ลิงค์แล้ว,
Linked Documents,เอกสารที่เชื่อมโยง,
Links,ลิงค์,
List,รายการ,
List Filter,ตัวกรองรายการ,
List Settings,การตั้งค่ารายการ,
List View Settings,การตั้งค่ามุมมองรายการ,
"List as [{""label"": _(""Jobs""), ""route"":""jobs""}]","รายการเป็น [{ &quot;label&quot;: _ ( &quot;งาน&quot;), &quot;เส้นทาง&quot;: &quot;งาน&quot;}]",
List of patches executed,รายชื่อของแพทช์ดำเนินการ,
Load Balancing,โหลดบาลานซ์,
Location,ตำแหน่ง,
Log,เข้าสู่ระบบ,
Log Data,บันทึกข้อมูล,
Log Setting User,ล็อกการตั้งค่าผู้ใช้,
Log Settings,การตั้งค่าบันทึก,
Login,เข้าสู่ระบบ,
Login After,เข้าสู่ระบบหลังจากที่,
Login Before,เข้าสู่ระบบก่อน,
Login Required,ต้องเข้าสู่ระบบ,
Logo Width,ความกว้างของโลโก้,
Logout,ออกจากระบบ,
Logout All Sessions on Password Reset,ออกจากระบบทุกเซสชันเมื่อรีเซ็ตรหัสผ่าน,
Logout From All Devices After Changing Password,ออกจากระบบจากอุปกรณ์ทั้งหมดหลังจากเปลี่ยนรหัสผ่าน,
Long Text,ข้อความยาว,
Low,ต่ำ,
Main Section,ส่วนหลัก,
Main Section (HTML),ส่วนหลัก (HTML),
Main Section (Markdown),ส่วนหลัก (Markdown),
Maintenance Manager,ผู้จัดการซ่อมบำรุง,
Maintenance User,ผู้บำรุงรักษา,
"Make ""name"" searchable in Global Search",Make &quot;ชื่อ&quot; ค้นหาใน Search ทั่วโลก,
Mandatory,จำเป็น,
Mandatory Depends On,ข้อบังคับขึ้นอยู่กับ,
Map route parameters into form variables. Example <code>/project/&lt;name&gt;</code>,แมปพารามิเตอร์เส้นทางเป็นตัวแปรฟอร์ม ตัวอย่าง <code>/project/&lt;name&gt;</code>,
Markdown,Markdown,
Markdown Editor,Markdown Editor,
Marked As Spam,ทำเครื่องหมายเป็นสแปม,
Max 500 records at a time,จำกัดสูงสุดได้ 500 รายการ,
Max Attachment Size (in MB),แม็กซ์ขนาดไฟล์แนบ (เมกะไบต์),
Max Attachments,จำนวนสิ่งที่แนบสูงสุด,
Max Length,ความยาวสูงสุด,
Max Value,ค่าสูงสุด,
Maximum,ขีดสุด,
Maximum Number of Fields,จำนวนฟิลด์สูงสุด,
Maximum Points,คะแนนสูงสุด,
Medium,กลาง,
Meeting,การประชุม,
Mention,กล่าวถึง,
Mentions,กล่าวถึง,
Message,ข่าวสาร,
Message (HTML),ข้อความ (HTML),
Message (Markdown),ข้อความ (Markdown),
Message Examples,ตัวอย่างข้อความ,
Message ID,หมายเลขข้อความ,
Message Parameter,พารามิเตอร์ข้อความ,
Message-id,ID ข้อความ,
Meta Description,คำอธิบายเมตา,
Meta Image,ภาพ Meta,
Meta Tags,เมตาแท็ก,
Meta Title,ชื่อเมตา,
Method,วิธี,
Middle Name,ชื่อกลาง,
Milestone,ขั้น,
Milestone Tracker,ติดตามเหตุการณ์สำคัญ,
Minimum,ขั้นต่ำ,
Minimum Password Score,คะแนนรหัสผ่านขั้นต่ำ,
Mobile No,เบอร์มือถือ,
Module,โมดูล,
Module Def,Def โมดูล,
Module Name,ชื่อโมดูล,
Module Onboarding,การเริ่มต้นใช้งานโมดูล,
Modules HTML,โมดูล HTML,
Monday,วันจันทร์,
Monospace,monospace,
Monthly,รายเดือน,
Monthly Long,ยาวรายเดือน,
More Information,ข้อมูลมากกว่านี้,
More content for the bottom of the page.,เนื้อหาเพิ่มเติมสำหรับด้านล่างของหน้า,
Multiplier Field,ฟิลด์ตัวคูณ,
Must be a publicly accessible Google Sheets URL,ต้องเป็น URL ของ Google ชีตที่เข้าถึงได้โดยสาธารณะ,
"Must be of type ""Attach Image""",ต้องเป็นชนิด &quot;แนบรูปภาพ&quot;,
Mute Sounds,ปิดเสียง,
MyISAM,MyISAM,
Name,ชื่อ,
Naming,การตั้งชื่อ,
Naming Series,การตั้งชื่อซีรีส์,
Navbar,Navbar,
Navbar Item,รายการ Navbar,
Navbar Settings,การตั้งค่า Navbar,
Navbar Template,เทมเพลต Navbar,
Navbar Template Values,ค่าเทมเพลต Navbar,
New,ใหม่,
New Name,ชื่อใหม่,
New value to be set,ค่าใหม่ที่จะตั้ง,
Newsletter,จดหมายข่าว,
Newsletter Email Group,กลุ่มอีเมล์จดหมายข่าว,
Newsletter Manager,ผู้จัดการจดหมายข่าว,
Next Action Email Template,แม่แบบอีเมล Action ถัดไป,
Next Actions HTML,การดำเนินการต่อไป HTML,
Next Schedule Date,วันที่กำหนดการถัดไป,
Next State,รัฐต่อไป,
Next Sync Token,รหัสการซิงค์ถัดไป,
No,ไม่,
No Copy,คัดลอกไม่มี,
No of Requested SMS,ไม่มีของ SMS ขอ,
No of Rows (Max 500),ไม่มีแถว (สูงสุด 500 บาท),
No of Sent SMS,ไม่มี SMS ที่ส่ง,
Non Negative,ไม่ใช่เชิงลบ,
None,ไม่มี,
Not Sent,ส่งไม่ได้,
Note,หมายเหตุ,
Note Seen By,หมายเหตุมองเห็นได้ด้วย,
Note: By default emails for failed backups are sent.,หมายเหตุ: โดยค่าเริ่มต้นจะส่งอีเมลสำหรับการสำรองข้อมูลที่ล้มเหลว,
"Note: For best results,  images must be of the same size and width must be greater than height.",หมายเหตุ: เพื่อผลลัพธ์ที่ดีที่สุดรูปภาพต้องมีขนาดและความกว้างเท่ากันต้องมากกว่าความสูง,
Note: Multiple sessions will be allowed in case of mobile device,หมายเหตุ: หลายครั้งจะได้รับอนุญาตในกรณีของโทรศัพท์มือถือ,
Notification,การแจ้งเตือน,
Notification Log,บันทึกการแจ้งเตือน,
Notification Recipient,ผู้รับการแจ้ง,
Notification Settings,การตั้งค่าการแจ้งเตือน,
Notification Subscribed Document,เอกสารการสมัครรับการแจ้งเตือน,
Notifications,การแจ้งเตือน,
Notifications and bulk mails will be sent from this outgoing server.,การแจ้งเตือนและอีเมลจำนวนมากจะถูกส่งจากเซิร์ฟเวอร์ออกนี้,
Notify Users On Every Login,แจ้งผู้ใช้เมื่อเข้าสู่ระบบทุกครั้ง,
Notify by Email,แจ้งเตือนทางอีเมล,
Notify by email,แจ้งเตือน ทางอีเมล,
Notify if unreplied,ถ้ายังไม่มีการตอบแจ้ง,
Notify if unreplied for (in mins),ถ้ายังไม่มีการตอบแจ้งสำหรับ (ในนาที),
Notify users with a popup when they log in,แจ้งเตือนเมื่อมีผู้ใช้ที่มีป๊อปอัพเมื่อพวกเขาเข้าสู่ระบบ,
Number Card,บัตรตัวเลข,
Number Card Link,ลิงค์บัตรตัวเลข,
Number Cards,บัตรตัวเลข,
Number Format,รูปแบบจำนวน,
Number of Backups,จำนวนการสำรองข้อมูล,
Number of DB Backups,จำนวนสำรองข้อมูล DB,
Number of Groups,จำนวนกลุ่ม,
Number of columns for a field in a Grid (Total Columns in a grid should be less than 11),จำนวนคอลัมน์สำหรับเขตข้อมูลในตาราง (คอลัมน์ทั้งหมดในตารางควรจะน้อยกว่า 11),
Number of columns for a field in a List View or a Grid (Total Columns should be less than 11),จำนวนคอลัมน์สำหรับเขตข้อมูลในมุมมองรายการหรือกริด (คอลัมน์ทั้งหมดควรจะน้อยกว่า 11),
OAuth Authorization Code,OAuth รหัสอนุมัติ,
OAuth Bearer Token,OAuth ถือ Token,
OAuth Client,ไคลเอ็นต์ OAuth,
OAuth Client ID,รหัสลูกค้า OAuth,
OAuth Provider Settings,การตั้งค่าของผู้ให้บริการ OAuth,
OTP App,OTP App,
OTP Issuer Name,OTP Issuer Name,
Off,ปิด,
Office,สำนักงาน,
Office 365,Office 365,
Older backups will be automatically deleted,การสำรองข้อมูลเก่าจะถูกลบโดยอัตโนมัติ,
On Hold,ระงับ,
Onboarding Permission,สิทธิ์ในการเริ่มต้นใช้งาน,
Onboarding Step,ขั้นตอนการเริ่มต้นใช้งาน,
Onboarding Step Map,แผนที่ขั้นตอนเริ่มต้น,
"Once submitted, submittable documents cannot be changed. They can only be Cancelled and Amended.",เมื่อส่งแล้วจะไม่สามารถเปลี่ยนแปลงเอกสารที่ส่งได้ สามารถยกเลิกและแก้ไขได้เท่านั้น,
Only Allow Edit For,อนุญาตให้เฉพาะสำหรับแก้ไข,
Only Send Records Updated in Last X Hours,ส่งเฉพาะบันทึกที่อัปเดตในช่วง x ชั่วโมงล่าสุด,
Open,เปิด,
Open Documents,เปิดเอกสาร,
Open Reference Document,เปิดเอกสารอ้างอิง,
Open URL in a New Tab,เปิด URL ในแท็บใหม่,
Open a dialog with mandatory fields to create a new record quickly,เปิดไดอะล็อกที่มีฟิลด์บังคับเพื่อสร้างเรกคอร์ดใหม่อย่างรวดเร็ว,
Opened,เปิด,
Operation,การทำงาน,
Optional: Always send to these ids. Each Email Address on a new row,ตัวเลือก: ส่งไปยังรหัสเหล่านี้ แต่ละอีเมล์บนแถวใหม่,
Optional: The alert will be sent if this expression is true,ตัวเลือก: การแจ้งเตือนจะถูกส่งถ้าการแสดงออกนี้เป็นความจริง,
Options,ตัวเลือก,
Options Help,ตัวเลือกความช่วยเหลือ,
Orange,ส้ม,
Order,ใบสั่ง,
Org History,ประวัติ องค์กร,
Org History Heading,ประวัติ org หัวเรื่อง,
Other,อื่น ๆ,
Outlook.com,Outlook.com,
Output,เอาท์พุต,
PDF Page Size,PDF ขนาดหน้า,
PDF Settings,การตั้งค่ารูปแบบไฟล์,
Page,หน้า,
Page Break,แบ่งหน้า,
Page Builder,ตัวสร้างเพจ,
Page Building Blocks,การสร้างหน้า,
Page HTML,HTML หน้า,
Page Name,ชื่อเพจ,
Page Settings,การตั้งค่าหน้าเว็บ,
Parameter,พารามิเตอร์,
Parent Field (Tree),เขตข้อมูลผู้ปกครอง (ต้นไม้),
Parent Label,ป้ายแม่,
Partial Success,ความสำเร็จบางส่วน,
Participants,เข้าร่วม,
Passive,ไม่โต้ตอบ,
Password,รหัสผ่าน,
Password Reset Link Generation Limit,ขีด จำกัด การสร้างลิงก์รีเซ็ตรหัสผ่าน,
Password for Base DN,รหัสผ่านสำหรับฐาน DN,
Patch,แก้ไข,
Patch Log,เข้าสู่ระบบแพทช์,
Path,เส้นทาง,
Path to CA Certs File,พา ธ ไปที่ไฟล์ CA Certs,
Path to Server Certificate,พา ธ ไปยังใบรับรองเซิร์ฟเวอร์,
Path to private Key File,พา ธ ไปยังไฟล์คีย์ส่วนตัว,
Pending,คาราคาซัง,
Pending Approval,รอการอนุมัติ,
Pending Verification,รอการยืนยัน,
Percent,เปอร์เซ็นต์,
Percentage,ร้อยละ,
Period,ระยะเวลา,
Perm Level,Perm ระดับ,
Permanent,ถาวร,
Permission Level,ระดับของสิทธิ์,
Permission Rules,กฎการอนุญาต,
Permissions,สิทธิ์,
Permitted Documents For User,เอกสารที่ได้รับอนุญาตสำหรับผู้ใช้,
Personal,ส่วนตัว,
Personal Data Deletion Request,คำขอลบข้อมูลส่วนบุคคล,
Personal Data Download Request,คำขอดาวน์โหลดข้อมูลส่วนบุคคล,
Phone,โทรศัพท์,
Phone No.,หมายเลขโทรศัพท์,
Phone Number,หมายเลขโทรศัพท์,
Pie,พาย,
Pincode,Pincode,
Plant,พืช,
Point Allocation Periodicity,จุดการจัดสรรระยะเวลา,
Points,จุด,
Port,พอร์ต,
Portal Menu,เมนูพอร์ทัล,
Portal Menu Item,รายการเมนูพอร์ทัล,
Portal Settings,การตั้งค่าพอร์ทัล,
Position,ตำแหน่ง,
Postal,ไปรษณีย์,
Postal Code,รหัสไปรษณีย์,
Precision,ความแม่นยำ,
Preferred Billing Address,ที่อยู่การเรียกเก็บเงินที่ต้องการ,
Preferred Shipping Address,ที่อยู่การจัดส่งสินค้าที่ต้องการ,
Prefix,อุปสรรค,
Prepared Report,จัดทำรายงาน,
Prepared Report User,ผู้ใช้รายงานที่เตรียมไว้,
Preview,แสดงตัวอย่าง,
Preview HTML,ดูตัวอย่าง HTML,
Preview Message,ดูตัวอย่างข้อความ,
Previous Hash,แฮชก่อนหน้านี้,
Primary,ประถม,
Primary Color,สีหลัก,
Print,พิมพ์,
Print Format,พิมพ์รูปแบบ,
Print Format Builder,พิมพ์รูปแบบสร้าง,
Print Format Help,พิมพ์รูปแบบความช่วยเหลือ,
Print Format Type,พิมพ์รูปแบบประเภท,
Print Hide,พิมพ์ซ่อน,
Print Hide If No Value,ซ่อนพิมพ์ถ้าไม่มีมูลค่า,
Print Server,เซิร์ฟเวอร์การพิมพ์,
Print Settings,ตั้งค่าการพิมพ์,
Print Style,รูปแบบการพิมพ์,
Print Style Name,พิมพ์ชื่อสไตล์,
Print Style Preview,ตัวอย่างรูปแบบการพิมพ์,
Print UOM after Quantity,พิมพ์ UOM หลังจำนวน,
Print Width,ความกว้างพิมพ์,
"Print Width of the field, if the field is a column in a table",พิมพ์หน้ากว้างของข้อมูลหากข้อมูลเป็นคอลัมน์ในตาราง,
Print taxes with zero amount,พิมพ์ภาษีที่มีจำนวนเป็นศูนย์,
Print with letterhead,พิมพ์ด้วยกระดาษหัวจดหมาย,
Printer Name,ชื่อเครื่องพิมพ์,
Printing,การพิมพ์,
Priority,บุริมสิทธิ์,
Private,ส่วนตัว,
ProTip: Add <code>Reference: {{ reference_doctype }} {{ reference_name }}</code> to send document reference,protip: เพิ่ม <code>Reference: {{ reference_doctype }} {{ reference_name }}</code> ที่จะส่งเอกสารอ้างอิง,
Property,คุณสมบัติ,
Property Depends On,คุณสมบัติขึ้นอยู่กับ,
Property Setter,สถานที่ให้บริการ Setter,
Property Setter overrides a standard DocType or Field property,ทรัพย์สิน Setter แทนที่ DocType มาตรฐานหรือสถานที่ให้บริการภาคสนาม,
Property Type,ประเภทอสังหาริมทรัพย์,
Provider,ผู้ให้บริการ,
Provider Name,ชื่อผู้ให้บริการ,
Public,สาธารณะ,
Publish,ประกาศ,
Published,เผยแพร่,
Published On,เผยแพร่เมื่อ,
Pull from Google Calendar,ดึงจาก Google Calendar,
Pull from Google Contacts,ดึงจาก Google Contacts,
Pulled from Google Calendar,ดึงจาก Google ปฏิทิน,
Pulled from Google Contacts,ดึงจาก Google Contacts,
Purchase Manager,ผู้จัดการฝ่ายจัดซื้อ,
Purchase Master Manager,ซื้อผู้จัดการโท,
Purchase User,ผู้ซื้อ,
Purple,สีม่วง,
Push to Google Calendar,กดไปที่ Google Calendar,
Push to Google Contacts,กดไปที่ Google Contacts,
Quarterly,ทุกไตรมาส,
Query,สอบถาม,
Query / Script,แบบสอบถาม / สคริปต์,
Query Options,ตัวเลือกแบบสอบถาม,
Query Report,รายงานแบบสอบถาม,
Queued,จัดคิว,
Quick Entry,รายการด่วน,
RAW Information Log,บันทึกข้อมูล RAW,
Random,สุ่ม,
Rating,อันดับ,
Raw Commands,คำสั่งดิบ,
Raw Email,อีเมล์ดิบ,
Raw Printing,การพิมพ์แบบดิบ,
Read,อ่าน,
Read Only,อ่านอย่างเดียว,
Read Only Depends On,อ่านอย่างเดียวขึ้นอยู่กับ,
Read Time,อ่านเวลา,
Read by Recipient,อ่านโดยผู้รับ,
Read by Recipient On,อ่านตาม Recipient On,
Reason,เหตุผล,
Received,ที่ได้รับ,
Receiver By Document Field,ผู้รับตามฟิลด์เอกสาร,
Receiver By Role,ผู้รับตามบทบาท,
Receiver Parameter,พารามิเตอร์รับ,
Recipient,ผู้รับ,
Recipient Unsubscribed,ผู้รับยกเลิกการสมัคร,
Recipients,ผู้รับ,
Recorder,เครื่องบันทึก,
Red,สีแดง,
Redirect URI Bound To Auth Code,เปลี่ยนเส้นทาง URI ผูกพันกับรหัสรับรองความถูกต้อง,
Redirect URIs,เปลี่ยนเส้นทางยูริ,
Redirect URL,URL การเปลี่ยนเส้นทาง,
Ref DocType,DocType Ref,
Reference,การอ้างอิง,
Reference Date,วันที่อ้างอิง,
Reference DocName,เอกสารอ้างอิง DocName,
Reference DocType,DocType อ้างอิง,
Reference Docname,DocName อ้างอิง,
Reference Doctype,Doctype อ้างอิง,
Reference Document,เอกสารอ้างอิง,
Reference Document Name,ชื่อเอกสารอ้างอิง,
Reference Document Type,เอกสารประเภท,
Reference Name,ชื่ออ้างอิง,
Reference Owner,เจ้าของอ้างอิง,
Reference Report,รายงานอ้างอิง,
Reference Type,ชนิดการอ้างอิง,
Reference name,ชื่ออ้างอิง,
Referrer,ผู้อ้างอิง,
Refresh Google Sheet,รีเฟรช Google Sheet,
Refresh Token,รีเฟรช Token,
Rejected,ปฏิเสธ,
Relinked,relinked,
Reload,โหลด,
Remember Last Selected Value,โปรดจำไว้ว่าที่เลือกล่าสุดราคา,
Reminder,การแจ้งเตือน,
Repeat On,ทำซ้ำ,
Repeat Till,ทำซ้ำจน,
Repeat on Day,ทำซ้ำในวัน,
Repeat on Last Day of the Month,ทำซ้ำในวันสุดท้ายของเดือน,
Repeat this Event,ทำซ้ำเหตุการณ์นี้,
Replied,Replied,
Reply,ตอบ,
Report,รายงาน,
Report Builder,สร้างรายงาน,
Report Column,คอลัมน์รายงาน,
Report Description,คำอธิบายรายงาน,
Report Filter,ตัวกรองรายงาน,
Report Filters,ตัวกรองรายงาน,
Report Hide,แจ้งซ่อน,
Report Information,ข้อมูลรายงาน,
Report Manager,จัดการรายงาน,
Report Name,ชื่อรายงาน,
Report Reference Doctype,รายงาน Doctype อ้างอิง,
Report Type,ประเภทรายงาน,
Reports,รายงาน,
Represents a User in the system.,หมายถึงผู้ใช้งานในระบบ,
Represents the states allowed in one document and role assigned to change the state.,ที่เป็นตัวแทนของรัฐที่ได้รับอนุญาตในเอกสารและบทบาทที่ได้รับมอบหมายในการเปลี่ยนสถานะ,
Request Data,ขอข้อมูล,
Request Structure,โครงสร้างการร้องขอ,
Request URL,ขอ URL,
Requested Numbers,ตัวเลขการขอ,
Require Trusted Certificate,ต้องการใบรับรองที่เชื่อถือได้,
Reset Password Key,รีเซ็ต รหัสผ่าน ที่สำคัญ,
Response,การเผชิญเหตุ,
Response Type,พิมพ์คำตอบ,
Restored,การบูรณะ,
Restrict IP,จำกัด IP,
Restrict To Domain,จำกัด เฉพาะโดเมน,
Restrict to Domain,จำกัด โดเมน,
Restrict user from this IP address only. Multiple IP addresses can be added by separating with commas. Also accepts partial IP addresses like (111.111.111),จำกัด ผู้ใช้จากที่อยู่ IP นี้เท่านั้น ที่อยู่ IP หลายสามารถเพิ่มโดยการแยกด้วยเครื่องหมายจุลภาค ยังยอมรับที่อยู่ IP บางส่วนเช่น (111.111.111),
Retry,ลองใหม่อีกครั้ง,
Reverse Icon Color,ย้อนกลับไอคอนสี,
Revert,คืนกลับ,
Revert Of,ย้อนกลับของ,
Reverted,หวนกลับ,
Review,ทบทวน,
Review Level,ระดับความคิดเห็น,
Review Levels,ระดับความเห็น,
Review Points,ตรวจสอบคะแนน,
Revoked,เพิกถอน,
Rich Text,Rich ข้อความ,
Right,ขวา,
Robots.txt,robots.txt,
Role,บทบาท,
Role Name,ชื่อบทบาท,
Role Permission for Page and Report,อนุญาตบทบาทสำหรับหน้าและรายงาน,
Role Permissions,สิทธิ์บทบาท,
Role Permissions Manager,ผู้จัดการ สิทธิ์ บทบาท,
Role Profile,โปรไฟล์บทบาท,
Role and Level,บทบาท และ ระดับ,
Roles,บทบาท,
Roles Assigned,บทบาทที่ได้รับมอบหมาย,
Roles HTML,HTML บทบาท,
Roles Html,บทบาท Html,
Round Robin,Round Robin,
Route,เส้นทาง,
Route History,ประวัติเส้นทาง,
Route Redirects,การเปลี่ยนเส้นทาง,
"Route: Example ""/desk""",เส้นทาง: ตัวอย่าง &quot;/ โต๊ะ&quot;,
Row Index,ดัชนีแถว,
Row Name,ชื่อแถว,
Rows Added,แถวที่เพิ่มเข้ามา,
Rows Removed,แถวลบออก,
Rule,กฎ,
Rule Conditions,เงื่อนไขกฎ,
Rule Name,ชื่อกฎ,
Rules defining transition of state in the workflow.,กฎการกำหนดเปลี่ยนแปลงของรัฐในเวิร์กโฟลว์,
"Rules for how states are transitions, like next state and which role is allowed to change state etc.",กฎสำหรับวิธีการเปลี่ยนรัฐเช่นรัฐต่อไปและบทบาทที่ได้รับอนุญาตให้เปลี่ยนสถานะ ฯลฯ,
Rules with higher priority number will be applied first.,ระบบจะใช้กฎที่มีลำดับความสำคัญสูงกว่าก่อน,
Run Jobs only Daily if Inactive For (Days),เรียกใช้งานเฉพาะรายวันหากไม่ได้ใช้งานสำหรับ (วัน),
Run scheduled jobs only if checked,เรียกใช้งานที่กำหนดเฉพาะในกรณีที่มีการตรวจสอบ,
S3 Backup Settings,S3 Backup Settings,
S3 Bucket Details,รายละเอียดถัง S3,
SMS,ข้อความ,
SMS Gateway URL,URL เกตเวย์ SMS,
SMS Log,เข้าสู่ระบบ SMS,
SMS Parameter,พารามิเตอร์ SMS,
SMS Settings,การตั้งค่า SMS,
SMTP Settings for outgoing emails,การตั้งค่า SMTP สำหรับอีเมลขาออก,
"SQL Conditions. Example: status=""Open""",เงื่อนไข SQL ตัวอย่าง: สถานะ = &quot;เปิด&quot;,
SSL/TLS Mode,โหมด SSL / TLS,
Sales Manager,ผู้จัดการฝ่ายขาย,
Sales Master Manager,ผู้จัดการฝ่ายขายปริญญาโท,
Sales User,ผู้ขาย,
Salesforce,Salesforce,
Salutation,คำอวยพร,
Sample,กลุ่มข้อมูลตัวอย่าง,
Saturday,วันเสาร์,
Save,บันทึก,
Scheduled,กำหนด,
Scheduled Job,งานที่กำหนดไว้,
Scheduled Job Log,บันทึกการใช้งานตามกำหนดเวลา,
Scheduled Job Type,ประเภทงานที่กำหนด,
Scheduled To Send,การกำหนดตารางเวลาในการส่ง,
Scheduler Event,เหตุการณ์เครื่องจัดตารางเวลา,
Scope,ขอบเขต,
Scopes,ขอบเขต,
Script,ต้นฉบับ,
Script Manager,ผู้จัดการสคริปต์,
Script Report,รายงานสคริปต์,
Script Type,ประเภทสคริปต์,
Script to attach to all web pages.,สคริปต์ที่จะแนบไปยังหน้าเว็บทั้งหมด,
Search Fields,เขตข้อมูลการค้นหา,
Search Priorities,ลำดับความสำคัญของการค้นหา,
Section,มาตรา,
Section Break,แบ่งส่วน,
Security Settings,การตั้งค่าการรักษาความปลอดภัย,
Seen,การกระทำ,
Seen By,เห็นโดย,
Seen By Table,เห็นได้จากตาราง,
Select,เลือก,
Select Dashboard,เลือกแดชบอร์ด,
Select Date Range,เลือกช่วงวันที่,
Select DocType,เลือก DocType,
Select Doctype,เลือก Doctype,
Select Transaction,เลือกรายการ,
Select an image of approx width 150px with a transparent background for best results.,เลือกภาพจาก 150px ความกว้างประมาณกับพื้นหลังโปร่งใสเพื่อให้ได้ผลลัพธ์ที่ดีที่สุด,
Select the label after which you want to insert new field.,เลือกป้ายชื่อหลังจากที่คุณต้องการแทรกเขตข้อมูลใหม่,
Send After,หลังจากที่ส่ง,
Send Alert On,แจ้งเตือนเมื่อวันที่,
Send Email Alert,ส่งการแจ้งเตือนทางอีเมล,
Send Email Print Attachments as PDF (Recommended),ส่งอีเมล์สิ่งที่แนบมาพิมพ์เป็น PDF (แนะนำ),
Send Email for Successful Backup,ส่งอีเมลเพื่อการสำรองข้อมูลที่ประสบความสำเร็จ,
Send Email for Successful backup,ส่งอีเมลสำหรับการสำรองข้อมูลที่ประสบความสำเร็จ,
Send Me A Copy of Outgoing Emails,ส่งสำเนาอีเมลขาออก,
Send Notification To,ส่งการแจ้งเตือนไปที่,
Send Notification to,ส่งการแจ้งเตือนไปที่,
Send Notifications For Documents Followed By Me,ส่งการแจ้งเตือนสำหรับเอกสารตามด้วยฉัน,
Send Notifications For Email Threads,ส่งการแจ้งเตือนสำหรับเธรดอีเมล,
Send Notifications To,แจ้งเตือนไปให้,
Send Print as PDF,ส่งเอกสารพิมพ์เป็นไฟล์ PDF,
Send System Notification,ส่งการแจ้งเตือนระบบ,
Send To All Assignees,ส่งถึงผู้รับมอบหมายทั้งหมด,
Send Unsubscribe Link,ส่งลิงค์ยกเลิกการรับข่าวสาร,
Send Welcome Email,ส่งอีเมล์ยินดีต้อนรับ,
Send alert if date matches this field's value,ส่งการแจ้งเตือนถ้าวันที่ตรงกับค่าของเขตนี้,
Send alert if this field's value changes,ส่งการแจ้งเตือนหากมีการเปลี่ยนแปลงค่าของเขตนี้,
Send an email reminder in the morning,ส่งอีเมลเตือนในตอนเช้า,
Send days before or after the reference date,ส่งวันก่อนหรือหลังวันที่อ้างอิง,
Send enquiries to this email address,ส่งคำถาม ไปยังที่อยู่ อีเมลนี้,
Send only if there is any data,ส่งเฉพาะในกรณีที่มีข้อมูลใด ๆ,
Send unsubscribe message in email,ส่งข้อความยกเลิกการเป็นสมาชิกในอีเมล,
Sender,ผู้ส่ง,
Sender Email,อีเมลผู้ส่ง,
Sender Name,ชื่อผู้ส่ง,
Sendgrid,SendGrid,
Sending,การส่ง,
Sent,ส่ง,
Sent On,ส่ง,
Sent Read Receipt,ส่งใบเสร็จรับเงินอ่าน,
Sent To,ส่งไปยัง,
Sent or Received,ส่งหรือ ได้รับ,
Sent/Received Email,อีเมลที่ส่ง / รับ,
Separator,ตัวคั่น,
Sequence Id,รหัสลำดับ,
Series List for this Transaction,รายชื่อชุดสำหรับการทำธุรกรรมนี้,
Server Action,การทำงานของเซิร์ฟเวอร์,
Server IP,IP เซิร์ฟเวอร์,
Server Script,สคริปต์เซิร์ฟเวอร์,
Service,ให้บริการ,
Session Default,เซสชันเริ่มต้น,
Session Default Settings,การตั้งค่าเริ่มต้นของเซสชัน,
Session Defaults,ค่าเริ่มต้นของเซสชัน,
Set Banner from Image,ตั้งป้ายโฆษณาจากภาพ,
"Set Default Options for all charts on this Dashboard (Ex: ""colors"": [""#d1d8dd"", ""#ff5858""])","ตั้งค่าตัวเลือกเริ่มต้นสำหรับแผนภูมิทั้งหมดในแดชบอร์ดนี้ (เช่น: &quot;colors&quot;: [&quot;# d1d8dd&quot;, &quot;# ff5858&quot;])",
Set New Password,ตั้งรหัสผ่านใหม่,
Set Property After Alert,ตั้งค่าคุณสมบัติหลังการแจ้งเตือน,
Set Role For,ตั้งบทบาท,
Set Value,ตั้งค่า,
Set non-standard precision for a Float or Currency field,ตั้งความแม่นยำที่ไม่ได้มาตรฐานสำหรับลอยหรือสาขาสกุลเงิน,
Settings,การตั้งค่า,
Settings Dropdown,ดรอปดาวน์การตั้งค่า,
Settings for Contact Us Page,การตั้งค่าสำหรับติดต่อเราหน้า,
Settings for the About Us Page,การตั้งค่าสำหรับหน้าเกี่ยวกับเรา,
Setup,การติดตั้ง,
Setup Complete,การติดตั้ง เสร็จสมบูรณ์,
Setup Wizard,ตัวช่วยสร้าง การติดตั้ง,
Share,หุ้น,
Shared,ที่ใช้ร่วมกัน,
Shipping,การส่งสินค้า,
Shop,ร้านค้า,
Short Name,ชื่อสั้น,
Shortcuts,ทางลัด,
Show Attachments,แสดงเอกสารแนบ,
Show Dashboard,แสดงหน้าแดชบอร์ด,
Show Document,แสดงเอกสาร,
Show Failed Logs,แสดงบันทึกที่ล้มเหลว,
Show Form Tour,แสดงแบบฟอร์มทัวร์,
Show Full Error and Allow Reporting of Issues to the Developer,แสดงข้อผิดพลาดทั้งหมดและอนุญาตให้มีการรายงานปัญหาแก่นักพัฒนาซอฟต์แวร์,
Show Full Form?,แสดงแบบเต็ม?,
Show Line Breaks after Sections,แสดงแบ่งบรรทัดหลังส่วนข้อมูล,
Show Percentage Stats,แสดงสถิติเปอร์เซ็นต์,
Show Preview Popup,แสดงตัวอย่างป๊อปอัพ,
Show Report,แสดงรายงาน,
Show Section Headings,แสดงส่วนหัว,
Show Sidebar,แสดงแถบด้านข้าง,
Show Title,แสดงชื่อเรื่อง,
Show as cc,แสดงเป็นซีซี,
Show full form instead of a quick entry modal,แสดงแบบเต็มแทนโมดอลรายการด่วน,
Show in Module Section,แสดงไว้ในมาตราโมดูล,
Show in filter,แสดงในตัวกรอง,
Show percentage difference according to this time interval,แสดงเปอร์เซ็นต์ความแตกต่างตามช่วงเวลานี้,
"Show title in browser window as ""Prefix - title""",ชื่อแสดงในหน้าต่างเบราว์เซอร์เป็น &quot;คำนำหน้า - ชื่อ&quot;,
Sidebar Items,รายการ แถบด้านข้าง,
Sidebar Settings,การตั้งค่าแถบด้านข้าง,
Sidebar and Comments,Sidebar และความคิดเห็น,
Signature,ลายเซ็น,
"Simple Python Expression, Example: Status in (""Closed"", ""Cancelled"")","นิพจน์ Python แบบง่าย, ตัวอย่าง: สถานะใน (&quot;ปิด&quot;, &quot;ยกเลิกแล้ว&quot;)",
"Simple Python Expression, Example: Status in (""Invalid"")",Python Expression แบบง่าย ๆ ตัวอย่าง: สถานะใน (&quot;ไม่ถูกต้อง&quot;),
"Simple Python Expression, Example: status == 'Open' and type == 'Bug'","Python Expression, ตัวอย่าง: status == &#39;Open&#39; และ type == &#39;Bug&#39;",
Simultaneous Sessions,ประชุมพร้อมกัน,
Single Types have only one record no tables associated. Values are stored in tabSingles,ประเภท เดียว มีเพียง หนึ่งระเบียน ในตาราง ที่เกี่ยวข้อง ค่าที่ เก็บไว้ใน tabSingles,
Skip Authorization,ข้ามการอนุมัติ,
Skype,Skype,
Slack,หย่อน,
Slack Channel,Slack Channel,
Slack Webhook URL,URL Slack Webhook,
Slideshow,สไลด์โชว์,
Slideshow Items,รายการสไลด์โชว์,
Slideshow Name,ชื่อสไลด์โชว์,
Slideshow like display for the website,สไลด์โชว์เช่นการแสดงผลสำหรับเว็บไซต์,
Small Text,ข้อความขนาดเล็ก,
Smallest Currency Fraction Value,ขนาดเล็กที่สุดในสกุลเงินมูลค่าเศษ,
Smallest circulating fraction unit (coin). For e.g. 1 cent for USD and it should be entered as 0.01,หน่วยที่เล็กที่สุดส่วนการไหลเวียน (เหรียญ) สำหรับเช่นร้อยละ 1 เหรียญสหรัฐและมันควรจะป้อนเป็น 0.01,
Social,สังคม,
Social Link Settings,การตั้งค่าโซเชียลลิงค์,
Social Link Type,ประเภทโซเชียลลิงค์,
Social Login Key,คีย์เข้าสู่ระบบสังคม,
Social Login Provider,ผู้ให้บริการเข้าสู่ระบบสังคม,
Social Logins,การเข้าสู่ระบบโซเชียล,
Soft-Bounced,นุ่มเด้ง,
Sort Field,เรียง ฟิลด์,
Sort Order,เรียง,
Source,แหล่ง,
Source Name,แหล่งที่มาของชื่อ,
Source Text,ข้อความที่มา,
Spam,สแปม,
SparkPost,SparkPost,
Standard,มาตรฐาน,
Standard Sidebar Menu,เมนูด้านข้างมาตรฐาน,
Start Date,วันที่เริ่มต้น,
Start Date Field,ฟิลด์วันที่เริ่มต้น,
Start Time,เวลา,
StartTLS,STARTTLS,
Started,เริ่มต้น,
Starts on,เริ่มเมื่อ,
State,สถานะ,
State/Province,รัฐ / จังหวัด,
States,จังหวัด,
Static Parameters,พารามิเตอร์คง,
Stats,สถิติ,
Stats Time Interval,สถิติช่วงเวลา,
Status,สถานะ,
Step,ขั้นตอน,
Steps,ขั้นตอน,
Stopped,หยุด,
Stores the JSON of last known versions of various installed apps. It is used to show release notes.,ร้านค้า JSON รุ่นที่รู้จักกันครั้งสุดท้ายของปพลิเคชันที่ติดตั้งต่างๆ มันถูกใช้เพื่อแสดงบันทึกประจำรุ่น,
Style,สไตล์,
Style Settings,การตั้งค่าลักษณะ,
"Style represents the button color: Success - Green, Danger - Red, Inverse - Black, Primary - Dark Blue, Info - Light Blue, Warning - Orange","สไตล์เป็นสีของปุ่ม: ความสำเร็จ - สีเขียว, อันตราย - แดง, Inverse - ดำ, ประถม - มืดข้อมูล, บลู - Light Blue, คำเตือน - ออเรนจ์",
Stylesheet,สไตล์ชีต,
"Sub-currency. For e.g. ""Cent""",ย่อยสกุลเงิน สำหรับ &quot;ร้อย&quot; เช่น,
Sub-domain provided by erpnext.com,โดเมนย่อยโดย erpnext.com,
Subdomain,subdomain,
Subject,เรื่อง,
Subject Field,ฟิลด์หัวเรื่อง,
Submit,เสนอ,
Submit After Import,ส่งหลังจากนำเข้า,
Submitted,Submitted,
Subsidiary,บริษัท สาขา,
Subtitle,หัวเรื่องย่อย,
Success,ความสำเร็จ,
Success Action,การดำเนินการสำเร็จ,
Success Message,ข้อความที่ประสบความสำเร็จ,
Success URL,URL ที่ประสบความสำเร็จ,
Sum,รวม,
Sunday,วันอาทิตย์,
Symbol,สัญญลักษณ์,
Sync,ซิงค์,
Sync with Google Calendar,ซิงค์กับ Google Calendar,
Sync with Google Contacts,ซิงค์กับ Google Contacts,
System,ระบบ,
System Console,คอนโซลระบบ,
System Manager,จัดการระบบ,
System Notification,การแจ้งเตือนระบบ,
System Page,หน้าระบบ,
System Settings,การตั้งค่าระบบ,
System managers are allowed by default,ผู้จัดการระบบได้รับอนุญาตโดยค่าเริ่มต้น,
Table,ตาราง,
Table Break,พักโต๊ะ,
Table HTML,ตาราง HTML,
Table MultiSelect,ตาราง MultiSelect,
Tag,แท็ก,
Tag Link,ลิงก์แท็ก,
Target,เป้า,
Tax Category,ประเภทภาษี,
Team Members,สมาชิกในทีม,
Team Members Heading,สมาชิกในทีมหัวเรื่อง,
Template,แบบ,
Template Options,ตัวเลือกเทมเพลต,
Template Warnings,คำเตือนแม่แบบ,
Text,ข้อความ,
Text Align,ข้อความตําแหน่ง,
Text Color,สีของข้อความ,
Text Content,เนื้อหาข้อความ,
Text Editor,แก้ไขข้อความ,
The name that will appear in Google Calendar,ชื่อที่จะปรากฏใน Google ปฏิทิน,
The user from this field will be rewarded points,ผู้ใช้จากฟิลด์นี้จะได้รับคะแนนสะสม,
The webhook will be triggered if this expression is true,webhook จะถูกเรียกใช้หากการแสดงออกนี้เป็นจริง,
Theme,กระทู้,
Theme Configuration,การกำหนดค่าธีม,
Theme URL,URL ของธีม,
These values will be automatically updated in transactions and also will be useful to restrict permissions for this user on transactions containing these values.,ค่าเหล่านี้จะถูกปรับปรุงโดยอัตโนมัติในการทำธุรกรรมและยังจะเป็นประโยชน์เพื่อ จำกัด สิทธิ์สำหรับผู้ใช้นี้ในการทำธุรกรรมที่มีค่าเหล่านี้,
Third Party Authentication,การตรวจสอบ บุคคลที่สาม,
This card will be available to all Users if this is set,การ์ดใบนี้จะพร้อมใช้งานสำหรับผู้ใช้ทุกคนหากตั้งค่านี้,
This chart will be available to all Users if this is set,แผนภูมินี้จะพร้อมใช้งานสำหรับผู้ใช้ทั้งหมดหากตั้งค่านี้,
This format is used if country specific format is not found,รูปแบบนี้ใช้ในกรณีที่รูปแบบเฉพาะของประเทศจะไม่พบ,
This goes above the slideshow.,นี้สูงกว่าสไลด์โชว์,
This is an example Google SERP Preview.,นี่คือตัวอย่าง Google SERP Preview,
This is the number of the last created transaction with this prefix,นี่คือหมายเลขของรายการที่สร้างขึ้นล่าสุดกับคำนำหน้านี้,
This will be shown in a modal after routing,สิ่งนี้จะแสดงในรูปแบบโมดอลหลังการกำหนดเส้นทาง,
This will be shown to the user in a dialog after routing to the report,สิ่งนี้จะแสดงให้ผู้ใช้เห็นในกล่องโต้ตอบหลังจากกำหนดเส้นทางไปยังรายงาน,
Thumbnail URL,URL รูปขนาดย่อ,
Thursday,วันพฤหัสบดี,
Time,เวลา,
Time Format,รูปแบบเวลา,
Time Interval,ช่วงเวลา,
Time Series,อนุกรมเวลา,
Time Series Based On,อนุกรมเวลาขึ้นอยู่กับ,
Time Zone,โซนเวลา,
Time Zones,เขตเวลา,
Time format,รูปแบบเวลา,
Time in seconds to retain QR code image on server. Min:<strong>240</strong>,เวลาเป็นวินาทีเพื่อเก็บภาพโค้ด QR บนเซิร์ฟเวอร์ ต่ำสุด: <strong>240</strong>,
Timeline,ไทม์ไลน์,
Timeline DocType,DocType Timeline,
Timeline Field,ไทม์ไลน์ของสนาม,
Timeline Links,ลิงค์ไทม์ไลน์,
Timeline Name,ชื่อไทม์ไลน์,
Timeseries,Timeseries,
Timespan,ช่วงเวลา,
Timestamp,การประทับเวลา,
Title,ชื่อเรื่อง,
Title Field,ชื่อ ฟิลด์,
Title Prefix,คำนำหน้าชื่อ,
To,ไปยัง,
To Date,ถึงวันที่,
To Date Field,ถึงฟิลด์วันที่,
To and CC,ไปและ CC,
"To use Slack Channel, add a <a href=""#List/Slack%20Webhook%20URL/List"">Slack Webhook URL</a>.","หากต้องการใช้ Slack Channel ให้เพิ่ม <a href=""#List/Slack%20Webhook%20URL/List"">Slack Webhook URL</a>",
ToDo,สิ่งที่ต้องทำ,
Token,เหรียญ,
Top,ด้านบน,
Top Bar Item,รายการ Bar สถานที่ยอด,
Top Bar Items,รายการ Bar สถานที่ยอด,
Topic,กระทู้,
Total Subscribers,สมาชิกทั้งหมด,
Total number of emails to sync in initial sync process ,จำนวนอีเมลที่จะซิงค์ในขั้นตอนการซิงค์ครั้งแรก,
Traceback,ตรวจสอบย้อนกลับ,
Track Changes,การติดตามการเปลี่ยนแปลง,
Track Email Status,ติดตามสถานะอีเมล,
Track Field,ลู่วิ่ง,
Track Seen,ติดตามการกระทำ,
Track Views,ติดตามการดู,
Track milestones for any document,ติดตามเหตุการณ์สำคัญสำหรับเอกสารใด ๆ,
Transaction Hash,แฮชธุรกรรม,
Transaction Log,ล็อกธุรกรรม,
Transaction Log Report,รายงานบันทึกธุรกรรม,
Transition Rules,กฎการเปลี่ยน,
Transitions,เปลี่ยน,
Translatable,สามารถแปลความหมายได้,
Translated Text,ข้อความที่แปล,
Translation,การแปล,
Trash,ขยะ,
Tree,ต้นไม้,
Tree structures are implemented using Nested Set,โครงสร้างต้นไม้ถูกนำไปใช้โดยใช้ชุดซ้อน,
Trigger Method,วิธีการทริกเกอร์,
"Trigger on valid methods like ""before_insert"", ""after_update"", etc (will depend on the DocType selected)","ทริกเกอร์เกี่ยวกับวิธีการที่ถูกต้องเช่น &quot;before_insert&quot;, &quot;after_update&quot; ฯลฯ (จะขึ้นอยู่กับ DocType ที่เลือก)",
Tuesday,วันอังคาร,
Two Factor Authentication,การตรวจสอบความถูกต้องของปัจจัยสองตัว,
Two Factor Authentication method,วิธีการตรวจสอบความถูกต้องของปัจจัยสองตัว,
Type,ชนิด,
UID,UID,
UIDNEXT,UIDNEXT,
UIDVALIDITY,UIDVALIDITY,
UNSEEN,UNSEEN,
URL,URL,
URL for documentation or help,URL สำหรับเอกสารหรือความช่วยเหลือ,
URL to go to on clicking the slideshow image,URL ที่จะไปเมื่อคลิกภาพสไลด์โชว์,
Unassign Condition,ยกเลิกการกำหนดเงื่อนไข,
Unhandled Email,ไม่มีการจัดการอีเมล์,
Unique,เป็นเอกลักษณ์,
Unread,ไม่ได้อ่าน,
Unread Notification Sent,แจ้งส่งยังไม่ได้อ่าน,
Unshared,ยกเลิกการแบ่งปัน,
Unsubscribe Method,วิธีการยกเลิกการเป็นสมาชิก,
Unsubscribe Param,ยกเลิกการรับข่าวสาร Param,
Unsubscribed,ยกเลิกการสมัคร,
Update,อัพเดท,
Update Existing Records,อัปเดตระเบียนที่มีอยู่,
Update Field,ปรับปรุงเขต,
Update Series Number,จำนวน Series ปรับปรุง,
Update Settings,ปรับปรุงการตั้งค่า,
Update Value,ปรับปรุงค่า,
Updated,อัพเดต,
Uploaded To Dropbox,อัปโหลดไปยัง Dropbox,
Uploaded To Google Drive,อัปโหลดไปยัง Google ไดรฟ์,
Use % for any non empty value.,ใช้% สำหรับค่าที่ไม่ใช่ค่าว่าง,
Use ASCII encoding for password,ใช้การเข้ารหัส ASCII สำหรับรหัสผ่าน,
Use IMAP,ใช้ IMAP,
Use POST,ใช้ POST,
Use Report Chart,ใช้แผนภูมิรายงาน,
Use SSL,ใช้ SSL,
Use TLS,ใช้ TLS,
Use this fieldname to generate title,ใช้ fieldname นี้เพื่อสร้างชื่อ,
User,ผู้ใช้งาน,
User ,ผู้ใช้งาน,
User Agent,ตัวแทนผู้ใช้,
User Cannot Create,ผู้ใช้ไม่สามารถสร้าง,
User Cannot Search,ผู้ใช้ไม่สามารถค้นหา,
User Defaults,ค่าดีฟอลต์รายละเอียด,
User Details,รายละเอียดผู้ใช้,
User Email,ผู้ใช้อีเมล์,
User Emails,อีเมล์ของผู้ใช้,
User Field,ฟิลด์ผู้ใช้,
User ID,รหัสผู้ใช้,
User ID Property,คุณสมบัติ ID ผู้ใช้,
User ID of a Blogger,ชื่อผู้ใช้ ID ของ Blogger,
User Id,ID ผู้ใช้,
User Image,รูปภาพของผู้ใช้,
User Name,ชื่อผู้ใช้,
User Permission,การอนุญาต ของผู้ใช้,
User Profile,ประวัติผู้ใช้,
User Social Login,เข้าสู่ระบบทางสังคมของผู้ใช้,
User Tags,แท็กผู้ใช้,
User Type,ประเภทผู้ใช้,
User can login using Email id or Mobile number,ผู้ใช้สามารถเข้าสู่ระบบโดยใช้ Email id หรือ Mobile number,
User can login using Email id or User Name,ผู้ใช้สามารถเข้าสู่ระบบโดยใช้ Email id หรือ User Name,
User must always select,ผู้ใช้จะต้องเลือก,
Username,ชื่อผู้ใช้,
Users,ผู้ใช้,
Users assigned to the reference document will get points.,ผู้ใช้ที่กำหนดให้กับเอกสารอ้างอิงจะได้รับคะแนน,
Valid,ถูกต้อง,
Validate Field,ตรวจสอบฟิลด์,
Validity,ความถูกต้อง,
Value,ราคา,
Value Based On,มูลค่าตาม,
Value Change,เปลี่ยนแปลงค่า,
Value Changed,เปลี่ยนแปลงค่าเรียบร้อย,
Value To Be Set,ค่าที่จะตั้งค่า,
Value from this field will be set as the due date in the ToDo,ค่าจากฟิลด์นี้จะถูกกำหนดเป็นวันที่ครบกำหนดในสิ่งที่ต้องทำ,
Value to Validate,ค่าที่จะตรวจสอบ,
Verdana,Verdana,
Verified,ได้รับการยืนยัน,
Version,เวอร์ชัน,
Video URL,URL ของวิดีโอ,
View,ดู,
View Log,ดูบันทึก,
View Properties (via Customize Form),ดูอสังหาริมทรัพย์ (ผ่านแบบฟอร์มที่กำหนดเอง),
View Report,ดูรายงาน,
View Settings,ดูการตั้งค่า,
View Website,ดูเว็บไซต์,
Viewed By,ดูโดย,
Visit,เยี่ยม,
Warehouse,คลังสินค้า,
Warning,คำเตือน,
Watch Video,ดูวีดีโอ,
Web Form,เว็บฟอร์ม,
Web Form Field,ช่องข้อมูลเว็บฟอร์ม,
Web Form Fields,ช่องข้อมูลเว็บฟอร์ม,
Web Page,หน้าเว็บ,
Web Page Block,บล็อกหน้าเว็บ,
Web Page View,มุมมองหน้าเว็บ,
Web Template,เทมเพลตเว็บ,
Web Template Field,ฟิลด์เทมเพลตของเว็บ,
Web Template Values,ค่าเทมเพลตเว็บ,
Web View,ดูเว็บ,
Webhook,Webhook,
Webhook Data,ข้อมูล Webhook,
Webhook Header,หัวเรื่อง Webhook,
Webhook Headers,ส่วนหัว Webhook,
Webhook Request,คำขอ Webhook,
Webhook Secret,Webhook Secret,
Webhook Security,Webhook ความปลอดภัย,
Webhook Trigger,Webhook Trigger,
Webhook URL,Webhook URL,
Website,เว็บไซต์,
Website Analytics,การวิเคราะห์เว็บไซต์,
Website Manager,เว็บไซต์ผู้จัดการ,
Website Meta Tag,แท็ก Meta เว็บไซต์,
Website Route Meta,เว็บไซต์ Meta เส้นทาง,
Website Route Redirect,การเปลี่ยนเส้นทางเว็บไซต์,
Website Script,สคริปต์เว็บไซต์,
Website Settings,การตั้งค่าเว็บไซต์,
Website Sidebar,แถบด้านข้างเว็บไซต์,
Website Sidebar Item,เว็บไซต์ Sidebar รายการ,
Website Slideshow,สไลด์โชว์เว็บไซต์,
Website Slideshow Item,รายการสไลด์โชว์เว็บไซต์,
Website Theme,ธีมเว็บไซต์,
Website Theme Ignore App,ธีมเว็บไซต์ละเว้นแอป,
Website Theme Image,ธีมเว็บไซต์ภาพ,
Website Theme Image Link,รูปแบบการเชื่อมโยงเว็บไซต์ภาพ,
Wednesday,วันพุธ,
Weekdays,วันธรรมดา,
Weekly,รายสัปดาห์,
Weekly Long,ยาวรายสัปดาห์,
Welcome Email Template,เทมเพลตอีเมลต้อนรับ,
"When enabled this will allow guests to upload files to your application, You can enable this if you wish to collect files from user without having them to log in, for example in job applications web form.",เมื่อเปิดใช้งานสิ่งนี้จะอนุญาตให้แขกอัปโหลดไฟล์ไปยังแอปพลิเคชันของคุณคุณสามารถเปิดใช้งานสิ่งนี้หากคุณต้องการรวบรวมไฟล์จากผู้ใช้โดยไม่ต้องให้พวกเขาเข้าสู่ระบบตัวอย่างเช่นในเว็บฟอร์มงานของแอปพลิเคชัน,
Which view of the associated DocType should this shortcut take you to?,ทางลัดนี้ควรนำคุณไปสู่มุมมองใดของ DocType ที่เกี่ยวข้อง,
Width,ความกว้าง,
Wildcard Filter,ตัวกรองสัญลักษณ์แทน,
"Will add ""%"" before and after the query",จะเพิ่ม &quot;%&quot; ก่อนและหลังแบบสอบถาม,
Will be used in url (usually first name).,จะใช้ใน URL (ชื่อแรกปกติ),
Will run scheduled jobs only once a day for inactive sites. Default 4 days if set to 0.,จะเรียกใช้งานที่กำหนดเวลาเพียงวันละครั้งสำหรับไซต์ที่ไม่ได้ใช้งาน เริ่มต้น 4 วันหากตั้งค่าเป็น 0,
Workflow,กระบวนการทำงาน,
Workflow Action,การกระทำ ใน กระบวนการทำงาน,
Workflow Action Master,แม่แบบกระบวนการทำงาน,
Workflow Action Name,ชื่อการกระทำ ใน กระบวนการทำงาน,
Workflow Action is not created for optional states,การดำเนินการของเวิร์กโฟลว์ไม่ได้ถูกสร้างขึ้นสำหรับสถานะทางเลือก,
Workflow Document State,สถานะเอกสารกระบวนการทำงาน,
Workflow Name,ชื่อกระบวนการทำงาน,
Workflow State,สถานะของเวิร์กโฟลว์,
Workflow State Field,ฟิลด์สถานะของเวิร์กโฟลว์,
Workflow Transition,เปลี่ยนเวิร์กโฟลว์,
Workflow state represents the current state of a document.,สถานะของเวิร์กโฟลว์ที่บ่งบอกถึงสถานะปัจจุบันของเอกสาร,
Write,เขียน,
X Field,X Field,
XLSX,XLSX,
Y Axis,แกน Y,
Y Field,Y ฟิลด์,
Yahoo Mail,จดหมาย Yahoo,
Yandex.Mail,Yandex.Mail,
Year,ปี,
Yearly,ประจำปี,
Yellow,สีเหลือง,
Yes,ใช่,
Your organization name and address for the email footer.,ชื่อองค์กรของคุณและที่อยู่ส่วนท้ายของอีเมล,
Zero means send records updated at anytime,ศูนย์หมายถึงการส่งบันทึกการปรับปรุงตลอดเวลา,
_doctype,_ประเภทเอกสาร,
_report,_รายงาน,
adjust,ปรับ,
after_insert,after_insert,
align-center,จัดศูนย์,
align-justify,จัดแสดงให้เห็นถึง-,
align-left,จัดซ้าย,
align-right,จัดขวา,
arrow-down,ลูกศรลง,
arrow-left,ลูกศรซ้าย,
arrow-right,ลูกศรขวา,
arrow-up,ลูกศรขึ้น,
asterisk,เครื่องหมายดอกจัน,
backward,ย้อนกลับ,
ban-circle,ห้ามวงกลม,
barcode,บาร์โค้ด,
bell,ระฆัง,
blue,สีน้ำเงิน,
bold,กล้า,
book,หนังสือ,
bookmark,คั่น,
briefcase,กระเป๋าเอกสาร,
bullhorn,โทรโข่ง,
calendar,ปฏิทิน,
camera,กล้อง,
certificate,ใบรับรอง,
check,ตรวจสอบ,
chevron-down,วีลง,
chevron-left,วีซ้าย,
chevron-right,วีขวา,
chevron-up,บั้งขึ้น,
circle-arrow-down,วงกลมลูกศรลง,
circle-arrow-left,วงกลมศรซ้าย,
circle-arrow-right,วงกลมลูกศรขวา,
circle-arrow-up,วงกลมลูกศรขึ้น,
cog,ฟันเฟือง,
comment,ความเห็น,
darkgrey,เทาเข้ม,
dd-mm-yyyy,dd-mm-yyyy,
dd.mm.yyyy,dd.mm.yyyy,
dd/mm/yyyy,วัน / เดือน / ปี,
download,ดาวน์โหลด,
download-alt,ดาวน์โหลด alt-,
"e.g. ""Support"", ""Sales"", ""Jerry Yang""","เช่น ""การสนับสนุน "","" ขาย "","" เจอร์รี่ หยาง""",
e.g. pop.gmail.com / imap.gmail.com,เช่น pop.gmail.com / imap.gmail.com,
e.g. replies@yourcomany.com. All replies will come to this inbox.,เช่น replies@yourcomany.com คำตอบทั้งหมดจะมาถึงกล่องจดหมายนี้,
e.g. smtp.gmail.com,เช่น smtp.gmail.com,
edit,แก้ไข,
eject,ขับ,
email,อีเมล์,
envelope,ซองจดหมาย,
exclamation-sign,อัศเจรีย์เข้าสู่ระบบ,
eye-close,ตาใกล้,
eye-open,ตาเปิด,
facebook,เฟซบุ๊ก,
facetime-video,FaceTime วิดีโอ,
fairlogin,fairlogin,
fast-backward,ย้อนกลับอย่างรวดเร็ว,
fast-forward,อย่างรวดเร็วไปข้างหน้า,
file,ไฟล์,
film,ฟิล์ม,
filter,กรอง,
fire,ไฟ,
flag,ธง,
folder-close,โฟลเดอร์ใกล้,
folder-open,โฟลเดอร์เปิด,
font,ตัวอักษร,
forward,ข้างหน้า,
fullscreen,เต็มจอ,
gift,ของขวัญ,
glass,แก้ว,
globe,โลก,
green,สีเขียว,
hand-down,มือลง,
hand-left,มือ-ซ้าย,
hand-right,มือ-ขวา,
hand-up,มือขึ้น,
hdd,ฮาร์ดดิสก์,
headphones,หูฟัง,
heart,หัวใจ,
home,บ้าน,
icon,ไอคอน,
in minutes,ในไม่กี่นาที,
inbox,กล่องขาเข้า,
indent-left,เยื้องซ้าย,
indent-right,เยื้องขวา,
info-sign,ข้อมูลการเข้าสู่ระบบ,
italic,ตัวเอียง,
leaf,ใบไม้,
link,ลิงค์,
linkedin,LinkedIn,
list,รายการ,
list-alt,รายการ ALT-,
lock,ล็อค,
magnet,แม่เหล็ก,
map-marker,แผนที่เครื่องหมาย,
minus,ลบ,
minus-sign,ลบการลงชื่อเข้าใช้,
mm-dd-yyyy,วว-ดด-ปป,
mm/dd/yyyy,วว/ดด/ปปปป,
module,โมดูล,
move,ย้าย,
music,เพลง,
no failed attempts,พยายามไม่ล้มเหลว,
off,ปิด,
ok,ok,
ok-circle,ok วงกลม,
ok-sign,OK-เครื่องหมาย,
old_parent,old_parent,
on_cancel,on_cancel,
on_change,on_change,
on_submit,on_submit,
on_trash,on_trash,
on_update,on_update,
on_update_after_submit,on_update_after_submit,
orange,ส้ม,
page,หน้า,
pause,หยุด,
pencil,ดินสอ,
picture,ภาพ,
plane,เครื่องบิน,
play,เล่น,
play-circle,เล่นวงกลม,
plus,บวก,
plus-sign,บวกเซ็น,
print,พิมพ์,
purple,สีม่วง,
qrcode,QRCode,
query-report,แบบสอบถามรายงาน,
question-sign,คำถามการลงชื่อเข้าใช้,
random,สุ่ม,
red,สีแดง,
refresh,รีเฟรช,
remove,เอาออก,
remove-circle,ลบวงกลม,
remove-sign,ลบเซ็น,
repeat,ทำซ้ำ,
resize-full,ปรับขนาดเต็ม,
resize-horizontal,ปรับขนาดในแนวนอน-,
resize-small,ปรับขนาดเล็ก,
resize-vertical,ปรับขนาดในแนวตั้ง,
response,คำตอบ,
retweet,retweet,
road,ถนน,
screenshot,ภาพหน้าจอ,
search,ค้นหา,
share,หุ้น,
share-alt,หุ้น Alt-,
shopping-cart,ช้อปปิ้งรถเข็น,
signal,สัญญาณ,
star,ดาว,
star-empty,ดาวที่ว่างเปล่า,
step-backward,ขั้นตอนย้อนหลัง,
step-forward,ก้าวไปข้างหน้า-,
stop,หยุด,
tag,แท็ก,
tags,แท็ก,
tasks,งาน,
text-height,ข้อความที่มีความสูง,
text-width,ข้อความความกว้าง,
th,th,
th-large,-th ใหญ่,
th-list,th-list,
thumbs-down,ยกนิ้วลง,
thumbs-up,ยกนิ้วขึ้น,
time,เวลา,
tint,สี,
trash,ถังขยะ,
twitter,ทวิตเตอร์,
upload,ที่อัพโหลด,
user,ผู้ใช้งาน,
volume-down,ปริมาณลง,
volume-off,ปริมาณออก,
volume-up,ปริมาณขึ้น,
warning-sign,ป้ายเตือน,
wrench,ประแจ,
yellow,สีเหลือง,
yyyy-mm-dd,ปปปป-ดด-วว,
zoom-in,ซูมเข้า,
zoom-out,ซูมออก,
