"""Company History""","""Lịch sử công ty""",
"""Team Members"" or ""Management""","""Các Thành Viên Nhóm"" hoặc  ""Ban Quản Lý""",
&lt;head&gt; HTML,HTML,
**Currency** Master,Quản trị ** Tiền tệ**,
0 - Draft; 1 - Submitted; 2 - Cancelled,0 - Nháp; 1 - Đã duyệt; 2 - Đã hủy,
0 is highest,0 là cao nhất,
A list of resources which the Client App will have access to after the user allows it.<br> e.g. project,Một danh sách các nguồn App Khách hàng sẽ có quyền truy cập đến sau khi người dùng cho phép nó. <br> ví dụ như dự án,
A symbol for this currency. For e.g. $,Biểu tượng đồng tiền này. Ví dụ như $,
A4,A4,
ALL,TẤT CẢ,
API,API,
API Access,Quyền truy cập API,
API Endpoint,Điểm cuối API,
API Endpoint Args,API đối tượng điểm cuối,
API Key,API Key,
API Method,Phương pháp API,
API Secret,API Bí mật,
ASC,ASC,
About Us Settings,thiết lập mục 'về chúng tôi',
About Us Team Member,Thành viên nhóm 'Về chúng tôi',
Access Key ID,ID khóa truy cập,
Access Key Secret,Truy cập bí mật khóa,
Access Log,Nhật ký truy cập,
Access Token,Mã truy cập,
Access Token URL,Truy cập URL Token,
Account,Tài khoản,
Accounts Manager,Quản lý tài khoản,
Accounts User,Người dùng kế toán,
Action,thao tác,
Action / Route,Hành động / Lộ trình,
Action Timeout (Seconds),Thời gian chờ hành động (Giây),
Action Type,Loại hành động,
Actions,Các thao tác,
Active,có hiệu lực,
Active Domains,Kích hoạt miền,
Activity Log,Nhật ký hoạt động,
Add Container,Thêm vùng chứa,
Add Custom Tags,Thêm thẻ tùy chỉnh,
Add Gray Background,Thêm nền xám,
Add Signature,Thêm Chữ ký,
Add Total Row,Tổng số Row thêm,
Add Unsubscribe Link,Thêm Hủy đăng ký liên kết,
"Added HTML in the &lt;head&gt; section of the web page, primarily used for website verification and SEO","Thêm HTML vào trong &lt;head&gt; của trang web, chủ yếu được sử dụng để xác minh trang web và SEO",
Additional Permissions,Quyền thêm,
Address,Địa chỉ,
Address And Contacts,Địa chỉ và Liên hệ,
Address Line 1,Địa chỉ Line 1,
Address Line 2,Địa chỉ Dòng 2,
Address Template,Địa chỉ Template,
Address Title,Địa chỉ Tiêu đề,
Address Type,Địa chỉ Loại,
Address and other legal information you may want to put in the footer.,Địa chỉ và thông tin pháp lý khác mà bạn có thể muốn đặt ở chân.,
Addresses And Contacts,Địa chỉ và danh bạ,
Adds a custom field to a DocType,Thêm một thông tin một DOCTYPE,
Administrator,Quản trị viên,
Advanced,Nâng cao,
Advanced Control,Kiểm soát nâng cao,
Advanced Settings,Cài đặt nâng cao,
After Cancel,Sau khi hủy,
After Delete,Sau khi xóa,
After Save,Sau khi lưu,
After Save (Submitted Document),Sau khi lưu (Tài liệu đã gửi),
After Submit,Sau khi gửi,
Aggregate Function Based On,Hàm tổng hợp dựa trên,
Alert,Cảnh báo,
Align Labels to the Right,Căn chỉnh Nhãn ở bên phải,
Align Right,Sắp xếp đúng,
All,Tất cả,
All Day,Tất cả các ngày,
Allocated To,Để phân bổ,
Allot Points To Assigned Users,Phân bổ điểm cho người dùng được chỉ định,
Allow,Cho phép,
Allow Auto Repeat,Cho phép tự động lặp lại,
Allow Bulk Edit,Cho phép Chỉnh sửa Hàng loạt,
Allow Comments,Cho phép Comments,
Allow Consecutive Login Attempts ,Cho phép thử liên tục đăng nhập,
Allow Delete,Cho phép Xóa,
Allow Dropbox Access,Cho phép truy cập Dropbox,
Allow Guest,Cho phép khách,
Allow Guest to View,Cho phép Khách đến Xem,
Allow Guests to Upload Files,Cho phép khách tải lên tập tin,
Allow Import (via Data Import Tool),Cho phép nhập khẩu (thông qua Công cụ Nhập dữ liệu),
Allow Incomplete Forms,Cho phép hình thức không đầy đủ,
Allow Login After Fail,Cho phép đăng nhập sau khi thất bại,
Allow Login using Mobile Number,Cho phép đăng nhập sử dụng số di động,
Allow Login using User Name,Cho phép Đăng nhập bằng Tên Người dùng,
Allow Modules,Cho phép mô-đun,
Allow Print,cho phép In,
Allow Print for Cancelled,cho phép để hủy,
Allow Print for Draft,cho phép in nháp,
Allow Read On All Link Options,Cho phép tùy chọn đọc trên tất cả liên kết,
Allow Rename,Cho phép đổi tên,
Allow Roles,cho phép Vai trò,
Allow Self Approval,Cho phép tự phê duyệt,
Allow approval for creator of the document,Cho phép phê duyệt đối với người tạo tài liệu,
Allow document creation via Email,Cho phép tạo tài liệu qua Email,
Allow events in timeline,Cho phép sự kiện trong dòng thời gian,
Allow in Quick Entry,Cho phép trong mục nhập nhanh,
Allow on Submit,Cho phép khi Đệ trình,
Allow only one session per user,Chỉ cho phép một phiên mỗi người dùng,
Allow page break inside tables,Cho phép trang phá vỡ bên trong bảng,
Allow saving if mandatory fields are not filled,Cho phép tiết kiệm nếu các lĩnh vực bắt buộc không được điền,
Allow user to login only after this hour (0-24),Cho phép người dùng đăng nhập chỉ sau giờ này (0-24),
Allow user to login only before this hour (0-24),Cho phép người dùng đăng nhập chỉ trước khi giờ này (0-24),
Allowed,Cho phép,
Allowed In Mentions,Được phép trong Mentions,
"Always add ""Draft"" Heading for printing draft documents",Luôn luôn thêm &quot;Dự thảo&quot; Heading cho dự thảo văn bản in ấn,
Amend,Sửa đổi,
Amended From,Sửa đổi Từ,
An icon file with .ico extension. Should be 16 x 16 px. Generated using a favicon generator. [favicon-generator.org],Một biểu tượng tập tin với phần mở rộng .ico. Nên là 16 x 16 px. Được tạo ra bằng cách sử dụng favicon. [favicon-generator.org],
Analytics,phân tích,
Annual,Hàng năm,
Anonymous,Vô danh,
Any string-based printer languages can be used. Writing raw commands requires knowledge of the printer's native language provided by the printer manufacturer. Please refer to the developer manual provided by the printer manufacturer on how to write their native commands. These commands are rendered on the server side using the Jinja Templating Language.,Bất kỳ ngôn ngữ máy in dựa trên chuỗi có thể được sử dụng. Viết lệnh thô đòi hỏi kiến thức về ngôn ngữ bản địa của máy in được cung cấp bởi nhà sản xuất máy in. Vui lòng tham khảo hướng dẫn dành cho nhà phát triển được cung cấp bởi nhà sản xuất máy in về cách viết lệnh gốc của họ. Các lệnh này được hiển thị ở phía máy chủ bằng Ngôn ngữ tạo khuôn Jinja.,
App,App,
App Access Key,App Access Key,
App Client ID,App Client ID,
App Client Secret,App Khách hàng Bí mật,
App Name,Tên ứng dụng,
App Secret Key,App bí mật chính,
Append Emails to Sent Folder,Nối các email vào thư mục đã gửi,
Append To,Nối Để,
Applicable For,Đối với áp dụng,
Application Logo,Logo ứng dụng,
Application Name,Tên ứng dụng,
Application Version,Phiên bản ứng dụng,
Applied On,Áp dụng trên,
Apply Document Permissions,Áp dụng quyền đối với tài liệu,
Apply Only Once,Chỉ áp dụng một lần,
Apply Strict User Permissions,Áp dụng Quyền người dùng nghiêm ngặt,
Apply To All Document Types,Áp dụng cho tất cả các loại tài liệu,
Apply this rule if the User is the Owner,Áp dụng quy tắc này nếu người dùng là chủ sở hữu,
Apply this rule only once per document,Chỉ áp dụng quy tắc này một lần cho mỗi tài liệu,
Appreciation,Sự đánh giá,
Archived,Lưu trữ,
Arial,Arial,
Assign Condition,Chỉ định điều kiện,
Assign To Users,Chỉ định cho người dùng,
Assigned,giao,
Assigned By,Giao By,
Assigned By Full Name,Giao By Tên đầy đủ,
Assignment,Chuyển nhượng,
Assignment Completed,phân Hoàn thành,
Assignment Days,Ngày chuyển nhượng,
Assignment Rule,Quy tắc chuyển nhượng,
Assignment Rule Day,Ngày quy tắc chuyển nhượng,
Assignment Rule User,Quy tắc chuyển nhượng người dùng,
Assignment Rules,Quy tắc chuyển nhượng,
Assignments,Bài tập,
Attach,Đính kèm,
Attach Image,Hình ảnh đính kèm,
Attach Print,Đính kèm In,
Attached File,Tập tin đính kèm,
Attached To DocType,Để gắn DocType,
Attached To Field,Đã gắn vào trường,
Attached To Name,Để gắn Tên,
Attachment,Đính kèm,
Attachment Limit (MB),Giới hạn Attachment (MB),
Attachment Link,Liên kết tệp đính kèm,
Attachment Removed,Đã gỡ bỏ đính kèm,
Attachments,File đính kèm,
Auth URL Data,Dữ liệu URL Auth,
Authentication,Xác thực,
Author,tác giả,
Authorization Code,Mã ủy quyền,
Authorize API Indexing  Access,Cho phép quyền truy cập lập chỉ mục API,
Authorize Google Calendar Access,Cho phép truy cập lịch Google,
Authorize Google Contacts Access,Cho phép truy cập danh bạ Google,
Authorize Google Drive Access,Cho phép truy cập Google Drive,
Authorize URL,Ủy quyền URL,
Authorized,Ủy quyền,
Auto,Tự động,
Auto Email Report,Báo cáo Email tự động,
Auto Name,Tên tự động,
Auto Repeat,Tự động lặp lại,
Auto Reply Message,Auto Reply tin nhắn,
Automatically Assign Documents to Users,Tự động gán tài liệu cho người dùng,
Automation,Tự động hóa,
Avatar,Avatar,
Average,Trung bình cộng,
Awaiting Password,Đang chờ mật khẩu,
Awaiting password,Đang chờ Mật khẩu,
BCC,BCC,
Background Color,Màu nền,
Background Workers,Người làm công nền,
Backup Details,Chi tiết dự phòng,
Backup Files,Tập tin sao lưu,
Backup Folder ID,ID thư mục sao lưu,
Backup Folder Name,Tên thư mục sao lưu,
Backup Frequency,Tần số sao lưu,
Backup public and private files along with the database.,Sao lưu các tệp công khai và riêng tư cùng với cơ sở dữ liệu.,
Backups,Sao lưu,
Banner,Biểu ngữ,
Banner HTML,Biểu ngữ HTML,
Banner Image,Banner Image,
Banner is above the Top Menu Bar.,BIểu ngữ nằm trên cùng thanh menu,
Bar,Quán ba,
Barcode,Mã vạch,
Base Distinguished Name (DN),Cơ sở tên phân biệt (DN),
Base URL,URL cơ sở,
Based On,Dựa trên,
Based on Field,Dựa trên lĩnh vực,
Based on Permissions For User,Dựa trên sự chấp thuận đối với người sử dụng,
Basic,Cơ bản,
Before Cancel,Trước khi hủy,
Before Delete,Trước khi xóa,
Before Insert,Trước khi chèn,
Before Save,Trước khi lưu,
Before Save (Submitted Document),Trước khi lưu (Tài liệu đã gửi),
Before Submit,Trước khi gửi,
Beginner,Người bắt đầu,
Beta,thử nghiệm,
Billing,thanh toán,
Bio,Sinh học,
Birth Date,Ngày sinh,
Block Module,Khối mô đun,
Block Modules,Khối mô đun,
Blocked,Đã ngăn lại,
Blog Category,Mục Blog,
Blog Intro,Giới thiệu Blog,
Blog Introduction,Blog Giới thiệu,
Blog Post,Bài Blog,
Blog Settings,Thiết lập Blog,
Blog Title,Nhan đề blog,
Blogger,Blogger,
Blue,Màu xanh da trời,
Bold,Dũng cảm,
Bot,Máy,
Bottom,Dưới cùng,
Bounced,đã thải hồi,
Brand,Nhãn,
Brand HTML,Nhãn HTML,
Brand Image,Hình ảnh của nhãn hàng,
Breadcrumbs,Đường dẫn,
Browser,Trình duyệt,
Browser Version,Phiên bản trình duyệt,
Brute Force Security,Brute Force Security,
Bucket Name,Tên nhóm,
Bulk Update,Cật nhật hàng loạt,
Button,Nút,
Button Gradients,Nút Gradients,
Button Rounded Corners,Nút tròn góc,
Button Shadows,Bóng nút,
Bypass Restricted IP Address Check If Two Factor Auth Enabled,Bỏ qua địa chỉ IP bị hạn chế Kiểm tra nếu xác thực hai yếu tố được bật,
Bypass Two Factor Auth for users who login from restricted IP Address,Bỏ qua hai yếu tố Auth cho người dùng đăng nhập từ Địa chỉ IP bị hạn chế,
Bypass restricted IP Address check If Two Factor Auth Enabled,Bỏ qua kiểm tra địa chỉ IP bị hạn chế Nếu đã bật tính năng xác thực hai yếu tố,
CC,CC,
CSS,CSS,
CSS Class,Lớp CSS,
CSV,CSV,
CTA Label,Nhãn CTA,
CTA URL,URL CTA,
Calendar,Lịch,
Calendar Name,Tên lịch,
Calendar View,Chế độ xem lịch,
Call,Cuộc gọi,
Call To Action,Kêu gọi hành động,
Call To Action URL,URL Kêu gọi Hành động,
Callback Message,Tin nhắn gọi lại,
Callback Title,Tiêu đề gọi lại,
Campaign,Chiến dịch,
Cancel,Hủy bỏ,
Cancelled,HỦY BỎ,
Card,Thẻ,
Cards,thẻ,
Category,thể loại,
Category Description,Category Description,
Category Name,Category Name,
Center,Trung tâm,
Chaining Hash,Dây xích,
Change Label (via Custom Translation),Thay đổi Label (qua chỉnh dịch),
Change Password,Đổi mật khẩu,
Channel,Kênh,
Chart,Đồ thị,
Chart Configuration,Cấu hình biểu đồ,
Chart Name,Tên biểu đồ,
Chart Options,Tùy chọn biểu đồ,
Chart Source,Nguồn biểu đồ,
Chart Type,Loại biểu đồ,
Charts,Biểu đồ,
Chat,Trò chuyện,
Check,Kiểm tra,
Check this if you want to force the user to select a series before saving. There will be no default if you check this.,Kiểm tra này nếu bạn muốn ép buộc người dùng lựa chọn một loạt trước khi lưu. Sẽ không có mặc định nếu bạn kiểm tra này.,
Checking this will hide custom doctypes and reports cards in Links section,Việc kiểm tra này sẽ ẩn các thẻ báo cáo và tài liệu tùy chỉnh trong phần Liên kết,
Checksum Version,Phiên bản Checksum,
Child Tables are shown as a Grid in other DocTypes,Bảng con được hiển thị dưới dạng lưới trong các DocTypes khác,
Choose authentication method to be used by all users,Chọn phương thức xác thực để sử dụng bởi tất cả người dùng,
City,Thành phố,
City/Town,Thành phố / thị xã,
Clicked,Clicked,
Client,Khách hàng,
Client Code,Mã khách hàng,
Client Credentials,Giây chứng nhận khách hàng,
Client ID,Tài khoản khách hàng,
Client Information,Thông tin khách hàng,
Client Script,Kịch bản khách hàng,
Client Secret,BÍ mật khách hàng,
Client URLs,URL máy khách,
Close Condition,Đóng điều kiện,
Closed,Đã đóng,
Code,Code,
Collapsible,Ráp,
Collapsible Depends On,Phụ thuộc ráp On,
Color,Màu,
Column Break,Cột lao,
Column Name,Tên cột,
Columns,Cột,
Columns / Fields,Cột / Lĩnh vực,
Comment,Bình luận,
Comment By,Bình luận bởi,
Comment Email,Bình luận Email,
Comment Type,Comment Loại,
Comments and Communications will be associated with this linked document,Nhận xét và Truyền thông sẽ được liên kết với các tài liệu liên kết này,
Commit,Cam kết,
Communication,Liên lạc,
Communication Link,Liên kết truyền thông,
Communication Type,Loại thông tin liên lạc,
Compact Item Print,Nhỏ gọn mục Print,
Company History,Lịch sử công ty,
Company Introduction,Giới thiệu công ty,
Company Name,Tên công ty,
Complete,Hoàn chỉnh,
Completed,Hoàn thành,
Component,Hợp phần,
Condition,Điều kiện,
Conditions,Điều kiện,
Configuration,Cấu hình,
Confirmation Email Template,Mẫu email xác nhận,
Console,Bảng điều khiển,
Console Log,Nhật ký bảng điều khiển,
Contact,Liên hệ,
Contact Details,Chi tiết Liên hệ,
Contact Email,Email Liên hệ,
Contact Numbers,Số liên lạc,
Contact Phone,Điện thoại liên hệ,
Contact Us Settings,Thiết lập Liên hệ,
"Contact options, like ""Sales Query, Support Query"" etc each on a new line or separated by commas.","Tùy chọn liên hệ, như ""Truy vấn Bán hàng, Truy vấn Hỗ trợ"" v.v.. mỗi thứ một dòng mới hoặc cách nhau bằng dấu phẩy.",
Contacts,Danh bạ,
Content,Lọc nội dung,
Content (HTML),Nội dung (HTML),
Content (Markdown),Nội dung (Đánh dấu),
Content Hash,Nội dung Hash,
Content Type,Loại nội dung,
Context,Bối cảnh,
Context Script,Tập lệnh ngữ cảnh,
Contributed,Đóng góp,
Contribution Document Name,Tên tài liệu đóng góp,
Contribution Status,Trạng thái đóng góp,
Copyright,Bản quyền,
Core,Nh,
Count,Đếm,
Count Filter,Bộ lọc đếm,
Counter,Quầy tính tiền,
Country,Tại,
Country Name,Tên nước,
County,quận,
Create,Tạo,
Create Contacts from Incoming Emails,Tạo địa chỉ liên hệ từ email đến,
Create Entry,Tạo mục nhập,
Create Log,Tạo nhật ký,
Create and Send Newsletters,Tạo và Gửi Tin,
Created,Tạo,
Criticism,Sự chỉ trích,
Cron,Cron,
Cron Format,Định dạng cron,
Currency,Tiền tệ,
Currency Name,Tên tiền tệ,
Currency Precision,Tiền tệ chính xác,
Current,Hiện hành,
Custom,Tuỳ chỉnh,
Custom Base URL,URL cơ sở tùy chỉnh,
Custom CSS,CSS Tuỳ chỉnh,
Custom Configuration,Cấu hình tùy chỉnh,
Custom DocPerm,tuỳ chỉnh DocPerm,
Custom Field,Trường Tuỳ chỉnh,
Custom Format,Tuỳ chỉnh Format,
Custom HTML Help,Tuỳ chỉnh HTML Help,
Custom Menu Items,Custom Menu Items,
Custom Options,Tùy chọn tùy chỉnh,
Custom Overrides,Ghi đè tùy chỉnh,
Custom Report,Báo cáo tùy chỉnh,
Custom Role,Vai trò tùy chỉnh,
Custom SCSS,SCSS tùy chỉnh,
Custom Sidebar Menu,Tuỳ chỉnh bên Menu,
Custom?,Tùy chỉnh?,
Customization,Tùy biến,
Customize Form,Tùy chỉnh mẫu,
Customize Form Field,Tùy chỉnh Field,
DESC,DESC,
Daily,Hàng ngày,
Daily Long,Hàng ngày dài,
Danger,Nguy hiểm,
Dark Color,Màu tối,
Dashboard,bảng điều khiển,
Dashboard Chart,Bảng điều khiển,
Dashboard Chart Field,Trường biểu đồ bảng điều khiển,
Dashboard Chart Link,Bảng điều khiển liên kết,
Dashboard Chart Source,Bảng điều khiển nguồn,
Dashboard Manager,Trình quản lý trang tổng quan,
Dashboard Name,Tên bảng điều khiển,
Dashboard Settings,Cài đặt trang tổng quan,
Dashboards,Bảng điều khiển,
Data,Dữ liệu,
Data Export,Xuất dữ liệu,
Data Import,Nhập dữ liệu,
Database Engine,bộ máy cơ sở dữ liệu,
Date,Ngày,
Date Format,Định dạng ngày,
Date Range,Phạm vi ngày,
Date and Number Format,định dạng ngày và số,
Datetime,Ngày giờ,
Day,ngày,
Day of Week,Ngày trong tuần,
Days After,những ngày sau đó,
Days Before,những ngày trước đó,
Days Before or After,những ngày trước hoặc sau,
Default,Mặc định,
Default Incoming,Mặc định Incoming,
Default Letter Head,Tiêu đề trang mặc định,
Default Outgoing,Mặc định Outgoing,
Default Portal Home,Trang chủ Cổng thông tin Mặc định,
Default Print Format,Mặc định In Định dạng,
Default Print Language,Ngôn ngữ in mặc định,
Default Redirect URI,Mặc định Redirect URI,
Default Role at Time of Signup,Mặc định vai trò tại Thời gian đăng ký,
Default Sort Field,Trường sắp xếp mặc định,
Default Sort Order,Thứ tự sắp xếp mặc định,
Default Value,Giá trị mặc định,
"Default: ""Contact Us""","Mặc định: ""Liên hệ""",
DefaultValue,DefaultValue,
Defaults,Mặc định,
Defines actions on states and the next step and allowed roles.,Xác định các hành động trên các quốc gia và các bước tiếp theo và vai trò cho phép.,
Defines workflow states and rules for a document.,Xác định trạng thái công việc và các quy tắc cho một tài liệu.,
Delayed,Bị hoãn,
Delete,Xóa,
Deleted,Đã bị xóa,
Deleted DocType,DocType xóa,
Deleted Document,Tài liệu bị xóa,
Deleted Name,Tên xóa,
Delivery Status,Tình trạng giao,
Department,Cục,
Dependencies,Phụ thuộc,
Depends On,Phụ thuộc Bật,
Description,Mô tả,
"Description for listing page, in plain text, only a couple of lines. (max 200 characters)","Mô tả cho trang danh sách, bằng văn bản thuần túy, chỉ có một vài dòng. (tối đa 200 ký tự)",
Designation,Chỉ định,
Desk,Bàn giấy,
Desk Access,bàn truy cập,
Desktop Icon,Biểu tượng Desktop,
Details,Chi tiết,
"Different ""States"" this document can exist in. Like ""Open"", ""Pending Approval"" etc.","Khác nhau ""Hoa"" tài liệu này có thể tồn tại in Như ""Open"", ""Đang xem xét"", vv",
Digits,Chữ số,
Disable Auto Refresh,Vô hiệu hóa Tự động làm mới,
Disable Comments,Tắt nhận xét,
Disable Count,Vô hiệu hóa Đếm,
Disable SMTP server authentication,Vô hiệu hóa xác thực máy chủ SMTP,
Disable Sidebar Stats,Vô hiệu hóa thống kê Sidebar,
Disable Signup,Vô hiệu hóa đăng ký,
Disable Standard Email Footer,Vô hiệu hóa chân trang email chuẩn,
Disabled,Đã vô hiệu hóa,
Display,Hiển thị,
Display Depends On,Hiện thị dựa trên,
Doc Event,Sự kiện Doc,
Doc Events,Sự kiện Doc,
Doc Status,Doc Trạng thái,
DocField,DocField,
DocPerm,DocPerm,
DocShare,DocShare,
DocType,Tài liệu,
DocType Action,Hành động DocType,
DocType Event,Sự kiện DocType,
DocType Link,Liên kết tài liệu,
DocType View,Chế độ xem DocType,
DocType is a Table / Form in the application.,DOCTYPE là một Table / Form trong ứng dụng.,
DocType on which this Workflow is applicable.,DocType mà Workflow này được áp dụng.,
Doctype,DocType,
Document,Tài liệu,
Document Actions,Hành động tài liệu,
Document Follow,Tài liệu theo dõi,
Document Link,Liên kết tài liệu,
Document Links,Liên kết tài liệu,
Document Name,Document Name,
Document Naming Rule,Quy tắc đặt tên tài liệu,
Document Naming Rule Condition,Điều kiện quy tắc đặt tên tài liệu,
Document Share,Chia sẻ tài liệu,
Document Share Report,Tài liệu Chia sẻ Báo cáo,
Document States,Tài liệu Hoa,
Document Tag,Thẻ tài liệu,
Document Title,Tiêu đề tài liệu,
Document Type,loại tài liệu,
Document Type to Track,Loại tài liệu cần theo dõi,
Document Types,Các loại tài liệu,
Documentation Link,Liên kết tài liệu,
Documentation URL,URL tài liệu,
Domain,Tên miền,
Domain Settings,Cài đặt miền tùy chỉnh,
Domains HTML,Tên miền HTML,
"Don't HTML Encode HTML tags like &lt;script&gt; or just characters like &lt; or &gt;, as they could be intentionally used in this field","Không thẻ HTML Mã hóa HTML như &lt;script&gt; hay chỉ là nhân vật như &lt;hoặc&gt;, vì chúng có thể được cố ý sử dụng trong lĩnh vực này",
Don't Override Status,Đừng Override Status,
Don't Send Emails,Không gửi email,
Donut,Bánh vòng,
Download Backups,Tải Backups,
Download Template,Tải mẫu,
Dropbox Access Token,phiếu truy cập Dropbox,
Dropbox Settings,Cài đặt Dropbox,
Dropdowns,Trình đơn thả xuống,
Due Date,Ngày đáo hạn,
Due Date Based On,Ngày Dư Dựa Dựa Trên,
Duration,Thời lượng,
Dynamic Filters,Bộ lọc động,
Dynamic Filters JSON,Bộ lọc động JSON,
Dynamic Filters Section,Phần bộ lọc động,
Dynamic Link,Liên kết động,
Dynamic Report Filters,Bộ lọc báo cáo động,
Dynamic Route,Tuyến động,
Dynamic Template,Mẫu động,
Edit,Chỉnh sửa,
Edit Values,Chỉnh sửa giá trị,
Editable Grid,mạng lưới có thể chỉnh sửa,
Eg. smsgateway.com/api/send_sms.cgi,Ví dụ. smsgateway.com/api/send_sms.cgi,
Email,E-mail,
Email Account,Tài khoản email,
Email Account Name,Tên tài khoản email,
Email Address,Địa chỉ email,
Email Address whose Google Contacts are to be synced.,Địa chỉ Email có Danh bạ Google sẽ được đồng bộ hóa.,
Email Addresses,Địa chỉ email,
Email Domain,Tên miền email,
Email Flag Queue,Email Cờ Queue,
Email Footer Address,Email Footer Địa chỉ,
Email Group,Email Nhóm,
Email Group Member,Email Nhóm thành viên,
Email ID,ID email,
Email IDs,Email Id,
Email Id,ID email,
Email Inbox,Hộp thư email,
Email Queue,Hàng chờ email,
Email Queue Recipient,Hàng chờ người nhận email,
Email Queue records.,Hàng chờ bản ghi email,
Email Reply Help,Trợ giúp trả lời qua email,
Email Rule,Điều lệ Email,
Email Sent,Email đã gửi,
Email Settings,Thiết lập email,
Email Signature,Chữ ký email,
Email Status,Tình trạng email,
Email Sync Option,Đồng bộ hóa email Tùy chọn,
Email Template,Mẫu email,
Email To,Để Email,
Email Unsubscribe,Email Hủy đăng ký,
Emails will be sent with next possible workflow actions,Email sẽ được gửi với các hành động dòng công việc có thể tiếp theo,
Enable,K.hoạt,
Enable Auto Reply,Enable Auto Reply,
Enable Automatic Backup,Bật Tự động sao lưu,
Enable Automatic Linking in Documents,Kích hoạt liên kết tự động trong tài liệu,
Enable Comments,Cho phép nhận xét,
Enable Email Notifications,Bật thông báo email,
Enable Google Indexing,Bật lập chỉ mục của Google,
Enable In App Website Tracking,Bật theo dõi trang web trong ứng dụng,
Enable Incoming,Kích hoạt tính năng Incoming,
Enable Onboarding,Bật giới thiệu,
Enable Outgoing,Kích hoạt Outgoing,
Enable Password Policy,Bật Chính sách Mật khẩu,
Enable Print Server,Bật máy chủ in,
Enable Raw Printing,Cho phép in thô,
Enable Scheduled Jobs,Việc cho phép theo lịch trình,
Enable Security,Kích hoạt bảo mật,
Enable Social Login,Bật đăng nhập xã hội,
Enable Social Sharing,Bật chia sẻ xã hội,
Enable Two Factor Auth,Kích hoạt tính năng xác thực hai yếu tố,
Enabled,Đã bật,
End Date,Ngày kết thúc,
End Date Field,Trường ngày kết thúc,
Endpoint URL,URL điểm cuối,
Endpoints,Điểm cuối,
Ends on,Kết thúc vào ngày,
Energy Point,Điểm năng lượng,
Energy Point Log,Nhật ký năng lượng,
Energy Point Rule,Quy tắc điểm năng lượng,
Energy Point Settings,Cài đặt điểm năng lượng,
Energy Points,Điểm năng lượng,
Enter Form Type,Nhập Loại Mẫu,
"Enter default value fields (keys) and values. If you add multiple values for a field, the first one will be picked. These defaults are also used to set ""match"" permission rules. To see list of fields, go to ""Customize Form"".","Nhập trường giá trị mặc định (khóa) và giá trị. Nếu bạn thêm nhiều giá trị cho một trường, một trong những đầu tiên sẽ được chọn. Mặc định này cũng được sử dụng để thiết lập &quot;trận đấu&quot; quy tắc cho phép. Để xem danh sách các lĩnh vực, vào &quot;Customize Form&quot;.",
"Enter static url parameters here (Eg. sender=ERPNext, username=ERPNext, password=1234 etc.)","Nhập các thông số url tĩnh ở đây (Ví dụ người gửi = ERPNext, tên người dùng = ERPNext, mật khẩu = 1234, vv)",
Enter url parameter for message,Nhập tham số url cho tin nhắn,
Enter url parameter for receiver nos,Nhập tham số url cho người nhận nos,
Error,Lỗi,
Error Log,Lỗi hệ thống,
Error Message,Thông báo lỗi,
Event,Sự Kiện,
Event Category,Danh mục sự kiện,
Event Participants,Người tham gia sự kiện,
Event Type,Loại sự kiện,
Everyone,Tất cả mọi người,
"Ex: ""colors"": [""#d1d8dd"", ""#ff5858""]","Ví dụ: &quot;color&quot;: [&quot;# d1d8dd&quot;, &quot;# ff5858&quot;]",
Example,Thí dụ,
"Example: ""/desk""",Ví dụ: &quot;/ bàn&quot;,
Example: #Tree/Account,Ví dụ: # Cây / Tài khoản,
Example: 00001,Ví dụ: 00001,
Example: {{ subject }},Ví dụ: {{chủ đề}},
Excel,Excel,
Exception,Exception,
Execute,Hành hình,
Expert,Chuyên gia,
Expiration time,thời gian hết hạn,
Expire Notification On,Hết Hạn Thông báo Mở,
Expired,Hết hạn,
Expires In,hết hạn trong,
Expires On,Hết hạn vào,
Expiry time of QR Code Image Page,Thời gian hết hạn của Trang Hình Mã QR,
Export,Xuất,
Export From,Xuất khẩu từ,
Expose Recipients,Đưa ra nhận,
"Expression, Optional","Biểu hiện, Tùy chọn",
Facebook,Facebook,
Failed,Thất bại,
FavIcon,Favicon,
Fax,Fax,
Featured,Đặc sắc,
Feedback,Thông tin phản hồi,
Feedback Request,Phản hồi Yêu cầu,
Fetch From,Tìm nạp từ,
Field,Cánh đồng,
Field Description,Dòng Mô tả,
Field Name,Tên trường,
Field To Check,Trường để kiểm tra,
Field Type,Loại lĩnh vực,
"Field that represents the Workflow State of the transaction (if field is not present, a new hidden Custom Field will be created)","Lĩnh vực đại diện cho Nhà nước Quy trình làm việc của giao dịch (nếu trường không có mặt, một ẩn mới Trường Tuỳ chỉnh sẽ được tạo ra)",
Field to Track,Trường để theo dõi,
Fieldname,Fieldname,
Fields,Các trường,
Fields Multicheck,Trường Multicheck,
"Fields separated by comma (,) will be included in the ""Search By"" list of Search dialog box","Fields cách nhau bởi dấu phẩy (,) sẽ được bao gồm trong &quot;Tìm Kiếm Theo&quot; danh sách các hộp thoại Search",
Fieldtype,Fieldtype,
File,Tập tin,
File Backup,Sao lưu tập tin,
File Information,Thông tin tập tin,
File Name,Tên tệp tin,
File Size,Dung lượng file,
File Type,Loại tệp,
File URL,Đường dẫn tập tin,
Files,Các tập tin,
Filter Data,Lọc dữ liệu,
Filter List,Danh sách bộ lọc,
Filter Meta,lọc bản thử,
Filter Name,Tên bộ lọc,
Filter Values,Giá trị bộ lọc,
Filters,Bộ lọc,
Filters Configuration,Cấu hình bộ lọc,
Filters Display,Bộ lọc hiển thị,
Filters JSON,Bộ lọc JSON,
Filters Section,Phần bộ lọc,
"Filters will be accessible via <code>filters</code>. <br><br>Send output as <code>result = [result]</code>, or for old style <code>data = [columns], [result]</code>","Bộ lọc sẽ có thể truy cập được thông qua <code>filters</code> .<br><br> Gửi đầu ra là <code>result = [result]</code> hoặc cho <code>data = [columns], [result]</code> kiểu cũ <code>data = [columns], [result]</code>",
Finished,Đã kết thúc,
First Name,Họ,
First Success Message,Thông điệp thành công đầu tiên,
Flag,Cờ,
Float,Phao,
Float Precision,Độ nổi chính xác,
Fold,Gập lại,
Folder,Thư mục,
Font,Phông chữ,
Font Properties,Thuộc tính phông chữ,
Font Size,Kích thước văn bản,
Fonts,Phông chữ,
Footer,Phần chân,
Footer HTML,Chân trang HTML,
Footer Items,Phần chân của các mẫu hàng,
Footer Logo,Biểu trưng chân trang,
Footer Template,Mẫu chân trang,
Footer Template Values,Giá trị mẫu chân trang,
Footer will display correctly only in PDF,Footer sẽ chỉ hiển thị chính xác trong PDF,
For DocType Link / DocType Action,Đối với DocType Link / DocType Action,
For Document Event,Đối với sự kiện tài liệu,
For User,Đối với tài,
For Value,Đối với Giá trị,
For example: {} Open,Ví dụ: {} Mở,
"For help see <a href=""https://frappeframework.com/docs/user/en/guides/portal-development/web-forms"" target=""_blank"">Client Script API and Examples</a>","Để được trợ giúp, hãy xem <a href=""https://frappeframework.com/docs/user/en/guides/portal-development/web-forms"" target=""_blank"">API tập lệnh ứng dụng khách và các ví dụ</a>",
"For more information, <a class=""text-muted"" href=""https://erpnext.com/docs/user/manual/en/setting-up/email/linking-emails-to-document"">click here</a>.","Để biết thêm thông tin, <a class=""text-muted"" href=""https://erpnext.com/docs/user/manual/en/setting-up/email/linking-emails-to-document"">bấm vào đây</a> .",
Force,Sức ảnh hưởng,
Force Show,Hiển thị sức ảnh hưởng,
Force User to Reset Password,Buộc người dùng đặt lại mật khẩu,
Form Settings,Cài đặt biểu mẫu,
Form URL-Encoded,Mẫu mã hóa URL,
Format,định dạng,
Format Data,Định dạng dữ liệu,
Forward To Email Address,Chuyển tiếp tới địa chỉ  email,
Fraction,Phần,
Fraction Units,Các đơn vị của phần,
Frappe,sinh tố,
Frequency,Tần số,
Friday,Thứ sáu,
From,Từ,
From Date,Từ ngày,
From Date Field,Từ trường ngày,
From Full Name,Từ Tên đầy đủ,
From User,Từ người dùng,
Full,Đầy,
Full Name,Tên đầy đủ,
Full Width,Chiều rộng đầy đủ,
Function,Chức năng,
GMail,GMail,
Gantt,Biểu đồ Gantt,
Gender,Giới Tính,
Generate Keys,Tạo khóa,
Geo,Geo,
Geolocation,Vị trí địa lý,
Get Contacts,Tải danh sách liên hệ,
Get your globally recognized avatar from Gravatar.com,Nhận avatar nhận diện trên toàn cầu của bạn từ Gravatar.com,
Git Branch,Chi nhánh Git,
GitHub,GitHub,
Global Search DocType,Tài liệu tìm kiếm toàn cầu,
Global Search Settings,Cài đặt tìm kiếm toàn cầu,
Global Unsubscribe,Hủy đăng ký toàn cầu,
Go to Page,Đi đến trang,
Google,Google,
Google Analytics Anonymize IP,IP ẩn danh của Google Analytics,
Google Analytics ID,ID Phân tích Google,
Google Calendar,lịch Google,
Google Calendar Event ID,ID sự kiện lịch Google,
Google Calendar ID,ID Lịch Google,
Google Contacts,Danh bạ Google,
Google Contacts Id,Id liên hệ của Google,
Google Drive,Google Drive,
Google Font,Phông chữ Google,
Google Settings,Cài đặt Google,
Google Snippet Preview,Xem trước đoạn mã Google,
Grant Type,Loại trợ cấp,
Green,Xanh,
Group,Nhóm,
Group By,Nhóm theo,
Group By Based On,Nhóm dựa trên,
Group By Type,Nhóm theo loại,
Guest,Khách,
HH:mm,HH: mm,
HH:mm:ss,HH: mm: ss,
HTML,HTML,
HTML Editor,Trình chỉnh sửa HTML,
HTML Page,Trang HTML,
HTML for header section. Optional,HTML cho phần tiêu đề. Không bắt buộc,
Half,Một nửa,
Half Yearly,Nửa năm,
Half-yearly,Nửa năm,
Has  Attachment,có tập tin đính kèm,
Has Domain,Có miền,
Has Role,có vai trò,
Has Web View,Có thể xem trên web,
Header,Phần đầu,
Header HTML,Tiêu đề HTML,
Header and Breadcrumbs,Header và Breadcrumbs,
Headers,Tiêu đề,
Heading,Đề mục,
Heatmap,Bản đồ nhiệt,
Help,Trợ giúp,
Help Article,Điều khoản trợ giúp,
Help Articles,Các điều khoản trợ giúp,
Help Category,Phân loại trợ giúp,
Help Dropdown,Trợ giúp thả xuống,
Help HTML,Giúp đỡ HTML,
Helvetica,Helvetica,
Hidden,Ẩn,
Hide,Ẩn giấu,
Hide Block,Ẩn khối,
Hide Border,Ẩn đường viền,
Hide CTA,Ẩn CTA,
Hide Copy,Ẩn sao chép,
Hide Custom DocTypes and Reports,Ẩn các loại tài liệu và báo cáo tùy chỉnh,
Hide Days,Ẩn ngày,
Hide Footer Signup,Ẩn đăng ký dưới cùng,
Hide Login,Ẩn thông tin đăng nhập,
Hide Seconds,Ẩn Giây,
Hide Standard Menu,Hide chuẩn đơn,
Hide footer in auto email reports,Ẩn chân trang trong báo cáo email tự động,
High,Cao,
Higher priority rule will be applied first,Quy tắc ưu tiên cao hơn sẽ được áp dụng đầu tiên,
Highlight,Điểm nổi bật,
Home,Trang Chủ,
Home Page,Trang chủ,
Home Settings,Cài đặt nhà,
Hourly,Hàng giờ,
Hourly Long,Hàng giờ dài,
Hourly rate limit for generating password reset links,Giới hạn tốc độ hàng giờ để tạo liên kết đặt lại mật khẩu,
"How should this currency be formatted? If not set, will use system defaults","Loại tiền tệ này được định dạng ra sao ? Nếu không thiết lập, hệ thống sẽ quay về mặc định",
ID (name) of the entity whose property is to be set,ID (tên) của đơn vị có tài sản được thiết lập,
IP Address,Địa chỉ IP,
Icon,Biểu tượng,
Icon will appear on the button,Biểu tượng sẽ xuất hiện trên nút,
Identity Details,Thông tin Nhận dạng,
Idx,Idx,
"If Apply Strict User Permission is checked and User Permission is defined for a DocType for a User, then all the documents where value of the link is blank, will not be shown to that User","Nếu Áp dụng Quyền Người Sử Dụng Nghiêm Trọng được kiểm tra và Quyền của Người Dùng được định nghĩa cho một DocType cho Người dùng, thì tất cả các tài liệu có giá trị của liên kết trống, sẽ không được hiển thị cho Người dùng đó",
If Checked workflow status will not override status in list view,Nếu tình trạng công việc đã được kiểm tra sẽ không ghi đè lên trạng thái trong danh sách,
"If Icon is set, it will be shown instead of Label","Nếu Biểu tượng được đặt, nó sẽ được hiển thị thay vì Nhãn",
"If checked, all other workflows become inactive.","Nếu được kiểm tra, tất cả các công việc khác trở nên không hoạt động.",
"If checked, users will not see the Confirm Access dialog.","Nếu được kiểm tra, người dùng sẽ không thấy hộp thoại xác nhận truy cập.",
"If disabled, this role will be removed from all users.","Nếu vô hiệu hóa, vai trò này sẽ được gỡ bỏ khỏi tất cả người dùng.",
"If enabled,  user can login from any IP Address using Two Factor Auth, this can also be set for all users in System Settings","Nếu được bật, người dùng có thể đăng nhập từ bất kỳ Địa chỉ IP nào bằng Xác thực hai yếu tố, điều này cũng có thể được đặt cho tất cả người dùng trong Cài đặt hệ thống",
"If enabled, all users can login from any IP Address using Two Factor Auth. This can also be set only for specific user(s) in User Page","Nếu được bật, tất cả người dùng có thể đăng nhập từ bất kỳ Địa chỉ IP nào bằng cách sử dụng Xác thực hai yếu tố. Điều này cũng có thể được thiết lập chỉ dành cho người dùng cụ thể trong trang người dùng",
"If enabled, changes to the document are tracked and shown in timeline","Nếu được bật, các thay đổi đối với tài liệu sẽ được theo dõi và hiển thị trong dòng thời gian",
"If enabled, document views are tracked, this can happen multiple times","Nếu được bật, chế độ xem tài liệu được theo dõi, điều này có thể xảy ra nhiều lần",
"If enabled, the document is marked as seen, the first time a user opens it","Nếu được bật, tài liệu được đánh dấu là đã thấy, lần đầu tiên người dùng mở nó",
"If enabled, the notification will show up in the notifications dropdown on the top right corner of the navigation bar.","Nếu được bật, thông báo sẽ hiển thị trong menu thả xuống thông báo ở góc trên cùng bên phải của thanh điều hướng.",
"If enabled, the password strength will be enforced based on the Minimum Password Score value. A value of 2 being medium strong and 4 being very strong.","Nếu được bật, độ mạnh của mật khẩu sẽ được thi hành dựa trên giá trị điểm mật khẩu tối thiểu. một giá trị bằng 2 trở nên mạnh ở mức trung bình và bằng 4 là rất mạnh",
"If enabled, users who login from Restricted IP Address, won't be prompted for Two Factor Auth","Nếu được bật, người dùng đăng nhập từ Địa chỉ IP bị hạn chế sẽ không được nhắc về Xác thực hai yếu tố",
"If enabled, users will be notified every time they login. If not enabled, users will only be notified once.","Nếu được bật, người dùng sẽ được thông báo mỗi khi họ đăng nhập. Nếu không được kích hoạt, người dùng sẽ chỉ được thông báo một lần.",
If non standard port (e.g. 587),Nếu cổng phi tiêu chuẩn (ví dụ 587),
"If non standard port (e.g. 587). If on Google Cloud, try port 2525.","Nếu cổng không chuẩn (ví dụ 587). Nếu trên Google Cloud, hãy thử cổng 2525.",
"If non-standard port (e.g. POP3: 995/110, IMAP: 993/143)","Nếu cổng không chuẩn (ví dụ: POP3: 995/110, IMAP: 993/143)",
"If not set, the currency precision will depend on number format","Nếu không được đặt, độ chính xác tiền tệ sẽ phụ thuộc vào định dạng số",
"If the user has any role checked, then the user becomes a ""System User"". ""System User"" has access to the desktop","Nếu người dùng có bất kỳ vai trò nào được kiểm tra, sau đó người dùng sẽ trở thành một ""người dùng hệ thống"". ""Người dùng hệ thống"" có quyền truy cập vào các máy tính để bàn",
If user is the owner,Nếu người dùng là chủ sở hữu,
"If you set this, this Item will come in a drop-down under the selected parent.","Nếu bạn thiết lập này, khoản này sẽ đến trong một thả xuống dưới mẫu gốc được lựa chọn.",
"If your data is in HTML, please copy paste the exact HTML code with the tags.","Nếu dữ liệu của bạn trong HTML, hãy sao chép và dán mã HTML chính xác với các thẻ.",
Ignore User Permissions,Bỏ qua tài Quyền,
Ignore XSS Filter,Bỏ qua bộ lọc,
Ignore attachments over this size,Bỏ qua file đính kèm vượt quá kích thước này,
Ignored Apps,Ứng dụng bị Bỏ qua,
Image,Hình,
Image Field,hình ảnh Dòng,
Image Link,Liên kết hình ảnh,
Implicit,ngầm,
Import,Nhập khẩu,
Import File,Nhập tệp,
Import File Errors and Warnings,Nhập lỗi và cảnh báo tệp,
Import Log,Nhập khẩu Đăng nhập,
Import Log Preview,Nhập nhật ký xem trước,
Import Preview,Xem trước nhập,
Import Type,Loại nhập khẩu,
Import Warnings,Cảnh báo nhập khẩu,
Import from Google Sheets,Nhập từ Google Trang tính,
In Days,Trong ngày,
In Filter,Bộ lọc trong,
In Global Search,Trong Tìm kiếm Toàn cầu,
In List View,Trong xem danh sách,
In Preview,Trong bản xem trước,
In Reply To,Trong Phản hồi tới,
In Standard Filter,Trong tiêu chuẩn bộ lọc,
In points. Default is 9.,Trong điểm. Mặc định là 9.,
In seconds,Trong vài giây,
Inbox,Hộp thư đến,
Inbox User,Người dùng hộp thư đến,
Include Search in Top Bar,Bao gồm tìm kiếm trong thanh trên cùng,
Include Web View Link in Email,Gửi tài liệu liên kết Web View trong email,
Index,Mục lục,
Index Web Pages for Search,Lập chỉ mục các trang web cho tìm kiếm,
Indexing Authorization Code,Mã ủy quyền lập chỉ mục,
Indexing Refresh Token,Mã làm mới lập chỉ mục,
Indicator,chỉ số,
Indicator Color,Màu chỉ thị,
Info,Thông tin,
Initial Sync Count,Tính toán đồng bộ ban đầu,
InnoDB,InnoDB,
Insert After,Chèn sau,
Insert New Records,Chèn hồ sơ mới,
Insert Style,Chèn phong cách,
Installed Application,Ứng dụng đã cài đặt,
Installed Applications,Các ứng dụng đã cài đặt,
Int,Int,
Integration Request,tích hợp Yêu cầu,
Integrations,Tích hợp,
Integrations can use this field to set email delivery status,Tích hợp có thể sử dụng trường này để thiết lập tình trạng giao hàng email,
Interests,Sở thích,
Intermediate,Trung gian,
Internal record of document shares,Bản ghi nội bộ cổ phần của tài liệu,
Introduce your company to the website visitor.,Giới thiệu công ty của bạn tới người truy cập website.,
Introduction,Giới thiệu chung,
Introductory information for the Contact Us Page,Thông tin giới thiệu cho Trang Liên hệ,
Invalid,không hợp lệ,
Inverse,Đảo ngược,
Is Active,Là hoạt động,
Is Attachments Folder,Là thư mục đính kèm,
Is Billing Contact,Là liên hệ thanh toán,
Is Child Table,Là bảng con,
Is Complete,Hoàn tất,
Is Completed,Đã được hoàn thành,
Is Custom Field,Là Trường Tuỳ chỉnh,
Is Default,Mặc định là,
Is Folder,Là thư mục,
Is Home Folder,Là thư mục gốc,
Is Mandatory Field,là Trường bắt buộc,
Is Optional State,Là nhà nước tùy chọn,
Is Primary,Là chính,
Is Primary Contact,Là Liên hệ Chính,
Is Primary Mobile,Là thiết bị di động chính,
Is Primary Phone,Là điện thoại chính,
Is Private,Là bí mật,
Is Public,Công khai,
Is Published Field,Được đăng Dòng,
Is Single,Là Đơn,
Is Skipped,Bị bỏ qua,
Is Spam,là Spam,
Is Standard,Là tiêu chuẩn,
Is Submittable,CÓ thể đệ trình,
Is Table,là Bảng,
Is Tree,Là cây,
Is Unique,Là duy nhất,
Is Your Company Address,Là Địa chỉ công ty của bạn,
Item Label,Nhãn hàng,
Item Type,Loại sản phẩm,
JS,JS,
JSON,JSON,
JSON Request Body,Phần thân yêu cầu JSON,
JavaScript,JavaScript,
JavaScript Format: frappe.query_reports['REPORTNAME'] = {},Định dạng JavaScript: frappe.query_reports ['REPORTNAME'] = {},
Javascript,Javascript,
Jinja,Jinja,
Kanban,Kanban,
Kanban Board,Kanban Board,
Kanban Board Column,Cột Kanban,
Kanban Board Name,Tên bảng Kanban,
Keep track of all update feeds,Theo dõi tất cả nguồn cấp dữ liệu cập nhật,
Keeps track of all communications,Theo dõi tất cả các thông tin liên lạc,
Key,Chính,
Keyboard Shortcuts,Các phím tắt bàn phím,
Knowledge Base Contributor,Người đóng góp kiến thức cơ bản,
Knowledge Base Editor,Người biên tập kiến thức nền,
LDAP Email Field,Trường Email LDAP,
LDAP First Name Field,Tên trường LDAP đầu tiên,
LDAP Group,Nhóm LDAP,
LDAP Group Field,Lĩnh vực nhóm LDAP,
LDAP Group Mapping,Ánh xạ nhóm LDAP,
LDAP Group Mappings,Ánh xạ nhóm LDAP,
LDAP Last Name Field,Trường Tên cuối cùng của LDAP,
LDAP Middle Name Field,Trường tên đệm LDAP,
LDAP Mobile Field,Lĩnh vực di động LDAP,
LDAP Phone Field,Trường điện thoại LDAP,
LDAP Search String,Dãy tìm kiếm LDAP,
LDAP Security,Bảo mật LDAP,
LDAP Server Url,LDAP Server Url,
LDAP Settings,Cài đặt LDAP,
LDAP User Creation and Mapping,Lập bản đồ và tạo người dùng LDAP,
LDAP Username Field,Trường tên người dùng LDAP,
Label,Nhãn,
Label Help,Nhãn Trợ giúp,
Label and Type,Nhãn và Loại,
Landing Page,Trang hạ cánh,
Language,Ngôn ngữ,
Language Code,Mã ngôn ngữ,
Language Name,Tên ngôn ngữ,
Last Active,Hoạt động cuối,
Last Backup On,Lần sao lưu cuối cùng,
Last Execution,Thi hành lần cuối,
Last IP,IP cuối cùng,
Last Known Versions,Các phiên bản được biết tới cuối cùng,
Last Login,Lần Đăng nhập Cuối,
Last Month,Tháng trước,
Last Name,Tên,
Last Password Reset Date,Ngày đặt lại mật khẩu lần cuối,
Last Point Allocation Date,Ngày phân bổ điểm cuối,
Last Quarter,Quý cuối cùng,
Last Sync On,Đồng bộ lần cuối cùng,
Last Synced On,Đã đồng bộ hóa lần cuối,
Last User,Người dùng cuối,
Last Week,Tuần trước,
Last Year,Năm ngoái,
Lead Conversion Time,Thời gian chuyển đổi khách hàng tiềm năng,
Leaderboard,Bảng thành tích,
Leave blank to repeat always,Để trống để lặp lại luôn luôn,
Ledger,Sổ cái,
Left,Trái,
Legal,Hợp lêk,
Length,Chiều dài,
Letter,Chữ,
Letter Head,Tiêu đề trang,
Letter Head Based On,Đầu thư dựa trên,
Letter Head Image,Hình ảnh đầu thư,
Letter Head Name,Tên tiêu đề trang,
Letter Head in HTML,Tiêu đề trang HTML,
Level,Mức độ,
Level Name,Tên cấp,
License,bằng,
Light Color,Màu sáng,
Like,Giống,
Likes,các lượt thích,
Limit,Giới hạn,
Limit Number of DB Backups,Giới hạn số lượng bản sao lưu DB,
Line,Hàng,
Link,Liên kết,
Link Cards,Thẻ liên kết,
Link DocType,liên kết kiểu văn bản,
Link Document Type,Loại tài liệu liên kết,
Link Fieldname,Tên trường liên kết,
Link Name,tên liên kết,
Link Title,Tiêu đề đường dẫn,
Link To,Liên kết đến,
Link to the page you want to open. Leave blank if you want to make it a group parent.,Liên kết với các trang web mà bạn muốn mở. Để trống nếu bạn muốn làm cho nó một nhóm gốc.,
Linked,Liên kết,
Linked Documents,Tài liệu liên kết,
Links,Liên kết,
List,Danh sách,
List Filter,Lọc danh sách,
List Settings,Cài đặt danh sách,
List View Settings,Cài đặt Chế độ xem Danh sách,
"List as [{""label"": _(""Jobs""), ""route"":""jobs""}]","Danh sách như [{ ""label"": _ ( ""Công việc""), ""tuyến đường"": ""công việc""}]",
List of patches executed,Danh sách các bản vá lỗi thực thi,
Load Balancing,Cân bằng tải,
Location,Vị trí,
Log,Đăng nhập,
Log Data,Đăng nhập dữ liệu,
Log Setting User,Người dùng cài đặt nhật ký,
Log Settings,Cài đặt nhật ký,
Login,Đăng nhập,
Login After,Sau khi đăng nhập,
Login Before,Trước khi đăng nhập,
Login Required,Đăng nhập được yêu cầu,
Logo Width,Chiều rộng logo,
Logout,Đăng xuất,
Logout All Sessions on Password Reset,Đăng xuất Tất cả các phiên khi Đặt lại mật khẩu,
Logout From All Devices After Changing Password,Đăng xuất khỏi tất cả các thiết bị sau khi thay đổi mật khẩu,
Long Text,Tiêu đề dài,
Low,Thấp,
Main Section,Mục chính,
Main Section (HTML),Phần chính (HTML),
Main Section (Markdown),Phần chính (Markdown),
Maintenance Manager,Quản lý bảo trì,
Maintenance User,Bảo trì tài khoản,
"Make ""name"" searchable in Global Search","Tạo ""tên"" tìm kiếm trong toàn cầu Tìm kiếm",
Mandatory,Bắt buộc,
Mandatory Depends On,Bắt buộc phụ thuộc vào,
Map route parameters into form variables. Example <code>/project/&lt;name&gt;</code>,Ánh xạ các tham số tuyến thành các biến dạng. Ví dụ <code>/project/&lt;name&gt;</code>,
Markdown,Markdown,
Markdown Editor,Biên tập Markdown,
Marked As Spam,Đánh dấu là spam,
Max 500 records at a time,Max 500 hồ sơ tại một thời điểm,
Max Attachment Size (in MB),Max Size Attachment (tính bằng MB),
Max Attachments,Max File đính kèm,
Max Length,Độ dài tối đa,
Max Value,Giá trị tối đa,
Maximum,Tối đa,
Maximum Number of Fields,Số lượng trường tối đa,
Maximum Points,Điểm tối đa,
Medium,Trung bình,
Meeting,Gặp gỡ,
Mention,Đề cập,
Mentions,Đề cập,
Message,Thông điệp,
Message (HTML),Tin nhắn (HTML),
Message (Markdown),Tin nhắn (Markdown),
Message Examples,Ví dụ tin nhắn,
Message ID,tin ID,
Message Parameter,Thông số tin nhắn,
Message-id,Tin nhắn - tài khoản,
Meta Description,Mô tả meta,
Meta Image,Hình ảnh meta,
Meta Tags,Thẻ meta,
Meta Title,Tiêu đề meta,
Method,Phương pháp,
Middle Name,Tên đệm,
Milestone,Sự kiện quan trọng,
Milestone Tracker,Theo dõi cột mốc,
Minimum,Tối thiểu,
Minimum Password Score,Điểm số Mật khẩu Tối thiểu,
Mobile No,Số Điện thoại di động,
Module,Mô-đun,
Module Def,Mô-đun Def,
Module Name,Tên mô-đun,
Module Onboarding,Giới thiệu mô-đun,
Modules HTML,HTML các mô đun,
Monday,Thứ Hai,
Monospace,đơn cách,
Monthly,Hàng tháng,
Monthly Long,Hàng tháng dài,
More Information,Thêm thông tin,
More content for the bottom of the page.,Nhiều nội dung cho dưới cùng của trang.,
Multiplier Field,Lĩnh vực đa nhân,
Must be a publicly accessible Google Sheets URL,Phải là URL Google Trang tính có thể truy cập công khai,
"Must be of type ""Attach Image""",Phải là loại &quot;Đính kèm hình ảnh&quot;,
Mute Sounds,tắt tiếng,
MyISAM,MyISAM,
Name,Tên,
Naming,Đặt tên,
Naming Series,Đặt tên series,
Navbar,Thanh điều hướng,
Navbar Item,Mục trên thanh điều hướng,
Navbar Settings,Cài đặt thanh điều hướng,
Navbar Template,Mẫu Navbar,
Navbar Template Values,Giá trị mẫu của thanh điều hướng,
New,Mới,
New Name,Tên mới,
New value to be set,Giá trị mới được thiết lập,
Newsletter,Đăng ký nhận bản tin,
Newsletter Email Group,Bản tin Email Nhóm,
Newsletter Manager,Quản lý bản tin,
Next Action Email Template,Mẫu email hành động tiếp theo,
Next Actions HTML,HTML hành động tiếp theo,
Next Schedule Date,Ngày Lịch kế tiếp,
Next State,TÌnh trạng kế tiếp,
Next Sync Token,Mã thông báo đồng bộ hóa tiếp theo,
No,Không,
No Copy,Không có bản sao chép,
No of Requested SMS,Số  SMS được yêu cầu,
No of Rows (Max 500),Số của các Hàng (Tối đa 500),
No of Sent SMS,Số các tin SMS đã gửi,
Non Negative,Không phủ định,
None,không ai,
Not Sent,Không gửi,
Note,Ghi chú,
Note Seen By,Ghi chú đã xem bởi,
Note: By default emails for failed backups are sent.,Lưu ý: Theo email mặc định cho các bản sao lưu không thành công được gửi.,
"Note: For best results,  images must be of the same size and width must be greater than height.","Lưu ý: Để có kết quả tốt nhất, hình ảnh phải có cùng kích thước và chiều rộng phải lớn hơn chiều cao.",
Note: Multiple sessions will be allowed in case of mobile device,Lưu ý: Nhiều phần sẽ được cho phép trong trường hợp của thiết bị di động,
Notification,Thông báo,
Notification Log,Nhật ký thông báo,
Notification Recipient,Người nhận thông báo,
Notification Settings,Thiết lập thông báo,
Notification Subscribed Document,Tài liệu đăng ký thông báo,
Notifications,Thông báo,
Notifications and bulk mails will be sent from this outgoing server.,Thông báo và mail số lượng lớn sẽ được gửi từ máy chủ đi,
Notify Users On Every Login,Thông báo cho người dùng mỗi lần đăng nhập,
Notify by Email,Thông báo qua email,
Notify by email,Thông báo qua email,
Notify if unreplied,Thông báo nếu không trả lời,
Notify if unreplied for (in mins),Thông báo nếu không trả lời cho (ở phút),
Notify users with a popup when they log in,Thông báo cho người sử dụng với một popup khi họ đăng nhập,
Number Card,Thẻ số,
Number Card Link,Liên kết thẻ số,
Number Cards,Thẻ số,
Number Format,Định dạng số,
Number of Backups,Số sao lưu,
Number of DB Backups,Số lượng bản sao lưu DB,
Number of Groups,Số lượng nhóm,
Number of columns for a field in a Grid (Total Columns in a grid should be less than 11),Số cột cho một trường trong một lưới (Tổng số cột trong một mạng lưới nên được ít hơn 11),
Number of columns for a field in a List View or a Grid (Total Columns should be less than 11),Số cột cho một trường trong một xem danh sách hoặc một lưới (Tổng cột nên được ít hơn 11),
OAuth Authorization Code,OAuth Mã ủy quyền,
OAuth Bearer Token,OAuth Bearer Thông báo,
OAuth Client,OAuth khách hàng,
OAuth Client ID,ID khách hàng OAuth,
OAuth Provider Settings,Cài đặt nhà cung cấp OAuth,
OTP App,Ứng dụng OTP,
OTP Issuer Name,Tên tổ chức OTP,
Off,Tắt,
Office,Văn phòng,
Office 365,Văn phòng 365,
Older backups will be automatically deleted,sao lưu cũ sẽ được tự động xóa,
On Hold,Đang chờ,
Onboarding Permission,Quyền tham gia,
Onboarding Step,Bước giới thiệu,
Onboarding Step Map,Sơ đồ bước giới thiệu,
"Once submitted, submittable documents cannot be changed. They can only be Cancelled and Amended.","Sau khi gửi, tài liệu có thể gửi có thể được thay đổi. Họ chỉ có thể được hủy bỏ và sửa đổi.",
Only Allow Edit For,Cho phép chỉ sửa Đối với,
Only Send Records Updated in Last X Hours,Chỉ gửi bản ghi được cập nhật trong X giờ trước,
Open,Mở,
Open Documents,Tài liệu mở,
Open Reference Document,Mở tài liệu tham khảo,
Open URL in a New Tab,Mở URL trong một tab mới,
Open a dialog with mandatory fields to create a new record quickly,Mở hộp thoại với các trường bắt buộc để tạo bản ghi mới một cách nhanh chóng,
Opened,Khai trương,
Operation,Hoạt động,
Optional: Always send to these ids. Each Email Address on a new row,Tùy chọn: Luôn gửi đến các id. Mỗi địa chỉ email trên một hàng mới,
Optional: The alert will be sent if this expression is true,Tùy chọn: Các cảnh báo sẽ được gửi nếu biểu thức này là đúng sự thật,
Options,Tùy chọn,
Options Help,Tùy chọn Trợ giúp,
Orange,trái cam,
Order,Yêu cầu,
Org History,Org Lịch sử,
Org History Heading,Org Lịch sử nhóm,
Other,Khác,
Outlook.com,Outlook.com,
Output,Đầu ra,
PDF Page Size,PDF kích thước trang,
PDF Settings,Thiết lập định dạng file PDF,
Page,Trang,
Page Break,Ngắt trang,
Page Builder,Trình tạo trang,
Page Building Blocks,Khối tạo trang,
Page HTML,Trang HTML,
Page Name,Tên trang,
Page Settings,Cài đặt trang,
Parameter,Tham số,
Parent Field (Tree),Lĩnh vực phụ huynh (Cây),
Parent Label,Nhãn gốc,
Partial Success,Một phần thành công,
Participants,Các thành phần đối tượng,
Passive,Thụ động,
Password,Mật khẩu,
Password Reset Link Generation Limit,Đặt lại mật khẩu Giới hạn tạo liên kết,
Password for Base DN,Mật khẩu cho cơ sở DN,
Patch,Vá,
Patch Log,Vá Đăng nhập,
Path,Con đường,
Path to CA Certs File,Đường dẫn đến tệp CA Certs,
Path to Server Certificate,Đường dẫn đến chứng chỉ máy chủ,
Path to private Key File,Đường dẫn đến tệp khóa riêng,
Pending,Chờ,
Pending Approval,Chờ phê duyệt,
Pending Verification,Đang chờ xác minh,
Percent,Phần trăm,
Percentage,Tỷ lệ phần trăm,
Period,Thời gian,
Perm Level,Cấp độ cho phép,
Permanent,Dài hạn,
Permission Level,Cấp phép,
Permission Rules,Quy định cho phép,
Permissions,Quyền,
Permitted Documents For User,Tài liệu được phép Đối với tài,
Personal,Cá nhân,
Personal Data Deletion Request,Yêu cầu xóa dữ liệu cá nhân,
Personal Data Download Request,Yêu cầu tải xuống dữ liệu cá nhân,
Phone,Chuyển tệp,
Phone No.,Số điện thoại,
Phone Number,Số điện thoại,
Pie,Bánh,
Pincode,Pincode,
Plant,Cây,
Point Allocation Periodicity,Định kỳ phân bổ điểm,
Points,Điểm,
Port,Cảng,
Portal Menu,Portal Menu,
Portal Menu Item,Portal Menu Item,
Portal Settings,Thiết lập cổng,
Position,Chức vụ,
Postal,Bưu chính,
Postal Code,Mã bưu chính,
Precision,Độ chính xác,
Preferred Billing Address,Địa chỉ thanh toán ưu tiên,
Preferred Shipping Address,Địa chỉ giao hàng ưu tiên,
Prefix,Tiền tố,
Prepared Report,Báo cáo đã chuẩn bị,
Prepared Report User,Người dùng báo cáo đã chuẩn bị,
Preview,Xem trước,
Preview HTML,Preview HTML,
Preview Message,Xem trước tin nhắn,
Previous Hash,Hash Trước đây,
Primary,Vũ khí chinh,
Primary Color,Màu chính,
Print,In,
Print Format,Định dạng in,
Print Format Builder,Định dạng in Builder,
Print Format Help,Định dạng in Trợ giúp,
Print Format Type,Định dạng in Loại,
Print Hide,In Ẩn,
Print Hide If No Value,In Hide Nếu Không Value,
Print Server,Máy chủ in,
Print Settings,Thông số in ấn,
Print Style,Kiểu in,
Print Style Name,Tên Kiểu In,
Print Style Preview,xem trước kiểu in,
Print UOM after Quantity,In UOM sau số lượng,
Print Width,Chiều rộng in,
"Print Width of the field, if the field is a column in a table","In chiều rộng của trường, nếu trường là 1 cột trong bảng",
Print taxes with zero amount,In thuế với số tiền bằng không,
Print with letterhead,In cùng với tiêu đề trang,
Printer Name,Tên máy in,
Printing,In ấn,
Priority,Ưu tiên,
Private,Riêng,
ProTip: Add <code>Reference: {{ reference_doctype }} {{ reference_name }}</code> to send document reference,ProTip: Thêm <code>Reference: {{ reference_doctype }} {{ reference_name }}</code> để gửi tài liệu tham khảo,
Property,Tài sản,
Property Depends On,Tài sản phụ thuộc vào,
Property Setter,Người định cư tài sản,
Property Setter overrides a standard DocType or Field property,Người định cư tài sản ghi đè một OCTYPE tiêu chuẩn hoặc trường tài sản,
Property Type,Loại bất động sản,
Provider,Các nhà cung cấp,
Provider Name,Tên nhà cung cấp,
Public,Công bố,
Publish,Công bố,
Published,Công bố,
Published On,Được công bố trên,
Pull from Google Calendar,Kéo từ Lịch Google,
Pull from Google Contacts,Kéo từ Danh bạ Google,
Pulled from Google Calendar,Kéo từ Lịch Google,
Pulled from Google Contacts,Kéo từ Danh bạ Google,
Purchase Manager,Mua quản lý,
Purchase Master Manager,Mua chủ quản lý,
Purchase User,Mua người dùng,
Purple,Màu tím,
Push to Google Calendar,Đẩy lên Lịch Google,
Push to Google Contacts,Nhấn vào Danh bạ Google,
Quarterly,Quý,
Query,Truy vấn,
Query / Script,Truy vấn / Tập lệnh,
Query Options,Tùy chọn truy vấn,
Query Report,Báo cáo truy vấn,
Queued,Xếp hàng,
Quick Entry,Bút toán nhanh,
RAW Information Log,Nhật ký thông tin RAW,
Random,Ngẫu nhiên,
Rating,Đánh giá,
Raw Commands,Lệnh thô,
Raw Email,Email thô,
Raw Printing,In thô,
Read,Đọc,
Read Only,Chỉ đọc,
Read Only Depends On,Chỉ đọc phụ thuộc vào,
Read Time,Thơi gian đọc,
Read by Recipient,Đọc bởi người nhận,
Read by Recipient On,Đọc bởi người nhận trên,
Reason,Nguyên nhân,
Received,Nhận được,
Receiver By Document Field,Người nhận theo trường tài liệu,
Receiver By Role,Người nhận theo vai trò,
Receiver Parameter,thông số người nhận,
Recipient,Người nhận,
Recipient Unsubscribed,người nhận hủy đăng ký,
Recipients,Những Người nhận,
Recorder,Máy ghi âm,
Red,Đỏ,
Redirect URI Bound To Auth Code,Chuyển hướng URI hạn chế tới mã AUth,
Redirect URIs,Chuyển các URI,
Redirect URL,CHuyển hướng URL,
Ref DocType,Loại văn bản tham khảo,
Reference,Tham chiếu,
Reference Date,Kỳ hạn tham chiếu,
Reference DocName,Tài liệu tham khảo,
Reference DocType,Tham khảo DocType,
Reference Docname,Tài liệu tham khảo,
Reference Doctype,Tài liệu tham khảo DocType,
Reference Document,Tài liệu tham khảo,
Reference Document Name,Tên tài liệu tham khảo,
Reference Document Type,Tài liệu tham chiếu Type,
Reference Name,Tên tham chiếu,
Reference Owner,Chủ đầu tư tham khảo,
Reference Report,Báo cáo tham khảo,
Reference Type,Loại tài liệu tham khảo,
Reference name,Tên tài liệu tham khảo,
Referrer,Người giới thiệu,
Refresh Google Sheet,Làm mới Google Trang tính,
Refresh Token,Thông báo làm mới,
Rejected,Bị từ chối,
Relinked,liên kết lại,
Reload,Nạp lại,
Remember Last Selected Value,Ghi giá trị được lựa chọn cuối,
Reminder,Nhắc nhở,
Repeat On,Lặp lại Mở,
Repeat Till,Đến lặp lại,
Repeat on Day,Lặp lại vào ngày,
Repeat on Last Day of the Month,Lặp lại vào ngày cuối cùng của tháng,
Repeat this Event,Lặp lại sự kiện này,
Replied,Trả lời,
Reply,Đáp lại,
Report,Báo cáo,
Report Builder,Báo cáo Builder,
Report Column,Cột Báo cáo,
Report Description,Mô tả Báo cáo,
Report Filter,Bộ lọc Báo cáo,
Report Filters,Bộ lọc báo cáo,
Report Hide,Báo cáo Ẩn,
Report Information,Thông tin báo cáo,
Report Manager,Quản lý Báo cáo,
Report Name,Tên báo cáo,
Report Reference Doctype,Báo cáo Tham chiếu Doctype,
Report Type,Loại báo cáo,
Reports,Báo cáo,
Represents a User in the system.,Đại diện cho một thành viên trong hệ thống.,
Represents the states allowed in one document and role assigned to change the state.,Đại diện cho tiểu bang cho phép trong một tài liệu và vai trò được giao để thay đổi trạng thái.,
Request Data,Yêu cầu dữ liệu,
Request Structure,Cấu trúc yêu cầu,
Request URL,Yêu cầu URL,
Requested Numbers,Số yêu cầu,
Require Trusted Certificate,Yêu cầu chứng chỉ tin cậy,
Reset Password Key,Reset Password chính,
Response,Phản hồi,
Response Type,Loại phản hồi,
Restored,phục hồi,
Restrict IP,Hạn chế IP,
Restrict To Domain,Giới hạn tên miền,
Restrict to Domain,Hạn chế miền,
Restrict user from this IP address only. Multiple IP addresses can be added by separating with commas. Also accepts partial IP addresses like (111.111.111),Hạn chế người dùng từ địa chỉ IP này mà thôi. Nhiều địa chỉ IP có thể được thêm bằng cách tách biệt bằng dấu phẩy. Cũng chấp nhận địa chỉ IP một phần như (111.111.111),
Retry,Thử lại,
Reverse Icon Color,Màu biển tượng đảo ngược,
Revert,Hoàn nguyên,
Revert Of,Hoàn nguyên,
Reverted,Hoàn nguyên,
Review,Ôn tập,
Review Level,Đánh giá cấp,
Review Levels,Xem lại cấp độ,
Review Points,Điểm đánh giá,
Revoked,bị thu hồi,
Rich Text,Rich Text,
Right,Được rồi.,
Robots.txt,robots.txt,
Role,Vai trò,
Role Name,Tên vai trò,
Role Permission for Page and Report,Quyền hạn vai trò cho trang và báo cáo,
Role Permissions,Quyền hạn vai trò,
Role Permissions Manager,Quản lý vai trò,
Role Profile,Hồ sơ Vai trò,
Role and Level,Vai trò và Cấp độ,
Roles,Vai trò,
Roles Assigned,Vai trò được chỉ định,
Roles HTML,HTML của các vai trò,
Roles Html,Vai trò Html,
Round Robin,Vòng Robin,
Route,Tuyến đường,
Route History,Lịch sử tuyến đường,
Route Redirects,Chuyển hướng tuyến,
"Route: Example ""/desk""",Tuyến đường: Ví dụ &quot;/ bàn&quot;,
Row Index,Chỉ mục Hàng,
Row Name,Tên hàng,
Rows Added,hàng thêm,
Rows Removed,hàng bị hủy,
Rule,Quy tắc,
Rule Conditions,Điều kiện quy tắc,
Rule Name,Tên quy tắc,
Rules defining transition of state in the workflow.,Quy định việc xác định quá trình chuyển đổi của nhà nước trong các công việc.,
"Rules for how states are transitions, like next state and which role is allowed to change state etc.","Qui tắc để các quốc gia là quá trình chuyển đổi, như trạng thái tiếp theo và đó vai trò được phép thay đổi trạng thái, vv",
Rules with higher priority number will be applied first.,Các quy tắc có số ưu tiên cao hơn sẽ được áp dụng trước.,
Run Jobs only Daily if Inactive For (Days),Chỉ chạy công việc hàng ngày nếu không hoạt động trong (ngày),
Run scheduled jobs only if checked,Chạy các công việc dự kiến chỉ khi kiểm tra,
S3 Backup Settings,Cài đặt sao lưu S3,
S3 Bucket Details,Chi tiết nhóm S3,
SMS,tin nhắn,
SMS Gateway URL,URL cổng tin nhắn,
SMS Log,Nhật Ký Tin Nhắn,
SMS Parameter,Thông số tin nhắn SMS,
SMS Settings,Thiết lập tin nhắn SMS,
SMTP Settings for outgoing emails,Cài đặt SMTP cho email gửi đi,
"SQL Conditions. Example: status=""Open""","Điều kiện SQL. Ví dụ: trạng thái = ""Mở""",
SSL/TLS Mode,Chế độ SSL / TLS,
Sales Manager,Quản lý bán hàng,
Sales Master Manager,QUản lý bản hàng gốc,
Sales User,Bán tài khoản,
Salesforce,Lực lượng bán hàng,
Salutation,Sự chào,
Sample,Mẫu,
Saturday,Thứ bảy,
Save,Lưu,
Scheduled,Dự kiến,
Scheduled Job,Công việc theo lịch trình,
Scheduled Job Log,Nhật ký công việc theo lịch trình,
Scheduled Job Type,Loại công việc theo lịch trình,
Scheduled To Send,Lên lịch gửi,
Scheduler Event,Sự kiện của người lập lịch,
Scope,Phạm vi,
Scopes,scopes,
Script,bản thảo,
Script Manager,Quản lý tập lệnh,
Script Report,Kịch bản Báo cáo,
Script Type,Loại kịch bản,
Script to attach to all web pages.,Script để đính kèm vào tất cả các trang web.,
Search Fields,Tìm kiếm Fields,
Search Priorities,Ưu tiên tìm kiếm,
Section,Phần,
Section Break,Phần phá vỡ,
Security Settings,Security Settings,
Seen,Đã xem,
Seen By,Nhìn thấy bởi,
Seen By Table,Nhìn thấy bằng Bảng,
Select,Chọn,
Select Dashboard,Chọn Bảng điều khiển,
Select Date Range,Chọn phạm vi ngày,
Select DocType,Chọn DocType,
Select Doctype,Chọn loại tài liệu,
Select Transaction,Chọn giao dịch,
Select an image of approx width 150px with a transparent background for best results.,Chọn một hình ảnh của khoảng chiều rộng 150px với nền trong suốt cho kết quả tốt nhất.,
Select the label after which you want to insert new field.,Chọn nhãn sau đó bạn muốn chèn lĩnh vực mới.,
Send After,Gởi Sau,
Send Alert On,Gửi báo Mở,
Send Email Alert,Gửi thông báo qua email,
Send Email Print Attachments as PDF (Recommended),Gửi Email In File đính kèm dưới dạng PDF (Recommended),
Send Email for Successful Backup,Gửi email để sao lưu thành công,
Send Email for Successful backup,Gửi email để sao lưu thành công,
Send Me A Copy of Outgoing Emails,Gửi cho tôi một bản sao của email gửi đi,
Send Notification To,Gửi thông báo cho,
Send Notification to,Gửi thông báo tới,
Send Notifications For Documents Followed By Me,Gửi thông báo cho các tài liệu do tôi theo dõi,
Send Notifications For Email Threads,Gửi thông báo cho chuỗi email,
Send Notifications To,Gửi thông báo để,
Send Print as PDF,Gửi In PDF,
Send System Notification,Gửi thông báo hệ thống,
Send To All Assignees,Gửi cho tất cả người được giao,
Send Unsubscribe Link,Gửi Hủy đăng ký liên kết,
Send Welcome Email,Gửi Welcome Email,
Send alert if date matches this field's value,Gửi cảnh báo nếu ngày phù hợp với giá trị của lĩnh vực này,
Send alert if this field's value changes,Gửi cảnh báo nếu thay đổi giá trị của lĩnh vực này,
Send an email reminder in the morning,Gửi một email nhắc nhở trong buổi sáng,
Send days before or after the reference date,Gửi ngày trước hoặc sau ngày tham chiếu,
Send enquiries to this email address,Gửi yêu cầu đến địa chỉ email này,
Send only if there is any data,Chỉ gửi nếu có bất kỳ dữ liệu,
Send unsubscribe message in email,Gửi tin nhắn hủy bỏ đăng ký trong email,
Sender,Người gửi,
Sender Email,Email người gửi,
Sender Name,Tên người gửi,
Sendgrid,Sendgrid,
Sending,Gửi,
Sent,Đã gửi,
Sent On,Gửi On,
Sent Read Receipt,Gửi xác nhận đọc,
Sent To,Gửi Đến,
Sent or Received,Gửi hoặc nhận,
Sent/Received Email,Email đã gửi / nhận,
Separator,Dấu phân cách,
Sequence Id,Id trình tự,
Series List for this Transaction,Danh sách loạt cho các giao dịch này,
Server Action,Hành động máy chủ,
Server IP,IP máy chủ,
Server Script,Tập lệnh máy chủ,
Service,Dịch vụ,
Session Default,Phiên mặc định,
Session Default Settings,Cài đặt mặc định phiên,
Session Defaults,Mặc định phiên,
Set Banner from Image,Đặt Banner từ hình ảnh,
"Set Default Options for all charts on this Dashboard (Ex: ""colors"": [""#d1d8dd"", ""#ff5858""])","Đặt Tùy chọn Mặc định cho tất cả các biểu đồ trên Trang tổng quan này (Ví dụ: &quot;color&quot;: [&quot;# d1d8dd&quot;, &quot;# ff5858&quot;])",
Set New Password,Set Password mới,
Set Property After Alert,Đặt thuộc tính Sau khi Thông báo,
Set Role For,Đặt Vai trò Đối với,
Set Value,Thiết lập giá trị,
Set non-standard precision for a Float or Currency field,Đặt độ chính xác phi tiêu chuẩn cho một lĩnh vực Float hoặc tệ,
Settings,Cài đặt,
Settings Dropdown,Cài đặt thả xuống,
Settings for Contact Us Page,Cài đặt cho Trang Liên hệ,
Settings for the About Us Page,Cài đặt cho các Giới thiệu Trang,
Setup,Cài đặt,
Setup Complete,thiết lập hoàn thành,
Setup Wizard,Trình cài đặt,
Share,Chia sẻ,
Shared,Chia sẻ,
Shipping,Vận chuyển,
Shop,Cửa hàng,
Short Name,Tên viết tắt,
Shortcuts,Phím tắt,
Show Attachments,Hiển thị tệp đính kèm,
Show Dashboard,Hiển thị bảng điều khiển,
Show Document,Hiển thị tài liệu,
Show Failed Logs,Hiển thị nhật ký thất bại,
Show Form Tour,Hiển thị Tham quan Biểu mẫu,
Show Full Error and Allow Reporting of Issues to the Developer,Xem lỗi đầy đủ và cho phép báo cáo vấn đề lên   nhà phát triển,
Show Full Form?,Hiển thị Mẫu đầy đủ?,
Show Line Breaks after Sections,Hiện dòng Breaks sau mục,
Show Percentage Stats,Hiển thị Thống kê Phần trăm,
Show Preview Popup,Hiển thị xem trước Popup,
Show Report,Hiển thị báo cáo,
Show Section Headings,Hiện tiêu đề mục,
Show Sidebar,Hiện Sidebar,
Show Title,HIện tiêu đề,
Show as cc,Hiển thị như cc,
Show full form instead of a quick entry modal,Hiển thị biểu mẫu đầy đủ thay vì một phương thức nhập nhanh,
Show in Module Section,Hiện trong Module Mục,
Show in filter,Hiển thị trong bộ lọc,
Show percentage difference according to this time interval,Hiển thị phần trăm chênh lệch theo khoảng thời gian này,
"Show title in browser window as ""Prefix - title""",Hiển thị tiêu đề trong cửa sổ trình duyệt như &quot;Prefix - title&quot;,
Sidebar Items,Mục bên,
Sidebar Settings,Cài đặt sidebar,
Sidebar and Comments,sidebar và Bình luận,
Signature,Chữ ký,
"Simple Python Expression, Example: Status in (""Closed"", ""Cancelled"")","Biểu thức Python đơn giản, Ví dụ: Trạng thái trong (&quot;Đã đóng&quot;, &quot;Đã hủy&quot;)",
"Simple Python Expression, Example: Status in (""Invalid"")","Biểu thức Python đơn giản, Ví dụ: Trạng thái trong (&quot;Không hợp lệ&quot;)",
"Simple Python Expression, Example: status == 'Open' and type == 'Bug'","Biểu thức Python đơn giản, Ví dụ: status == &#39;Open&#39; và gõ == &#39;Bug&#39;",
Simultaneous Sessions,phiên đồng thời,
Single Types have only one record no tables associated. Values are stored in tabSingles,Các loại duy nhất chỉ có 1 bản ghi không có bảng liên hệ. Các định mức được tích trữ tại tabSingles,
Skip Authorization,Bỏ qua ủy quyền,
Skype,Skype,
Slack,Slack,
Slack Channel,Slack Channel,
Slack Webhook URL,URL Webhook Slack,
Slideshow,Ảnh Slideshow,
Slideshow Items,Slideshow mục,
Slideshow Name,Tên slideshow,
Slideshow like display for the website,Slideshow như hiển thị cho trang web,
Small Text,Tiêu đề nhỏ,
Smallest Currency Fraction Value,Nhỏ nhất Fraction tệ Giá trị,
Smallest circulating fraction unit (coin). For e.g. 1 cent for USD and it should be entered as 0.01,Nhỏ nhất đơn vị lưu thông phân số (tiền xu). Đối với ví dụ 1 cent cho USD và nó cần được nhập như 0.01,
Social,Xã hội,
Social Link Settings,Cài đặt liên kết xã hội,
Social Link Type,Loại liên kết xã hội,
Social Login Key,Khóa đăng nhập xã hội,
Social Login Provider,Nhà cung cấp đăng nhập xã hội,
Social Logins,Đăng nhập xã hội,
Soft-Bounced,Hỏng mềm,
Sort Field,Trường sắp xếp,
Sort Order,Thứ tự sắp xếp,
Source,Nguồn,
Source Name,Tên nguồn,
Source Text,Tiêu đề nguồn,
Spam,RAC,
SparkPost,Trang web SparkPost,
Standard,Tiêu chuẩn,
Standard Sidebar Menu,Thanh menu tiêu chuẩn bên cạnh,
Start Date,Ngày bắt đầu,
Start Date Field,Trường ngày bắt đầu,
Start Time,Thời gian bắt đầu,
StartTLS,StartTLS,
Started,Bắt đầu,
Starts on,Bắt đầu vào,
State,Tiểu bang,
State/Province,Bang / Tỉnh,
States,Các báo cáo,
Static Parameters,Các tham số tĩnh,
Stats,Số liệu thống kê,
Stats Time Interval,Khoảng thời gian thống kê,
Status,Trạng thái,
Step,Bươc,
Steps,Các bước,
Stopped,Đã ngưng,
Stores the JSON of last known versions of various installed apps. It is used to show release notes.,Cửa hàng JSON của phiên bản cuối cùng được biết các ứng dụng được cài đặt khác nhau. Nó được sử dụng để hiển thị các ghi chú phát hành.,
Style,Thời trang,
Style Settings,Thiết lập phong cách,
"Style represents the button color: Success - Green, Danger - Red, Inverse - Black, Primary - Dark Blue, Info - Light Blue, Warning - Orange","Phong cách đại diện cho các nút màu: Thành công - Green, nguy hiểm - Đỏ, Inverse - Black, Tiểu học - Dark Blue, Thông tin - Light Blue, Cảnh báo - Orange",
Stylesheet,Biểu định kiểu,
"Sub-currency. For e.g. ""Cent""","Phụ tiền tệ. Cho ví dụ ""Phần trăm """,
Sub-domain provided by erpnext.com,Sub-domain cung cấp bởi erpnext.com,
Subdomain,Tên miền phụ,
Subject,Chủ đề,
Subject Field,Trường Chủ đề,
Submit,Gửi,
Submit After Import,Gửi sau khi nhập,
Submitted,Đã lần gửi,
Subsidiary,Công ty con,
Subtitle,Phụ đề,
Success,Sự thành công,
Success Action,Hành động thành công,
Success Message,Thành công tin nhắn,
Success URL,URL thành công,
Sum,Tổng,
Sunday,Chủ Nhật,
Symbol,Biểu tượng,
Sync,Đồng bộ hóa,
Sync with Google Calendar,Đồng bộ hóa với Lịch Google,
Sync with Google Contacts,Đồng bộ hóa với Danh bạ Google,
System,Hệ thống,
System Console,Bảng điều khiển hệ thống,
System Manager,Hệ thống quản lý,
System Notification,Thông báo hệ thống,
System Page,Trang Hệ thống,
System Settings,Cài đặt hệ thống,
System managers are allowed by default,Người quản lý hệ thống được phép theo mặc định,
Table,Bảng,
Table Break,Ngắt bảng,
Table HTML,bảng HTML,
Table MultiSelect,Bảng MultiSelect,
Tag,Nhãn,
Tag Link,Liên kết thẻ,
Target,Mục tiêu,
Tax Category,Danh mục thuế,
Team Members,Thành viên nhóm,
Team Members Heading,Các thành viên nhóm dẫn đầu,
Template,Mẫu,
Template Options,Tùy chọn mẫu,
Template Warnings,Cảnh báo mẫu,
Text,Vãn bản,
Text Align,Căn lề văn bản,
Text Color,Màu văn bản,
Text Content,Nội dung văn bản,
Text Editor,Trình soạn thảo văn bản,
The name that will appear in Google Calendar,Tên sẽ xuất hiện trong Lịch Google,
The user from this field will be rewarded points,Người dùng từ lĩnh vực này sẽ được thưởng điểm,
The webhook will be triggered if this expression is true,Webhook sẽ được kích hoạt nếu biểu thức này là đúng,
Theme,Chủ đề,
Theme Configuration,Cấu hình chủ đề,
Theme URL,URL chủ đề,
These values will be automatically updated in transactions and also will be useful to restrict permissions for this user on transactions containing these values.,Những giá trị này sẽ được tự động cập nhật trong các giao dịch và cũng sẽ hữu ích để hạn chế quyền truy cập cho người dùng này về giao dịch có chứa các giá trị.,
Third Party Authentication,Bên thứ ba xác thực,
This card will be available to all Users if this is set,Thẻ này sẽ có sẵn cho tất cả Người dùng nếu thẻ này được đặt,
This chart will be available to all Users if this is set,Biểu đồ này sẽ có sẵn cho tất cả Người dùng nếu điều này được đặt,
This format is used if country specific format is not found,Định dạng này được sử dụng nếu định dạng quốc gia cụ thể không được tìm thấy,
This goes above the slideshow.,Điều này đi trên các slideshow.,
This is an example Google SERP Preview.,Đây là một ví dụ về Google SERP Preview.,
This is the number of the last created transaction with this prefix,Đây là số lượng các giao dịch tạo ra cuối cùng với tiền tố này,
This will be shown in a modal after routing,Điều này sẽ được hiển thị trong một phương thức sau khi định tuyến,
This will be shown to the user in a dialog after routing to the report,Điều này sẽ được hiển thị cho người dùng trong một hộp thoại sau khi định tuyến đến báo cáo,
Thumbnail URL,URL hình đại diện,
Thursday,Thứ năm,
Time,Thời gian,
Time Format,Định dạng thời gian,
Time Interval,Khoảng thời gian,
Time Series,Chuỗi thời gian,
Time Series Based On,Chuỗi thời gian dựa trên,
Time Zone,Múi giờ,
Time Zones,Các múi giờ,
Time format,Định dạng thời gian,
Time in seconds to retain QR code image on server. Min:<strong>240</strong>,Thời gian tính bằng giây để giữ lại hình ảnh mã QR trên máy chủ. Tối thiểu: <strong>240</strong>,
Timeline,Mốc thời gian,
Timeline DocType,Dòng thời gian của kiểu văn bản,
Timeline Field,trường của dòng thời gian,
Timeline Links,Liên kết dòng thời gian,
Timeline Name,tên dòng thời gian,
Timeseries,Chuỗi thời gian,
Timespan,Thời gian,
Timestamp,Dấu thời gian,
Title,Tiêu đề,
Title Field,Đoạn tiêu đề,
Title Prefix,tiền tố tiêu đề,
To,Đến,
To Date,Đến ngày,
To Date Field,Đến trường ngày,
To and CC,To và CC,
"To use Slack Channel, add a <a href=""#List/Slack%20Webhook%20URL/List"">Slack Webhook URL</a>.","Để sử dụng Slack Channel, hãy thêm <a href=""#List/Slack%20Webhook%20URL/List"">URL của Slack Webhook</a> .",
ToDo,Việc cần làm,
Token,thông báo,
Top,Hàng đầu,
Top Bar Item,Mẫu hàng ở thanh trên cùng,
Top Bar Items,Các mẫu hàng ở thanh trên cùng,
Topic,Chủ đề,
Total Subscribers,Tổng số người theo dõi,
Total number of emails to sync in initial sync process ,Tổng số lượng email để đồng bộ trong quá trình đồng bộ ban đầu,
Traceback,Tìm lại,
Track Changes,theo dõi các thay đổi,
Track Email Status,Theo dõi trạng thái email,
Track Field,Linh vực theo doi,
Track Seen,đã xem theo dõi,
Track Views,Theo dõi lượt xem,
Track milestones for any document,Theo dõi các mốc quan trọng cho bất kỳ tài liệu,
Transaction Hash,Giao dịch Hash,
Transaction Log,Nhật ký giao dịch,
Transaction Log Report,Báo cáo nhật ký giao dịch,
Transition Rules,Quy định chuyển tiếp,
Transitions,Chuyển tiếp,
Translatable,Có thể dịch được,
Translated Text,văn bản đã được dịch,
Translation,Dịch,
Trash,Rác,
Tree,Cây biểu thị,
Tree structures are implemented using Nested Set,Các cấu trúc cây được thực hiện bằng cách sử dụng Nested Set,
Trigger Method,kích hoạt Phương pháp,
"Trigger on valid methods like ""before_insert"", ""after_update"", etc (will depend on the DocType selected)","Sử dụng với các phương pháp có giá trị như ""before_insert"", ""after_update"", vv (sẽ phụ thuộc vào kiểu văn bản được chọn)",
Tuesday,Thứ ba,
Two Factor Authentication,Xác thực hai yếu tố,
Two Factor Authentication method,Phương pháp xác thực hai yếu tố,
Type,Loại,
UID,UID,
UIDNEXT,UIDNEXT,
UIDVALIDITY,UIDVALIDITY,
UNSEEN,không thấy,
URL,URL,
URL for documentation or help,URL cho tài liệu hoặc trợ giúp,
URL to go to on clicking the slideshow image,URL để truy cập khi nhấp vào hình ảnh trình chiếu,
Unassign Condition,Điều kiện chưa được gán,
Unhandled Email,Email chưa xử lý,
Unique,Độc nhất,
Unread,chưa đọc,
Unread Notification Sent,Thông báo chưa đọc đã gửi,
Unshared,Không thể được chia sẻ,
Unsubscribe Method,Hủy đăng ký phương pháp,
Unsubscribe Param,Hủy đăng ký Param,
Unsubscribed,Bỏ đăng ký,
Update,Cập nhật,
Update Existing Records,Cập nhật hồ sơ hiện có,
Update Field,Cập nhật Dòng,
Update Series Number,Cập nhật số sê ri,
Update Settings,Cập nhật cài đặt,
Update Value,Cập nhật giá trị gia tăng,
Updated,Đã được cập nhật,
Uploaded To Dropbox,Đã tải lên Dropbox,
Uploaded To Google Drive,Đã tải lên Google Drive,
Use % for any non empty value.,Sử dụng% cho bất kỳ giá trị nào không trống.,
Use ASCII encoding for password,Sử dụng mã hóa ASCII cho mật khẩu,
Use IMAP,Sử dụng IMAP,
Use POST,Sử dụng POST,
Use Report Chart,Sử dụng biểu đồ báo cáo,
Use SSL,Sử dụng SSL,
Use TLS,Sử dụng TLS,
Use this fieldname to generate title,Sử dụng đoạn tên này để tạo tiêu đề,
User,Người dùng,
User ,Người sử dụng,
User Agent,Đại lý người dùng,
User Cannot Create,Người sử dụng không thể tạo,
User Cannot Search,Người sử dụng không thể tìm kiếm,
User Defaults,Mặc định người sử dụng,
User Details,Chi tiết người dùng,
User Email,Email Người dùng,
User Emails,email người sử dụng,
User Field,Trường người dùng,
User ID,ID người dùng,
User ID Property,Tài sản ID người dùng,
User ID of a Blogger,User ID của một Blogger,
User Id,Tên người dùng,
User Image,Sử dụng hình ảnh,
User Name,Tên người dùng,
User Permission,Giấy phép sử dụng,
User Profile,Thông tin người dùng,
User Social Login,User Social Login,
User Tags,Các lần đánh dấu người sử dụng,
User Type,Loại người sử dụng,
User can login using Email id or Mobile number,Người dùng có thể đăng nhập bằng cách sử dụng Email id hoặc Mobile number,
User can login using Email id or User Name,Người dùng có thể đăng nhập bằng cách sử dụng Email id hoặc User Name,
User must always select,Người sử dụng phải luôn luôn chọn,
Username,Tên đăng nhập,
Users,Người sử dụng,
Users assigned to the reference document will get points.,Người dùng được gán cho tài liệu tham khảo sẽ nhận được điểm.,
Valid,Có hiệu lực,
Validate Field,Xác thực trường,
Validity,Hiệu lực,
Value,Giá trị,
Value Based On,Giá trị dựa trên,
Value Change,Thay đổi giá trị,
Value Changed,Thay đổi giá trị,
Value To Be Set,Giá trị Để Đặt,
Value from this field will be set as the due date in the ToDo,Giá trị từ trường này sẽ được đặt làm ngày đến hạn trong Công việc,
Value to Validate,Giá trị để xác thực,
Verdana,Verdana,
Verified,Đã xác minh,
Version,Phiên bản,
Video URL,URL video,
View,Xem,
View Log,Xem nhật kí,
View Properties (via Customize Form),Xem Tài sản (qua mẫu đặc chế),
View Report,Xem báo cáo,
View Settings,Xem Cài đặt,
View Website,Xem trang web,
Viewed By,Được xem bởi,
Visit,Lần,
Warehouse,Kho hàng,
Warning,Cảnh báo,
Watch Video,Xem video,
Web Form,mẫu web,
Web Form Field,Trường mẫu Web,
Web Form Fields,Các đoạn mẫu web,
Web Page,Trang web,
Web Page Block,Khối trang web,
Web Page View,Xem trang web,
Web Template,Mẫu web,
Web Template Field,Trường Mẫu Web,
Web Template Values,Giá trị Mẫu Web,
Web View,Xem web,
Webhook,Webhook,
Webhook Data,Dữ liệu Webhook,
Webhook Header,Tiêu đề Webhook,
Webhook Headers,Webhook Headers,
Webhook Request,Yêu cầu Webhook,
Webhook Secret,Bí mật webhook,
Webhook Security,Bảo mật webhook,
Webhook Trigger,Kích hoạt webhook,
Webhook URL,URL Webhook,
Website,Website,
Website Analytics,Phân tích trang web,
Website Manager,Quản trị viên Website,
Website Meta Tag,Thẻ meta trang web,
Website Route Meta,Trang web Tuyến Meta,
Website Route Redirect,Chuyển hướng trang web,
Website Script,Bản thảo website,
Website Settings,Thiết lập website,
Website Sidebar,Thanh bên của trang web,
Website Sidebar Item,Mục thanh bên của trang web,
Website Slideshow,Trình diễn Website,
Website Slideshow Item,Mục trình diễn website,
Website Theme,Giao diện Website,
Website Theme Ignore App,Ứng dụng bỏ qua chủ đề trang web,
Website Theme Image,Ảnh giao diện website,
Website Theme Image Link,link ảnh giao diện website,
Wednesday,Thứ tư,
Weekdays,Ngày thường,
Weekly,Hàng tuần,
Weekly Long,Hàng tuần dài,
Welcome Email Template,Mẫu email chào mừng,
"When enabled this will allow guests to upload files to your application, You can enable this if you wish to collect files from user without having them to log in, for example in job applications web form.","Khi được bật, điều này sẽ cho phép khách tải tệp lên ứng dụng của bạn, Bạn có thể bật tùy chọn này nếu bạn muốn thu thập tệp từ người dùng mà không cần phải đăng nhập, ví dụ như ở dạng web ứng dụng công việc.",
Which view of the associated DocType should this shortcut take you to?,Lối tắt này sẽ đưa bạn đến chế độ xem DocType được liên kết nào?,
Width,Chiều rộng,
Wildcard Filter,Bộ lọc ký tự đại diện,
"Will add ""%"" before and after the query",Sẽ thêm &quot;%&quot; trước và sau truy vấn,
Will be used in url (usually first name).,Sẽ được sử dụng trong url (tên thường đầu tiên).,
Will run scheduled jobs only once a day for inactive sites. Default 4 days if set to 0.,Sẽ chạy các công việc theo lịch trình chỉ một lần một ngày cho các trang web không hoạt động. Mặc định 4 ngày nếu được đặt thành 0.,
Workflow,Quy trình làm việc,
Workflow Action,Công việc hành động,
Workflow Action Master,CHủ hành động công việc,
Workflow Action Name,Tên hành động công việc,
Workflow Action is not created for optional states,Workflow Action không được tạo cho các trạng thái tùy chọn,
Workflow Document State,Công việc tài liệu nhà nước,
Workflow Name,Tên công việc,
Workflow State,Công việc nhà nước,
Workflow State Field,Đoạn trạng thái công việc,
Workflow Transition,Chuyển tiếp quy trình làm việc,
Workflow state represents the current state of a document.,tình trạng làm việc đại diện cho tình trạng hiện tại của văn bản,
Write,Viết,
X Field,Trường X,
XLSX,XLSX,
Y Axis,Trục Y,
Y Field,Trường Y,
Yahoo Mail,Yahoo Mail,
Yandex.Mail,Yandex.Mail,
Year,Năm,
Yearly,Hàng năm,
Yellow,Màu vàng,
Yes,Đồng ý,
Your organization name and address for the email footer.,Tên tổ chức của bạn và địa chỉ dùng cho chữ ký dưới email,
Zero means send records updated at anytime,Số 0 nghĩa là gửi các bản ghi cập nhật bất cứ lúc nào,
_doctype,_doctype,
_report,_report,
adjust,điều chỉnh,
after_insert,after_insert,
align-center,sắp xếp trung tâm,
align-justify,sắp xếp biện minh cho,
align-left,sắp xếp bên trái,
align-right,sắp xếp bên phải,
arrow-down,mũi tên xuống,
arrow-left,mũi tên bên trái,
arrow-right,mũi tên bên phải,
arrow-up,mũi tên lên,
asterisk,dấu,
backward,Ngược,
ban-circle,ban-circle,
barcode,mã vạch,
bell,chuông,
blue,màu xanh da trời,
bold,Đậm,
book,sách,
bookmark,thẻ đánh dấu,
briefcase,cặp tài liệu,
bullhorn,loa pin,
calendar,lịch,
camera,máy ảnh,
certificate,Giấy chứng nhận,
check,kiểm tra,
chevron-down,Chevron xuống,
chevron-left,Chevron bên trái,
chevron-right,Chevron phải,
chevron-up,Chevron-up,
circle-arrow-down,vòng tròn mũi tên xuống,
circle-arrow-left,vòng tròn mũi tên bên trái,
circle-arrow-right,vòng tròn mũi tên bên phải,
circle-arrow-up,vòng tròn mũi tên lên,
cog,răng cưa,
comment,bình luận,
darkgrey,màu xám đen,
dd-mm-yyyy,ngày-tháng-năm,
dd.mm.yyyy,ngày.tháng.năm,
dd/mm/yyyy,ngày/tháng/năm,
download,Đã tải xuống,
download-alt,tải-alt,
"e.g. ""Support"", ""Sales"", ""Jerry Yang""","ví dụ như ""Hỗ trợ "","" bán hàng "","" Jerry Yang """,
e.g. pop.gmail.com / imap.gmail.com,ví dụ: pop.gmail.com / imap.gmail.com,
e.g. replies@yourcomany.com. All replies will come to this inbox.,ví dụ như replies@yourcomany.com. Tất cả trả lời sẽ đến hộp thư này.,
e.g. smtp.gmail.com,ví dụ: smtp.gmail.com,
edit,Sửa,
eject,đào thải,
email,e-mail,
envelope,phong bì,
exclamation-sign,chấm than-dấu,
eye-close,mắt gần,
eye-open,mắt mở,
facebook,Facebook,
facetime-video,FaceTime video,
fairlogin,fairlogin,
fast-backward,nhanh chóng lạc hậu,
fast-forward,nhanh về phía trước,
file,file,
film,quay phim,
filter,bộ lọc,
fire,lửa,
flag,cờ,
folder-close,thư mục đóng,
folder-open,thư mục mở,
font,Phông chữ,
forward,về phía trước,
fullscreen,toàn màn hình,
gift,quà,
glass,ly,
globe,toàn cầu,
green,màu xanh lá,
hand-down,tay xuống,
hand-left,tay trái,
hand-right,tay phải,
hand-up,tay lên,
hdd,hdd,
headphones,tai nghe,
heart,tim,
home,Trang Chủ,
icon,biểu tượng,
in minutes,trong vài phút,
inbox,hộp thư đến,
indent-left,thụt lề trái,
indent-right,thụt lề bên phải,
info-sign,thông tin-dấu,
italic,nghiêng,
leaf,lá,
link,liên kết,
linkedin,liên kết,
list,danh sách,
list-alt,danh sách-alt,
lock,Khóa,
magnet,nam châm,
map-marker,đánh dấu bản đồ,
minus,trừ,
minus-sign,dấu trừ,
mm-dd-yyyy,mm-dd-yyyy,
mm/dd/yyyy,dd / mm / yyyy,
module,mô-đun,
move,di chuyển,
music,Âm nhạc,
no failed attempts,Không có cố gắng nào thất bại,
off,tắt,
ok,ok,
ok-circle,ok-vòng tròn,
ok-sign,ok-dấu,
old_parent,old_parent,
on_cancel,on_cancel,
on_change,on_change,
on_submit,on_submit,
on_trash,on_trash,
on_update,on_update,
on_update_after_submit,on_update_after_submit,
orange,trái cam,
page,trang,
pause,tạm ngừng,
pencil,bút chì,
picture,tranh,
plane,phi cơ,
play,chơi,
play-circle,chơi vòng tròn,
plus,thêm,
plus-sign,dấu cộng,
print,in,
purple,màu tím,
qrcode,qrcode,
query-report,truy vấn báo cáo,
question-sign,câu hỏi-dấu,
random,ngẫu nhiên,
red,màu đỏ,
refresh,Làm tươi,
remove,tẩy,
remove-circle,loại bỏ vòng tròn,
remove-sign,Dấu hiệu loại bỏ-,
repeat,nói lại,
resize-full,thay đổi kích thước đầy,
resize-horizontal,thay đổi kích thước-ngang,
resize-small,thay đổi kích thước nhỏ,
resize-vertical,thay đổi kích thước thẳng đứng,
response,phản ứng,
retweet,gõ tweet lại,
road,đường,
screenshot,ảnh chụp màn hình,
search,Tìm kiếm,
share,phần,
share-alt,cổ alt,
shopping-cart,mua sắm giỏ hàng,
signal,tín hiệu,
star,ngôi sao,
star-empty,sao - rỗng,
step-backward,bước lùi,
step-forward,bước về phía trước,
stop,dừng lại,
tag,Tag,
tags,thẻ,
tasks,nhiệm vụ,
text-height,chiều cao văn bản,
text-width,chiều rộng văn bản,
th,th,
th-large,th - rộng,
th-list,th-danh sách,
thumbs-down,trỏ xuống,
thumbs-up,trỏ lên,
time,thời gian,
tint,gạch sọc,
trash,thùng rác,
twitter,twitter,
upload,tải lên,
user,Người dùng,
volume-down,giảm âm lượng,
volume-off,tắt âm lượng,
volume-up,tăng âm lượng,
warning-sign,Dấu hiệu cảnh báo,
wrench,cờ lê,
yellow,màu vàng,
yyyy-mm-dd,yyyy-mm-dd,
zoom-in,Phóng to,
zoom-out,Thu nhỏ,
